PassengerId,Transported
0013_01,0.6394555626494687
0018_01,0.22809770093369802
0019_01,0.8269527702603421
0021_01,0.8396920265549921
0023_01,0.31044334477236957
0027_01,0.31857769648577894
0029_01,0.7334895991595508
0032_01,0.735707411778507
0032_02,0.8332622408090141
0033_01,0.31846705138025794
0037_01,0.2826150828991717
0040_01,0.2676887925377489
0040_02,0.45159699226201927
0042_01,0.7024721006328045
0046_01,0.2506155118369749
0046_02,0.3044786763882415
0046_03,0.2944844914897669
0047_01,0.8180789749175394
0047_02,0.8753904446352482
0047_03,0.25855438961401844
0048_01,0.3043032501917721
0049_01,0.23853782879063828
0054_01,0.7995306088926992
0054_02,0.779716628567231
0054_03,0.4669154281459049
0055_01,0.2517220342920866
0057_01,1.2351371895262553
0059_01,0.6210862202655871
0060_01,0.29149189228671435
0063_01,0.654519336432565
0065_01,0.639470397475041
0075_01,0.2732849342210873
0079_01,0.6248927949121086
0080_01,0.30306386303666977
0083_01,0.2814850558993574
0087_01,0.28712201969501266
0089_01,0.7020961498269738
0093_01,0.31261538486705875
0094_01,0.6674088396563834
0094_02,0.3070134288833127
0095_01,0.428589742704289
0096_01,0.38938503535762753
0100_01,0.3158959805500742
0100_02,0.5950761967310629
0104_01,0.27904510978944164
0106_01,0.6590022519024037
0109_01,0.2672015459031091
0117_01,0.31303804367108534
0118_01,0.3042896643028272
0121_01,0.23838174005537655
0124_01,0.7028789624851338
0125_01,0.7770963865510969
0125_02,0.09710295142980441
0130_01,0.7015231866705234
0131_01,0.35586007744389553
0132_01,0.6073380385653258
0135_01,0.2908979918777611
0137_01,0.6367177484939887
0142_01,0.8005850252465805
0142_02,0.29618528659735477
0142_03,0.7630832140017416
0143_01,1.0973217577230163
0145_01,0.26222880878984617
0150_01,0.7397119706410038
0150_02,0.7753055570875209
0153_01,0.3030960099688485
0154_01,0.7057402444847836
0155_01,0.29575553964332596
0156_01,0.4981138624199195
0157_01,0.17513498984613063
0158_01,0.3360604783601982
0158_02,0.3288418967743888
0159_01,0.2823387074196183
0161_01,0.3115556916685509
0162_01,0.6990249450072467
0166_01,0.30170345046484504
0168_01,0.7537221690320111
0175_01,0.5728456006827286
0175_02,0.6350913698116314
0175_03,0.5463776004643692
0175_04,0.4833728425055435
0175_05,0.4083051820641745
0176_01,0.3014528505946554
0180_01,0.2792119130125891
0184_01,0.34580168736013134
0185_01,0.36476227687499113
0187_01,0.6943720664452233
0191_01,0.28776699433684255
0194_01,0.7199907868327091
0194_02,0.7947006197282858
0194_03,-0.11927203310341061
0204_01,0.2354589509890228
0208_01,0.28704455025887243
0209_01,-0.057860747661630185
0214_01,0.31865797130690254
0214_02,0.22370277513763148
0215_01,0.6683675470588761
0218_01,0.276196568659877
0226_01,0.6780319249355943
0227_01,0.4045008842961966
0228_01,0.8113251318599641
0228_02,1.1808533057822355
0228_03,0.9848580801417439
0228_04,-0.06355681860874451
0230_01,0.7203640153396276
0230_02,0.2901729353728464
0235_01,0.6661193988241211
0236_01,0.70821876154389
0238_01,0.2021815163130735
0247_01,0.7646026380820683
0247_02,0.774375515285914
0249_01,0.2837563332724856
0256_01,0.3332965777984003
0259_01,0.6559258782996316
0262_01,0.27822621587811636
0264_01,0.8696927066344342
0264_02,0.8181726199721977
0264_03,-0.28475608169543665
0266_01,0.27762395750224067
0266_02,0.22857349490602802
0268_01,0.21152364248996183
0268_02,0.17934588930885786
0271_01,0.29349374415437024
0272_01,0.2370913889539087
0273_01,1.6596316294185183
0273_02,0.710697412684078
0273_03,0.2374192428210286
0274_01,0.22918225833262482
0274_02,0.6937114889462241
0276_01,0.23615839717139184
0276_02,0.7846308952750871
0279_01,0.31194741913013974
0280_01,0.30326893317647663
0284_01,0.3814080798946238
0292_01,0.2817675335070916
0293_01,0.6814426752193614
0295_01,0.2811269760493358
0296_01,0.3256878282858181
0299_01,0.2970632835126158
0300_01,0.3207009567076763
0308_01,0.7233706283455734
0311_01,0.3110460296943881
0312_01,0.6675493424894667
0317_01,0.28757190178864156
0318_01,0.7084964734664432
0319_01,0.2868661593505566
0319_02,0.7412635434417411
0323_01,0.6448277041574992
0325_01,0.30485475414253405
0328_01,0.31364375732368044
0329_01,0.7646672740950403
0332_01,0.6691846066716387
0335_01,0.4985747218253734
0339_01,0.2587439516466354
0339_02,0.24487025516455452
0339_03,0.22592121558852563
0339_04,0.5604683157878083
0339_05,0.5964782177004266
0339_06,-0.17158525179118012
0339_07,-0.042520441138281684
0339_08,-0.1200231461482878
0342_01,0.3953657012903257
0342_02,0.7080981562357614
0344_01,0.717484461808444
0344_02,0.0610721565940846
0349_01,-0.11695558375507809
0349_02,0.8308223888429584
0349_03,0.43158121879743383
0349_04,1.1032261647565687
0349_05,0.4334780140717112
0349_06,0.23357771337634253
0351_01,0.7072152920765938
0353_01,0.7413503672746141
0353_02,0.7164155056295907
0354_01,0.35306854353129097
0362_01,0.32030859206451434
0363_01,0.3308193952931849
0363_02,0.5093390249608716
0363_03,0.6238813493771436
0364_01,0.3231055387705182
0364_02,0.3187991361782024
0366_01,0.6477034150169795
0367_01,0.17276350626369746
0374_01,0.3033208892501107
0374_02,0.288727707266106
0386_01,0.1769816792088288
0390_01,0.6209528440375347
0393_01,-0.07103365499826786
0394_01,0.3276531620935061
0399_01,0.6861046325909165
0400_01,0.708925622954901
0404_01,0.5168565611043414
0406_01,0.29223370115455605
0414_01,0.2604902261099285
0416_01,0.28713204464073633
0418_01,0.2880203503360136
0419_01,0.31690078600554
0419_02,0.7078342575505288
0419_03,0.6753351015068816
0420_01,0.2846303021857062
0421_01,1.4597285855687399
0422_01,0.25911670628455136
0424_01,0.2527312535030552
0426_01,0.28910373430767916
0440_01,0.2668719067764179
0443_01,0.4969718207087376
0450_01,0.3042361225465464
0451_01,0.8437426781255046
0455_01,0.42021960982971696
0464_01,0.6334598662797445
0467_01,0.6779605930942344
0467_02,0.6786520221402896
0467_03,0.749034917275639
0467_04,0.4393397002916807
0469_01,0.42615097026919524
0473_01,0.30475450451527897
0478_01,-0.05014236515183873
0478_02,0.7923410488367564
0479_01,0.8887566042222778
0483_01,0.7074000892214483
0483_02,0.5797386383669534
0484_01,0.760706119172095
0486_01,0.34551720272497094
0489_01,0.6925248283072111
0489_02,0.7354056106261144
0491_01,0.3903976331819592
0492_01,0.29753899563529007
0493_01,0.6196358225966934
0494_01,0.768435797246044
0494_02,0.39200258973514046
0495_01,0.44841235133932816
0495_02,0.4539863050573095
0495_03,0.4171950871729103
0495_04,0.3899535994480847
0495_05,0.08021664162218323
0495_06,0.3619330747237116
0496_01,0.6808215297937323
0496_02,0.7246042237920782
0497_01,0.6987184046495772
0505_01,0.2974495776771451
0508_01,0.22495075241294674
0509_01,0.5791583985621216
0511_01,0.28554826823855195
0514_01,0.6853907657838971
0524_01,0.6658015381906403
0526_01,0.6347971337179424
0530_01,0.2997057778642207
0530_02,0.12238281565433567
0530_03,1.0009770003460572
0532_01,0.20610756458921575
0532_02,0.7872594645946225
0535_01,0.3080509234595358
0536_01,0.19079212064464407
0536_02,0.25793326769850944
0541_01,0.7850484391216772
0543_01,0.633469719331726
0544_01,1.0467263196212984
0554_01,0.1573261790006349
0557_01,0.6962978675126501
0557_02,0.714068551423571
0558_01,0.300036903300888
0562_01,0.3320821546964729
0562_02,0.7292789064111582
0574_01,0.23757855770444997
0578_01,0.6254422397421664
0578_02,0.44033665939687494
0584_01,0.6422278993456233
0584_02,0.249541196200622
0592_01,0.3133853663359678
0595_01,0.6196043073066051
0601_01,0.28864134004870035
0604_01,0.309463198242681
0605_01,0.2881464002301495
0606_01,0.6977798751873348
0613_01,0.7655678758958522
0613_02,0.7436807692241247
0616_01,0.2723723969032634
0617_01,0.24454526285825753
0620_01,0.1377241087043124
0620_02,0.4711190482151314
0620_03,0.44110823239192154
0621_01,0.30394235025534166
0622_01,-0.33498996638603384
0624_01,0.5916197388610153
0625_01,0.7972980004358396
0625_02,0.674496966732699
0625_03,0.7766659774465803
0626_01,0.8681223437816031
0626_02,0.7834920349039254
0626_03,1.0722727346294596
0627_01,0.38107979216118554
0632_01,0.30350363621342513
0632_02,0.4925091834574533
0632_03,0.5987207384503294
0640_01,0.7143424905084396
0640_02,0.7690167400537721
0648_01,0.3311801446226215
0648_02,0.28540088159536875
0649_01,0.5538387201025119
0651_01,0.7031640532517028
0652_01,0.6093463341275032
0652_02,0.4300740880170853
0652_03,0.49156672349538516
0652_04,0.26237612189580994
0652_05,0.6917053044930132
0654_01,0.3174164133498193
0662_01,0.31234255614880846
0666_01,0.5987155009443449
0666_02,0.3329307870038716
0667_01,0.3339713070610041
0670_01,0.28547718922535764
0670_02,0.25013646649005017
0673_01,0.6829715839499488
0675_01,0.29627294929615533
0676_01,0.30123432330301136
0681_01,0.661918642907271
0692_01,0.4328473175112238
0694_01,0.6653155145692584
0695_01,0.674798431191654
0698_01,0.2746188246599282
0700_01,0.29230517681318385
0706_01,0.6823805336771464
0708_01,0.7268098542455937
0708_02,0.791120878731865
0711_01,0.2758823829173852
0716_01,0.3154535440916244
0717_01,0.7014295459606867
0717_02,0.39453707028004564
0717_03,0.7589587233382031
0717_04,0.7467751706573271
0717_05,-0.040068074341065685
0717_06,0.40243194227649576
0717_07,1.0544676360191105
0720_01,0.6867518454721423
0720_02,0.4905039028876353
0720_03,0.2272857963081284
0721_01,0.3246359925501896
0722_01,0.3051632362747023
0723_01,0.3148634772088337
0725_01,0.6969755476670736
0730_01,0.4108271335020208
0731_01,0.2961516439668637
0731_02,0.3304399301635912
0735_01,0.32542809172401815
0739_01,0.30859846655993495
0741_01,0.43338023479978993
0742_01,0.35765178782930046
0742_02,0.6913127711833457
0744_01,0.8857339563151341
0745_01,0.29421700739614776
0747_01,0.30607545976784756
0748_01,0.6890712601430097
0748_02,0.21554420278030637
0749_01,0.6983084414192481
0751_01,0.6921232776795758
0752_01,0.6444672636960668
0755_01,0.571593372332015
0758_01,0.5289698091691166
0758_02,0.8769551156852
0758_03,0.07262232187487289
0759_01,0.7972292529716132
0759_02,0.21934324223531745
0759_03,0.7290254485899674
0760_01,0.2809442325207197
0763_01,0.7579030080604494
0763_02,0.2084747046274906
0766_01,0.6911475580861829
0774_01,0.48628861642182225
0774_02,0.024502539082045804
0774_03,0.600266276187814
0775_01,0.7561421689769481
0775_02,0.776715681329379
0775_03,0.7583055951820011
0775_04,-0.06554729737727605
0775_05,0.7005867532501665
0775_06,1.12507831963751
0778_01,0.7794854273955969
0778_02,0.5192118838786014
0780_01,0.7044534764881565
0783_01,0.303016068404601
0792_01,0.7053371325744588
0800_01,0.1324356153977827
0801_01,0.6971085315204886
0803_01,0.5224724857633305
0804_01,0.7379381473162121
0807_01,0.14018700659526373
0810_01,0.2927682995572689
0812_01,0.6928414543382726
0814_01,0.19002819129543197
0821_01,0.5282438071611647
0827_01,0.33975715809916684
0827_02,0.6153726337964293
0827_03,0.8921344949789827
0831_01,0.28068330289439647
0832_01,0.6999826562347911
0837_01,0.7038137854622235
0837_02,0.13004219246705884
0838_01,0.6949963691298794
0838_02,0.19310778168015075
0841_01,0.19075697692921906
0842_01,0.6750824817470228
0843_01,0.6930030435608079
0844_01,0.7191069692299903
0847_01,0.28668640031451087
0852_01,0.7874951100437242
0854_01,0.6654875919388981
0855_01,0.6527519316951502
0856_01,0.2917554311527072
0857_01,0.7724576057946025
0858_01,0.22543964252736917
0858_02,0.7050780398255461
0861_01,0.4467993527701187
0862_01,0.6597995899905821
0864_01,0.22982066318550282
0864_02,0.6719561205072665
0864_03,0.7590478710766677
0866_01,0.689911147218561
0872_01,0.3012660232411446
0880_01,0.7186070678964779
0880_02,0.6820097813035002
0882_01,0.42417378554462015
0884_01,0.3030131578237314
0884_02,0.331364022893598
0886_01,0.19641441988062822
0886_02,0.6868374329483443
0886_03,0.7846531459872164
0887_01,-0.07308209948410715
0887_02,0.2199289482001087
0888_01,0.277844354983238
0888_02,0.4579925389718863
0891_01,0.634454625694103
0892_01,0.7448321753035669
0892_02,0.8578202414993681
0892_03,0.9578958093398582
0894_01,0.8968342611223314
0895_01,0.3055890383199468
0896_01,0.3125392985406743
0897_01,0.907122665319512
0897_02,0.7906101729906645
0900_01,0.6959143570910626
0908_01,0.7063835745640477
0909_01,0.2601152935346519
0909_02,0.8069578641641075
0909_03,0.6730537279359436
0914_01,0.25540334374469564
0916_01,0.28982659221396023
0917_01,0.3649318737573196
0920_01,0.05406259040583694
0929_01,0.29989750624333594
0934_01,0.26348998491351994
0936_01,0.2956777594346261
0937_01,0.6834796701108508
0943_01,0.6803499228824742
0943_02,0.7744501502788723
0943_03,0.23531939027369728
0945_01,0.3426930524672642
0945_02,0.2999815858151397
0948_01,0.305887525406339
0950_01,0.6878566806938904
0954_01,0.3402492041555404
0958_01,0.2940124483774562
0959_01,0.3297982359328113
0962_01,0.5294774235406241
0963_01,0.7405864664070695
0967_01,0.2919850560496997
0973_01,0.2952320929639736
0974_01,0.2943063554442559
0977_01,0.6638795554531541
0980_01,0.2793080788178538
0981_01,0.317010032084189
0981_02,0.6159932711990663
0986_01,-0.3800473174251796
0986_02,0.808263185266604
0996_01,0.353859105358957
0999_01,0.7138605783175643
0999_02,0.34334487894324905
1003_01,0.2899499793501664
1007_01,0.29459079082686346
1009_01,0.2527497431519094
1010_01,0.7148824447792075
1016_01,0.12701641406317832
1021_01,0.3157009026684714
1023_01,0.6930993289848202
1028_01,0.6596846269618086
1037_01,0.6128936358949288
1039_01,0.28679796468109553
1042_01,0.44707761930536905
1044_01,0.38269683588082404
1050_01,0.6304666292946819
1055_01,0.31283257180804547
1059_01,0.7586235075733926
1059_02,0.7832688614322464
1061_01,0.739489292601546
1064_01,0.33939457652031846
1064_02,0.6539199315303356
1067_01,0.3247030065437139
1069_01,0.7327339312777092
1070_01,0.3214345063975335
1072_01,0.48581467129561245
1072_02,0.30807175769308687
1072_03,0.20239838704688262
1072_04,0.21039735363773837
1072_05,0.2282932791326245
1072_06,0.09906103054854903
1072_07,0.5500823758575427
1072_08,0.1569176303078002
1073_01,0.2984549840603732
1074_01,0.5127939158474365
1074_02,0.6671429025404315
1081_01,0.4752001991740783
1087_01,0.3677301355433731
1090_01,0.7731970537373192
1090_02,0.430894907195602
1092_01,0.6761999113196493
1098_01,0.24820509110520528
1101_01,0.3028895206952412
1103_01,0.27260002141848205
1104_01,0.7858327976288331
1106_01,0.2620199788196431
1106_02,0.7223595105477627
1107_01,0.31527901588195256
1109_01,0.3140061648208991
1111_01,0.6856938281846034
1111_02,0.6178091574851159
1111_03,0.3994399308676304
1118_01,0.26525157544885725
1118_02,0.8361395447798575
1118_03,0.7722136856635229
1118_04,0.4899205990494761
1118_05,0.02947178691122665
1119_01,0.2775723783193477
1119_02,0.6783406847404334
1120_01,0.6560998283384573
1122_01,0.6807064147336065
1124_01,0.7532792733036664
1124_02,0.5982144451655754
1124_03,0.3440968142789931
1125_01,0.3074235096928627
1125_02,0.6168436391067545
1126_01,0.6850235168108523
1128_01,0.7660177330811486
1128_02,0.7250749873502593
1131_01,0.984036233739017
1135_01,0.07037596865104773
1135_02,0.6096750519679249
1135_03,-0.023009981256509382
1135_04,1.1930764666349363
1137_01,0.5110877948058011
1137_02,0.24960224234676612
1138_01,0.7776361210235495
1139_01,0.693998969991207
1143_01,0.3785176815692892
1145_01,0.6975100014130018
1145_02,0.37615376807077394
1145_03,0.25795101016751
1145_04,0.7671032907566993
1151_01,0.38330288179290095
1157_01,0.259795751456538
1158_01,0.6795026425838302
1158_02,0.6816095856474804
1159_01,0.6425406263500348
1159_02,0.6222195510544855
1159_03,0.6531152545367718
1160_01,0.3625042715655498
1164_01,0.3296126633480501
1171_01,0.2549398752176929
1172_01,0.6954090528732897
1176_01,0.38370430035552816
1181_01,0.2980380243246941
1183_01,0.7095279639036165
1183_02,0.676212111029223
1183_03,0.8050655882862547
1184_01,0.7873345124438279
1184_02,0.37824558209075076
1189_01,0.2746974400884523
1194_01,0.18048511469301198
1196_01,0.24777010879929862
1196_02,0.3058384637789752
1200_01,0.893454960987488
1201_01,0.25513668644439697
1201_02,0.6328234859522543
1202_01,0.26785707203314674
1204_01,0.3356223369158816
1205_01,0.3060187628637506
1207_01,0.45655329871335104
1207_02,0.6509351112749049
1207_03,0.599932741951692
1207_04,0.3050010189098229
1209_01,0.098727173494365
1209_02,0.40707981320128717
1217_01,0.7582360814298571
1217_02,0.7298854594041978
1219_01,0.36730771118034905
1219_02,0.8641786459704807
1224_01,0.6824188308702125
1224_02,0.6734895756026091
1226_01,0.6827391019830884
1226_02,0.6795692484163387
1227_01,0.7075308856025784
1237_01,0.32734327920053796
1241_01,0.2840694829663052
1244_01,0.6965045403089681
1245_01,0.663862559763295
1247_01,0.7316545901844828
1249_01,0.2940338052394711
1251_01,0.6724015489627836
1252_01,0.2991017050668575
1253_01,0.3045985319587359
1257_01,0.7705783799393142
1257_02,0.8205461010114086
1257_03,0.7276690683030282
1257_04,0.6483569443086745
1262_01,0.6799471700711284
1262_02,0.36745055879551713
1265_01,0.6783815729637936
1266_01,0.2541160327361539
1268_01,0.6587168492584337
1270_01,1.0732040154979818
1272_01,0.31887257361875576
1275_01,0.2947211780690482
1276_01,0.4848597655127931
1277_01,0.30070248128125976
1290_01,0.27342713876941616
1296_01,0.29420478753131796
1297_01,0.5308554271448197
1298_01,0.50486572328614
1301_01,0.32526146015888796
1301_02,0.6172616592008586
1301_03,0.5698614249731901
1303_01,0.3214745090143985
1305_01,0.3479852346589229
1313_01,0.3171862967420519
1314_01,0.24319410420810345
1315_01,0.31707669548956274
1318_01,0.7283789461371117
1319_01,0.2272974794349291
1319_02,0.16484257383439882
1320_01,0.6944710653268483
1320_02,0.6771701666708259
1320_03,0.6705724661695102
1321_01,0.6658053569080965
1321_02,0.7211634322584027
1321_03,0.21644847751940885
1321_04,0.291274307154263
1327_01,0.6476973221811869
1329_01,0.2718740509931471
1334_01,0.30307882922560403
1338_01,0.767540546907161
1338_02,0.7214091956503269
1339_01,0.6645885677243576
1341_01,0.3172250420261873
1341_02,0.5814277521988734
1341_03,0.3750576141619206
1343_01,-0.292591011372222
1343_02,0.5928230946098322
1343_03,0.15961437892294483
1344_01,0.2859716700172045
1346_01,0.5029127980281244
1349_01,0.5899654146854455
1349_02,0.6669579346353889
1354_01,0.33875093605048334
1354_02,0.48829835816486095
1354_03,0.773720765167935
1354_04,0.5610266938299373
1354_05,0.5733971346759613
1354_06,0.6010239978307845
1354_07,0.35195326908031566
1358_01,0.6939937211968753
1358_02,0.2934292540541571
1359_01,0.29641790305225413
1361_01,0.6852550717601388
1361_02,0.2560314463064658
1363_01,0.30800338346314016
1364_01,0.3696217836393032
1364_02,0.3538033033785798
1367_01,0.6877951816511445
1369_01,0.34560945294314926
1369_02,0.6727487919389221
1369_03,0.32715279727182356
1372_01,0.6189929020440254
1373_01,0.34557799001831346
1374_01,0.8055768915465011
1388_01,0.6651821661449201
1392_01,0.42089064452081676
1394_01,0.6568569626340841
1396_01,0.3199404294512841
1405_01,0.36124063171130716
1409_01,0.23425299152484583
1409_02,0.6822409505701595
1411_01,0.33639433410358127
1418_01,0.3225958496576491
1422_01,0.9083007111440775
1422_02,0.1970361809198709
1422_03,-0.2563219168105436
1429_01,0.32720466425050715
1432_01,0.319231057757643
1432_02,0.21908638835899585
1436_01,0.3398077789769437
1437_01,0.320966220540216
1441_01,0.3103796425459324
1446_01,0.29392696773579885
1448_01,0.3000204417162858
1449_01,0.27894455790227696
1456_01,0.2792470534764944
1459_01,0.3088513975807373
1464_01,0.31427834367494367
1466_01,0.6074482893102873
1468_01,0.3029431622861666
1469_01,0.2605217708943902
1469_02,0.33429210120262753
1470_01,0.6495786148862254
1471_01,0.42942156480306737
1471_02,0.5333465637970616
1471_03,0.49351328547439965
1471_04,0.5059098185532923
1471_05,0.47952087891034345
1472_01,0.6860692098194544
1473_01,0.3144650497839589
1473_02,0.30582620651418824
1475_01,0.32811786535745424
1476_01,0.2808682831584347
1477_01,0.473895951975995
1477_02,-0.15236294904668213
1480_01,0.6143540420285836
1482_01,0.679964223608485
1483_01,0.334492956593638
1486_01,0.6089295070880886
1487_01,0.7544032078290264
1487_02,0.3379303885820103
1492_01,-0.012044893426509606
1492_02,0.3415576552089208
1494_01,0.2756086369519647
1495_01,0.2840921796590128
1495_02,0.7067186451039834
1496_01,0.6114600522763819
1497_01,0.7157368641368915
1497_02,0.7159208266110786
1502_01,0.12730000887645465
1502_02,0.7644993079240625
1502_03,0.8375879034096174
1502_04,0.8052259747463718
1504_01,0.2954300353810356
1505_01,0.29959595133050604
1508_01,0.3020586987053376
1512_01,0.3805658410282172
1513_01,0.6574962738866243
1514_01,0.653414542354811
1516_01,0.33742499214816785
1517_01,0.31084247242780516
1518_01,-0.18929137092175385
1518_02,0.3450373578040921
1519_01,0.3086990999825693
1522_01,0.6774885535334865
1530_01,0.6730533965372449
1534_01,0.2644602151496015
1534_02,0.18853599880618993
1535_01,0.12307340624236046
1537_01,0.8384020508441755
1538_01,0.26001672088811445
1538_02,0.33351393006425434
1546_01,0.6503791413685314
1549_01,0.38117353918460456
1553_01,0.6905495419263059
1553_02,0.3476403333035922
1554_01,0.6985566966327372
1554_02,0.35032825830685177
1556_01,0.620959342582249
1557_01,1.2977221929630143
1559_01,0.7727928283456391
1559_02,0.7237191972895375
1563_01,0.8040360841667907
1566_01,0.7668548365737506
1570_01,0.28281117327120664
1571_01,0.3243096115774804
1574_01,0.6066837568996245
1575_01,0.6610489771705601
1582_01,0.33618925435702224
1582_02,0.5938336200372679
1583_01,0.7660598785159181
1586_01,0.22873450885277943
1587_01,0.6542828580628612
1587_02,0.6640681274208522
1589_01,0.33626512587643187
1591_01,-0.03788705805477366
1591_02,0.8572248405346148
1598_01,0.40388310001674377
1598_02,0.8908471739984266
1600_01,0.3062873913810781
1605_01,0.3140067361744502
1607_01,0.6871361657714237
1609_01,0.2795765767892437
1610_01,0.6844655421426927
1616_01,0.6003974042603033
1618_01,-0.18600221040994458
1620_01,0.05871827828803611
1623_01,0.3369676804404445
1627_01,0.6102177131945125
1629_01,0.778417433977515
1629_02,0.827788463722816
1629_03,0.8173881472357414
1629_04,0.7736377212752168
1629_05,0.8673445114001826
1629_06,1.1821062536007947
1639_01,0.2764673656756752
1641_01,0.7232790530038324
1642_01,0.3271023048733528
1643_01,0.31251255793423505
1648_01,0.7031631917689782
1652_01,0.6979811352923035
1654_01,0.30607557571715116
1664_01,0.3420733425381947
1665_01,0.7450762536603189
1665_02,0.7094611378271021
1667_01,0.28301328232271794
1675_01,0.7295720266883282
1678_01,0.286382480161429
1679_01,0.7040194335586833
1680_01,0.013579507061762475
1680_02,0.8282387513802363
1683_01,0.3114495855371636
1684_01,0.34563931640262396
1686_01,0.40450287587222633
1689_01,0.792410377602317
1689_02,0.6649707700574536
1689_03,0.7389270532763972
1692_01,0.5652874886150573
1693_01,0.31179687984839033
1701_01,0.6436396746643328
1702_01,0.31830645619548137
1703_01,0.31693731362808863
1706_01,0.30290861507579986
1707_01,0.27898408869623054
1716_01,0.3220021942134124
1720_01,0.3020121956457865
1722_01,0.2996751953926432
1726_01,0.3319632238288225
1726_02,0.7751745691190131
1726_03,0.35534772929803665
1732_01,0.6442394642857654
1735_01,0.2800656176818312
1737_01,0.3063690659035386
1741_01,0.3323300261352521
1741_02,0.6676134615637703
1741_03,0.5638862181882154
1743_01,0.26067964860311243
1744_01,0.5114088104955699
1750_01,0.608355092810402
1751_01,0.7625723327508978
1751_02,0.7121864965173281
1754_01,0.30525590916803924
1756_01,0.3340364456222403
1759_01,0.7027282688981105
1765_01,0.6114741052160262
1773_01,0.3002021968972141
1777_01,-0.032971333519927815
1777_02,0.788596625181073
1780_01,0.3468281148285002
1784_01,0.305895594891752
1787_01,0.49783981399592936
1788_01,0.2954848412624639
1789_01,0.5047769067833755
1790_01,0.6025773650712531
1790_02,0.6066515142518459
1791_01,0.7392667931975619
1791_02,0.7082073044931554
1793_01,0.2911252731767582
1793_02,0.6399984026029464
1794_01,0.2783683059344357
1795_01,0.28818766432192233
1801_01,0.3470648501163882
1801_02,0.292341797663924
1809_01,0.6419102405818734
1814_01,0.32473863487889765
1814_02,0.6178413284750673
1814_03,0.5820441198649866
1815_01,0.7264169836600056
1819_01,0.2749436946393784
1820_01,0.6555552095646068
1824_01,0.2602030149226439
1825_01,0.331721080142404
1825_02,0.3458094641560551
1830_01,0.6611244995399359
1832_01,0.23134523753258793
1835_01,0.7678845223309283
1835_02,0.8134968777049278
1837_01,0.7781462046342162
1838_01,0.6870194572576204
1839_01,0.3030169019010053
1840_01,0.6909841650462565
1842_01,0.2891735788882063
1845_01,0.11864649974559438
1851_01,0.16551315835246233
1851_02,0.8085096137774883
1852_01,0.9132510844852879
1852_02,0.7103027073369657
1852_03,0.8379869664789565
1852_04,0.9885157749908655
1858_01,0.6835661198395715
1862_01,0.31223788633903304
1862_02,0.2997806048207895
1862_03,0.5526401028891526
1867_01,0.7485571534708375
1869_01,0.2947917110592565
1870_01,0.30568427711085394
1875_01,0.33899718166583065
1876_01,0.3030705816381629
1883_01,0.6662185359231869
1885_01,0.3173575563005914
1893_01,0.7200415028473419
1894_01,0.6866943071005731
1895_01,0.33024962974905064
1896_01,0.28393650494072253
1900_01,0.3808149119729242
1904_01,0.1909358851347534
1909_01,0.7387150659489992
1909_02,0.7135261304007203
1909_03,0.36242152675642914
1910_01,0.5932057222867153
1910_02,0.16949592997182522
1910_03,0.27257008731592314
1910_04,0.8237070161970809
1912_01,1.085853062571394
1913_01,0.5719883550853949
1913_02,0.6778046232366596
1913_03,0.75032208268071
1914_01,0.6804405181517714
1917_01,0.2609548486586736
1919_01,0.4567438753364279
1921_01,0.2884851696164299
1921_02,0.167071248443318
1924_01,0.6867581235146566
1929_01,0.28945387982403836
1930_01,0.2818339835626682
1932_01,0.25937697721919606
1934_01,0.34695526312927366
1936_01,0.27441306137054433
1943_01,0.30271470950162727
1944_01,0.32254887291531514
1948_01,-0.3171135596239263
1948_02,0.852319400324212
1949_01,0.29986413711235904
1951_01,0.7966913070853743
1951_02,0.26540531051627647
1954_01,0.3038853007168809
1955_01,0.2945069537804449
1958_01,0.25876984258915336
1965_01,0.57248149217902
1966_01,0.5362970902053488
1970_01,0.2685894955069109
1972_01,0.34857931892559385
1982_01,0.30574419960761673
1986_01,0.725941509332428
1987_01,0.3094079768623338
1989_01,0.6888616057528727
1990_01,0.6743168148151458
1990_02,0.7633475669583514
1998_01,0.24550296820308426
2002_01,0.755740014038079
2004_01,0.6631759342151383
2005_01,0.3004856367720256
2005_02,0.544700664793224
2008_01,0.29247883795277935
2014_01,0.7164701642013918
2016_01,0.6966996644624646
2016_02,0.26072491773047335
2017_01,0.49532859491207143
2017_02,0.26594682567393235
2018_01,0.7236522063972328
2020_01,0.5605620810854369
2021_01,0.6095209534256137
2023_01,0.3099932675272551
2023_02,0.6439928478088455
2023_03,0.651363051506733
2025_01,-0.045125937644104774
2030_01,0.33748018651498607
2031_01,0.2881000165044144
2033_01,0.26725086399675524
2035_01,0.23359623284033004
2035_02,0.7031443169439432
2036_01,0.6909341159383346
2036_02,0.3348812806099375
2036_03,0.5522029466614581
2037_01,0.7133862997214921
2037_02,-0.052873234043153194
2039_01,0.6779025918007989
2039_02,0.7024989850674535
2039_03,0.6879152568033529
2047_01,0.6349593929005637
2048_01,0.3367547703032967
2049_01,0.6696491899776902
2050_01,0.28383162397831513
2057_01,0.6651740271289261
2057_02,0.5798220909411508
2057_03,0.27443778411578756
2057_04,0.4598978674695349
2057_05,0.30965837388174194
2058_01,0.23544518095514383
2064_01,0.6828851159344576
2068_01,0.7042792392534971
2068_02,0.6940296849518142
2068_03,0.583836700582376
2068_04,0.20135139571405816
2068_05,0.6849008099078141
2069_01,0.2936924395785552
2072_01,0.32192106975492113
2072_02,0.30627416182610173
2076_01,0.751257189402399
2077_01,0.2912620802524861
2078_01,0.7815630453776266
2079_01,0.3155046851678359
2079_02,0.30607331669469606
2079_03,0.2872936012007626
2093_01,0.29446637369718265
2098_01,0.283730897468076
2101_01,0.6833065759342489
2101_02,0.344945826306938
2103_01,0.31909011153497857
2108_01,0.4744536939980774
2108_02,0.3889271955023746
2109_01,0.579587585239985
2113_01,0.6213638099875677
2119_01,0.3010601015337956
2119_02,0.5497383679736993
2122_01,0.34118077733746627
2132_01,0.6697717110344702
2146_01,0.6668874969343983
2146_02,0.7782691083255107
2151_01,0.580172058489622
2155_01,0.3291866114841422
2157_01,0.291791253156827
2160_01,0.2539078638078636
2160_02,0.9023841386734893
2160_03,0.7987764344537485
2165_01,0.2974137562171496
2166_01,0.3177457424835084
2169_01,0.24996785611106326
2170_01,0.29956012619523603
2174_01,0.29507604710523977
2176_01,0.6923582181758178
2178_01,0.2987099104449934
2181_01,0.2843579444825064
2184_01,0.8041917969002786
2184_02,0.6607470043974841
2185_01,0.8301525942380614
2192_01,0.26095936560617883
2197_01,0.28967355446534304
2199_01,0.31309676773261996
2208_01,0.3286747847170183
2213_01,0.2838257299993227
2214_01,0.31014953422350255
2216_01,0.24444629512357624
2217_01,0.38522850947833986
2218_01,0.32340934694554835
2222_01,0.68079575436431
2226_01,0.25636747406140525
2227_01,0.6991961081786664
2230_01,0.6858256213421695
2236_01,0.3461878651695741
2240_01,0.7975560163082398
2240_02,0.31567347500622694
2240_03,0.5517022072736253
2242_01,0.6977228825552265
2244_01,0.3758415303324527
2245_01,0.7273582370247149
2245_02,0.7190156593127375
2246_01,0.6090976183748384
2246_02,0.13243190512044
2247_01,0.23351378675275053
2248_01,0.2609283074881633
2249_01,0.34958773740381094
2250_01,0.29600899054373464
2259_01,0.47668311637420385
2259_02,0.7755641356830102
2260_01,0.692369155824547
2265_01,0.28556073375064406
2271_01,-0.14725208873221507
2276_01,0.5384040609742883
2276_02,0.2804141008427589
2283_01,0.2942110116056895
2285_01,0.25024807588951326
2286_01,0.25106769530786643
2290_01,0.6739516379011177
2292_01,0.671184907593135
2293_01,0.7418832425624291
2294_01,0.7154952716199803
2297_01,0.2914959327417913
2304_01,0.610015300697435
2307_01,0.5213798528031435
2307_02,0.46648753516534336
2307_03,0.5290760510894083
2307_04,0.5625013962784741
2307_05,0.5314337523221995
2322_01,0.3276026133129893
2323_01,0.2823372037884483
2324_01,0.2873213228566178
2326_01,0.6061629776034851
2328_01,0.2971377651421029
2330_01,0.24633665713352135
2331_01,0.7630235472442394
2334_01,0.28216599029023026
2335_01,0.6801062297804952
2337_01,0.688017844951389
2342_01,0.2557748601911447
2343_01,0.754988213920074
2343_02,0.6134179483351846
2344_01,0.1748529054090081
2344_02,0.7758471323113847
2346_01,0.29590371659764114
2350_01,0.4130128824408579
2350_02,0.29279776071995145
2350_03,0.8008233813052698
2351_01,0.24904359536545384
2351_02,0.29239950713138446
2352_01,0.3006055099224786
2354_01,0.17347267323010068
2355_01,0.7351221131748793
2355_02,0.8308428162897025
2355_03,0.40680300414340453
2355_04,1.014059906533915
2358_01,0.28645205214809055
2359_01,0.29783961747473425
2362_01,0.3151997847705873
2370_01,0.4921366612355912
2370_02,0.6193813895603452
2370_03,0.26096779059931
2370_04,0.5328337630015341
2371_01,0.35750708483927585
2372_01,0.31358554517427606
2378_01,0.34337102566746336
2378_02,0.790576075186437
2380_01,-0.040881948360154075
2380_02,0.9288792959724879
2381_01,0.673086683674067
2383_01,0.20474972560673868
2383_02,0.2956385915294206
2386_01,0.673059733401739
2388_01,0.34127623345201963
2388_02,0.6089998552673412
2393_01,0.2596684225361886
2394_01,0.6602533595457731
2394_02,0.723687144139114
2394_03,0.37111183158817906
2400_01,0.31932169848685726
2405_01,0.25038079535314234
2407_01,0.7253730019155493
2408_01,0.2824062135232214
2415_01,0.37629577572577944
2418_01,0.22299782901652213
2420_01,0.3018817727949797
2422_01,-0.23764973730292638
2422_02,0.8445271185889007
2425_01,0.5027696446338497
2425_02,0.4132569434091718
2425_03,0.34993548489342496
2425_04,0.6715030553073805
2425_05,0.5212567527777658
2425_06,0.4528572043343024
2428_01,0.269919271944307
2430_01,0.5185143973342232
2430_02,0.46628157747213683
2430_03,0.2933609083918276
2434_01,0.5457946188023508
2434_02,0.3304030619150733
2437_01,0.26313842486495476
2440_01,0.3383424067343175
2447_01,0.28830675421547125
2448_01,0.7536478077596984
2448_02,0.7733608136412209
2450_01,0.28102742156499183
2459_01,0.6913153526200599
2464_01,0.2520482891258012
2465_01,0.39797734136362845
2468_01,0.7907502464233855
2469_01,0.6932849746925829
2469_02,0.33370458937626274
2473_01,0.28764468624578454
2481_01,0.6771875721078021
2481_02,0.31303375210549533
2482_01,0.42003632595532686
2482_02,0.321373805110305
2484_01,0.7259657201012617
2484_02,0.3276812604069608
2485_01,0.2072259284756334
2487_01,0.671888176280026
2487_02,0.7206125193743018
2487_03,0.21734889008927596
2490_01,0.2937834137812002
2493_01,0.12415869555798031
2493_02,2.193745552510232
2494_01,0.7638728598062039
2494_02,0.01575017458540401
2495_01,0.23586892792743078
2501_01,0.7588243309180842
2504_01,0.31288093382761517
2507_01,0.6060617713250449
2511_01,0.3550426738406876
2514_01,0.315364306518633
2517_01,0.7070909696839699
2525_01,0.28962994103421874
2529_01,0.478106841586712
2533_01,0.27952933763112225
2536_01,0.7232066068628001
2538_01,0.7526107918231502
2538_02,0.723819582738898
2539_01,0.32087712645212285
2543_01,0.3249080550920095
2554_01,0.294317491227488
2556_01,0.7407724035659031
2563_01,0.6387403292962173
2566_01,0.27875362887573607
2567_01,0.6665846269969784
2567_02,0.7316767600112799
2568_01,0.31758355922894244
2569_01,0.31242867473560765
2570_01,0.6329703243651971
2575_01,1.0232790087927168
2576_01,0.6992733465484754
2577_01,0.5691259580769781
2577_02,0.6345290980560669
2579_01,0.3059068579886336
2583_01,0.6080444466561188
2585_01,0.7161077280197949
2586_01,0.5619366851620402
2587_01,0.659343874141699
2587_02,0.6926010093795743
2600_01,0.5586472150368085
2603_01,0.5399724460200271
2603_02,0.3735308233657249
2604_01,0.6890449174273546
2608_01,0.6109829907782701
2610_01,0.2476690624520379
2611_01,0.30261482903502257
2612_01,0.30083498153527366
2613_01,0.3288688824688265
2614_01,0.28932823767808835
2615_01,0.45285232118265517
2620_01,0.690003862910132
2621_01,-0.13985022076194775
2623_01,0.2935669199726323
2630_01,0.27606081765734625
2630_02,0.5982734551985414
2630_03,0.5514601115193202
2632_01,0.2954038294683047
2637_01,0.2899360579007068
2637_02,0.7509213275539337
2637_03,0.5507660547379118
2639_01,0.6960787492058499
2644_01,0.2915169078200944
2653_01,0.30763554766927276
2654_01,0.2565046449020233
2656_01,0.7540316829967827
2665_01,0.2766311973762911
2667_01,0.9038498566466721
2667_02,0.2249063736137947
2667_03,0.2819538184210397
2667_04,0.8583704682156252
2667_05,1.0759379140068561
2669_01,0.3174514488327476
2673_01,0.43850311162272976
2674_01,0.46398367882081115
2674_02,0.3332366045639171
2680_01,-0.08390729077748849
2681_01,0.6979810719130253
2686_01,0.2411561049654811
2689_01,0.23997066870990094
2694_01,0.7437726209021764
2694_02,1.0217201664539979
2696_01,0.5837559271891688
2699_01,0.2533674709226185
2705_01,0.6111580937491448
2710_01,0.8743111908509771
2710_02,0.8860665180560942
2711_01,0.8149613960731323
2715_01,0.31260594273294273
2715_02,0.33691406435632687
2716_01,0.2976638008379281
2716_02,0.7536343404806067
2719_01,0.26998764545904463
2719_02,0.7692969923041685
2719_03,0.19227148914171993
2728_01,0.41924557172376614
2731_01,0.6094945249138066
2733_01,0.2712813612422536
2735_01,0.28286706975772336
2742_01,0.6954351138456485
2744_01,0.34216511208725736
2749_01,0.5930552534418687
2757_01,0.27788601807679014
2761_01,0.3056451998395483
2761_02,0.37402523581063485
2766_01,0.6817169081540779
2767_01,0.2886790341156219
2771_01,0.30770708938277347
2775_01,0.3755711171889504
2776_01,0.34372108469659857
2777_01,0.7611192406058147
2779_01,0.2667725001213792
2782_01,0.2280291675393706
2791_01,0.2815884288862601
2794_01,0.2698580250475515
2794_02,0.2976814040814013
2794_03,0.622672480313479
2794_04,0.8821623083773966
2794_05,0.1834081393129785
2794_06,0.7012989947212449
2794_07,0.6912174361216611
2800_01,0.64560961846968
2803_01,0.690609455392885
2804_01,0.6096244543570253
2808_01,0.7500931947423372
2808_02,0.9584092827613302
2815_01,0.3471924222856303
2815_02,0.6699463621054598
2815_03,0.3324772937638797
2816_01,0.7327144032257182
2827_01,0.7037814203955564
2828_01,0.22127534030619753
2829_01,0.6313995273789568
2830_01,0.6896373339340137
2833_01,0.6897586467530545
2836_01,1.1851570722548548
2841_01,0.2898342714476898
2842_01,0.5821111586205072
2844_01,0.3010396426936657
2845_01,0.742004318848088
2845_02,0.7539809996314697
2848_01,0.838430333587289
2848_02,0.920402150610258
2848_03,0.9453415016342872
2849_01,0.28922002146082626
2850_01,0.6726755866144561
2850_02,0.8386407931149369
2850_03,0.281702709505353
2850_04,0.8251903026117821
2851_01,0.3219699887396993
2855_01,0.6633762581712095
2864_01,0.21418435768019006
2868_01,0.5563520560608686
2868_02,0.6056514821908837
2868_03,0.5221565802162689
2868_04,0.364728791739433
2874_01,0.321614224994487
2879_01,0.29768471608032776
2885_01,0.2950217620048111
2886_01,0.26422711104219676
2889_01,0.34458087850996455
2895_01,0.8447258217993665
2896_01,0.291005996760368
2898_01,0.6758760386185322
2898_02,0.7388933999590848
2903_01,0.2851489664986321
2904_01,0.40711097124128215
2904_02,0.7071954956685387
2911_01,0.592675037634535
2914_01,0.7012735146117357
2915_01,0.7167372405066758
2916_01,0.6974892611234649
2917_01,0.278232518271463
2918_01,0.31495557162080356
2921_01,0.2875218822494392
2922_01,0.42466381269745
2923_01,0.419399862700704
2924_01,0.2203993290717399
2931_01,0.543051967188916
2931_02,0.30442504574448487
2932_01,0.7833724696010687
2933_01,0.276439354532786
2937_01,0.2876314890852464
2939_01,0.3548830238712982
2946_01,0.2260390882854139
2946_02,0.2898462468578754
2946_03,0.31605033125316145
2946_04,0.2887965217474032
2947_01,0.5605960223927249
2951_01,0.2817171317371958
2952_01,0.23177077699556486
2955_01,0.2816855086103762
2957_01,0.5644510575358447
2963_01,0.3108584055029161
2967_01,0.3279528936854005
2973_01,0.3304996490505032
2974_01,0.23043265848546846
2976_01,0.8992576377724619
2976_02,0.8821612318755576
2976_03,1.0117599327967748
2976_04,0.04577543838894599
2977_01,0.312688620395819
2977_02,0.36096146697002685
2977_03,0.3457861886659891
2978_01,0.3365841243101543
2980_01,0.30132643814616644
2981_01,0.690625516116445
2985_01,0.3216341585701996
2987_01,0.3689696901990859
2989_01,0.30372837628296356
2991_01,0.21590258511569346
2997_01,0.7835867843977116
2997_02,0.14958549007610028
2997_03,0.34774905772704917
2997_04,0.7944904817829115
2999_01,0.3895523426479983
3002_01,0.2927472656513445
3007_01,0.2906861457143768
3008_01,0.7799184766849854
3008_02,0.16860506986899554
3008_03,0.687854754942675
3008_04,0.483534298405859
3008_05,0.9274936230935706
3008_06,0.9706733460094045
3011_01,0.600174587372649
3016_01,0.4409092603077297
3016_02,0.6274367101135709
3016_03,0.6224190190027361
3016_04,0.3015237415511127
3017_01,0.49829347000841484
3028_01,0.6039145771458105
3031_01,0.7570127688005839
3035_01,0.4716479879938714
3037_01,0.7456262220268571
3037_02,0.7240278166646432
3041_01,0.3237301023712691
3043_01,0.3480798884239108
3046_01,0.3490943058900418
3049_01,0.2595540785513841
3051_01,0.22970350254472074
3052_01,0.24999857255710356
3056_01,0.6334655325965918
3057_01,0.31762964744723654
3058_01,0.28722469020678865
3059_01,0.7544883576275851
3069_01,0.2844724621783389
3072_01,0.8355234644944136
3074_01,0.405012781719182
3075_01,0.38082074925017856
3077_01,0.8169420426228866
3077_02,0.85470443291161
3078_01,0.4561203769004576
3078_02,0.6688199408182254
3078_03,0.7683664349959572
3078_04,-0.21983602219483567
3086_01,0.3403973154555792
3089_01,0.6683826190665397
3094_01,0.6148496333918861
3097_01,0.7218476657692433
3098_01,0.2335887937479863
3101_01,0.1570720193978702
3105_01,0.7117342289751475
3105_02,0.5284441421272426
3105_03,0.7320144170053653
3106_01,0.3195622031303536
3107_01,0.5721583266927744
3108_01,0.540840115293185
3109_01,0.3148223252021335
3115_01,0.6993412541087066
3122_01,0.29922278595243185
3122_02,0.2542718808246091
3125_01,0.2431712630714755
3125_02,0.3139353146452898
3127_01,0.8202006916818922
3129_01,0.3682712007701224
3135_01,0.2603047573240926
3137_01,0.690985242423925
3139_01,0.2742352627124728
3141_01,0.6918962958065817
3144_01,0.31175521450020527
3146_01,0.29095089133134777
3148_01,0.32458366006368783
3148_02,0.30235004739731736
3150_01,0.4664623907918821
3151_01,0.7017296718980421
3153_01,0.292321632290097
3153_02,0.730537564957183
3154_01,0.5800583995846829
3155_01,0.779783280826795
3155_02,0.6066688290121989
3156_01,0.2906541884420804
3157_01,0.2525097687880792
3160_01,0.20012016300933713
3165_01,0.29118646517038066
3167_01,0.3631748939866636
3170_01,0.5941677518122637
3173_01,0.5813048131541004
3177_01,0.30227692830992714
3178_01,0.7013628556861715
3183_01,0.3013247050958991
3186_01,0.7166036536140314
3187_01,0.44153492918818504
3190_01,0.3382967949276
3190_02,0.6693954110905538
3194_01,0.30041647048390635
3198_01,0.20695629667831053
3199_01,0.6353648257872112
3202_01,0.3405557137383337
3207_01,0.3826755654411425
3208_01,0.6200543294734107
3214_01,0.7318156240956888
3222_01,0.2923881479885529
3226_01,0.7394872094734133
3228_01,0.2916374300300687
3231_01,0.6879280083718998
3233_01,0.35992106366950216
3234_01,0.3286310159504404
3242_01,0.3149328566939653
3244_01,0.814025590391899
3244_02,0.8681651779670344
3244_03,0.9345252409464835
3245_01,0.49173129380373226
3245_02,0.3371462556385326
3246_01,0.4301153282565787
3249_01,0.322146209599712
3249_02,0.3519241046985941
3250_01,0.2784110646527117
3251_01,0.2930125671693862
3257_01,0.7283862176262726
3261_01,0.03460884880211984
3263_01,0.732238523922072
3264_01,0.26876781741442884
3265_01,0.21627181405515553
3265_02,0.8753454647220922
3265_03,1.008069624538488
3265_04,0.8454239094084484
3266_01,0.33705000847098343
3267_01,0.7905920817231136
3277_01,0.18042289880179874
3278_01,0.6936903461506438
3281_01,0.8496310413688846
3285_01,0.07383609358353366
3285_02,0.6662942198986658
3286_01,0.36765653668400555
3288_01,0.6992381859853078
3290_01,0.7452384834151955
3290_02,0.12803493644732583
3291_01,0.6387540563718469
3302_01,0.278815545712882
3303_01,0.2897975920613907
3306_01,0.1991146380742451
3307_01,0.47663214717707125
3316_01,0.4085534326929592
3320_01,0.15834819270478045
3320_02,0.20777721828312018
3321_01,0.7315324467620683
3333_01,0.3054606809976934
3334_01,0.7048595675215241
3335_01,0.326515589408891
3340_01,0.31732127958458656
3341_01,0.6579259349446274
3341_02,0.06225351202983026
3344_01,0.7611075216579213
3344_02,0.7772277644171708
3345_01,0.6228654498931936
3345_02,0.2818944211828698
3345_03,0.6753914396924839
3346_01,0.35214617334551673
3347_01,0.9712656260822489
3347_02,0.18481980110334273
3351_01,0.6853786845455605
3351_02,0.44473457610596956
3354_01,0.35292562721292553
3355_01,0.6918038035588806
3356_01,0.47662814500636314
3358_01,0.2937955205821687
3362_01,-0.032228674064412044
3362_02,0.6091311620559762
3366_01,0.7578079005210138
3367_01,0.3277827930476842
3368_01,0.6140247173175983
3368_02,0.7626500527058471
3368_03,0.11690987773453038
3368_04,0.6383101267685947
3368_05,0.49563574718136744
3368_06,0.1743486551633387
3368_07,-0.062050159005611394
3369_01,0.29653562575504433
3373_01,0.580210300228225
3374_01,0.33121109966319584
3375_01,0.2500096616792721
3376_01,0.563419479565723
3378_01,0.30404490623157066
3379_01,0.42693640264212607
3385_01,0.43200327794360605
3388_01,0.8369588993688859
3393_01,0.6788261423388651
3398_01,0.3686725711019661
3399_01,0.3024719722273841
3400_01,0.5799437055538139
3407_01,0.45445416022584617
3407_02,0.43262346129853735
3411_01,0.4456022884280591
3411_02,0.4093483813649748
3411_03,0.32650461392512187
3411_04,0.18215974272585567
3411_05,0.7747447299623236
3411_06,0.7978227246262337
3411_07,0.059712120587804174
3414_01,0.27612091419714146
3416_01,0.21475586832246865
3427_01,0.5707469676925331
3429_01,0.6893183480440213
3435_01,0.28184801847071184
3436_01,0.6874519818330276
3448_01,0.5136604457169185
3448_02,0.4727215266501741
3451_01,0.24559498610244987
3452_01,0.3051321508461533
3457_01,0.704418396505259
3460_01,0.36610847437791383
3463_01,0.5377826489170274
3466_01,0.3809101234929801
3471_01,0.20611378828975824
3472_01,0.36576893024575086
3477_01,0.033521313162250876
3477_02,0.37829775007194844
3479_01,0.2706055784796671
3481_01,0.22522962893555362
3482_01,0.24322850280023472
3482_02,0.5706440888504023
3493_01,0.331806659700179
3494_01,0.04420269139232741
3494_02,0.7815938712545911
3498_01,0.3340988622139454
3500_01,0.31158093418447563
3502_01,0.3641808314576329
3503_01,0.3282533763213026
3505_01,0.285664730153773
3507_01,0.42417038063964124
3508_01,0.4895090599140689
3508_02,0.7416670300510607
3509_01,0.9266763060787724
3509_02,0.45422323411465726
3510_01,0.7225136656407611
3513_01,0.9630570224886876
3513_02,0.7903674686284677
3513_03,0.47818290443786976
3513_04,1.002064364275006
3516_01,0.2813984883456224
3517_01,0.526538885025483
3522_01,0.692581987447757
3524_01,0.3739791973661608
3526_01,0.23420274537002608
3529_01,0.6942483324547468
3532_01,0.7277178044733179
3538_01,-0.046583053316642475
3541_01,0.3395116679771905
3544_01,0.42096078160600203
3544_02,0.34621014690176244
3545_01,0.4433748580926555
3549_01,0.19236077634521137
3549_02,0.7524218581113923
3551_01,0.2753297807055567
3554_01,0.27929295883639804
3557_01,0.24544918192643467
3571_01,0.6849439915802372
3574_01,0.3101671189776102
3575_01,0.10168397589900918
3580_01,0.7186128363080326
3580_02,0.7970773029965232
3581_01,0.25862807898862294
3583_01,0.28554090271209853
3585_01,0.6841321064338359
3587_01,0.6818802494735297
3587_02,0.368632375417604
3587_03,0.5621555470523008
3589_01,0.258810726630848
3589_02,0.4255004607932399
3589_03,0.596888648438592
3589_04,0.6083277909455914
3589_05,0.17918979805626428
3589_06,0.3955228071533605
3589_07,0.37930217539678274
3590_01,0.34286405022342326
3593_01,0.5246433743056265
3599_01,0.324283346563306
3601_01,0.2461777788945533
3601_02,0.6712485441140266
3601_03,0.3848485227882188
3601_04,0.7403408904781467
3601_05,0.3456188569961919
3601_06,0.26569236512988426
3601_07,0.7220365505003886
3603_01,0.7453192850716555
3603_02,0.7697366553482523
3604_01,0.5710209380670137
3611_01,0.3948839400576163
3617_01,0.3084766809530179
3617_02,0.47172070049394554
3617_03,0.4104125180333109
3618_01,0.938622081716018
3618_02,-0.10928145630266184
3618_03,0.8831502779313758
3618_04,0.21577156122612998
3621_01,0.15086042294163926
3621_02,0.25777845945183253
3623_01,0.39538544622617755
3627_01,1.0178086668792758
3632_01,0.32472348802142037
3633_01,0.5156902036677713
3635_01,0.6873310267674979
3635_02,0.42784482678918817
3637_01,0.2550418554971518
3638_01,0.38140587266628867
3643_01,0.6147659146780524
3646_01,0.4123261252878913
3646_02,0.7024761303006666
3649_01,0.40620101155422167
3651_01,0.7734547855438827
3656_01,0.564906991688689
3656_02,0.28575983764319135
3657_01,0.7505837857484657
3657_02,0.7524287723563804
3657_03,0.45179546295292633
3659_01,0.30570009812987353
3659_02,0.4262023790411749
3659_03,0.5475835929589017
3659_04,0.38821579687009294
3659_05,0.11692876413015091
3659_06,0.24158916373922762
3659_07,0.6550631235911233
3661_01,0.32339258384938235
3663_01,0.6992442048374407
3666_01,0.7055683867717486
3669_01,0.40844118122575124
3670_01,0.7151874945747025
3672_01,0.3953721699660985
3672_02,0.31663196649915737
3673_01,0.4741777082480705
3675_01,0.4938306598980162
3675_02,0.7777422953362947
3675_03,0.7478205270078627
3676_01,0.7818706471485716
3683_01,0.7024880217606585
3683_02,0.7150395753479706
3684_01,0.7028105791060819
3684_02,0.6390475702880956
3685_01,0.41739352857309153
3687_01,1.0152476666917725
3689_01,0.24784582078508238
3694_01,0.6925277880914291
3695_01,0.27051434215459363
3696_01,0.6905760885687737
3697_01,0.3273808482698518
3698_01,0.29944409165894437
3701_01,0.686165898780463
3701_02,0.575521275761936
3701_03,0.7284205817310507
3709_01,0.7846914589943687
3712_01,0.7124528562755508
3712_02,0.7243413814618984
3712_03,0.6037107417792626
3712_04,0.4727395650161608
3712_05,0.7444640327117846
3717_01,0.42050141776952465
3717_02,0.6849537121641383
3718_01,0.739234313747189
3720_01,0.7409490253132955
3720_02,0.839862799352145
3720_03,0.7485309748684572
3721_01,0.19988743828585231
3722_01,0.420417397587946
3723_01,0.31271099390187995
3725_01,0.7573911377450102
3727_01,0.3469058474130468
3730_01,0.7333239377803177
3731_01,0.7577702546014784
3738_01,0.3306228287328063
3740_01,0.3700087823336181
3746_01,0.322641478807236
3746_02,0.5082444071671733
3746_03,0.5954669921630964
3746_04,0.5004208441753741
3762_01,0.34068328581237683
3763_01,0.36972588536877327
3764_01,0.6034567087707599
3764_02,0.6140166508505033
3766_01,0.6838358038501905
3766_02,0.700956077960817
3780_01,0.8625026516752858
3782_01,0.358826833091079
3782_02,-0.2918671142032233
3791_01,0.10103268792145581
3792_01,0.6912988699024288
3794_01,0.6989897059988226
3799_01,0.3484921561812552
3800_01,0.43359983207696173
3802_01,0.28443004039537156
3806_01,0.6985983943570429
3808_01,0.3346363090722958
3809_01,0.30983537053002635
3809_02,0.4664963687972768
3813_01,0.6229021418020336
3819_01,0.3217861351208849
3825_01,0.2795050474172969
3827_01,0.4051516761674462
3828_01,0.9344162619847407
3828_02,0.12716138085751494
3828_03,0.7260027933716731
3829_01,0.41272640528732474
3829_02,0.463593407299489
3833_01,0.8074156910151963
3834_01,0.7579616526655466
3837_01,0.2728614165908716
3840_01,0.21765992197324086
3843_01,0.41331821498212745
3844_01,0.5170687213987084
3844_02,0.8456648652918495
3845_01,0.2931420498352065
3855_01,0.6933850808966345
3858_01,0.6866449043274293
3858_02,0.6745497082847665
3858_03,0.2959861121735624
3858_04,0.26854146697908166
3859_01,0.7379492769741072
3860_01,0.8358829208799263
3861_01,0.3458870437289666
3863_01,0.4254850645051543
3865_01,0.7510055167368035
3869_01,0.6672555640520608
3876_01,0.829791822027913
3876_02,0.5104417046186163
3876_03,0.8936780745338397
3877_01,0.3236709412641282
3878_01,0.3435299778454022
3880_01,0.3626924741180664
3881_01,0.3716031618864386
3882_01,0.6531752252800992
3884_01,0.20511392742960347
3885_01,0.2918829632647009
3887_01,0.9414469066456039
3889_01,0.5073275095253761
3889_02,0.4921522353547743
3891_01,0.4316606891734092
3892_01,0.6020580190704004
3892_02,0.2223350469154502
3893_01,0.0013919990751513067
3893_02,0.9306049637184841
3893_03,0.33120632994263743
3900_01,0.30771400908881635
3901_01,0.4557610961187815
3902_01,0.6407707540864489
3905_01,0.7584347886252649
3906_01,0.13274157808868298
3906_02,0.31141229032538364
3908_01,0.3620290675706141
3908_02,0.5651904925205468
3910_01,0.6990450014313383
3914_01,0.33627842806333436
3918_01,0.27891519492994343
3920_01,0.28972611553649474
3925_01,0.12282495556137046
3925_02,0.20620246300682318
3929_01,0.4652842514572814
3934_01,0.7756338907893258
3934_02,0.3405323055424775
3943_01,0.5407518859531013
3943_02,0.6646121535118226
3943_03,0.4284197952905663
3947_01,0.2955918937770722
3951_01,0.2896969456907593
3953_01,0.6008116594385797
3956_01,0.3061399168860504
3957_01,0.581298091554213
3965_01,0.41520324726259744
3969_01,0.38236746699567986
3972_01,0.710344693036224
3975_01,0.27431723474832126
3978_01,0.42735986496457357
3979_01,0.01095464378160238
3982_01,0.2911159567783934
3983_01,0.39152354786123067
3989_01,0.6974805383967738
3989_02,0.7581544273270431
3989_03,0.6426741702450943
3989_04,0.33493121062295916
3990_01,0.7595823016873144
3993_01,0.2467282968553445
4004_01,0.2829802020515513
4007_01,0.17008356376397615
4011_01,0.7710109262790836
4012_01,-0.06161877005814698
4012_02,0.7823532586032769
4015_01,0.687220396911302
4015_02,0.3604838587525182
4024_01,1.0555906745934829
4025_01,0.5704990436571783
4028_01,0.38564742569906835
4029_01,0.7314454477515224
4041_01,0.6942302345392974
4048_01,0.7679093419750888
4048_02,0.7045499104828659
4048_03,0.5328408831741729
4051_01,0.706656583066565
4052_01,0.5142890602812539
4054_01,0.7069215657165189
4054_02,0.8788405319100536
4054_03,0.361622559582774
4056_01,0.32250274284771907
4057_01,0.3788957541444861
4059_01,0.6627690730154974
4059_02,0.3149301000831167
4062_01,0.42644213897742467
4067_01,0.30195301311588923
4070_01,0.765839910742454
4070_02,0.9157977914064241
4070_03,0.7069643856615504
4073_01,0.41984776612731767
4073_02,0.7134010476189916
4074_01,0.3489303533630857
4077_01,0.11494549391413172
4085_01,0.3243786799494639
4086_01,0.42958871361777223
4086_02,0.7028283828490414
4086_03,0.4752771229280412
4087_01,0.3170003590435294
4088_01,0.4252776143043102
4092_01,0.6963823233967588
4094_01,0.1365546328515852
4094_02,-0.1396894410362549
4100_01,0.7414775727220164
4105_01,0.3564685543542252
4111_01,0.7603585249433955
4117_01,0.32475012488430577
4118_01,0.3238448786172772
4119_01,0.43319846309347004
4121_01,-0.2955474510695072
4122_01,0.4296042870377747
4123_01,0.3171890800697601
4124_01,0.696741529831798
4126_01,0.19316549885431783
4133_01,0.6831559480307748
4133_02,0.7147747606204142
4136_01,0.8418390088106682
4136_02,0.29230823493340735
4138_01,0.15228413420422798
4139_01,0.28911253732355735
4146_01,0.4991280289532343
4148_01,0.596474795829401
4153_01,0.3496970623524511
4155_01,0.8124379513956388
4157_01,0.3070734184037609
4161_01,0.43345106596608646
4162_01,0.6953117198036054
4164_01,0.7055775585027626
4180_01,0.8005616782298624
4180_02,0.07119425718559647
4187_01,0.3623674557785388
4190_01,1.5147715656331866
4192_01,0.32239480223972716
4193_01,0.6961708682177948
4195_01,0.33719180780951996
4198_01,0.701349047290458
4200_01,0.35973790572929687
4201_01,0.32097095049917895
4202_01,0.7384949338460174
4202_02,0.18817616187698472
4209_01,0.11109132483136258
4217_01,0.39124679818965435
4224_01,0.12835679835148744
4224_02,0.3893656825288257
4226_01,0.7340700882269208
4226_02,0.23284600499800498
4227_01,0.6909230926425028
4228_01,0.3214613137375942
4234_01,0.20960894659054505
4234_02,0.31119213605786855
4235_01,0.41262024869016306
4235_02,0.7035566728402218
4236_01,0.250899923170401
4236_02,0.75553028736929
4241_01,0.32617767647148294
4247_01,0.6084311249792599
4247_02,0.30873284246944
4248_01,0.2620420623245666
4248_02,0.3225994185126566
4250_01,0.6068603970774588
4263_01,0.31688815382245233
4263_02,0.6788399136718773
4263_03,0.6794120869664477
4265_01,0.8236832991987777
4268_01,0.6926530772338428
4268_02,0.7406294938100817
4269_01,0.3749717003702369
4275_01,0.26436239449881527
4276_01,0.2142267077100515
4277_01,0.3500402113902953
4279_01,0.27375573936910835
4281_01,0.29974049478925024
4282_01,0.7547308076732155
4283_01,0.3590453041100615
4284_01,0.6939203792206838
4284_02,0.3027090013212067
4285_01,0.3433850553776402
4286_01,0.6085796279155546
4286_02,0.3208862283560113
4286_03,0.4685114836438779
4287_01,0.412967862673599
4288_01,0.7550399165679533
4288_02,0.3617358232136204
4290_01,0.3623540160903407
4298_01,0.21766478970418007
4298_02,0.7547049519249152
4298_03,0.7067225556748598
4299_01,0.3711385918155711
4304_01,0.38623663227389515
4307_01,0.7318860155966187
4308_01,0.623367926018829
4310_01,0.3083357242725729
4313_01,0.4327720106572326
4314_01,0.5828282621780678
4321_01,0.730671176512561
4322_01,0.6928597633839346
4323_01,0.7697171250473623
4323_02,0.3213687786465377
4323_03,0.4967899006566948
4323_04,0.8701099741255736
4325_01,0.38558005989473326
4326_01,0.29821674502864715
4328_01,0.6245671296301676
4331_01,0.6100728182609509
4341_01,0.3884250165367864
4341_02,0.5550141021347681
4342_01,0.37298519915495154
4353_01,0.3917647794986954
4355_01,0.6091822041940202
4363_01,0.3417717324624764
4374_01,0.2861713790161542
4375_01,0.7911799548030907
4377_01,0.6860732174604398
4377_02,0.39944641113978596
4377_03,0.6964522764695227
4378_01,0.07455426243205165
4378_02,0.49843898092765804
4379_01,0.7085219331455117
4380_01,0.3745379338381201
4381_01,0.4703212582412821
4381_02,0.36263402807281797
4384_01,0.39216374518551084
4385_01,0.5127884689235149
4385_02,0.670060531865118
4385_03,0.7759352499246224
4389_01,0.3026578482972007
4394_01,0.326860059539292
4398_01,0.35334883512283555
4406_01,0.3808269754549104
4412_01,0.2757950516327651
4414_01,0.758463895137779
4417_01,0.7393005541213559
4418_01,0.37131355253498427
4419_01,0.3482437054627951
4419_02,0.33037572516301283
4420_01,0.34387244643678905
4420_02,0.46616448925602827
4421_01,0.3354072954082717
4423_01,0.1115801346420009
4425_01,0.8057392935599512
4425_02,0.7265090311375927
4434_01,0.24973958013111608
4435_01,0.7735810820737077
4435_02,0.5723662152437949
4439_01,0.6794035719016638
4439_02,0.3954496070897274
4442_01,1.026395568545122
4443_01,0.36493402429002086
4443_02,0.4401487324900495
4454_01,0.7852499292326297
4455_01,0.4208185655470816
4455_02,0.34587584595322074
4455_03,0.6604381718830072
4458_01,0.6244819528206663
4460_01,0.7554286880064457
4468_01,0.6919897276877782
4471_01,0.40167317031663574
4478_01,0.3307261329794695
4480_01,0.6004302051802204
4481_01,0.30926410812943605
4484_01,0.3772470429144278
4488_01,0.3871782371254062
4489_01,0.22911612599008174
4495_01,0.27588717297007714
4499_01,0.6098749033284478
4503_01,0.23403226903438493
4504_01,0.6177746335270109
4507_01,0.46645873162168655
4513_01,0.3403440545189145
4519_01,0.5100820121509766
4520_01,0.2798636075804479
4523_01,0.6121789408152244
4523_02,0.689016026281684
4523_03,0.4561769227012927
4523_04,0.752085745877155
4523_05,0.5270176691051681
4523_06,0.8048151832412316
4525_01,0.3640105473080927
4526_01,0.37060243969373685
4527_01,0.3058561989700745
4528_01,0.35348059914168534
4536_01,0.20393778675967433
4540_01,0.6967718068922011
4541_01,0.26653335869085215
4545_01,0.383312912662372
4548_01,0.7502750752309293
4551_01,0.7910313367956869
4551_02,1.0225703761298979
4551_03,0.8949962258595021
4551_04,0.8514873524989434
4554_01,0.23373106604351684
4556_01,0.3459081727613388
4566_01,0.39737493480590974
4578_01,0.3881331451662251
4579_01,0.7069969504536229
4582_01,0.5402746712139185
4582_02,0.5579057897044658
4582_03,0.5525891964064752
4582_04,0.7500322422650088
4582_05,0.5198007312885746
4582_06,0.6340383270861116
4582_07,0.48094217123029426
4583_01,0.7495429793142819
4583_02,0.8272140729688982
4583_03,0.32022808878206455
4584_01,0.4180765481304339
4588_01,0.3009607150949677
4589_01,0.31881957177609305
4590_01,0.2929154053482571
4598_01,0.29266577118383197
4599_01,0.6977628538268823
4600_01,0.684853613551264
4600_02,0.6168105878177461
4601_01,0.25849053495150814
4614_01,0.3584938124240511
4614_02,0.349642516600448
4616_01,0.38211389690705444
4618_01,0.3922397049574592
4619_01,0.879694713687929
4626_01,0.7888020375074355
4626_02,0.3314168477857251
4627_01,0.37212891389446234
4629_01,0.4140883933884518
4636_01,0.7162584693098355
4639_01,0.7814166092241328
4639_02,0.824107775286916
4639_03,-0.25801218646645296
4639_04,0.23172151718581513
4639_05,0.6154463522787337
4639_06,0.8112465772558985
4647_01,0.6927207828711653
4660_01,0.48939931282840166
4666_01,0.38605528550248097
4669_01,0.775533285116428
4670_01,0.49598358628620587
4671_01,0.664098204978993
4671_02,0.5521496763054146
4671_03,0.6008730570657578
4671_04,0.825741252236835
4674_01,0.3628083055561705
4675_01,0.42896272744667513
4675_02,0.4193636414888277
4681_01,-0.17477455624840077
4682_01,0.5606058519163273
4683_01,0.7132033887240972
4683_02,0.4587408366750345
4685_01,0.7577925500405048
4687_01,0.2750291367734492
4688_01,0.39190690031976827
4692_01,0.0194756373442882
4697_01,0.737939987897823
4698_01,0.7159202372542773
4700_01,0.7253608632137816
4701_01,0.8128028567862611
4701_02,0.8759212376830154
4701_03,0.8663727415802542
4701_04,0.8527018982685022
4702_01,0.7458605903798854
4702_02,0.416833927306889
4703_01,0.7291778597766645
4703_02,0.8387288754515244
4705_01,0.49702857051749116
4705_02,0.3245073090619025
4707_01,0.2590858689890922
4707_02,0.4735739012442504
4715_01,0.6597470964193148
4716_01,0.3658261589684126
4718_01,0.8406618485087245
4722_01,0.30119003419343493
4724_01,0.6803852345689569
4727_01,0.40729608864950134
4727_02,0.6433164023482492
4729_01,0.1620059268143313
4731_01,0.6088064517242354
4734_01,0.2810346241722087
4735_01,0.35341145662147905
4736_01,0.7301589086324365
4737_01,0.3379738368176588
4740_01,0.7283462252874664
4742_01,0.3280068569071412
4745_01,0.6244120867094288
4747_01,0.7308769313412742
4747_02,0.44436823610598714
4749_01,0.2781040931480423
4751_01,0.31259523363857106
4760_01,0.3962858047931256
4761_01,0.7095323274561155
4761_02,0.5691821805051129
4761_03,0.4156274139296412
4765_01,0.6966598994416084
4766_01,0.7382711697747987
4767_01,0.4188850588645008
4768_01,0.5233451889312517
4768_02,0.6882229992271719
4771_01,0.5644245044411359
4776_01,0.7896861781310551
4776_02,0.5002779763528263
4776_03,0.7633118378765172
4776_04,0.8259247514637758
4779_01,0.2276108415959993
4781_01,0.517587685936434
4789_01,0.6197593063337035
4799_01,0.31427507976295826
4799_02,0.2753206326990075
4799_03,0.3379562226343776
4800_01,0.38735635931473716
4802_01,0.6844811888925483
4802_02,0.20292275814101848
4805_01,0.691003710272243
4806_01,0.40448208963200805
4809_01,0.19534130307246622
4811_01,0.7536518532816775
4812_01,0.6603095071653104
4816_01,0.5232005179633243
4820_01,0.845371929632295
4820_02,-0.15640249531134898
4821_01,0.5236316047840921
4824_01,0.5492931226757648
4825_01,0.7829324683434364
4826_01,0.5242374092993167
4833_01,-0.14030902178088034
4833_02,0.4724678680522514
4834_01,0.7268159325128211
4835_01,0.24615383718025877
4839_01,0.2674695129766137
4843_01,0.3176102363276881
4843_02,0.2506355108901315
4844_01,0.598473982829377
4849_01,0.7035509882150939
4852_01,0.6975875047924625
4854_01,0.7603092307835262
4855_01,0.6815977810222639
4855_02,0.5891171511481212
4858_01,0.2505344638483842
4859_01,0.7116160178618239
4860_01,0.5661588871602949
4861_01,0.2953553766522946
4865_01,0.21315329285339238
4867_01,0.2910112384102096
4869_01,0.3266789051618808
4872_01,0.4976868614244193
4877_01,0.44004734057613554
4894_01,0.7295327398474546
4905_01,0.7195746044593685
4906_01,0.3979602214547859
4907_01,0.7284927286829027
4908_01,0.33165758634760756
4914_01,0.25714380706019135
4919_01,0.4421981306135508
4921_01,-0.05502853460208612
4922_01,0.396855272360541
4926_01,0.2747907228459804
4928_01,0.3569647154461679
4931_01,0.40515578187952855
4935_01,0.2994991498632025
4935_02,0.7124709499301792
4935_03,0.44805498579827635
4936_01,0.1667274833868071
4947_01,0.3818313706110655
4948_01,0.2594071203573495
4949_01,0.6960114039722782
4949_02,-0.19620551340668413
4953_01,0.6941156154623254
4955_01,0.29306084215394534
4957_01,0.8123405577656053
4959_01,0.7429768431744805
4960_01,0.4954931493866252
4962_01,0.5062815252244128
4966_01,1.156744777206576
4966_02,0.7730715480751909
4967_01,0.3130873959155126
4968_01,0.6017169714621684
4969_01,0.34823516331560095
4969_02,0.43983306727481886
4971_01,0.7651903471625301
4976_01,0.4312147036812876
4982_01,0.7088630930475528
4984_01,0.477036963517494
4984_02,0.5146519651116968
4985_01,0.7597047053145435
4986_01,0.2997829878952949
4988_01,0.7365559265663679
4993_01,0.42890399555984415
4994_01,0.39028822489846177
5001_01,0.6340029762177877
5002_01,0.7798799811717976
5011_01,0.6982918829028665
5022_01,0.3268600522410655
5024_01,0.652126051925464
5024_02,0.6037401820828854
5024_03,0.6327443451185908
5024_04,0.5130043581142528
5024_05,0.7940939437359243
5026_01,0.33822556901140527
5029_01,0.7463509206983643
5029_02,0.7295319759339136
5030_01,0.5161600181219081
5031_01,0.22463650934526116
5031_02,0.6965168903374139
5033_01,0.450614693762727
5033_02,-0.0279806152797491
5037_01,0.486217595512377
5038_01,0.21324608012699017
5038_02,0.8021436889008844
5041_01,0.49764728264368324
5043_01,0.7220173132814487
5043_02,0.7535239973692083
5043_03,0.49765134551298523
5045_01,0.7475158585768666
5046_01,0.7106988956949665
5047_01,0.7546080851521162
5049_01,0.31556415267436033
5053_01,0.5075539713759303
5054_01,0.10210580671718789
5055_01,0.596489680535213
5056_01,1.1768552930309666
5056_02,0.3806362270425089
5066_01,0.7917441537219367
5071_01,0.3642761248915507
5075_01,0.3618315537682796
5077_01,0.3513429845276238
5078_01,0.1613992126096393
5079_01,0.7644290029590086
5081_01,0.2808111140472579
5082_01,0.3710970754316065
5086_01,0.7466027730907256
5086_02,0.39402558562589685
5092_01,0.6475816595882224
5094_01,0.6836782395217564
5094_02,0.2929068077960287
5096_01,0.19804644743869743
5096_02,0.3510113551653143
5098_01,0.5529306450424608
5098_02,0.6981770834062595
5098_03,0.7988838455398137
5099_01,0.26988369556433034
5100_01,0.7481783224356093
5101_01,0.6860184300476049
5102_01,0.3099290228092479
5107_01,0.20404427296268698
5110_01,0.6323456668287117
5113_01,0.3834577559768195
5114_01,0.7456559579188968
5117_01,0.35104716072378006
5118_01,0.7062969030415792
5119_01,0.37273119239382824
5121_01,0.27530723367648224
5123_01,0.33177394619598816
5131_01,0.6097020091586882
5131_02,0.8409808342626086
5134_01,0.25462854575355875
5135_01,0.22041172871302012
5139_01,0.31859908246060087
5141_01,0.7044025268651217
5143_01,0.5808121017410817
5147_01,0.5169603669397664
5149_01,-1.6312709304488902
5149_02,0.84587600098016
5150_01,0.744549143909967
5153_01,0.7129524735351049
5155_01,0.3925024217599295
5159_01,0.6601686677572332
5159_02,0.11173868113864788
5164_01,0.7858092227796017
5164_02,0.6807164795651126
5168_01,0.29513354358270194
5169_01,0.37454024030654853
5172_01,0.335197566344996
5178_01,0.5654922101332445
5183_01,0.6517695155445234
5189_01,0.7598285970288957
5191_01,0.2738611613181904
5195_01,0.34691718847039527
5200_01,0.49172641446597454
5203_01,0.7499709024024028
5203_02,0.7524187567558576
5212_01,0.42888103702537167
5215_01,0.10831955737166299
5219_01,0.7408911769005254
5219_02,0.5248151317116257
5222_01,0.6959746248707239
5228_01,0.4073203504902745
5228_02,0.8090878296537349
5231_01,0.4369720659141185
5232_01,-0.03624264049140957
5232_02,0.1167176766637032
5233_01,0.4297804281211277
5237_01,0.7250991465194797
5241_01,0.31934070844105783
5241_02,0.6916186851280816
5245_01,0.5223395644237263
5259_01,0.37664736023839823
5261_01,0.33016417937572845
5263_01,0.2097368658434055
5267_01,0.5497512517868408
5267_02,0.5711280396840333
5267_03,0.46158586717041056
5270_01,0.7012532738388562
5283_01,0.24853733099377756
5284_01,0.6815271153507778
5285_01,0.7166064998927624
5286_01,0.20832236746185898
5289_01,0.4253149298574526
5293_01,0.27479136663495557
5293_02,0.31845778945156256
5294_01,0.5604195761898496
5295_01,0.26399735766960025
5296_01,0.3080441766474584
5302_01,0.7032974153565491
5306_01,0.3894744543299401
5306_02,0.7343228696945043
5308_01,0.7222259812896331
5308_02,0.6891441548058063
5308_03,0.47947450664822083
5309_01,0.7112634919235916
5311_01,0.5989144056913583
5317_01,0.41653138701940773
5317_02,0.7687279093204437
5318_01,0.6110243464200356
5318_02,0.35974060358240123
5319_01,0.30668388138336866
5321_01,0.5021436294365872
5324_01,0.43694412713779157
5328_01,0.7059932865249108
5329_01,0.16154487156735226
5329_02,0.6068132061639924
5329_03,0.3721847630030872
5329_04,0.35579467671831844
5329_05,0.25635439819834327
5329_06,0.3022803778765192
5329_07,0.2872158370657007
5332_01,0.3909622410609575
5335_01,0.8449045951977991
5335_02,0.813252222904643
5335_03,0.2591747950745105
5335_04,0.6326253745806465
5336_01,0.4316450317926866
5338_01,0.5845427053517764
5339_01,0.47541314089772246
5339_02,0.602650587296651
5339_03,0.8083866023469874
5342_01,0.3076991395269296
5349_01,0.6975509785280614
5352_01,0.6288178718214515
5357_01,0.7434381495351767
5357_02,0.7448372734645141
5357_03,-0.018556441453041306
5357_04,0.19292827221706668
5358_01,0.4327537316609584
5364_01,0.7123326620526031
5369_01,0.46004043278161677
5369_02,0.2149845283225478
5369_03,0.8353362540118747
5370_01,0.39651223010632003
5371_01,0.8456601105477621
5371_02,0.29649525138182387
5371_03,0.7991486633288147
5371_04,1.042133241046046
5373_01,0.4995370393831633
5376_01,0.7285992874026339
5376_02,0.7304607761994291
5377_01,0.7987057032292533
5381_01,0.273859015247339
5382_01,0.8116302562174736
5382_02,0.8503531229231416
5386_01,0.6222417051588409
5391_01,0.3051151005417927
5393_01,0.2975095061551351
5398_01,0.7004366765733996
5399_01,0.49574326927420603
5400_01,0.5867300579129126
5403_01,0.3198395305193672
5405_01,0.3095080169118286
5407_01,0.4828442423095248
5409_01,0.3114077563252159
5417_01,0.19123300591361408
5419_01,0.3234235307592001
5426_01,0.55111812491235
5428_01,0.4825489843892481
5428_02,0.6020633254047943
5429_01,0.3145899915053145
5432_01,0.6213239722034063
5433_01,0.8405840573748696
5439_01,0.3696302519113627
5442_01,0.41674949879433937
5444_01,0.46678857767237514
5448_01,0.30449859687402314
5449_01,0.33624836063667174
5456_01,0.3251046310431812
5460_01,0.3297542957044347
5461_01,0.27921982883314655
5464_01,0.28204411068595125
5473_01,0.5746192930810189
5473_02,0.2892600586762559
5481_01,0.7977201719061457
5482_01,0.37189084083195506
5482_02,0.5074225960462364
5486_01,0.6411530602246389
5493_01,0.7869092762435703
5495_01,0.6897067515093118
5498_01,0.6059834185565217
5498_02,0.5980294052762981
5502_01,0.386861167968615
5503_01,0.275384873533578
5505_01,0.386810670745752
5505_02,0.6081191563520937
5505_03,0.7898774939177091
5513_01,0.7371475821349683
5513_02,0.7026496929571
5513_03,0.574918197193522
5513_04,0.81246978840191
5516_01,0.4489632415962051
5518_01,0.43912993354622637
5519_01,0.4922423952416308
5525_01,0.3293600791360116
5532_01,0.42466795895795484
5533_01,0.39488819442532963
5534_01,0.3502193855734394
5542_01,0.1700934916863513
5547_01,0.6224537896038839
5548_01,0.6569158669112203
5549_01,0.6810182364793814
5553_01,0.7145531700749121
5553_02,0.48893094997389486
5554_01,0.6099184145517209
5558_01,0.2811542871778189
5562_01,0.7066274636965918
5562_02,0.772051939258968
5564_01,0.2180825550531148
5565_01,0.40657975533356333
5567_01,0.4820304429277679
5570_01,0.7570632996759824
5576_01,0.5694208996078503
5577_01,0.7455702065680002
5577_02,0.686383150662439
5577_03,0.737892252117291
5577_04,0.7434115975958672
5577_05,0.7463348718575957
5579_01,0.7181673441512635
5584_01,0.7196120836099895
5584_02,0.16169813263450233
5588_01,0.44865882346015284
5588_02,0.8004666413128123
5588_03,0.849087036015708
5588_04,0.7867228966738673
5588_05,0.8641110943818798
5590_01,0.667498644370407
5593_01,0.30965915822839196
5597_01,0.49978445169133756
5600_01,0.7010317957313397
5604_01,0.4120384985152846
5605_01,0.564738111826196
5607_01,0.6765380562407884
5612_01,0.7979395367918907
5617_01,0.3455954335070791
5620_01,0.37132155433542413
5620_02,0.31679058865039805
5621_01,0.5310115192817151
5624_01,0.7903234983175444
5630_01,0.6670560602703012
5632_01,0.7152828882890772
5633_01,0.31459655186658675
5634_01,0.5178680249097811
5635_01,0.2927891404948376
5636_01,0.3165598492391143
5638_01,0.8124215752092172
5641_01,0.8294116866901993
5649_01,0.7148703072461193
5654_01,0.3048553473242309
5656_01,0.4482654942726824
5657_01,0.14539991356200377
5658_01,0.25563714702045026
5660_01,0.27623797645588993
5664_01,0.6807186049321126
5664_02,0.7314521550502324
5664_03,0.7444187225592954
5664_04,0.5584098957334291
5665_01,0.5004831962070178
5666_01,0.24629824929280178
5668_01,0.6883118227627937
5669_01,0.8127576722542358
5670_01,0.8266619178425559
5672_01,0.6727829155651599
5675_01,0.39275168205842026
5676_01,0.4671043233307252
5678_01,0.7538632733754442
5678_02,0.6352631857750902
5682_01,0.6868570024253924
5683_01,0.25576299350961385
5690_01,0.3916544220316659
5691_01,0.7508623034790846
5694_01,0.7083914864242133
5697_01,0.43207826418665873
5699_01,0.4669055169249614
5703_01,0.4071407118319922
5708_01,0.6480584647037543
5715_01,0.5884816609917003
5715_02,0.6575339314731827
5720_01,0.400551252976573
5720_02,0.38951153662664295
5731_01,0.17489295057463816
5731_02,0.3914157502051349
5734_01,0.7648514400405162
5734_02,0.31071481813899837
5741_01,0.2165086417599945
5743_01,0.29381994216475554
5745_01,0.6995213538209862
5749_01,0.2548365047840604
5752_01,0.4078230013870874
5753_01,0.5194701245431264
5754_01,0.21580720995554675
5759_01,0.7913322624206858
5760_01,0.332007832806836
5762_01,0.33305599074617986
5766_01,0.7660024373085172
5770_01,1.0562922689942436
5774_01,0.31536951406231384
5775_01,0.6913020237854806
5782_01,0.5158474350781207
5782_02,0.4688290015480404
5782_03,0.5782647427607024
5782_04,0.8492907316675706
5784_01,0.3847288562236995
5787_01,0.38081676114763735
5787_02,0.62260760369739
5787_03,0.2874236231866998
5789_01,0.7482702468682014
5789_02,0.7885009702819179
5797_01,0.6985171891187931
5798_01,0.3330640210370858
5801_01,0.352226427054664
5803_01,0.6549873960969232
5805_01,0.3901254976467911
5807_01,0.5053683133959769
5815_01,0.3741270122823165
5815_02,0.22456523409318882
5815_03,0.2726784247063013
5815_04,0.896523398390634
5830_01,0.8451066763375565
5832_01,0.32739902750219796
5833_01,0.35321652207324683
5838_01,0.348762932327391
5841_01,0.7054107211887637
5841_02,0.808794011985375
5841_03,0.5114667926087538
5845_01,0.6930326964248887
5850_01,0.8771920415943539
5851_01,0.42607223412802964
5851_02,0.8550283907543398
5853_01,0.3103313814023921
5862_01,0.4424176584656754
5864_01,0.5149606108541103
5865_01,0.4309435184407044
5866_01,0.34207766283031055
5870_01,0.6563688773313735
5872_01,0.3470778857762403
5873_01,0.32597882558867647
5873_02,0.662150971041935
5873_03,0.32458509601805663
5881_01,0.7945909701310592
5883_01,0.7258041051646982
5884_01,0.29440599883689167
5892_01,0.37106862091487575
5893_01,0.2789602613854671
5893_02,0.5104977624663908
5895_01,0.32707029098849616
5896_01,0.3316518211491278
5899_01,0.31347437733279787
5904_01,0.7446015452564286
5904_02,0.27821723033164225
5910_01,0.415222020360287
5911_01,0.7561373919837937
5911_02,0.5778156212403398
5911_03,0.24905500990041538
5911_04,0.8493571871111655
5911_05,0.7535049170525653
5911_06,0.8343914920296087
5914_01,0.8162852488470934
5917_01,0.8372814282383434
5918_01,0.6426236030726692
5926_01,0.6530716270744548
5929_01,0.6298877262700415
5932_01,0.31114837966280606
5935_01,0.28516058130416905
5936_01,0.7168438143301579
5936_02,0.8556378065781324
5936_03,0.012151126055169104
5936_04,0.6004087172939052
5936_05,0.35280303309480665
5937_01,0.8034928780894904
5940_01,0.5322139875079107
5942_01,0.7203234911472549
5942_02,0.7650154542238007
5943_01,0.3214453165142125
5948_01,0.2862930760428045
5958_01,0.6127024489922911
5961_01,0.7598370924529358
5961_02,0.7633638532578961
5962_01,0.4599364222171103
5964_01,0.8119950709877659
5964_02,0.8061008113292041
5966_01,0.7506145380152276
5966_02,0.7674472254316873
5978_01,0.29365067374060044
5978_02,0.5050167849810763
5979_01,0.7520729933524763
5982_01,0.25964406694979314
5996_01,0.7937437443057012
5997_01,0.456773590905078
5997_02,0.7666116582271343
6002_01,0.6706953411011461
6005_01,0.7076340528764409
6005_02,0.6946357640399661
6005_03,0.7399243271983496
6005_04,0.17499552757354925
6005_05,0.7379693784217338
6009_01,0.17583580274028487
6009_02,0.2329104607050298
6012_01,0.296724098853243
6013_01,0.6479889732164874
6018_01,0.28186394673607196
6021_01,0.8151413279555155
6023_01,0.30770861960759865
6037_01,0.6929523991653312
6044_01,0.3057306825937704
6044_02,0.6202755320009111
6046_01,0.625698403708746
6050_01,0.6816880574707107
6051_01,-0.9165341502800032
6051_02,0.2904218864061896
6053_01,0.3096296641930527
6056_01,0.19263406700882854
6057_01,0.38374324636713264
6060_01,0.3380132026334994
6063_01,0.7024425361148151
6072_01,0.4869273512237235
6074_01,0.3962965954427362
6074_02,0.7085791282948357
6074_03,0.8058586083894295
6078_01,0.3816160521490744
6079_01,0.6679198247359711
6081_01,0.49803844047795065
6081_02,0.35485598589890094
6081_03,0.6987485024488689
6081_04,0.7472807942009166
6083_01,0.4320422126025799
6084_01,0.6628835138261793
6088_01,0.3239618886439504
6089_01,0.8035563616081336
6093_01,0.7337185596635754
6097_01,0.33403340623784766
6100_01,0.5439407484482496
6104_01,0.6914161784057608
6113_01,0.2911609856176155
6114_01,0.2950505682491601
6119_01,0.7589208454748161
6119_02,0.37407037035581253
6119_03,0.8359336624461702
6125_01,0.2766723401866156
6129_01,0.254299255223289
6131_01,0.4193771310093871
6134_01,0.71146240756552
6140_01,0.4357921139007587
6142_01,0.4145041712602523
6142_02,0.78429558465596
6144_01,0.6572812584597136
6147_01,0.3315758038910088
6151_01,0.25468632863608687
6151_02,0.7087647753928669
6154_01,0.6957354622112506
6159_01,0.4894321851213662
6160_01,0.32562456406402757
6160_02,0.7651648983840331
6161_01,0.6979708678200894
6164_01,0.49517028661898443
6165_01,0.5009652606374663
6177_01,0.20482842973086315
6183_01,0.31413580753885884
6185_01,0.05368645339651057
6187_01,0.7557776315326117
6188_01,0.6531678580463122
6190_01,0.356232985089014
6193_01,0.793777144795681
6193_02,0.8007633225305941
6193_03,0.23899389300809631
6193_04,0.46662869510355665
6195_01,0.5043238986784275
6196_01,0.7862036421048375
6197_01,0.6972886358781177
6198_01,0.32007659950652756
6202_01,0.5484162340055705
6203_01,-0.8966288206677898
6204_01,0.5842547222240204
6209_01,-0.3599310840887464
6209_02,0.9401972575116335
6210_01,0.7350922340305506
6212_01,0.6438357007333275
6214_01,0.3260380950572321
6217_01,0.7629505967076722
6217_02,0.24705262489061952
6221_01,0.7531762161615005
6226_01,0.28817177247404535
6231_01,0.8189430649228648
6231_02,0.7578750689925386
6231_03,0.5961338601960504
6233_01,0.49359321598839684
6233_02,0.5041429674494434
6233_03,0.7992162339687447
6235_01,0.719092612870232
6240_01,0.5698036326370991
6242_01,0.7870534271290945
6244_01,0.23176202198428159
6244_02,0.7640337521605567
6247_01,0.29056880370873717
6255_01,0.7389076229182856
6257_01,0.6273499023678378
6257_02,0.29466249545820455
6257_03,0.6594863880655748
6258_01,0.33182847110952834
6259_01,0.3504001739965768
6260_01,0.30039192983024365
6260_02,0.20939913160069246
6261_01,0.6179811636972856
6261_02,0.6747145730874939
6267_01,-0.1496750819798589
6267_02,0.4585191781027789
6267_03,0.8598429718901263
6267_04,0.9914048994384117
6267_05,1.034636068676071
6267_06,0.9245657323323176
6269_01,0.5397233897653699
6269_02,0.27513595935801705
6269_03,0.9027563353328456
6272_01,0.38528744360082706
6272_02,0.6861362934428072
6275_01,0.33154672611900327
6278_01,0.7495599433302982
6278_02,0.7221472807826724
6284_01,0.6894166884310662
6286_01,0.5626540117721622
6286_02,0.7077313715330833
6287_01,0.5150565108949337
6287_02,0.3320145922016609
6288_01,0.8353648440308101
6288_02,0.49784839970762507
6288_03,0.9333959531975107
6288_04,0.7670941555717943
6291_01,0.4993108047043441
6294_01,0.8183190868149544
6295_01,0.7145923882018487
6295_02,0.45991972198958336
6298_01,0.6910273091426233
6303_01,0.3530526271270958
6306_01,0.7962472346581975
6307_01,0.3339456757160671
6310_01,0.25195945439238965
6311_01,0.329089914078346
6312_01,0.528286554869561
6312_02,-0.3310284993277113
6314_01,0.5437575978599195
6329_01,0.21826879130620327
6332_01,0.5618506224044046
6332_02,0.20739550207488985
6332_03,0.501228260208947
6332_04,0.28196520626618693
6332_05,0.15808678597834724
6332_06,0.6284854510033593
6332_07,0.6553022026379032
6332_08,0.28110404310440884
6333_01,0.28570845707584225
6336_01,0.36408391334757273
6337_01,0.7968891315313356
6342_01,0.36732937498041873
6342_02,0.2417102017147223
6345_01,0.6998833101243329
6345_02,0.705489112919034
6350_01,0.600208811388242
6352_01,0.8663050507745389
6352_02,1.0803223697696076
6358_01,0.35627651467668886
6358_02,0.6071070054680949
6359_01,0.2565803512186069
6362_01,0.32156209389107376
6364_01,0.7970140534342034
6375_01,0.2167911003066391
6377_01,0.7102992073745759
6379_01,0.2563577820286829
6382_01,0.2968309413572422
6383_01,0.8223111249446426
6383_02,0.7386577577091469
6383_03,0.6610168839580037
6384_01,0.37497819596968296
6386_01,0.36675605581574733
6387_01,0.30724262392506685
6389_01,0.14271009805742324
6391_01,0.6878027620458409
6391_02,0.7171797626536874
6392_01,0.7179955195338037
6393_01,0.6298382182047324
6395_01,0.3445966058635481
6401_01,0.596288533474668
6401_02,0.1713351264945973
6403_01,0.2624544512332113
6410_01,0.3576442832532075
6410_02,0.26242391340899207
6417_01,0.712636726834517
6420_01,0.3362618601946933
6423_01,-0.4573968488307635
6425_01,0.2719588468306593
6425_02,0.6440508242400539
6426_01,0.28681262425794873
6427_01,0.6824102483287411
6429_01,0.6016536682675678
6435_01,0.29941408762262367
6438_01,0.10475437847981056
6440_01,0.700723281478458
6441_01,0.2985243168643966
6445_01,0.2281423794967621
6460_01,0.7001173867932466
6465_01,0.7699353456039895
6466_01,0.29686824476093576
6467_01,0.3812658637559103
6469_01,0.8343772855363455
6474_01,0.6548466873043961
6476_01,0.3156094239632601
6479_01,0.816265282309217
6479_02,0.8144820610197132
6483_01,0.6847789968828164
6484_01,0.3137145069503484
6486_01,0.710851370272216
6491_01,0.3204467190957575
6491_02,0.561742803637591
6491_03,0.822860005607744
6495_01,0.5492011638053009
6496_01,0.6546977061159844
6496_02,0.3257512407707513
6497_01,0.3473252199436027
6498_01,0.7892528170019617
6499_01,0.385089814371216
6499_02,0.13951663282033072
6499_03,0.3957319895855038
6499_04,0.5916176763243384
6499_05,0.18241981009355523
6499_06,0.6169875185743037
6499_07,0.6680399898260412
6499_08,0.6372586615751413
6504_01,0.7581389037065065
6504_02,0.6811687387942809
6505_01,0.3026230131830903
6506_01,0.2820228010772782
6506_02,0.43691659166343766
6507_01,0.6990031890226436
6515_01,0.3083446229868711
6516_01,0.7589375151452
6516_02,0.7854714360407711
6518_01,0.7447804722428497
6519_01,0.41451716586829207
6521_01,0.29537130269383205
6524_01,0.3077646031545947
6527_01,0.7193313481968409
6528_01,0.6968368226980008
6532_01,0.34859542074867433
6533_01,0.6456846912556519
6533_02,0.29604365096305996
6534_01,0.3788828896989597
6536_01,0.29646719415203476
6537_01,0.27505616474211625
6538_01,0.36687064042408035
6542_01,0.2465413345257279
6543_01,0.3548364605666589
6550_01,0.2611763960767831
6551_01,0.5169346558800002
6554_01,0.6305872122734738
6555_01,0.4112095924913623
6559_01,0.7430008679471128
6559_02,0.7137916550497581
6559_03,0.36284236184718505
6564_01,0.537814880175512
6564_02,0.7181354018320769
6566_01,0.30321220368710583
6571_01,0.2855737252001664
6575_01,0.7700848609604797
6576_01,0.6827387462186985
6577_01,0.34776068658291737
6577_02,0.2856372803639631
6577_03,0.7709110754480424
6579_01,0.6986538425986077
6581_01,0.28511501038732956
6584_01,0.7117570998938285
6586_01,0.2596161322550218
6587_01,0.8074839529029918
6589_01,0.6820912168917751
6596_01,0.35758344486237564
6596_02,0.2777350372126729
6597_01,0.5522083451324356
6600_01,0.6491854757769706
6600_02,0.272222875275662
6605_01,0.7634440514526419
6605_02,0.7339582589242134
6607_01,0.3845621782597914
6610_01,0.6536305365704709
6612_01,0.6986125547907445
6612_02,0.5603638419601493
6612_03,0.3238924924272544
6612_04,0.8595372129947345
6612_05,0.5749717311520007
6612_06,0.8541845054704932
6615_01,0.6827087661404609
6617_01,0.6670234481282027
6617_02,0.7895016597924862
6617_03,0.8080447869971887
6619_01,0.12182787835774345
6627_01,0.47861754321006184
6629_01,0.5507024146697829
6632_01,0.3010472777420401
6636_01,0.8484790721461895
6640_01,0.7980814677208511
6644_01,0.5784005413519243
6648_01,0.7014166504111605
6651_01,0.295812093894377
6653_01,0.35353064486578734
6657_01,0.6480314281407124
6658_01,0.5310766634380129
6658_02,0.5465190640816677
6658_03,0.2738686637383635
6661_01,0.34239490000858047
6666_01,0.37416066749260596
6677_01,0.7070757971457238
6678_01,0.3521983618544984
6678_02,0.6816282386172083
6679_01,0.2817003203543783
6682_01,0.6854722590812852
6682_02,0.5563766001086496
6685_01,0.24471356362498664
6686_01,0.4587644874763658
6687_01,0.2795545380327177
6688_01,0.721507545022999
6689_01,0.3262256709069811
6689_02,0.37033828530058477
6690_01,0.846590624017117
6695_01,0.393853473057552
6696_01,0.40488273004957565
6700_01,0.6534474522666138
6700_02,0.3739098242405002
6701_01,0.7655772602928728
6703_01,0.27526624328402916
6704_01,0.46611714123671927
6705_01,0.32577816287161243
6710_01,0.8243009107478622
6712_01,0.29682286808582625
6714_01,0.6008680708074265
6715_01,0.3211079158221734
6716_01,0.30259914759952933
6717_01,0.7784623439310454
6723_01,0.45974585109006344
6728_01,0.7383799906543895
6732_01,0.32973157154647276
6733_01,0.32654269088188514
6735_01,0.29469877911266135
6737_01,0.407606413010342
6738_01,0.4300084133733665
6738_02,0.6660716156166934
6740_01,0.29896484387925426
6743_01,0.7211003521809825
6752_01,0.3532360269576649
6752_02,0.41504204520073595
6752_03,0.30976782796107166
6755_01,0.2952007864480841
6759_01,0.7001481036823944
6767_01,0.2119230574163236
6767_02,0.34897125939847545
6768_01,0.4070394407740594
6769_01,0.7396121785550853
6770_01,0.7763147245774126
6770_02,0.8134688349017942
6770_03,0.8312522754697217
6771_01,0.29721611809312776
6772_01,0.6458258552798849
6772_02,0.337196529017001
6777_01,0.7661525170934906
6781_01,0.7257380957107123
6783_01,0.6426699612783355
6785_01,0.6469380114059712
6790_01,0.5429314728648678
6791_01,0.3881686517868945
6793_01,0.5769539843047713
6793_02,0.7398495255291271
6795_01,0.29809578181595675
6797_01,0.2901614254046765
6803_01,0.3052235302661468
6804_01,0.33215098579124297
6807_01,0.3623612184026503
6807_02,0.6520898217559811
6809_01,0.29746006908562744
6811_01,0.695677462528006
6812_01,0.5645034384105683
6812_02,0.5349669312131471
6815_01,0.32952799814129785
6819_01,0.5855114083840162
6819_02,0.7908760667138606
6819_03,0.8257566186917704
6823_01,0.852909138949919
6828_01,0.802247219073329
6830_01,0.7024659490543494
6835_01,0.7395221594480669
6835_02,0.2958284893450793
6836_01,0.5632687265902797
6838_01,0.7672834595983575
6838_02,-0.019234403638586306
6838_03,-0.2606251984931741
6842_01,0.35281926480099746
6845_01,0.890021749618614
6846_01,0.23240527715757806
6847_01,0.07838539422662572
6849_01,0.13204815030221462
6852_01,0.35157133494920506
6852_02,0.3003948864489223
6855_01,0.28774896404007844
6856_01,0.14785302813280654
6860_01,0.2814155632040382
6867_01,0.3462863434313526
6870_01,0.24793108169243364
6872_01,0.6483829973869355
6874_01,0.8442837621163484
6875_01,0.3358404234453291
6875_02,0.18137125697822037
6875_03,0.5734729682857789
6876_01,0.3213349594816196
6876_02,0.7613635935313978
6876_03,0.8285713622996143
6877_01,0.3117025980804773
6878_01,0.7151692821759894
6881_01,0.4657030722582098
6884_01,0.6578251618622917
6886_01,0.8555965009505456
6888_01,0.4924877492048662
6888_02,0.7671740056957101
6888_03,0.6662568541331981
6888_04,0.4224122531382889
6890_01,0.3206101910115713
6897_01,0.3218117979825671
6904_01,0.6311803618618246
6904_02,0.6442146865488874
6904_03,0.42462826416458566
6909_01,0.7255990285497547
6914_01,0.8024279219077952
6916_01,0.7858576048847645
6919_01,0.7311943944973791
6922_01,0.7005217371267244
6923_01,0.6956820797897777
6927_01,0.330546239770011
6933_01,0.7834993499191201
6933_02,0.5218678347363154
6935_01,0.2544564505641873
6936_01,0.18545990114180183
6936_02,0.20677836024526805
6936_03,0.726569225685997
6938_01,0.6480534308120629
6941_01,0.6579723526437513
6942_01,0.8026952999773092
6948_01,0.8118879173718511
6952_01,0.7065948431872937
6953_01,0.3087291383245188
6955_01,0.2938293886405064
6956_01,0.30485448700283435
6958_01,0.2924817978821903
6959_01,0.2488304813254623
6959_02,0.8315354902510224
6959_03,0.8604916270217173
6961_01,0.4010334657992168
6961_02,-0.036281697835447935
6965_01,0.7090105004638363
6969_01,0.224702717718157
6974_01,0.29740459338204717
6975_01,0.23475609029168995
6983_01,0.6908337849823125
6983_02,0.21795570268132958
6986_01,0.5887915758662212
6986_02,0.12239840741658303
6986_03,0.5688347744168165
6986_04,0.6447144001141377
6986_05,0.5817222811033795
6986_06,0.35650937839061453
6986_07,0.33977966265712656
6986_08,0.4206561977530362
6989_01,0.8017607043964193
6993_01,0.31234506414257207
7000_01,0.7189681320765055
7003_01,0.31537701615844493
7009_01,0.2888400653683917
7009_02,0.22047191159368207
7012_01,0.6836275770608742
7023_01,0.3195087957134729
7024_01,0.7377354710924073
7030_01,0.5516441593042186
7033_01,0.2848048642343673
7035_01,0.6670718644719278
7043_01,0.8269684832299016
7046_01,0.14305576704821565
7046_02,0.3774580314412264
7046_03,0.35173852944452866
7054_01,0.7995945076586899
7054_02,0.7974163922261293
7055_01,0.7410210180909249
7063_01,0.3126490082962732
7063_02,0.22227369981033135
7064_01,0.3740637959682849
7065_01,0.598673628842455
7066_01,0.28989161285074916
7066_02,0.8127240181807236
7067_01,0.7461600735213354
7067_02,0.7988531536634471
7067_03,0.332925774650638
7070_01,0.6288622188842149
7075_01,0.2829512548508957
7076_01,0.6478958078443562
7081_01,0.968788275682103
7081_02,0.770041331056238
7100_01,0.8159395906721294
7100_02,-0.13922925917134932
7101_01,-0.20069946668756444
7101_02,0.17583038292513342
7102_01,0.7119654282209805
7103_01,0.2741679753212818
7103_02,0.8151821249096594
7107_01,0.7081369188287054
7108_01,0.318917434856106
7112_01,0.39874129416067916
7115_01,0.6947042064551388
7122_01,0.3623498709194708
7123_01,0.3052955158231021
7124_01,0.7162410148392834
7124_02,0.7715548367390858
7124_03,0.3974884013755012
7125_01,0.7718969462728617
7129_01,0.48507088065289594
7130_01,0.6674693112429506
7130_02,0.5959181078156703
7130_03,0.17825333544106403
7130_04,0.2742602166190091
7130_05,0.6636478309771949
7130_06,0.7826203669693924
7130_07,0.2286833645146716
7131_01,0.3247861263474585
7135_01,0.7769737365842602
7135_02,0.4051653984136516
7135_03,0.2233723288173322
7135_04,0.7843961204408285
7136_01,0.7218202504833977
7138_01,0.24196163089740222
7139_01,0.16366916417271843
7141_01,0.32900414590542865
7145_01,0.29517273724633303
7146_01,0.2249021005517864
7147_01,0.7745762249972972
7150_01,0.32545854420651654
7150_02,0.647070667963812
7153_01,0.2956341728994981
7154_01,0.28708407000913944
7158_01,0.28182985843500874
7163_01,0.7534798496026693
7163_02,0.7706349988275448
7163_03,-0.3199413344917631
7164_01,0.352709645350639
7169_01,0.8061179679336172
7172_01,0.26678305778052513
7172_02,0.22630234048861528
7174_01,0.2922600315170335
7178_01,0.6949921334434581
7183_01,0.6318346692032409
7185_01,0.7009236524755311
7195_01,0.8038570527764565
7196_01,0.7779614893312925
7198_01,0.6986343373005576
7201_01,0.3121824727840203
7204_01,0.2355882569859832
7209_01,0.5448590091315353
7209_02,0.5311018209135742
7211_01,0.20598123322660447
7212_01,0.3431376534838567
7213_01,0.7020265463223325
7220_01,0.31101259363086653
7222_01,0.312390062618708
7223_01,0.7258140073016186
7228_01,0.8504922718606605
7231_01,0.2668726141933375
7237_01,0.7082653217123456
7239_01,0.6596783074426448
7241_01,0.8016043886223835
7241_02,-0.13828851087392824
7243_01,0.7743778522203039
7243_02,0.7540859835473299
7243_03,0.782404492123248
7243_04,0.38079733065354293
7243_05,0.8595534855724881
7244_01,0.8420891748122612
7245_01,0.5753035968130296
7248_01,0.28117957783787434
7248_02,0.7646399012187368
7251_01,0.7004746835073156
7254_01,0.2623491898889176
7262_01,0.4454369654507633
7263_01,0.3303177864172788
7264_01,0.27046623464630176
7265_01,0.3379419644047199
7266_01,0.5393003148852766
7266_02,0.8135800275344198
7266_03,0.7830181801901446
7269_01,0.16029113030820047
7269_02,0.67753305006076
7272_01,0.7030871855821097
7275_01,0.15152319964282296
7281_01,0.472607959649093
7282_01,0.6999255401544099
7286_01,0.30548168058179453
7287_01,0.7710079452821053
7288_01,0.3070030384903731
7291_01,0.815195786640502
7293_01,0.295979268360171
7294_01,0.5313300914364593
7295_01,0.3712458742201111
7295_02,0.3407285080296383
7299_01,0.3485854312547645
7308_01,0.766789847177177
7312_01,0.6297348447958602
7315_01,0.65994071064069
7316_01,0.24590120170220936
7317_01,0.2894360098305113
7318_01,0.3528511863969895
7319_01,0.48638921291431747
7319_02,0.39020421463703475
7319_03,0.37134423865442556
7325_01,0.34390053979173957
7329_01,0.45563520851345696
7329_02,0.8160510299100647
7329_03,0.5515827915406459
7333_01,0.32010732672213577
7335_01,0.6991406250945276
7345_01,0.3321895885577808
7348_01,0.28143141964709245
7348_02,0.9329897043190829
7348_03,0.7867653859360523
7349_01,0.31959857867355634
7352_01,0.29102446011085015
7354_01,0.787971262450217
7354_02,0.7952718398225519
7354_03,0.8279438894280393
7354_04,-0.34697833140109346
7354_05,0.862076726360378
7354_06,0.42736941866618905
7355_01,0.24485026009353647
7357_01,0.8141921866834598
7362_01,0.5561632967651289
7363_01,0.6461325236369815
7364_01,0.5620511929052415
7368_01,0.7011790502740891
7369_01,0.2338353025157314
7373_01,0.7690646773070973
7373_02,0.8431093765642905
7375_01,0.38092075905575773
7378_01,0.2719167813269777
7380_01,0.7166192027490033
7380_02,0.8208911512265127
7380_03,0.23498750381793077
7380_04,0.8720613533020838
7381_01,0.7061430603922034
7382_01,0.8393267707029828
7383_01,0.6926333028978175
7383_02,0.31726981264098364
7384_01,0.3066520766917967
7386_01,0.6452012986680952
7389_01,0.7273709497777232
7397_01,0.6350417345506336
7400_01,0.21173879670228307
7404_01,0.8192607749429749
7407_01,0.2956161654860716
7409_01,0.3054614505394162
7409_02,0.35452279222740885
7412_01,0.8047521724439639
7413_01,0.6562739877268532
7413_02,0.6713189196112411
7414_01,0.3289466457465323
7415_01,0.2797571601417924
7417_01,0.28023181020852295
7417_02,0.3024004659332614
7420_01,0.3021048552005472
7421_01,0.6734730149767609
7421_02,0.34155066045037474
7423_01,0.30870415201451773
7423_02,0.6917198805429097
7424_01,0.31148970097556694
7426_01,0.7470343367302242
7426_02,0.7645765853207132
7426_03,0.8613636335711248
7433_01,0.6590527232581328
7434_01,0.3085584295871876
7439_01,0.36383040848190773
7439_02,0.8164814742798263
7440_01,0.29672065041193924
7441_01,0.723263647445378
7443_01,0.691002869492032
7451_01,0.37752811085468174
7454_01,0.2660280450906371
7463_01,0.3130992375721219
7465_01,0.37256277993120074
7466_01,0.2879858078389478
7467_01,0.38718097962729925
7468_01,0.3934412895201641
7469_01,0.32873963245020754
7470_01,0.7755146943168099
7471_01,0.6658231840843418
7471_02,0.27266472640525996
7473_01,0.3064651720419671
7473_02,0.37212355542501757
7474_01,0.5864713160855226
7476_01,0.33797081725237194
7480_01,0.29546668585072167
7482_01,0.7538729334165105
7482_02,0.3754053870075394
7489_01,0.48358782345732104
7489_02,0.3171900194062598
7489_03,0.37011077039082324
7491_01,0.601790950146631
7493_01,0.29108609810753466
7497_01,0.6442094275448195
7511_01,0.47300843071130366
7516_01,0.3356620642376239
7519_01,0.2756868495824183
7526_01,0.7121327762264544
7528_01,0.5294597304640699
7528_02,0.7064639070556424
7528_03,0.3227085041150108
7528_04,0.753999638157262
7530_01,0.8923321534033295
7530_02,0.22896412744292402
7530_03,0.24051610195014703
7530_04,-0.4787296694431422
7532_01,0.6937512371960796
7537_01,0.6883432070536898
7539_01,0.738750303884558
7539_02,0.6511087307853811
7540_01,0.22015246298591196
7541_01,0.7249690128132229
7541_02,0.6272228792851557
7541_03,0.7170501156149496
7546_01,0.8199089735958949
7547_01,0.3652209312109332
7548_01,0.35864759118686707
7551_01,0.4669598160902148
7554_01,0.6124992842058432
7555_01,0.3491551927618771
7556_01,0.815903916698351
7556_02,0.6833457484171267
7556_03,0.43931904628051305
7556_04,0.997932720435783
7557_01,0.2642835556892347
7557_02,0.8785930138975269
7557_03,0.7545728216967482
7558_01,0.3052035515863145
7558_02,0.7109803414272042
7562_01,0.28460303745674154
7564_01,0.22550051356766782
7566_01,0.46005937435598726
7570_01,0.6315490499329726
7570_02,0.4221122848133593
7571_01,0.298180833378651
7575_01,0.308763199576773
7581_01,0.5626495635002859
7582_01,0.5528390442933575
7582_02,0.38064366839199587
7582_03,0.40742250803587715
7582_04,0.3420769458083722
7582_05,0.4784598250807721
7587_01,0.28987340436399334
7589_01,0.6960388183838364
7590_01,0.40043670678673415
7591_01,0.37343771708391016
7591_02,0.3627507333414456
7593_01,0.8255559195465185
7597_01,0.41654886406926256
7597_02,0.6675396228117005
7597_03,0.1806051055219986
7597_04,0.4299691154558707
7597_05,0.34038470126814135
7597_06,0.31894967022001286
7597_07,0.3618277035210651
7600_01,0.830868579228436
7600_02,0.39810034747294454
7602_01,0.8452986786161691
7603_01,0.35321115827355715
7607_01,0.2963676001531049
7610_01,0.677933230985968
7610_02,0.32998574015702153
7611_01,0.21140642860562853
7611_02,0.14821070493991856
7612_01,0.2985487912075536
7612_02,0.5804985684716567
7613_01,0.7316355923404988
7615_01,0.2682634158256807
7617_01,0.32573901901468744
7619_01,0.7242250943408786
7629_01,0.6125048360021962
7629_02,0.1462502280313781
7629_03,0.7293782799970349
7636_01,0.30666000170883406
7637_01,0.767675453350591
7637_02,0.2705279481248908
7637_03,0.7885190493206247
7638_01,0.596524492302718
7642_01,0.7110023015872355
7645_01,0.8451517970807
7648_01,0.477620583309333
7651_01,0.713919825625996
7653_01,0.2882613439290912
7654_01,0.7225856083349393
7655_01,0.3353700367204707
7657_01,0.27933398217330624
7658_01,0.39933774590287474
7659_01,0.29801926725524325
7662_01,0.7083860066841482
7663_01,0.7071439985071684
7664_01,0.3051892503038625
7668_01,0.3789059286300159
7672_01,-0.16713870942407227
7673_01,0.2639589572640775
7674_01,0.30156116996694804
7675_01,0.31241243534173113
7681_01,0.682158271177546
7685_01,0.6070959145330185
7686_01,0.6955650977077711
7695_01,0.4229227525327698
7701_01,0.31920993327732167
7704_01,0.5319643510510959
7706_01,0.6156973281172388
7718_01,0.7680914915721202
7722_01,0.33919413251663744
7725_01,0.7011856309766786
7726_01,0.6039731334156229
7730_01,0.28554847693113905
7732_01,0.29474153423504146
7733_01,0.31079872402470565
7734_01,0.3636249444004179
7735_01,0.29983349517407687
7737_01,0.5797399842211428
7740_01,0.3734635637441999
7740_02,0.43091271260578284
7745_01,0.3267092169301946
7750_01,0.32717794289699614
7756_01,0.34615109135467514
7758_01,0.29814075859985983
7759_01,0.34391788907145515
7762_01,0.3233738119659934
7765_01,0.728838636745744
7765_02,0.5855026677864615
7765_03,0.5800124495979696
7766_01,0.24711621535815023
7772_01,0.5643298484648959
7779_01,0.7554304336947727
7781_01,0.2804569547769554
7792_01,0.9486462597803174
7792_02,0.8548413687999719
7792_03,1.070889861679629
7792_04,0.28611176202455735
7792_05,1.215874650483304
7794_01,0.24406567581565744
7795_01,0.3041209687325765
7795_02,0.3843559243597184
7796_01,0.27204620111888334
7798_01,0.32123931821565793
7798_02,0.46292937257469335
7799_01,0.3520633941585385
7804_01,0.21678827229343883
7807_01,0.6862500049037974
7811_01,0.7010325812596352
7814_01,0.3330720876917609
7817_01,0.2980368797895594
7819_01,0.6759608437120713
7822_01,0.4118312027043455
7823_01,0.6920592859401351
7825_01,0.19732586440945485
7825_02,0.609432367110631
7825_03,0.1655918125465501
7826_01,0.8960949537521302
7827_01,0.8455564437836326
7836_01,0.2981767014252422
7838_01,0.742776015441087
7844_01,0.515443041595983
7846_01,0.057392193684384474
7846_02,0.8796244848297847
7854_01,0.5325903379539515
7855_01,0.3233966207659037
7857_01,0.6827302150413149
7860_01,0.3168553053034011
7862_01,0.6000243567405927
7867_01,0.30215469143606155
7869_01,0.2605812716075083
7874_01,0.30268015205060195
7874_02,0.4235874840087379
7876_01,0.3971946957469916
7880_01,0.769243941049784
7880_02,0.23796091053836052
7887_01,0.5760680716303079
7893_01,0.7816595781375869
7893_02,0.9781506770820869
7893_03,0.9874455568351203
7893_04,1.0030389424374047
7893_05,0.9850404307002779
7896_01,0.33240179524323854
7898_01,0.30312038915336914
7900_01,0.31856840175820994
7906_01,0.2837785862341159
7909_01,0.2816456389295158
7909_02,0.2870607327327611
7911_01,0.6769411384912236
7912_01,0.31014998667611166
7915_01,0.6935674369794773
7915_02,0.20638483657644766
7915_03,0.7215370411272579
7917_01,0.6002117937077402
7921_01,0.38048614143547166
7921_02,0.26196112517946557
7923_01,0.36508585150152256
7925_01,0.4321085359526901
7927_01,0.5930967915249963
7927_02,0.5660684480004131
7927_03,0.37541165646343055
7928_01,0.3359638116013838
7931_01,0.37531556600979676
7932_01,0.3575500353489107
7933_01,0.882042556338323
7934_01,0.7331430003649608
7934_02,0.7548063695061116
7934_03,0.786588267212818
7938_01,0.14527704143251918
7942_01,0.305617150761899
7942_02,0.5898043569188854
7948_01,0.30428394635629485
7951_01,0.7326919008208983
7953_01,0.27947077423675304
7956_01,0.2773372771945456
7959_01,0.4106259889018019
7961_01,0.2530487696286887
7963_01,0.5328959812349714
7963_02,0.2924701177937419
7963_03,0.7301620782549907
7964_01,0.7121581279157931
7965_01,0.6514268216668694
7966_01,0.3280300777520122
7969_01,0.6905580936584798
7971_01,0.8898137326925779
7971_02,0.10062154456358763
7975_01,0.7138002023870273
7977_01,0.4572616770025514
7978_01,0.5044234615489617
7978_02,0.31267048060190705
7979_01,0.3143378111771823
7980_01,0.2551881840163943
7991_01,0.14422466558648978
7991_02,0.3813774646285559
7991_03,0.9190919399344208
7991_04,0.8076770181097797
7992_01,0.4493540669303572
7997_01,0.7169562634058699
7998_01,0.6732641518765505
7998_02,0.7727688659212992
7998_03,0.9890459224909324
7998_04,0.9472295719963316
8001_01,0.34592020058142386
8002_01,0.29747054788758776
8008_01,0.2881253262431202
8009_01,0.6519177273185335
8011_01,0.7003302349866756
8013_01,0.3449548498017438
8017_01,0.2939093497057712
8022_01,0.33135514993133086
8028_01,0.3061287659420301
8033_01,0.2712194304165693
8039_01,0.5963887453341244
8039_02,0.7518861655432434
8040_01,0.6105995673782969
8041_01,0.3011776350325883
8041_02,0.819405734718073
8044_01,0.7161894386705914
8045_01,0.4000519560384729
8047_01,0.8092127634587565
8048_01,0.6087913956401937
8051_01,0.658182570311068
8051_02,0.5850915593424857
8061_01,0.5375135950659958
8061_02,0.3739803328764255
8062_01,0.2948197360362962
8065_01,0.2878596370066493
8070_01,0.23418563832878903
8073_01,0.5765939225664961
8074_01,0.35101419442005244
8080_01,0.5860121100415395
8090_01,0.6053232110682514
8093_01,0.3014333010019786
8095_01,0.3145429899177444
8096_01,0.7127827248770715
8099_01,0.6839658664631258
8100_01,0.3534028762442003
8101_01,0.7366895245609484
8104_01,0.3123171368461455
8109_01,0.2832408578833896
8110_01,0.308371505186402
8111_01,0.5499950062575568
8113_01,0.7773898276853253
8113_02,0.7026424066667567
8113_03,0.5579626716692576
8113_04,0.30915336146328287
8114_01,0.3618827399851129
8125_01,0.8740982450176621
8125_02,0.6064143035974163
8126_01,0.3181442553502884
8127_01,0.5949867304650868
8132_01,0.24723856832445698
8134_01,0.3735473632883769
8142_01,0.8630109188441223
8145_01,0.36134164479245445
8146_01,0.6838134412233683
8151_01,0.3110691644076765
8154_01,0.42572160729139114
8155_01,0.3962358915863889
8160_01,0.2951883935664784
8163_01,0.6733218330600291
8166_01,0.27631455221071555
8169_01,0.4157127360016306
8170_01,0.7715528803307276
8172_01,0.7390494325235542
8174_01,0.33895258305992315
8179_01,0.7376093188304057
8180_01,0.2815680980617472
8181_01,0.2673619518020788
8181_02,0.2660378031380295
8181_03,0.7781131542735948
8183_01,0.2747719676387652
8184_01,0.24346494619571074
8185_01,0.23431540059700254
8187_01,0.24906415344428012
8188_01,0.3531151180568962
8193_01,0.699919731319846
8195_01,0.7378183583420398
8196_01,0.2531602402778498
8196_02,0.5867231810269867
8198_01,0.564727392098605
8201_01,0.6952677373561706
8206_01,0.23302942466078772
8215_01,1.0097597954499125
8223_01,0.61148085834369
8228_01,0.2566966711191669
8230_01,0.25183128660397025
8234_01,0.2731801270185002
8236_01,0.8889073112573249
8240_01,0.6198274795402767
8241_01,0.6485354387511795
8245_01,0.6780994730164354
8245_02,0.5366554171269923
8246_01,0.6093200848292692
8249_01,0.28793016517457737
8250_01,0.5802688397838305
8253_01,0.16227227890664192
8256_01,0.49436307148080383
8258_01,0.08857297667487807
8262_01,0.357164586689192
8263_01,0.250256654357414
8269_01,0.42788428207915175
8274_01,0.43945798029393085
8278_01,0.6829389276310939
8283_01,0.8078420174144436
8284_01,0.6205390287447652
8284_02,0.35984673866259015
8285_01,0.3036364271752132
8286_01,0.7817052938620977
8290_01,0.7074144181181685
8293_01,0.06722122450802287
8296_01,0.7083368862587647
8299_01,0.30663482286711163
8304_01,0.2430570938652422
8304_02,0.9638414995086205
8304_03,0.3419385173995323
8305_01,0.7804952379735676
8305_02,0.9989187302194179
8305_03,0.8662499014321282
8308_01,0.09409511547704641
8309_01,0.5420805053178213
8311_01,0.3124579670626708
8312_01,0.743844278534198
8325_01,0.599399099356762
8325_02,0.24831859348541582
8327_01,0.3012332208237434
8331_01,0.3016612311004534
8337_01,0.32702950064996644
8340_01,0.23296595854123092
8340_02,0.5627920348518514
8340_03,0.2983340321331521
8347_01,0.6867729531113589
8349_01,0.3892551598577709
8350_01,0.29539057415311964
8351_01,0.1465597749831004
8352_01,0.26706993810889723
8353_01,0.40541314494909236
8355_01,0.8713977704802562
8357_01,1.748525158613897
8357_02,0.8875876779285627
8358_01,0.32055719128616056
8359_01,0.3111992939236612
8361_01,0.10942597936821913
8361_02,-0.025077675040253544
8361_03,0.9831456717442743
8361_04,1.1735928643690468
8361_05,0.7045287119268819
8364_01,0.6888746355808596
8367_01,0.3276163102665672
8370_01,0.7433580988747848
8370_02,0.1600473514236474
8372_01,0.782503280870579
8385_01,0.746218516695225
8385_02,0.4318952737472584
8385_03,0.7719552003198371
8387_01,0.35587189528291324
8389_01,0.7217125396820046
8391_01,0.5019005584321166
8396_01,0.2540340111111152
8399_01,0.3057821645985417
8400_01,0.29363497408187117
8400_02,0.5794668115817425
8400_03,-0.03276950423330993
8402_01,0.751011163961343
8402_02,0.7413209701136481
8402_03,0.7649760754490719
8408_01,0.3367162586821414
8408_02,0.6128936812137886
8412_01,0.36169745388754715
8413_01,0.6884599826792938
8415_01,0.28636906592770156
8417_01,0.3817947976524268
8422_01,0.29103032926145267
8424_01,0.2935722096673715
8425_01,0.7156309200166039
8425_02,0.5895902090850422
8426_01,0.2998731324364273
8426_02,0.30271341768340826
8428_01,0.4021672905243764
8434_01,0.7146340889587814
8435_01,0.2931620198643966
8436_01,0.2338054855411457
8439_01,0.58319069477754
8440_01,0.2550775317138564
8440_02,0.9595690341240247
8440_03,0.8336242481260877
8443_01,0.7011568923576296
8443_02,0.16363916197993078
8445_01,0.639268542127494
8445_02,0.5890577627155331
8445_03,0.7328398977032641
8446_01,0.16348177452292295
8450_01,0.6981554450675322
8450_02,0.262831327358368
8450_03,0.8338037459938568
8453_01,0.3998799132461399
8455_01,0.23995142347528997
8461_01,0.599051977040559
8464_01,0.056801138919075345
8464_02,0.7154631161371816
8473_01,0.5045447242644131
8473_02,0.26337737722991617
8478_01,0.7647193180469616
8478_02,0.32336897668785924
8484_01,0.7167333768448916
8485_01,0.6269704665702636
8488_01,0.5330656580551231
8490_01,0.17690886971877928
8496_01,0.3477713218417631
8497_01,0.48184043094419193
8498_01,0.3098076147358156
8499_01,0.6987259594182016
8501_01,0.6774525378212854
8505_01,0.16109064894487862
8507_01,0.5106198830241535
8510_01,0.3233280460913119
8510_02,0.7911487685754987
8513_01,0.2645861958695027
8515_01,0.31785714731257153
8517_01,0.45506275300910376
8517_02,0.7830204123660129
8518_01,0.6557718979433717
8519_01,0.3273436506259966
8520_01,0.23919130719035156
8520_02,0.5850567627086692
8525_01,0.5057276422771518
8525_02,0.8038083121293467
8526_01,0.25071721585399465
8526_02,0.4544116500175432
8527_01,0.6894662397187515
8529_01,0.22705202861006407
8531_01,0.5997961363692841
8532_01,0.2096340985616286
8533_01,0.593176644549589
8534_01,0.5209470691911103
8534_02,0.7753531830440268
8534_03,0.5807837557291954
8534_04,0.33603633474675954
8538_01,0.07011331250155434
8543_01,0.3120736130534245
8543_02,0.5945392971150858
8543_03,0.2712185595936282
8543_04,0.26939658220709095
8543_05,0.376483507999506
8543_06,0.301407331728475
8543_07,0.7021859861288773
8543_08,0.37139498544891913
8546_01,0.6970796367485681
8547_01,0.292002849705347
8550_01,0.3008650026752243
8553_01,0.2391204497759475
8555_01,0.6295736904253232
8555_02,0.3346399868595402
8555_03,0.6857657384923
8558_01,0.6283836724321544
8562_01,0.2871997456680483
8563_01,0.2724998201880884
8564_01,0.22493537750309664
8565_01,0.5833208688020246
8565_02,0.6557466425362481
8565_03,0.3309954411687065
8567_01,0.06801657659248356
8567_02,0.26582816850735985
8567_03,0.3240076663703447
8568_01,0.8367998222527298
8568_02,0.8533322443174196
8575_01,0.3107784114974955
8576_01,0.7607695944929728
8578_01,0.2564729358015799
8579_01,0.8927151877098666
8582_01,0.6610629358916221
8583_01,0.7407995988540208
8583_02,0.8840287144757506
8590_01,-0.01718352170514459
8591_01,0.3913364838833386
8593_01,0.07980451455957482
8600_01,0.6927912299429423
8601_01,0.2546221466336471
8608_01,0.7090940170566697
8621_01,0.5468345940020398
8622_01,0.28552733551479026
8625_01,0.27932202001473794
8627_01,0.28551631076318723
8630_01,0.4968061296011056
8632_01,0.5839353714992239
8632_02,0.5965172096508433
8647_01,0.7493505323641898
8648_01,0.6844622385293235
8648_02,0.3121904980582038
8648_03,0.5182758381968107
8649_01,0.280174985222171
8651_01,0.286657328655359
8652_01,0.2947991762245604
8655_01,0.2600563073426012
8660_01,0.5034049179055446
8662_01,0.32837033178755004
8665_01,0.5841881099020327
8666_01,0.6336327114505468
8676_01,0.40601621002199606
8677_01,0.370065232193087
8677_02,0.900726915805519
8677_03,0.6638943888690979
8678_01,0.7538768776841778
8678_02,0.35407764753455934
8679_01,0.5809355961078725
8682_01,0.3380201149294138
8686_01,0.7480695630977205
8689_01,0.6444169424245414
8690_01,0.08031280434671617
8690_02,0.4966340992653361
8692_01,0.7525128037377103
8692_02,0.030072992696527134
8692_03,0.7693228613232995
8697_01,0.6998115821647484
8698_01,0.3258830128725667
8699_01,0.6318107787883814
8702_01,0.34609744763830647
8705_01,0.527867212487234
8706_01,0.3136587628362583
8707_01,0.2981176833032202
8711_01,0.596915530147835
8713_01,0.2689404804254869
8713_02,0.8401811637958982
8715_01,0.6006863048615794
8718_01,0.3271703399240049
8724_01,0.08553831121835437
8725_01,0.741487534344298
8726_01,0.7072665323109328
8730_01,0.32159947418799006
8731_01,0.32822246742989497
8737_01,0.7025062697765236
8738_01,0.5549344367475536
8739_01,0.13207850694196666
8740_01,0.3575016116510237
8742_01,0.30730717446759237
8745_01,0.25846562370383563
8746_01,0.7081451164345474
8747_01,0.7127435953922676
8747_02,0.2905877780727093
8748_01,0.2764464162714979
8748_02,0.29109447319038556
8756_01,0.12345844475823281
8758_01,0.3283735870102472
8758_02,0.6387526348931724
8761_01,0.2314051573984683
8763_01,0.25749703306098953
8763_02,0.3088871636143652
8763_03,0.6922237643515929
8765_01,-0.050788444622197226
8767_01,0.08651249431477098
8767_02,-0.022108703412384967
8768_01,0.3717934865815043
8768_02,0.3917074262101164
8768_03,0.27636132274751457
8775_01,0.5551154389071027
8777_01,0.25694696997752065
8778_01,0.7231736651402683
8778_02,0.9524796678344354
8784_01,0.29633036117259737
8788_01,0.2490668603512248
8792_01,0.38198886784417085
8793_01,0.08652318376769746
8793_02,0.7493183408587096
8793_03,0.8798792473197666
8793_04,0.031420968256484105
8793_05,0.9618291170799381
8795_01,0.31950179940509466
8800_01,0.5676641642261816
8800_02,0.3778839287926815
8800_03,0.4052384511254384
8800_04,0.26788245471775207
8800_05,0.6436566066339909
8803_01,0.6930769962961072
8804_01,0.7988846540215024
8804_02,0.7438646306195185
8804_03,0.898259314230786
8804_04,0.43621105716822517
8804_05,0.23617803292691983
8810_01,0.2709159180309889
8814_01,0.6026844258518684
8829_01,0.4214943698755681
8832_01,0.2828879077922509
8837_01,0.23215635227991852
8839_01,0.7239114064914699
8839_02,0.5220465503343182
8846_01,0.04447676055966887
8846_02,0.3814859774411156
8847_01,0.6090495697214433
8851_01,0.7261757404957853
8855_01,0.28458791705007447
8857_01,0.7033060631023473
8859_01,0.2631167108993227
8866_01,0.18258314448913998
8870_01,0.7956114849153229
8870_02,0.14003554078978764
8873_01,0.6718777426697651
8873_02,-0.009106566652866632
8873_03,0.9868777150276292
8875_01,0.7256597605613755
8875_02,0.1759311379863137
8875_03,0.8363937516759473
8877_01,0.734395758179619
8877_02,0.8216703589347655
8879_01,0.5829753957901553
8882_01,0.2777955219806795
8887_01,0.7658386322750053
8888_01,0.29519639338256354
8893_01,0.7465027457646518
8893_02,0.7602354778986862
8895_01,0.7502821785296692
8895_02,0.10733369044097524
8898_01,0.29901992137141253
8908_01,0.7102252145053944
8909_01,0.3262491028122464
8911_01,0.37356213613876826
8912_01,0.6716091643391793
8913_01,0.5219985634205176
8913_02,0.618938012039008
8913_03,0.6337237217220164
8914_01,0.3399203059289553
8915_01,0.25454135164793756
8916_01,0.5539793707841965
8917_01,0.6385811334867915
8921_01,0.7430285211328548
8924_01,0.9354140354217424
8925_01,0.7863976743943981
8925_02,0.7870669744288502
8925_03,0.911961459556115
8925_04,1.1524198746488423
8925_05,0.9742903004592847
8925_06,0.2922267832158963
8927_01,1.0681298002318556
8929_01,0.15594512923002785
8931_01,0.21017057541627726
8933_01,0.3941290735163947
8934_01,-0.027451091048260767
8935_01,0.41019503620740855
8936_01,0.18097305210126724
8943_01,0.28622059865691063
8946_01,0.9229753342069822
8949_01,0.19848606678944136
8950_01,0.26232993513621233
8951_01,-0.1002383138581312
8952_01,0.29696178120174443
8953_01,0.22738737176168092
8957_01,0.2838776432011269
8958_01,0.581191412675053
8960_01,0.6043514524906117
8960_02,0.29084608357202546
8960_03,0.7084577200653843
8962_01,0.24261312260639983
8963_01,0.7312697462798126
8965_01,0.30788137878560295
8971_01,0.6620875820288978
8974_01,0.8705773094028542
8979_01,0.7983760980511816
8980_01,0.3559294123348612
8980_02,0.3116588209933965
8980_03,0.7310694581061393
8980_04,0.23881556375142876
8980_05,0.03732155062667741
8980_06,0.8366212962555297
8980_07,0.8514984126156122
8984_01,0.31275958718439834
8990_01,0.5454723801670374
8991_01,0.28825789789280065
8994_01,0.14809577903706872
8994_02,0.8910164377552973
8995_01,0.24289654989644133
9000_01,0.2802346562547533
9002_01,0.2792897854653347
9005_01,0.6372762770648477
9016_01,0.2779638618324354
9016_02,0.08078555009750504
9016_03,-0.4275055501330236
9016_04,1.1679861083113177
9016_05,0.2692033122322851
9017_01,0.6153585667168575
9022_01,0.27953831272504637
9022_02,0.6245218326919013
9022_03,0.7639944984472324
9025_01,0.29549054219184834
9025_02,0.7544056713096845
9027_01,0.17847608861065367
9033_01,0.6148548022782692
9039_01,0.5816067941056078
9040_01,0.17419459494292872
9044_01,0.28716719820109254
9045_01,0.29659089505212355
9045_02,0.2683582907742029
9047_01,0.42254352232583753
9050_01,0.6024990070454078
9051_01,0.2601257422741734
9053_01,0.7660582735968314
9053_02,1.0868259463181644
9054_01,0.755466897597227
9055_01,0.2511063483188566
9056_01,0.3650719410375855
9058_01,0.24947839982041742
9062_01,0.23693065531772922
9062_02,0.6060216054549485
9063_01,0.9646398931282415
9065_01,0.7363840576948251
9067_01,0.32412271389907565
9067_02,0.6865063534731252
9070_01,0.34799812368479527
9070_02,0.3283428408929548
9082_01,0.29151853349969337
9083_01,0.7266166575504358
9083_02,0.6290743699576822
9086_01,0.6315888057058312
9086_02,0.2557183378005626
9087_01,0.2754270622698542
9088_01,0.4797725290511118
9090_01,0.2520454451550051
9091_01,0.718439116596765
9092_01,0.2861922944817358
9093_01,-0.03177736324453628
9095_01,0.25401463238646343
9096_01,0.6071395002173141
9096_02,0.6576001570467598
9100_01,0.22799859631316485
9102_01,0.7311988002740566
9105_01,0.5669115009398191
9109_01,0.5552423550985586
9113_01,0.7617153347441896
9117_01,0.2955118431658197
9121_01,0.7540872645880299
9123_01,0.71769817164403
9133_01,0.5685572355115747
9135_01,0.35376200688509546
9138_01,0.3717212046810159
9143_01,0.22698093698517854
9143_02,0.2268132132900947
9143_03,0.2838799703858027
9146_01,0.2468728671304528
9146_02,0.3014937522976504
9146_03,0.8113100379378624
9147_01,0.5618232279051237
9153_01,0.25870547901850427
9154_01,0.6959660494051392
9155_01,0.36874458598190635
9155_02,0.2720298188956781
9155_03,0.8207929561543014
9155_04,0.8775511677347307
9162_01,0.70919066831885
9162_02,0.18509291961589286
9162_03,0.2352245811297593
9166_01,1.0122542366059135
9171_01,0.7377264134133372
9177_01,0.8416683176119328
9177_02,0.8579998217553744
9182_01,0.2667383456791136
9187_01,0.3726699335039051
9187_02,0.3071475020955755
9191_01,0.6158273754784911
9198_01,0.32193696774331854
9200_01,0.4000739354271963
9204_01,0.2493334923923534
9206_01,0.8812971254878743
9206_02,0.24543452330346813
9206_03,0.8023987222123743
9207_01,0.5998580322495185
9209_01,0.3407942394908135
9210_01,0.29660136973011514
9212_01,0.24182016201766912
9212_02,0.5437917153726262
9214_01,-0.4891869434191718
9215_01,0.8118072514279291
9216_01,0.30423571560208995
9223_01,0.7050673336831071
9223_02,0.7413053522590303
9228_01,0.29709563119301985
9229_01,0.38351243871406243
9232_01,0.26164877477733106
9236_01,0.3404369314061755
9238_01,0.4246533365054583
9238_02,0.6276707208346751
9238_03,0.5993322617571307
9238_04,0.2963631298437016
9238_05,0.5635744534409742
9238_06,0.8453041669609045
9238_07,0.462053985460832
9240_01,0.3232209135274223
9243_01,0.6957487888146074
9245_01,0.2889388554148219
9249_01,0.3185856822832508
9255_01,0.4607684009359091
9258_01,0.7252142925214464
9260_01,0.6441363518936304
9262_01,0.3553977373626913
9263_01,0.6153570232235753
9265_01,0.901202211937904
9266_01,0.3085433803009645
9266_02,0.5997572607706192
9269_01,0.3345904583636573
9271_01,0.624453421252304
9273_01,0.5853195421299348
9277_01,0.6610448843957273
