CryoSleep,Age,VIP,RoomService,FoodCourt,ShoppingMall,Spa,VRDeck,Transported,Age Group,Group,Member,Travelling_Solo,Group_size,Cabin_Deck,Cabin_Side,Cabin_Region1,Cabin_Region2,Cabin_Region3,Cabin_Region4,Cabin_Region5,Cabin_Region6,Total Expenditure,No Spending,Expenditure Category,HomePlanet_Earth,HomePlanet_Europa,HomePlanet_Mars,Destination_55 Cancri e,Destination_PSO J318.5-22,Destination_TRAPPIST-1e
0,39.0,0,0.0,0.0,0.0,0.0,0.0,False,5,1,1,1,1,1,0,1,0,0,0,0,0,0.0,1,3,0,1,0,0,0,1
0,24.0,0,109.0,9.0,25.0,549.0,44.0,True,3,2,1,1,1,5,1,1,0,0,0,0,0,736.0,0,2,1,0,0,0,0,1
0,58.0,1,43.0,3576.0,0.0,6715.0,49.0,False,6,3,1,0,2,0,1,1,0,0,0,0,0,10383.0,0,0,0,1,0,0,0,1
0,33.0,0,0.0,1283.0,371.0,3329.0,193.0,False,5,3,2,0,2,0,1,1,0,0,0,0,0,5176.0,0,0,0,1,0,0,0,1
0,16.0,0,303.0,70.0,151.0,565.0,2.0,True,2,4,1,1,1,5,1,1,0,0,0,0,0,1091.0,0,2,1,0,0,0,0,1
0,44.0,0,0.0,483.0,0.0,291.0,0.0,True,5,5,1,1,1,5,0,1,0,0,0,0,0,774.0,0,2,1,0,0,0,1,0
0,26.0,0,42.0,1539.0,3.0,0.0,0.0,True,4,6,1,0,2,5,1,1,0,0,0,0,0,1584.0,0,0,1,0,0,0,0,1
1,28.0,0,0.0,0.0,0.0,0.0,0.0,True,4,6,2,0,2,6,1,1,0,0,0,0,0,0.0,1,3,1,0,0,0,0,1
0,35.0,0,0.0,785.0,17.0,216.0,0.0,True,5,7,1,1,1,5,1,1,0,0,0,0,0,1018.0,0,2,1,0,0,0,0,1
1,14.0,0,0.0,0.0,0.0,0.0,0.0,True,2,8,1,0,3,1,0,1,0,0,0,0,0,0.0,1,3,0,1,0,1,0,0
1,34.0,0,0.0,0.0,294.5,0.0,0.0,True,5,8,2,0,3,1,0,1,0,0,0,0,0,0.0,1,3,0,1,0,0,0,1
0,45.0,0,39.0,7295.0,589.0,110.0,124.0,True,5,8,3,0,3,1,0,1,0,0,0,0,0,8157.0,0,0,0,1,0,1,0,0
0,32.0,0,73.0,0.0,1123.0,0.0,113.0,True,4,9,1,1,1,5,0,1,0,0,0,0,0,1309.0,0,2,0,0,1,0,0,1
0,48.0,0,719.0,1.0,65.0,0.0,24.0,False,5,10,1,1,1,6,1,1,0,0,0,0,0,809.0,0,2,1,0,0,0,0,1
0,28.0,0,8.0,974.0,12.0,2.0,7.0,True,4,11,1,1,1,5,0,1,0,0,0,0,0,1003.0,0,2,1,0,0,0,0,1
0,31.0,0,32.0,0.0,876.0,0.0,0.0,False,4,12,1,1,1,5,1,0,1,0,0,0,0,908.0,0,2,1,0,0,0,0,1
0,27.0,0,1286.0,122.0,0.0,0.0,0.0,False,4,14,1,1,1,5,0,1,0,0,0,0,0,1408.0,0,2,0,0,1,1,0,0
0,24.0,0,0.0,1.0,0.0,0.0,637.0,False,3,15,1,1,1,5,0,1,0,0,0,0,0,638.0,0,1,1,0,0,1,0,0
1,45.0,0,0.0,0.0,0.0,0.0,0.0,True,5,16,1,1,1,5,0,1,0,0,0,0,0,0.0,1,3,0,0,1,0,0,1
0,0.0,0,0.0,0.0,0.0,0.0,0.0,True,0,17,1,0,2,6,0,1,0,0,0,0,0,0.0,1,3,1,0,0,0,0,1
0,14.0,0,412.0,0.0,1.0,0.0,679.0,False,2,17,2,0,2,5,0,1,0,0,0,0,0,1092.0,0,2,1,0,0,1,0,0
1,1.0,0,0.0,0.0,0.0,0.0,0.0,False,0,20,1,0,6,4,1,1,0,0,0,0,0,0.0,1,3,1,0,0,0,0,1
1,49.0,0,0.0,0.0,0.0,0.0,0.0,False,5,20,2,0,6,4,1,1,0,0,0,0,0,0.0,1,3,1,0,0,1,0,0
1,29.0,0,0.0,0.0,0.0,0.0,0.0,False,4,20,3,0,6,4,1,1,0,0,0,0,0,0.0,1,3,1,0,0,1,0,0
0,10.0,0,0.0,0.0,0.0,0.0,0.0,True,1,20,4,0,6,4,1,1,0,0,0,0,0,0.0,1,3,1,0,0,0,0,1
1,1.0,0,0.0,0.0,0.0,0.0,0.0,False,0,20,5,0,6,4,1,1,0,0,0,0,0,0.0,1,3,1,0,0,0,1,0
0,7.0,0,0.0,0.0,0.0,0.0,0.0,False,1,20,6,0,6,4,1,1,0,0,0,0,0,0.0,1,3,1,0,0,0,0,1
0,21.0,0,980.0,2.0,69.0,0.0,0.0,False,3,22,1,1,1,3,0,1,0,0,0,0,0,1051.0,0,2,0,0,1,0,0,1
1,62.0,0,0.0,0.0,0.0,0.0,0.0,True,6,24,1,1,1,2,1,1,0,0,0,0,0,0.0,1,3,0,1,0,0,0,1
0,15.0,0,0.0,225.0,0.0,998.0,0.0,False,2,25,1,1,1,5,1,1,0,0,0,0,0,1223.0,0,2,1,0,0,0,0,1
0,34.0,0,22.0,6073.0,0.0,1438.0,328.0,False,5,26,1,1,1,2,0,1,0,0,0,0,0,7861.0,0,0,0,1,0,1,0,0
0,43.0,0,1125.0,0.0,136.0,48.0,0.0,False,5,28,1,1,1,5,0,1,0,0,0,0,0,1309.0,0,2,0,0,1,0,0,1
0,32.0,0,0.0,850.0,81.0,437.0,453.0,False,4,30,1,1,1,6,1,1,0,0,0,0,0,1821.0,0,0,1,0,0,0,0,1
0,47.0,0,214.0,0.0,1411.0,0.0,1229.0,True,5,31,1,0,3,5,0,1,0,0,0,0,0,2854.0,0,0,0,0,1,0,0,1
0,2.0,0,0.0,0.0,0.0,0.0,0.0,True,0,31,2,0,3,5,0,1,0,0,0,0,0,0.0,1,3,0,0,1,0,0,1
0,20.0,0,107.0,0.0,1750.0,990.0,0.0,True,3,31,3,0,3,5,0,1,0,0,0,0,0,2740.0,0,0,0,0,1,0,0,1
1,28.0,0,0.0,0.0,0.0,0.0,0.0,True,4,34,1,1,1,3,1,1,0,0,0,0,0,0.0,1,3,0,1,0,1,0,0
0,23.0,0,784.0,964.0,0.0,951.0,0.0,False,3,35,1,1,1,3,0,1,0,0,0,0,0,2699.0,0,0,0,0,1,1,0,0
0,15.0,0,0.0,492.0,48.0,20.0,401.0,False,2,36,1,1,1,5,1,1,0,0,0,0,0,961.0,0,2,1,0,0,1,0,0
0,20.0,0,554.0,195.0,0.0,2606.0,0.0,False,3,38,1,1,1,5,1,1,0,0,0,0,0,3355.0,0,0,1,0,0,1,0,0
1,30.0,0,0.0,0.0,0.0,0.0,0.0,False,4,39,1,1,1,6,0,1,0,0,0,0,0,0.0,1,3,1,0,0,1,0,0
1,17.0,0,0.0,0.0,0.0,0.0,0.0,True,2,41,1,1,1,6,0,1,0,0,0,0,0,0.0,1,3,1,0,0,0,0,1
0,45.0,0,0.0,164.0,45.0,2511.0,855.0,False,5,43,1,1,1,1,0,1,0,0,0,0,0,3575.0,0,0,0,1,0,0,0,1
1,55.0,0,0.0,0.0,0.0,0.0,0.0,False,6,44,1,0,3,6,0,1,0,0,0,0,0,0.0,1,3,1,0,0,0,0,1
1,4.0,0,0.0,0.0,0.0,0.0,0.0,True,0,44,2,0,3,6,0,1,0,0,0,0,0,0.0,1,3,1,0,0,1,0,0
1,21.0,0,0.0,0.0,0.0,0.0,0.0,True,3,44,3,0,3,6,0,1,0,0,0,0,0,0.0,1,3,1,0,0,0,1,0
0,21.0,0,970.0,0.0,180.0,0.0,64.0,False,3,45,1,0,2,5,0,1,0,0,0,0,0,1214.0,0,2,0,0,1,0,0,1
1,19.0,0,0.0,0.0,0.0,0.0,0.0,True,3,45,2,0,2,5,0,1,0,0,0,0,0,0.0,1,3,0,0,1,0,0,1
0,35.0,0,790.0,0.0,0.0,0.0,0.0,False,5,50,1,1,1,4,1,1,0,0,0,0,0,790.0,0,2,1,0,0,1,0,0
0,56.0,0,0.0,112.0,0.0,1379.0,127.0,False,6,51,1,1,1,4,1,1,0,0,0,0,0,1618.0,0,0,1,0,0,0,0,1
0,27.0,0,4.0,0.0,2.0,4683.0,0.0,False,5,52,1,1,1,6,1,1,0,0,0,0,0,4689.0,0,0,1,0,0,0,0,1
0,25.0,0,0.0,0.0,1938.0,0.0,1.0,True,3,53,1,1,1,5,1,1,0,0,0,0,0,1939.0,0,0,1,0,0,0,0,1
0,2.0,0,0.0,0.0,0.0,0.0,0.0,True,0,56,1,0,3,0,1,1,0,0,0,0,0,0.0,1,3,0,1,0,0,0,1
1,38.0,0,0.0,0.0,0.0,0.0,0.0,True,5,56,2,0,3,0,1,1,0,0,0,0,0,0.0,1,3,0,1,0,0,0,1
0,27.0,0,279.0,605.0,3374.0,286.0,3.0,True,4,56,3,0,3,0,1,1,0,0,0,0,0,4547.0,0,0,0,1,0,0,0,1
1,36.0,0,0.0,0.0,0.0,0.0,0.0,False,5,58,1,1,1,6,1,1,0,0,0,0,0,0.0,1,3,1,0,0,0,1,0
0,22.0,0,45.0,1096.0,148.0,1377.0,1.0,False,3,61,1,1,1,5,1,1,0,0,0,0,0,2667.0,0,0,1,0,0,0,0,1
0,62.0,0,0.0,592.0,0.0,17.0,25.0,False,6,62,1,1,1,5,1,1,0,0,0,0,0,634.0,0,1,1,0,0,0,0,1
1,15.0,0,0.0,0.0,0.0,0.0,0.0,True,2,64,1,0,2,5,1,1,0,0,0,0,0,0.0,1,3,0,0,1,0,0,1
1,33.0,0,0.0,0.0,0.0,0.0,0.0,True,5,64,2,0,2,4,1,1,0,0,0,0,0,0.0,1,3,0,0,1,0,0,1
0,62.0,0,1.0,153.0,197.0,0.0,460.0,False,6,66,1,1,1,6,0,1,0,0,0,0,0,811.0,0,2,1,0,0,0,0,1
1,0.0,0,0.0,0.0,0.0,0.0,0.0,True,0,67,1,0,3,6,1,1,0,0,0,0,0,0.0,1,3,1,0,0,0,1,0
0,18.0,0,1.0,258.0,446.0,0.0,0.0,True,2,67,2,0,3,6,1,1,0,0,0,0,0,705.0,0,1,1,0,0,0,0,1
0,21.0,0,1946.0,37.0,0.0,0.0,24.0,False,3,67,3,0,3,5,1,1,0,0,0,0,0,2007.0,0,0,1,0,0,1,0,0
0,27.0,0,793.0,0.0,2.0,253.0,0.0,False,5,68,1,1,1,4,1,1,0,0,0,0,0,1048.0,0,2,0,0,1,0,0,1
0,42.0,0,887.0,0.0,9.0,6.0,0.0,True,5,69,1,1,1,5,1,1,0,0,0,0,0,902.0,0,2,1,0,0,0,0,1
0,19.0,0,190.0,0.0,5.0,1.0,726.0,False,3,70,1,1,1,5,0,1,0,0,0,0,0,922.0,0,2,1,0,0,0,0,1
0,17.0,0,16.0,2165.0,0.0,0.0,52.0,False,2,71,1,1,1,5,0,1,0,0,0,0,0,2233.0,0,0,1,0,0,0,0,1
0,14.0,0,0.0,1.0,0.0,0.0,1063.0,False,2,72,1,1,1,5,1,1,0,0,0,0,0,1064.0,0,2,1,0,0,0,0,1
0,37.0,0,46.0,83.0,738.0,0.0,12.0,False,5,73,1,1,1,3,0,1,0,0,0,0,0,879.0,0,2,0,0,1,0,1,0
0,42.0,0,1.0,8397.0,0.0,0.0,506.0,True,5,74,1,1,1,2,1,1,0,0,0,0,0,8904.0,0,0,0,1,0,0,0,1
0,27.0,0,147.0,0.0,1018.0,0.0,0.0,True,4,76,1,1,1,5,1,1,0,0,0,0,0,1165.0,0,2,0,0,1,0,0,1
0,28.0,0,14.0,0.0,1295.0,0.0,0.0,True,4,77,1,1,1,5,0,1,0,0,0,0,0,1309.0,0,2,0,0,1,0,0,1
0,38.0,0,0.0,5840.0,0.0,321.0,9654.0,False,5,78,1,1,1,2,1,1,0,0,0,0,0,15815.0,0,0,0,1,0,0,0,1
1,13.0,0,0.0,0.0,0.0,0.0,0.0,False,2,81,1,1,1,6,1,1,0,0,0,0,0,0.0,1,3,1,0,0,0,0,1
0,42.0,0,7406.0,0.0,0.0,0.0,0.0,False,5,82,1,0,3,5,0,1,0,0,0,0,0,7406.0,0,0,0,0,1,0,0,1
1,2.0,0,0.0,0.0,0.0,0.0,0.0,True,0,82,2,0,3,5,0,1,0,0,0,0,0,0.0,1,3,0,0,1,0,0,1
0,8.0,0,0.0,0.0,0.0,0.0,0.0,True,1,82,3,0,3,5,0,1,0,0,0,0,0,0.0,1,3,0,0,1,0,0,1
0,24.0,0,688.0,0.0,0.0,0.0,17.0,True,3,84,1,1,1,6,1,1,0,0,0,0,0,705.0,0,1,1,0,0,0,0,1
1,40.0,0,0.0,0.0,0.0,0.0,0.0,True,5,85,1,1,1,2,1,1,0,0,0,0,0,0.0,1,3,0,1,0,0,0,1
0,43.0,0,211.0,0.0,0.0,638.0,513.0,False,5,86,1,1,1,5,0,1,0,0,0,0,0,1362.0,0,2,1,0,0,0,0,1
1,45.0,0,0.0,0.0,0.0,0.0,0.0,True,5,88,1,1,1,4,1,1,0,0,0,0,0,0.0,1,3,0,0,1,0,1,0
1,35.0,0,0.0,0.0,0.0,0.0,0.0,True,5,90,1,1,1,6,1,1,0,0,0,0,0,0.0,1,3,1,0,0,0,0,1
1,26.0,0,1.0,0.0,0.0,0.0,0.0,True,4,91,1,0,2,6,1,1,0,0,0,0,0,0.0,1,3,1,0,0,0,0,1
0,27.0,0,1.0,697.0,31.0,188.0,0.0,False,4,91,2,0,2,5,1,1,0,0,0,0,0,917.0,0,2,1,0,0,0,0,1
0,19.0,0,0.0,0.0,670.0,1.0,34.0,False,3,92,1,0,3,6,0,1,0,0,0,0,0,705.0,0,1,1,0,0,0,0,1
1,0.0,0,0.0,0.0,335.0,0.0,0.0,True,0,92,2,0,3,6,0,1,0,0,0,0,0,0.0,1,3,1,0,0,0,0,1
1,3.0,0,0.0,0.0,0.0,0.0,0.0,True,0,92,3,0,3,6,0,1,0,0,0,0,0,0.0,1,3,1,0,0,0,0,1
0,54.0,0,0.0,1208.0,0.0,3.0,637.0,False,6,97,1,1,1,0,1,1,0,0,0,0,0,1848.0,0,0,0,1,0,0,0,1
0,26.0,0,0.0,856.0,5.0,32.0,0.0,False,4,98,1,0,2,6,0,1,0,0,0,0,0,893.0,0,2,1,0,0,0,0,1
0,26.0,0,0.0,2811.0,957.0,0.0,87.0,True,4,98,2,0,2,6,0,1,0,0,0,0,0,3855.0,0,0,1,0,0,0,0,1
0,23.0,0,311.0,427.0,526.0,37.0,0.0,False,3,99,1,0,2,5,0,1,0,0,0,0,0,1301.0,0,2,1,0,0,0,1,0
0,2.0,0,0.0,0.0,0.0,0.0,0.0,True,0,99,2,0,2,6,0,1,0,0,0,0,0,0.0,1,3,1,0,0,0,0,1
1,31.0,0,0.0,0.0,0.0,0.0,0.0,True,4,101,1,1,1,5,1,0,1,0,0,0,0,0.0,1,3,0,0,1,0,0,1
0,18.0,0,0.0,0.0,0.0,830.0,91.0,False,2,102,1,1,1,5,1,1,0,0,0,0,0,921.0,0,2,1,0,0,0,0,1
0,24.0,0,0.0,0.0,0.0,0.0,17.0,True,3,103,1,0,3,5,1,1,0,0,0,0,0,17.0,0,1,1,0,0,0,0,1
1,9.0,0,0.0,0.0,0.0,0.0,0.0,True,1,103,2,0,3,6,1,1,0,0,0,0,0,0.0,1,3,1,0,0,1,0,0
1,6.0,0,0.0,0.0,0.0,0.0,0.0,False,1,103,3,0,3,6,1,1,0,0,0,0,0,0.0,1,3,1,0,0,0,0,1
0,27.0,0,0.0,0.0,570.0,2.0,131.0,False,4,105,1,1,1,5,0,1,0,0,0,0,0,703.0,0,1,1,0,0,0,0,1
0,21.0,0,1743.0,5.0,17.0,0.0,0.0,False,3,107,1,1,1,3,1,1,0,0,0,0,0,1765.0,0,0,0,0,1,0,0,1
1,23.0,0,0.0,0.0,0.0,0.0,0.0,False,3,108,1,0,3,6,1,1,0,0,0,0,0,0.0,1,3,1,0,0,0,0,1
0,31.0,0,562.0,0.0,326.0,0.0,0.0,False,4,108,2,0,3,6,1,1,0,0,0,0,0,888.0,0,2,1,0,0,0,0,1
0,0.0,0,0.0,0.0,0.0,0.0,0.0,True,0,108,3,0,3,6,1,1,0,0,0,0,0,0.0,1,3,1,0,0,0,0,1
0,32.0,0,0.0,410.0,6.0,3929.0,764.0,False,4,110,1,0,4,5,1,0,1,0,0,0,0,5109.0,0,0,0,1,0,0,0,1
0,40.0,0,0.0,331.0,0.0,0.0,1687.0,False,5,110,2,0,4,1,0,1,0,0,0,0,0,2018.0,0,0,0,1,0,0,0,1
0,42.0,0,2209.0,11418.0,0.0,1868.0,445.0,True,5,110,3,0,4,1,0,1,0,0,0,0,0,15940.0,0,0,0,1,0,0,0,1
1,28.0,0,0.0,0.0,0.0,0.0,0.0,True,4,110,4,0,4,1,0,1,0,0,0,0,0,0.0,1,3,0,1,0,0,0,1
1,29.0,0,0.0,0.0,0.0,0.0,0.0,True,4,111,1,1,1,4,1,1,0,0,0,0,0,0.0,1,3,0,1,0,0,0,1
0,48.0,1,0.0,2537.0,87.0,17.0,13.0,True,5,112,1,1,1,1,1,1,0,0,0,0,0,2654.0,0,0,0,1,0,1,0,0
0,64.0,0,0.0,0.0,804.0,0.0,0.0,True,6,113,1,1,1,5,0,1,0,0,0,0,0,804.0,0,2,1,0,0,0,0,1
0,27.0,0,82.0,157.0,429.0,238.0,1.0,False,4,114,1,1,1,6,1,1,0,0,0,0,0,907.0,0,2,1,0,0,0,0,1
0,26.0,0,0.0,0.0,0.0,0.0,0.0,True,4,115,1,1,1,5,0,1,0,0,0,0,0,0.0,1,3,0,0,1,0,0,1
0,33.0,0,1.0,2223.0,0.0,12.0,404.0,True,5,116,1,1,1,3,0,1,0,0,0,0,0,2640.0,0,0,0,1,0,0,0,1
0,39.0,0,0.0,2344.0,0.0,65.0,6898.0,False,5,119,1,0,2,0,0,1,0,0,0,0,0,9307.0,0,0,0,1,0,0,0,1
1,13.0,0,0.0,0.0,0.0,0.0,0.0,True,2,119,2,0,2,0,0,1,0,0,0,0,0,0.0,1,3,0,1,0,0,0,1
1,24.0,0,0.0,0.0,0.0,0.0,0.0,True,3,120,1,1,1,5,0,1,0,0,0,0,0,0.0,1,3,0,0,1,0,0,1
0,29.0,0,0.0,0.0,0.0,699.0,74.0,False,4,122,1,1,1,6,1,1,0,0,0,0,0,773.0,0,2,1,0,0,0,0,1
0,18.0,0,55.0,597.0,49.0,0.0,1.0,False,2,123,1,1,1,5,0,1,0,0,0,0,0,702.0,0,1,1,0,0,0,0,1
1,67.0,0,0.0,0.0,0.0,0.0,0.0,True,6,126,1,1,1,5,1,1,0,0,0,0,0,0.0,1,3,0,0,1,0,0,1
0,35.0,0,701.0,0.0,296.0,0.0,25.0,False,5,127,1,1,1,4,1,1,0,0,0,0,0,1022.0,0,2,0,0,1,0,0,1
0,61.0,1,2353.0,334.0,9.0,316.0,2.0,False,6,128,1,0,2,3,1,1,0,0,0,0,0,3014.0,0,0,0,0,1,0,0,1
0,45.0,0,2103.0,6.0,0.0,0.0,0.0,False,5,128,2,0,2,4,1,1,0,0,0,0,0,2109.0,0,0,0,0,1,0,0,1
1,22.0,0,0.0,0.0,0.0,0.0,0.0,True,3,129,1,1,1,6,1,1,0,0,0,0,0,0.0,1,3,1,0,0,0,1,0
1,19.0,0,0.0,0.0,0.0,0.0,0.0,True,3,133,1,0,2,5,1,1,0,0,0,0,0,0.0,1,3,0,0,1,0,0,1
0,36.0,0,2738.0,0.0,0.0,0.0,0.0,False,5,133,2,0,2,3,1,1,0,0,0,0,0,2738.0,0,0,0,0,1,0,0,1
0,19.0,0,0.0,14.0,730.0,0.0,0.0,True,3,134,1,1,1,6,0,1,0,0,0,0,0,744.0,0,2,1,0,0,0,0,1
0,47.0,0,97.0,418.0,126.0,25.0,55.0,False,5,136,1,1,1,6,1,1,0,0,0,0,0,721.0,0,2,1,0,0,0,1,0
1,13.0,0,0.0,0.0,0.0,0.0,0.0,True,2,138,1,0,2,6,0,1,0,0,0,0,0,0.0,1,3,1,0,0,0,0,1
0,34.0,0,0.0,22.0,0.0,564.0,207.0,False,5,138,2,0,2,4,0,1,0,0,0,0,0,793.0,0,2,1,0,0,0,0,1
1,35.0,0,0.0,0.0,0.0,0.0,0.0,True,5,139,1,1,1,2,1,1,0,0,0,0,0,0.0,1,3,0,1,0,1,0,0
1,24.0,0,0.0,0.0,0.0,0.0,0.0,True,3,140,1,0,2,6,0,1,0,0,0,0,0,0.0,1,3,1,0,0,0,0,1
0,26.0,0,440.0,0.0,0.0,0.0,462.0,False,4,140,2,0,2,5,0,1,0,0,0,0,0,902.0,0,2,1,0,0,0,0,1
0,31.0,0,0.0,0.0,97.0,0.0,0.0,False,4,141,1,1,1,5,0,1,0,0,0,0,0,97.0,0,1,0,0,1,0,0,1
0,20.0,0,0.0,420.0,210.0,0.0,0.0,True,3,144,1,1,1,5,1,1,0,0,0,0,0,630.0,0,1,1,0,0,0,0,1
0,56.0,0,0.0,0.0,0.0,0.0,0.0,False,6,146,1,1,1,6,1,1,0,0,0,0,0,0.0,1,3,1,0,0,0,0,1
1,50.0,0,0.0,0.0,0.0,0.0,0.0,True,5,147,1,1,1,6,1,1,0,0,0,0,0,0.0,1,3,1,0,0,0,0,1
0,42.0,0,1072.0,0.0,10.0,0.0,76.0,False,5,148,1,1,1,5,0,1,0,0,0,0,0,1158.0,0,2,0,0,1,0,0,1
1,27.0,0,0.0,0.0,0.0,0.0,0.0,True,5,149,1,1,1,6,1,1,0,0,0,0,0,0.0,1,3,1,0,0,1,0,0
1,38.0,0,0.0,0.0,0.0,0.0,0.0,False,5,151,1,1,1,6,0,1,0,0,0,0,0,0.0,1,3,1,0,0,1,0,0
0,41.0,0,0.0,0.0,0.0,0.0,607.0,False,5,152,1,1,1,5,0,1,0,0,0,0,0,607.0,0,1,1,0,0,0,0,1
0,22.0,0,4119.0,0.0,0.0,0.0,61.0,False,3,160,1,1,1,6,0,1,0,0,0,0,0,4180.0,0,0,1,0,0,0,0,1
1,26.0,0,0.0,0.0,0.0,0.0,0.0,True,4,163,1,0,2,1,0,1,0,0,0,0,0,0.0,1,3,0,1,0,0,0,1
1,17.0,0,0.0,0.0,0.0,0.0,0.0,True,2,163,2,0,2,1,0,1,0,0,0,0,0,0.0,1,3,0,1,0,0,0,1
0,57.0,0,50.0,1688.0,0.0,0.0,135.0,True,6,164,1,0,2,6,1,1,0,0,0,0,0,1873.0,0,0,1,0,0,0,0,1
1,17.0,0,0.0,0.0,0.0,0.0,0.0,False,2,164,2,0,2,6,1,1,0,0,0,0,0,0.0,1,3,1,0,0,0,1,0
1,35.0,0,0.0,0.0,0.0,0.0,0.0,True,5,165,1,1,1,5,0,1,0,0,0,0,0,0.0,1,3,0,0,1,0,0,1
1,13.0,0,0.0,0.0,0.0,0.0,0.0,True,2,167,1,0,2,5,1,1,0,0,0,0,0,0.0,1,3,0,0,1,0,0,1
0,27.0,0,1365.0,0.0,48.0,22.0,137.0,False,4,167,2,0,2,5,1,1,0,0,0,0,0,1572.0,0,0,0,0,1,0,0,1
1,31.0,0,0.0,0.0,0.0,0.0,0.0,False,4,169,1,1,1,6,0,1,0,0,0,0,0,0.0,1,3,1,0,0,0,0,1
0,24.0,0,0.0,0.0,0.0,221.0,567.0,False,3,170,1,1,1,4,1,1,0,0,0,0,0,788.0,0,2,1,0,0,0,0,1
1,19.0,0,0.0,0.0,0.0,0.0,0.0,True,3,171,1,1,1,6,1,1,0,0,0,0,0,0.0,1,3,1,0,0,0,1,0
1,32.0,0,0.0,0.0,0.0,0.0,0.0,True,4,172,1,1,1,6,0,1,0,0,0,0,0,0.0,1,3,1,0,0,0,0,1
0,58.0,0,0.0,985.0,0.0,5.0,0.0,True,6,173,1,1,1,4,1,1,0,0,0,0,0,990.0,0,2,1,0,0,0,0,1
0,21.0,0,287.0,0.0,16.0,115.0,175.0,False,3,174,1,1,1,5,0,1,0,0,0,0,0,593.0,0,1,1,0,0,1,0,0
0,38.0,0,0.0,10346.0,1.0,14970.0,2111.0,False,5,177,1,1,1,1,1,1,0,0,0,0,0,27428.0,0,0,0,1,0,0,0,1
0,38.0,0,3414.0,0.0,161.0,28.0,119.0,False,5,178,1,1,1,3,1,1,0,0,0,0,0,3722.0,0,0,0,0,1,0,0,1
0,19.0,0,1.0,219.0,673.0,2.0,11.0,True,3,179,1,0,3,6,0,1,0,0,0,0,0,906.0,0,2,1,0,0,0,0,1
0,0.0,0,0.0,0.0,0.0,0.0,0.0,False,0,179,2,0,3,6,0,1,0,0,0,0,0,0.0,1,3,1,0,0,0,0,1
0,3.0,0,0.0,0.0,0.0,0.0,0.0,True,0,179,3,0,3,6,0,1,0,0,0,0,0,0.0,1,3,1,0,0,0,0,1
0,20.0,0,0.0,0.0,3.0,299.0,92.0,False,3,181,1,1,1,6,0,1,0,0,0,0,0,394.0,0,1,1,0,0,0,0,1
1,24.0,0,0.0,0.0,0.0,0.0,0.0,True,3,182,1,1,1,2,0,1,0,0,0,0,0,0.0,1,3,0,1,0,0,0,1
0,37.0,0,17.0,146.0,426.0,0.0,232.0,True,5,183,1,1,1,5,1,1,0,0,0,0,0,821.0,0,2,1,0,0,0,0,1
0,25.0,0,62.0,0.0,0.0,0.0,956.0,False,3,186,1,1,1,6,0,1,0,0,0,0,0,1018.0,0,2,1,0,0,0,0,1
1,56.0,0,0.0,0.0,0.0,0.0,0.0,True,6,188,1,1,1,6,1,1,0,0,0,0,0,0.0,1,3,1,0,0,0,0,1
0,49.0,0,84.0,3.0,401.0,202.0,98.0,False,5,189,1,1,1,4,0,1,0,0,0,0,0,788.0,0,2,1,0,0,1,0,0
1,11.0,0,0.0,0.0,0.0,0.0,0.0,False,1,190,1,1,1,6,1,1,0,0,0,0,0,0.0,1,3,1,0,0,1,0,0
1,1.0,0,0.0,0.0,0.0,0.0,0.0,True,0,192,1,0,3,6,0,1,0,0,0,0,0,0.0,1,3,1,0,0,0,0,1
0,8.0,0,0.0,0.0,0.0,0.0,0.0,False,1,192,2,0,3,6,0,1,0,0,0,0,0,0.0,1,3,1,0,0,0,0,1
0,39.0,0,0.0,0.0,10.0,898.0,0.0,False,5,192,3,0,3,6,0,1,0,0,0,0,0,908.0,0,2,1,0,0,0,0,1
1,2.0,0,0.0,0.0,0.0,0.0,0.0,True,0,193,1,0,3,5,0,1,0,0,0,0,0,0.0,1,3,0,0,1,0,0,1
0,23.0,0,0.0,0.0,8.0,1072.0,0.0,False,3,193,2,0,3,5,0,1,0,0,0,0,0,1080.0,0,2,0,0,1,0,0,1
0,0.0,0,0.0,0.0,0.0,0.0,0.0,True,0,193,3,0,3,5,0,1,0,0,0,0,0,0.0,1,3,0,0,1,0,0,1
0,39.0,0,406.0,0.0,867.0,0.0,0.0,True,5,195,1,1,1,5,0,1,0,0,0,0,0,1273.0,0,2,0,0,1,0,0,1
0,25.0,0,1052.0,0.0,719.0,0.0,7.0,False,3,196,1,1,1,3,0,1,0,0,0,0,0,1778.0,0,0,0,0,1,0,1,0
0,36.0,0,0.0,972.0,0.0,795.0,575.0,False,5,197,1,1,1,2,0,1,0,0,0,0,0,2342.0,0,0,0,1,0,0,0,1
0,52.0,0,0.0,0.0,0.0,0.0,0.0,True,6,198,1,1,1,6,0,1,0,0,0,0,0,0.0,1,3,1,0,0,0,1,0
1,18.0,0,0.0,0.0,0.0,0.0,0.0,False,2,199,1,1,1,6,1,1,0,0,0,0,0,0.0,1,3,1,0,0,0,0,1
1,15.0,0,0.0,0.0,0.0,0.0,0.0,True,2,200,1,1,1,6,0,1,0,0,0,0,0,0.0,1,3,1,0,0,0,0,1
1,35.0,0,0.0,0.0,0.0,0.0,0.0,True,5,201,1,0,2,1,1,1,0,0,0,0,0,0.0,1,3,0,1,0,0,0,1
1,47.0,0,0.0,0.0,0.0,0.0,0.0,True,5,201,2,0,2,1,1,1,0,0,0,0,0,0.0,1,3,0,1,0,0,0,1
1,45.0,0,0.0,0.0,0.0,0.0,0.0,True,5,202,1,0,2,1,0,1,0,0,0,0,0,0.0,1,3,0,1,0,1,0,0
0,45.0,0,0.0,2433.0,0.0,878.0,443.0,True,5,202,2,0,2,0,0,1,0,0,0,0,0,3754.0,0,0,0,1,0,1,0,0
1,51.0,0,0.0,0.0,0.0,0.0,0.0,True,6,203,1,1,1,2,1,1,0,0,0,0,0,0.0,1,3,0,1,0,0,0,1
0,29.0,0,0.0,2.0,66.0,0.0,705.0,False,4,205,1,1,1,6,1,1,0,0,0,0,0,773.0,0,2,1,0,0,0,0,1
0,27.0,0,2.0,1720.0,12.0,1125.0,122.0,True,5,206,1,1,1,2,1,1,0,0,0,0,0,2981.0,0,0,0,1,0,1,0,0
1,19.0,0,0.0,0.0,0.0,0.0,0.0,False,3,207,1,1,1,6,0,1,0,0,0,0,0,0.0,1,3,1,0,0,0,1,0
1,24.0,0,0.0,0.0,0.0,0.0,0.0,True,3,210,1,1,1,3,0,1,0,0,0,0,0,0.0,1,3,1,0,0,1,0,0
0,29.0,0,902.0,1.0,137.0,0.0,0.0,True,4,211,1,0,3,5,0,1,0,0,0,0,0,1040.0,0,2,0,0,1,0,0,1
1,11.0,0,0.0,0.0,0.0,0.0,0.0,True,1,211,2,0,3,5,0,1,0,0,0,0,0,0.0,1,3,0,0,1,0,0,1
0,17.0,0,848.0,0.0,307.0,182.0,0.0,False,2,211,3,0,3,5,0,1,0,0,0,0,0,1337.0,0,2,0,0,1,0,0,1
0,13.0,0,192.0,0.0,0.0,51.0,739.0,False,2,212,1,0,2,4,0,1,0,0,0,0,0,982.0,0,2,1,0,0,0,0,1
0,35.0,0,147.0,188.0,0.0,10.0,387.0,False,5,212,2,0,2,5,0,1,0,0,0,0,0,732.0,0,2,1,0,0,0,0,1
0,21.0,0,367.0,281.0,0.0,0.0,146.0,False,3,213,1,1,1,5,0,1,0,0,0,0,0,794.0,0,2,1,0,0,0,0,1
0,21.0,0,0.0,56.0,0.0,0.0,1918.0,False,3,216,1,1,1,5,1,1,0,0,0,0,0,1974.0,0,0,1,0,0,1,0,0
0,38.0,0,1517.0,0.0,0.0,27.0,0.0,False,5,217,1,1,1,5,0,1,0,0,0,0,0,1544.0,0,0,1,0,0,0,0,1
1,19.0,0,0.0,0.0,0.0,0.0,0.0,True,3,219,1,1,1,6,0,1,0,0,0,0,0,0.0,1,3,1,0,0,0,0,1
1,2.0,0,0.0,0.0,0.0,0.0,0.0,True,0,220,1,0,7,6,0,1,0,0,0,0,0,0.0,1,3,1,0,0,0,0,1
0,0.0,0,0.0,0.0,0.0,0.0,0.0,True,0,220,2,0,7,6,0,1,0,0,0,0,0,0.0,1,3,1,0,0,0,0,1
1,13.0,0,0.0,0.0,0.0,0.0,0.0,False,2,220,3,0,7,6,0,1,0,0,0,0,0,0.0,1,3,1,0,0,0,0,1
0,25.0,0,122.0,84.0,0.0,0.0,0.0,False,3,220,4,0,7,4,0,1,0,0,0,0,0,206.0,0,1,1,0,0,0,0,1
0,16.0,0,0.0,3.0,0.0,0.0,1099.0,False,2,220,5,0,7,5,0,1,0,0,0,0,0,1102.0,0,2,1,0,0,0,0,1
0,1.0,0,0.0,0.0,0.0,0.0,0.0,False,0,220,6,0,7,6,0,1,0,0,0,0,0,0.0,1,3,1,0,0,1,0,0
1,15.0,0,0.0,0.0,0.0,0.0,0.0,True,2,220,7,0,7,6,0,1,0,0,0,0,0,0.0,1,3,1,0,0,0,0,1
0,21.0,0,2237.0,0.0,119.0,0.0,0.0,False,3,221,1,0,7,4,1,1,0,0,0,0,0,2356.0,0,0,0,0,1,1,0,0
0,23.0,0,1215.0,80.0,1.0,2.0,0.0,False,3,221,2,0,7,4,1,1,0,0,0,0,0,1298.0,0,2,0,0,1,0,0,1
0,33.0,0,1933.0,12.0,188.0,1.0,0.0,False,5,221,3,0,7,4,1,1,0,0,0,0,0,2134.0,0,0,0,0,1,0,0,1
1,21.0,0,0.0,0.0,0.0,0.0,0.0,True,3,221,4,0,7,4,1,1,0,0,0,0,0,0.0,1,3,0,0,1,0,0,1
0,41.0,0,1230.0,0.0,301.0,43.0,1023.0,False,5,221,5,0,7,4,1,1,0,0,0,0,0,2597.0,0,0,0,0,1,0,0,1
0,16.0,0,915.0,0.0,221.0,234.0,0.0,False,2,221,6,0,7,4,1,1,0,0,0,0,0,1370.0,0,2,0,0,1,0,0,1
1,42.0,0,0.0,0.0,0.0,0.0,0.0,False,5,221,7,0,7,4,1,1,0,0,0,0,0,0.0,1,3,0,0,1,0,0,1
0,20.0,0,1406.0,0.0,0.0,11.0,0.0,False,3,222,1,0,3,5,1,1,0,0,0,0,0,1417.0,0,2,0,0,1,0,0,1
1,24.0,0,0.0,0.0,0.0,0.0,0.0,True,3,222,2,0,3,5,1,1,0,0,0,0,0,0.0,1,3,0,0,1,0,0,1
1,16.0,0,0.0,0.0,0.0,0.0,0.0,True,2,222,3,0,3,4,1,1,0,0,0,0,0,0.0,1,3,0,0,1,0,0,1
0,21.0,0,0.0,2.0,665.0,0.0,9.0,False,3,223,1,1,1,6,1,1,0,0,0,0,0,676.0,0,1,1,0,0,0,0,1
0,32.0,1,181.0,0.0,5.0,1634.0,0.0,False,4,224,1,1,1,5,1,1,0,0,0,0,0,1820.0,0,0,0,0,1,0,0,1
1,58.0,0,0.0,0.0,0.0,0.0,0.0,True,6,225,1,1,1,6,0,1,0,0,0,0,0,0.0,1,3,1,0,0,0,1,0
0,24.0,0,4.0,7.0,0.0,713.0,79.0,False,3,229,1,1,1,5,1,1,0,0,0,0,0,803.0,0,2,1,0,0,0,0,1
0,30.0,0,85.0,0.0,1.0,1720.0,0.0,False,4,231,1,1,1,5,1,1,0,0,0,0,0,1806.0,0,0,0,0,1,0,0,1
1,27.0,0,0.0,0.0,0.0,0.0,0.0,False,4,232,1,1,1,6,1,1,0,0,0,0,0,0.0,1,3,1,0,0,0,1,0
0,32.0,0,56.0,0.0,256.0,1438.0,0.0,False,4,233,1,1,1,5,1,1,0,0,0,0,0,1750.0,0,0,0,0,1,0,0,1
0,43.0,0,0.0,888.0,0.0,0.0,0.0,False,5,234,1,1,1,5,0,1,0,0,0,0,0,888.0,0,2,1,0,0,0,0,1
1,42.0,0,0.0,0.0,0.0,0.0,0.0,True,5,237,1,1,1,1,0,1,0,0,0,0,0,0.0,1,3,0,1,0,0,0,1
0,37.0,0,637.0,0.0,0.0,92.0,319.0,False,5,239,1,1,1,5,1,0,1,0,0,0,0,1048.0,0,2,0,0,1,0,0,1
1,35.0,0,0.0,0.0,0.0,0.0,0.0,True,5,240,1,1,1,5,0,1,0,0,0,0,0,0.0,1,3,0,0,1,0,0,1
0,33.0,0,0.0,1249.0,0.0,4812.0,1116.0,False,5,241,1,1,1,4,0,1,0,0,0,0,0,7177.0,0,0,0,1,0,1,0,0
0,18.0,0,313.0,1.0,691.0,283.0,0.0,False,2,242,1,1,1,5,1,1,0,0,0,0,0,1288.0,0,2,1,0,0,0,0,1
1,21.0,0,0.0,0.0,0.0,0.0,0.0,False,3,243,1,1,1,6,1,1,0,0,0,0,0,0.0,1,3,1,0,0,0,0,1
1,43.0,0,0.0,0.0,0.0,0.0,0.0,True,5,244,1,0,2,5,1,0,1,0,0,0,0,0.0,1,3,0,0,1,0,0,1
1,14.0,0,0.0,0.0,0.0,0.0,0.0,True,2,244,2,0,2,5,1,1,0,0,0,0,0,0.0,1,3,0,0,1,1,0,0
0,46.0,0,0.0,3571.0,0.0,0.0,7.0,True,5,245,1,0,2,2,0,1,0,0,0,0,0,3578.0,0,0,0,1,0,1,0,0
0,33.0,0,0.0,86.0,796.0,584.0,10912.0,False,5,245,2,0,2,2,0,1,0,0,0,0,0,12378.0,0,0,0,1,0,0,0,1
0,21.0,0,2947.0,0.0,287.0,27.0,0.0,False,3,246,1,1,1,3,0,1,0,0,0,0,0,3261.0,0,0,0,0,1,0,0,1
0,33.0,0,0.0,1.0,0.0,8620.0,1063.0,False,5,248,1,1,1,2,1,1,0,0,0,0,0,9684.0,0,0,0,1,0,0,0,1
1,47.0,0,0.0,0.0,0.0,0.0,0.0,False,5,250,1,1,1,6,1,1,0,0,0,0,0,0.0,1,3,1,0,0,0,1,0
1,54.0,0,0.0,0.0,0.0,0.0,0.0,True,6,251,1,1,1,2,1,1,0,0,0,0,0,0.0,1,3,1,0,0,1,0,0
0,30.0,0,335.0,695.0,541.0,0.0,0.0,False,4,252,1,1,1,5,0,1,0,0,0,0,0,1571.0,0,0,1,0,0,0,0,1
0,29.0,0,272.0,615.0,0.0,0.0,1.0,False,4,253,1,1,1,6,0,1,0,0,0,0,0,888.0,0,2,1,0,0,0,0,1
0,21.0,0,702.0,172.0,408.0,2.0,6.0,True,3,254,1,1,1,5,0,1,0,0,0,0,0,1290.0,0,2,1,0,0,0,0,1
1,24.0,0,0.0,0.0,0.0,0.0,0.0,True,3,255,1,1,1,0,1,1,0,0,0,0,0,0.0,1,3,0,1,0,0,0,1
0,21.0,0,1664.0,0.0,0.0,0.0,0.0,False,3,257,1,0,2,5,1,1,0,0,0,0,0,1664.0,0,0,0,0,1,1,0,0
1,60.0,0,0.0,0.0,0.0,0.0,0.0,True,6,257,2,0,2,5,1,1,0,0,0,0,0,0.0,1,3,0,0,1,0,0,1
0,22.0,0,0.0,0.0,313.0,299.0,92.0,False,3,258,1,1,1,5,1,1,0,0,0,0,0,704.0,0,1,1,0,0,0,0,1
0,26.0,0,0.0,4810.0,0.0,981.0,2054.0,False,4,260,1,1,1,4,1,1,0,0,0,0,0,7845.0,0,0,0,1,0,0,0,1
0,26.0,0,66.0,29.0,0.0,0.0,803.0,False,4,261,1,1,1,5,0,1,0,0,0,0,0,898.0,0,2,1,0,0,0,0,1
1,28.0,0,0.0,0.0,0.0,0.0,0.0,True,4,263,1,1,1,6,0,1,0,0,0,0,0,0.0,1,3,1,0,0,0,0,1
1,39.0,0,0.0,0.0,0.0,0.0,0.0,True,5,265,1,1,1,3,1,1,0,0,0,0,0,0.0,1,3,0,1,0,0,0,1
0,13.0,0,118.0,0.0,0.0,754.0,1.0,False,2,267,1,1,1,5,1,1,0,0,0,0,0,873.0,0,2,1,0,0,0,0,1
0,47.0,0,0.0,231.0,592.0,0.0,0.0,True,5,269,1,1,1,5,1,1,0,0,0,0,0,823.0,0,2,1,0,0,1,0,0
0,63.0,0,0.0,25.0,128.0,0.0,1240.0,False,6,270,1,1,1,5,0,1,0,0,0,0,0,1393.0,0,2,1,0,0,0,0,1
1,27.0,0,0.0,0.0,0.0,0.0,0.0,True,5,275,1,1,1,3,1,1,0,0,0,0,0,0.0,1,3,0,1,0,1,0,0
0,50.0,0,44.0,2390.0,0.0,53.0,0.0,True,5,277,1,1,1,5,0,1,0,0,0,0,0,2487.0,0,0,1,0,0,1,0,0
0,35.0,0,0.0,0.0,0.0,888.0,333.0,False,5,278,1,0,2,5,1,0,1,0,0,0,0,888.0,0,2,1,0,0,0,0,1
0,45.0,0,0.0,97.0,0.0,14.0,333.0,False,5,278,2,0,2,6,0,1,0,0,0,0,0,444.0,0,1,1,0,0,0,0,1
0,19.0,0,0.0,0.0,2078.0,0.0,0.0,True,3,281,1,1,1,5,0,1,0,0,0,0,0,2078.0,0,0,1,0,0,0,0,1
0,21.0,0,0.0,918.0,0.0,0.0,0.0,True,3,282,1,1,1,5,1,1,0,0,0,0,0,918.0,0,2,1,0,0,0,0,1
1,29.0,0,0.0,0.0,0.0,0.0,0.0,True,4,283,1,0,2,6,0,1,0,0,0,0,0,0.0,1,3,1,0,0,0,1,0
0,22.0,0,146.0,654.0,1.0,0.0,2.0,True,3,283,2,0,2,5,0,1,0,0,0,0,0,803.0,0,2,1,0,0,0,0,1
1,14.0,0,0.0,0.0,0.0,0.0,0.0,True,2,285,1,0,2,4,0,1,0,0,0,0,0,0.0,1,3,0,1,0,0,0,1
1,42.0,0,0.0,0.0,0.0,0.0,0.0,True,5,285,2,0,2,4,0,1,0,0,0,0,0,0.0,1,3,0,1,0,1,0,0
0,57.0,0,3.0,1281.0,29.0,162.0,13.0,False,6,286,1,1,1,5,0,1,0,0,0,0,0,1488.0,0,0,1,0,0,1,0,0
1,39.0,0,0.0,0.0,0.0,0.0,0.0,True,5,287,1,0,2,5,1,0,1,0,0,0,0,0.0,1,3,0,1,0,1,0,0
0,28.0,0,0.0,587.0,32.0,6.0,1460.0,False,4,287,2,0,2,1,0,1,0,0,0,0,0,2085.0,0,0,0,1,0,0,0,1
0,19.0,0,0.0,0.0,0.0,0.0,828.0,False,3,288,1,1,1,5,1,1,0,0,0,0,0,828.0,0,2,1,0,0,1,0,0
1,19.0,0,0.0,0.0,0.0,0.0,0.0,True,3,289,1,1,1,2,1,1,0,0,0,0,0,0.0,1,3,0,1,0,1,0,0
0,26.0,0,0.0,4458.0,0.0,1157.0,262.0,True,4,290,1,0,4,1,1,1,0,0,0,0,0,5877.0,0,0,0,1,0,1,0,0
1,17.0,0,0.0,0.0,0.0,0.0,0.0,True,2,290,2,0,4,1,1,1,0,0,0,0,0,0.0,1,3,0,1,0,0,0,1
0,43.0,0,0.0,0.0,0.0,0.0,0.0,True,5,290,3,0,4,1,1,1,0,0,0,0,0,0.0,1,3,0,1,0,0,0,1
0,9.0,0,0.0,0.0,0.0,0.0,0.0,True,1,290,4,0,4,1,1,1,0,0,0,0,0,0.0,1,3,0,1,0,1,0,0
0,40.0,0,0.0,6500.0,88.0,1090.0,0.0,True,5,291,1,1,1,3,1,1,0,0,0,0,0,7678.0,0,0,0,1,0,0,0,1
1,50.0,0,0.0,0.0,0.0,0.0,0.0,True,5,294,1,1,1,1,1,1,0,0,0,0,0,0.0,1,3,0,1,0,0,0,1
0,24.0,0,90.0,2.0,1324.0,17.0,0.0,True,3,297,1,1,1,6,0,1,0,0,0,0,0,1433.0,0,2,1,0,0,0,0,1
1,57.0,0,0.0,0.0,0.0,0.0,0.0,True,6,298,1,1,1,0,0,1,0,0,0,0,0,0.0,1,3,0,1,0,1,0,0
1,16.0,0,0.0,0.0,0.0,0.0,0.0,False,2,301,1,1,1,5,1,0,1,0,0,0,0,0.0,1,3,1,0,0,0,0,1
0,23.0,0,0.0,0.0,15.0,0.0,1370.0,False,3,302,1,1,1,5,0,1,0,0,0,0,0,1385.0,0,2,1,0,0,0,0,1
1,23.0,0,0.0,0.0,0.0,0.0,0.0,True,3,303,1,1,1,6,1,1,0,0,0,0,0,0.0,1,3,1,0,0,0,0,1
0,28.0,0,0.0,422.0,0.0,1851.0,5166.0,False,4,304,1,1,1,4,1,1,0,0,0,0,0,7439.0,0,0,0,1,0,0,0,1
0,23.0,0,0.0,584.0,0.0,20.0,2469.0,False,3,305,1,1,1,2,0,1,0,0,0,0,0,3073.0,0,0,0,1,0,1,0,0
0,23.0,0,368.0,175.0,259.0,1.0,101.0,False,3,306,1,1,1,4,1,1,0,0,0,0,0,904.0,0,2,1,0,0,0,0,1
0,18.0,0,0.0,0.0,1359.0,0.0,0.0,True,2,307,1,1,1,5,1,1,0,0,0,0,0,1359.0,0,2,1,0,0,0,0,1
0,18.0,0,1194.0,0.0,157.0,6.0,0.0,False,2,309,1,1,1,5,1,1,0,0,0,0,0,1357.0,0,2,1,0,0,0,0,1
0,67.0,0,0.0,230.0,0.0,4476.0,241.0,False,6,310,1,1,1,5,1,0,1,0,0,0,0,4947.0,0,0,0,1,0,0,0,1
0,60.0,0,7.0,540.0,1.0,0.0,4.0,True,6,313,1,0,4,5,0,1,0,0,0,0,0,552.0,0,1,1,0,0,0,1,0
1,49.0,0,0.0,0.0,0.0,0.0,0.0,True,0,313,2,0,4,6,0,1,0,0,0,0,0,0.0,1,3,1,0,0,1,0,0
0,49.0,0,331.0,0.0,0.0,318.0,0.0,True,5,313,3,0,4,5,0,1,0,0,0,0,0,649.0,0,1,1,0,0,1,0,0
0,0.0,0,0.0,0.0,0.0,0.0,0.0,True,0,313,4,0,4,6,0,1,0,0,0,0,0,0.0,1,3,1,0,0,1,0,0
0,26.0,0,386.0,0.0,74.0,0.0,1330.0,False,4,314,1,1,1,6,0,1,0,0,0,0,0,1790.0,0,0,1,0,0,1,0,0
1,35.0,0,0.0,0.0,0.0,0.0,0.0,True,5,315,1,1,1,6,1,1,0,0,0,0,0,0.0,1,3,1,0,0,0,1,0
0,24.0,0,0.0,2628.0,0.0,170.0,0.0,True,3,316,1,0,2,1,1,1,0,0,0,0,0,2798.0,0,0,0,1,0,0,0,1
1,20.0,0,0.0,0.0,0.0,0.0,0.0,True,3,316,2,0,2,1,1,1,0,0,0,0,0,0.0,1,3,0,1,0,0,0,1
0,18.0,0,0.0,2.0,0.0,0.0,0.0,False,2,320,1,0,2,6,1,1,0,0,0,0,0,2.0,0,1,1,0,0,0,0,1
0,21.0,0,0.0,5.0,3.0,0.0,0.0,False,3,320,2,0,2,6,1,1,0,0,0,0,0,8.0,0,1,1,0,0,0,0,1
0,59.0,1,1018.0,0.0,209.0,0.0,0.0,False,6,321,1,1,1,5,1,1,0,0,0,0,0,1227.0,0,2,1,0,0,0,0,1
1,13.0,0,0.0,0.0,0.0,0.0,0.0,False,2,322,1,1,1,6,1,1,0,0,0,0,0,0.0,1,3,1,0,0,0,1,0
1,43.0,0,0.0,0.0,0.0,0.0,0.0,False,5,324,1,1,1,6,0,1,0,0,0,0,0,0.0,1,3,1,0,0,1,0,0
1,29.0,0,0.0,0.0,0.0,0.0,0.0,False,4,326,1,1,1,6,1,1,0,0,0,0,0,0.0,1,3,1,0,0,0,0,1
0,19.0,0,17.0,0.0,784.0,0.0,2.0,True,3,327,1,1,1,5,1,0,1,0,0,0,0,803.0,0,2,1,0,0,0,0,1
0,2.0,0,0.0,0.0,0.0,0.0,0.0,True,0,330,1,0,3,2,1,1,0,0,0,0,0,0.0,1,3,0,1,0,0,0,1
0,32.0,0,247.0,4651.0,0.0,46.0,202.0,True,4,330,2,0,3,2,1,1,0,0,0,0,0,5146.0,0,0,0,1,0,0,0,1
0,33.0,0,443.0,317.0,0.0,148.0,1260.0,False,5,330,3,0,3,2,1,1,0,0,0,0,0,2168.0,0,0,0,1,0,0,0,1
0,25.0,0,0.0,0.0,251.0,0.0,552.0,False,3,331,1,1,1,5,0,1,0,0,0,0,0,803.0,0,2,1,0,0,0,0,1
1,29.0,0,0.0,0.0,0.0,0.0,0.0,True,4,333,1,1,1,5,0,1,0,0,0,0,0,0.0,1,3,0,0,1,1,0,0
0,29.0,0,5715.0,2.0,211.0,1476.0,0.0,False,4,334,1,1,1,5,1,1,0,0,0,0,0,7404.0,0,0,0,0,1,0,0,1
0,44.0,0,695.0,1.0,16.0,0.0,0.0,False,5,336,1,1,1,5,0,1,0,0,0,0,0,712.0,0,1,1,0,0,0,0,1
1,2.0,0,0.0,0.0,0.0,0.0,0.0,True,0,337,1,0,3,5,1,1,0,0,0,0,0,0.0,1,3,0,0,1,1,0,0
0,19.0,0,417.0,349.0,634.0,3.0,1057.0,True,3,337,2,0,3,5,1,1,0,0,0,0,0,2460.0,0,0,0,0,1,0,0,1
0,0.0,0,0.0,0.0,0.0,0.0,0.0,True,0,337,3,0,3,5,1,1,0,0,0,0,0,0.0,1,3,0,0,1,1,0,0
1,18.0,0,0.0,0.0,0.0,0.0,0.0,True,2,338,1,1,1,6,1,1,0,0,0,0,0,0.0,1,3,1,0,0,0,0,1
1,38.0,0,0.0,0.0,0.0,0.0,0.0,True,5,340,1,1,1,1,1,1,0,0,0,0,0,0.0,1,3,0,1,0,1,0,0
1,5.0,0,0.0,0.0,0.0,0.0,0.0,False,1,341,1,1,1,6,0,1,0,0,0,0,0,0.0,1,3,1,0,0,0,1,0
0,31.0,0,121.0,0.0,0.0,274.0,907.0,False,4,343,1,1,1,5,0,1,0,0,0,0,0,1302.0,0,2,1,0,0,0,1,0
1,30.0,0,0.0,0.0,0.0,0.0,0.0,False,4,345,1,1,1,4,1,1,0,0,0,0,0,0.0,1,3,0,0,1,0,0,1
1,15.0,0,0.0,0.0,0.0,0.0,0.0,True,2,346,1,1,1,6,0,1,0,0,0,0,0,0.0,1,3,1,0,0,1,0,0
0,27.0,0,434.0,0.0,1434.0,0.0,0.0,False,4,347,1,1,1,5,1,1,0,0,0,0,0,1868.0,0,0,0,0,1,0,0,1
0,22.0,0,142.0,2876.0,202.0,3.0,0.0,True,3,348,1,0,2,3,0,1,0,0,0,0,0,3223.0,0,0,0,0,1,0,0,1
0,36.0,0,520.0,0.0,1865.0,0.0,0.0,True,5,348,2,0,2,5,1,0,1,0,0,0,0,2385.0,0,0,0,0,1,0,0,1
1,14.0,0,0.0,0.0,0.0,0.0,0.0,True,2,350,1,1,1,6,0,1,0,0,0,0,0,0.0,1,3,1,0,0,0,1,0
0,23.0,0,2001.0,0.0,2975.0,0.0,0.0,False,3,352,1,1,1,5,0,1,0,0,0,0,0,4976.0,0,0,0,0,1,0,0,1
1,18.0,0,0.0,0.0,0.0,0.0,0.0,True,2,355,1,1,1,5,1,0,1,0,0,0,0,0.0,1,3,1,0,0,0,0,1
1,36.0,0,0.0,0.0,0.0,0.0,0.0,True,5,356,1,1,1,1,0,1,0,0,0,0,0,0.0,1,3,0,1,0,1,0,0
0,41.0,0,0.0,1198.0,0.0,124.0,572.0,False,5,357,1,1,1,5,1,1,0,0,0,0,0,1894.0,0,0,1,0,0,0,0,1
1,50.0,0,0.0,0.0,0.0,0.0,0.0,True,5,358,1,0,2,6,1,1,0,0,0,0,0,0.0,1,3,1,0,0,0,0,1
1,32.0,0,0.0,0.0,0.0,0.0,0.0,True,4,358,2,0,2,6,1,1,0,0,0,0,0,0.0,1,3,1,0,0,0,1,0
0,26.0,0,148.0,0.0,453.0,0.0,88.0,False,4,359,1,1,1,5,1,1,0,0,0,0,0,689.0,0,1,1,0,0,0,1,0
0,15.0,0,358.0,212.0,33.0,0.0,112.0,False,2,360,1,1,1,5,1,1,0,0,0,0,0,715.0,0,1,1,0,0,0,0,1
0,33.0,0,0.0,36.0,0.0,280.0,417.0,True,5,361,1,1,1,5,1,1,0,0,0,0,0,733.0,0,2,1,0,0,1,0,0
0,27.0,0,0.0,0.0,0.0,685.0,21.0,False,5,365,1,1,1,6,1,1,0,0,0,0,0,706.0,0,1,1,0,0,1,0,0
0,26.0,0,2832.0,107.0,4447.0,15.0,4.0,False,4,368,1,0,2,5,0,1,0,0,0,0,0,7405.0,0,0,0,0,1,0,0,1
1,61.0,0,0.0,0.0,0.0,0.0,0.0,True,6,368,2,0,2,5,0,1,0,0,0,0,0,0.0,1,3,0,0,1,0,0,1
0,24.0,0,0.0,0.0,592.0,177.0,58.0,True,3,369,1,1,1,6,1,1,0,0,0,0,0,827.0,0,2,1,0,0,0,0,1
0,30.0,0,0.0,95.0,0.0,441.0,1023.0,False,4,370,1,1,1,5,0,1,0,0,0,0,0,1559.0,0,0,1,0,0,0,0,1
1,24.0,0,0.0,0.0,0.0,0.0,0.0,True,3,371,1,1,1,5,0,1,0,0,0,0,0,0.0,1,3,0,0,1,0,0,1
0,24.0,0,0.0,5.0,0.0,2766.0,0.0,False,3,372,1,1,1,5,0,1,0,0,0,0,0,2771.0,0,0,1,0,0,0,0,1
1,41.0,0,0.0,0.0,0.0,0.0,0.0,False,5,373,1,1,1,6,0,1,0,0,0,0,0,0.0,1,3,1,0,0,0,0,1
0,20.0,0,0.0,0.0,558.0,0.0,230.0,False,3,375,1,1,1,4,0,1,0,0,0,0,0,788.0,0,2,1,0,0,0,0,1
0,22.0,0,116.0,0.0,786.0,6.0,0.0,True,3,376,1,1,1,6,1,1,0,0,0,0,0,908.0,0,2,1,0,0,0,0,1
0,63.0,0,0.0,1068.0,0.0,176.0,8188.0,False,6,377,1,1,1,2,1,1,0,0,0,0,0,9432.0,0,0,0,1,0,1,0,0
0,18.0,0,17.0,215.0,4.0,5132.0,697.0,False,2,378,1,0,7,1,1,1,0,0,0,0,0,6065.0,0,0,0,1,0,1,0,0
1,21.0,0,0.0,0.0,0.0,0.0,0.0,True,3,378,2,0,7,1,1,1,0,0,0,0,0,0.0,1,3,0,1,0,1,0,0
0,79.0,0,5649.0,235.0,7.0,2579.0,2175.0,False,6,378,3,0,7,1,1,1,0,0,0,0,0,10645.0,0,0,0,1,0,0,0,1
1,56.0,0,0.0,0.0,0.0,0.0,0.0,True,6,378,4,0,7,1,1,1,0,0,0,0,0,0.0,1,3,0,1,0,0,0,1
1,13.0,0,0.0,0.0,0.0,0.0,0.0,True,2,378,5,0,7,1,1,1,0,0,0,0,0,0.0,1,3,0,1,0,0,0,1
0,33.0,0,0.0,2491.0,6.0,1173.0,1059.0,False,5,378,6,0,7,1,1,1,0,0,0,0,0,4729.0,0,0,0,1,0,0,0,1
1,32.0,0,0.0,0.0,0.0,0.0,0.0,True,4,378,7,0,7,1,1,1,0,0,0,0,0,0.0,1,3,0,1,0,0,0,1
0,31.0,0,198.0,0.0,591.0,0.0,164.0,True,4,379,1,1,1,6,0,1,0,0,0,0,0,953.0,0,2,1,0,0,0,0,1
1,26.0,0,0.0,0.0,0.0,0.0,0.0,True,4,380,1,1,1,5,1,0,1,0,0,0,0,0.0,1,3,0,1,0,1,0,0
1,18.0,0,0.0,0.0,0.0,0.0,0.0,True,2,381,1,0,2,1,0,1,0,0,0,0,0,0.0,1,3,0,1,0,1,0,0
1,38.0,0,0.0,0.0,0.0,0.0,0.0,True,5,381,2,0,2,1,0,1,0,0,0,0,0,0.0,1,3,0,1,0,1,0,0
0,23.0,0,348.0,0.0,0.0,4.0,368.0,False,3,382,1,1,1,6,0,1,0,0,0,0,0,720.0,0,2,1,0,0,0,0,1
0,28.0,0,82.0,773.0,0.0,3693.0,140.0,False,4,383,1,0,2,6,1,1,0,0,0,0,0,4688.0,0,0,1,0,0,0,0,1
1,34.0,0,0.0,0.0,0.0,0.0,0.0,False,5,383,2,0,2,6,1,1,0,0,0,0,0,0.0,1,3,1,0,0,0,1,0
0,0.0,0,0.0,0.0,0.0,0.0,0.0,True,0,384,1,0,2,6,1,1,0,0,0,0,0,0.0,1,3,1,0,0,1,0,0
0,14.0,0,3.0,0.0,881.0,25.0,0.0,True,2,384,2,0,2,6,1,1,0,0,0,0,0,909.0,0,2,1,0,0,0,0,1
0,23.0,0,13.0,747.0,0.0,0.0,128.0,False,3,385,1,1,1,6,0,1,0,0,0,0,0,888.0,0,2,1,0,0,0,0,1
1,49.0,0,0.0,0.0,0.0,0.0,0.0,False,5,387,1,1,1,6,0,1,0,0,0,0,0,0.0,1,3,1,0,0,0,0,1
1,14.0,0,0.0,0.0,0.0,0.0,0.0,False,2,388,1,1,1,6,1,1,0,0,0,0,0,0.0,1,3,1,0,0,0,0,1
0,18.0,0,391.0,44.0,356.0,0.0,0.0,False,2,389,1,1,1,4,0,1,0,0,0,0,0,791.0,0,2,1,0,0,0,0,1
0,27.0,1,69.0,5728.0,0.0,0.0,987.0,True,4,391,1,1,1,2,0,1,0,0,0,0,0,6784.0,0,0,0,1,0,0,1,0
0,48.0,0,0.0,111.0,0.0,1508.0,0.0,False,5,392,1,1,1,4,0,1,0,0,0,0,0,1619.0,0,0,1,0,0,0,0,1
0,31.0,1,0.0,11003.0,552.0,8157.0,5688.0,False,4,395,1,0,2,1,0,1,0,0,0,0,0,25400.0,0,0,0,1,0,1,0,0
0,61.0,0,1.0,608.0,0.0,3835.0,1.0,False,6,395,2,0,2,1,0,1,0,0,0,0,0,4445.0,0,0,0,1,0,1,0,0
1,18.0,0,0.0,0.0,0.0,0.0,0.0,True,2,396,1,1,1,6,1,1,0,0,0,0,0,0.0,1,3,1,0,0,0,0,1
1,45.0,0,0.0,0.0,0.0,0.0,0.0,True,5,397,1,1,1,5,1,1,0,0,0,0,0,0.0,1,3,0,0,1,0,0,1
0,22.0,0,28.0,420.0,36.0,6011.0,3.0,False,3,398,1,1,1,3,1,1,0,0,0,0,0,6498.0,0,0,0,0,1,0,0,1
0,30.0,1,1056.0,0.0,0.0,0.0,0.0,False,4,401,1,0,2,3,1,1,0,0,0,0,0,1056.0,0,2,0,0,1,0,0,1
0,30.0,0,1770.0,0.0,0.0,13.0,0.0,False,4,401,2,0,2,3,1,1,0,0,0,0,0,1783.0,0,0,0,0,1,0,0,1
1,32.0,1,0.0,0.0,0.0,0.0,0.0,True,4,402,1,1,1,3,1,1,0,0,0,0,0,0.0,1,3,1,0,0,1,0,0
0,43.0,1,353.0,896.0,0.0,0.0,2.0,True,5,403,1,1,1,3,0,1,0,0,0,0,0,1251.0,0,2,0,0,1,0,0,1
0,17.0,0,177.0,0.0,0.0,310.0,7.0,False,2,405,1,1,1,5,0,1,0,0,0,0,0,494.0,0,1,1,0,0,1,0,0
0,23.0,0,0.0,21.0,0.0,0.0,1699.0,False,3,407,1,0,3,6,0,1,0,0,0,0,0,1720.0,0,0,1,0,0,0,0,1
0,20.0,0,0.0,465.0,0.0,5.0,223.0,False,3,407,2,0,3,5,0,1,0,0,0,0,0,693.0,0,1,1,0,0,0,0,1
1,39.0,0,0.0,0.0,0.0,0.0,0.0,False,5,407,3,0,3,6,0,1,0,0,0,0,0,0.0,1,3,1,0,0,0,0,1
0,35.0,0,1134.0,113.0,52.0,0.0,0.0,False,5,408,1,1,1,4,0,1,0,0,0,0,0,1299.0,0,2,0,0,1,0,0,1
0,31.0,0,0.0,0.0,1116.0,2.0,0.0,False,4,409,1,1,1,5,1,1,0,0,0,0,0,1118.0,0,2,0,0,1,0,0,1
0,21.0,0,0.0,150.0,0.0,567.0,0.0,False,3,410,1,1,1,5,1,1,0,0,0,0,0,717.0,0,2,1,0,0,1,0,0
0,16.0,0,691.0,0.0,101.0,140.0,0.0,False,2,411,1,1,1,5,0,1,0,0,0,0,0,932.0,0,2,1,0,0,0,0,1
0,60.0,0,0.0,7255.0,5952.0,1537.0,0.0,True,6,412,1,1,1,2,0,1,0,0,0,0,0,14744.0,0,0,0,1,0,0,0,1
0,18.0,0,0.0,157.0,0.0,352.0,60.0,False,2,413,1,1,1,5,0,1,0,0,0,0,0,569.0,0,1,1,0,0,0,0,1
1,42.0,0,0.0,0.0,0.0,0.0,0.0,False,5,415,1,1,1,6,1,1,0,0,0,0,0,0.0,1,3,1,0,0,0,0,1
1,68.0,0,0.0,0.0,0.0,0.0,0.0,True,6,417,1,0,3,1,0,1,0,0,0,0,0,0.0,1,3,0,1,0,1,0,0
0,22.0,0,0.0,1170.0,0.0,5467.0,1241.0,False,3,417,2,0,3,1,0,1,0,0,0,0,0,7878.0,0,0,0,1,0,1,0,0
1,59.0,0,0.0,0.0,0.0,0.0,0.0,True,6,417,3,0,3,1,0,1,0,0,0,0,0,0.0,1,3,0,1,0,0,0,1
0,27.0,0,8.0,3584.0,0.0,13.0,57.0,True,5,423,1,1,1,1,0,1,0,0,0,0,0,3662.0,0,0,0,1,0,0,0,1
0,37.0,0,1094.0,2.0,26.0,34.0,1.0,False,5,425,1,0,3,5,0,1,0,0,0,0,0,1157.0,0,2,0,0,1,0,0,1
1,3.0,0,0.0,0.0,0.0,0.0,0.0,True,0,425,2,0,3,5,0,1,0,0,0,0,0,0.0,1,3,0,0,1,0,0,1
1,31.0,0,0.0,0.0,0.0,0.0,0.0,True,4,425,3,0,3,5,0,1,0,0,0,0,0,0.0,1,3,0,0,1,0,0,1
0,31.0,0,417.0,0.0,7185.0,562.0,792.0,True,4,427,1,1,1,4,0,1,0,0,0,0,0,8956.0,0,0,0,1,0,0,0,1
0,29.0,0,0.0,4118.0,0.0,715.0,3139.0,True,4,428,1,1,1,2,1,1,0,0,0,0,0,7972.0,0,0,0,1,0,0,0,1
0,20.0,0,2.0,10116.0,0.0,2.0,225.0,True,3,429,1,0,2,0,1,1,0,0,0,0,0,10345.0,0,0,0,1,0,1,0,0
1,46.0,0,0.0,0.0,0.0,0.0,0.0,True,5,429,2,0,2,0,1,1,0,0,0,0,0,0.0,1,3,0,1,0,1,0,0
0,29.0,0,0.0,1026.0,0.0,16.0,0.0,True,4,430,1,1,1,5,1,1,0,0,0,0,0,1042.0,0,2,1,0,0,0,0,1
1,43.0,0,0.0,0.0,0.0,0.0,0.0,True,5,431,1,1,1,5,0,1,0,0,0,0,0,0.0,1,3,0,0,1,0,0,1
0,17.0,0,1483.0,10.0,0.0,0.0,0.0,False,2,432,1,1,1,5,1,1,0,0,0,0,0,1493.0,0,0,0,0,1,0,0,1
0,27.0,0,0.0,0.0,0.0,0.0,0.0,True,4,433,1,0,2,1,0,1,0,0,0,0,0,0.0,1,3,0,1,0,1,0,0
0,47.0,0,4.0,891.0,0.0,2962.0,3656.0,False,5,433,2,0,2,1,0,1,0,0,0,0,0,7513.0,0,0,0,1,0,0,0,1
1,45.0,0,0.0,0.0,0.0,0.0,0.0,True,5,434,1,1,1,5,1,1,0,0,0,0,0,0.0,1,3,0,0,1,0,0,1
1,17.0,0,0.0,0.0,0.0,0.0,0.0,True,2,435,1,1,1,6,1,1,0,0,0,0,0,0.0,1,3,1,0,0,0,0,1
0,10.0,0,0.0,0.0,0.0,0.0,0.0,True,1,436,1,0,2,6,1,1,0,0,0,0,0,0.0,1,3,1,0,0,1,0,0
0,56.0,0,46.0,11.0,0.0,622.0,0.0,False,6,436,2,0,2,6,1,1,0,0,0,0,0,679.0,0,1,1,0,0,0,1,0
0,39.0,0,382.0,0.0,22.0,467.0,0.0,False,5,437,1,0,2,5,1,1,0,0,0,0,0,871.0,0,2,1,0,0,0,0,1
0,40.0,0,7.0,0.0,840.0,26.0,0.0,False,5,437,2,0,2,5,1,1,0,0,0,0,0,873.0,0,2,1,0,0,0,1,0
1,40.0,0,0.0,0.0,0.0,0.0,0.0,True,5,438,1,1,1,1,1,1,0,0,0,0,0,0.0,1,3,0,1,0,0,0,1
0,34.0,0,0.0,5637.0,45.0,1936.0,56.0,False,5,439,1,1,1,2,0,1,0,0,0,0,0,7674.0,0,0,0,1,0,1,0,0
0,32.0,0,0.0,0.0,0.0,722.0,0.0,False,4,441,1,1,1,5,1,1,0,0,0,0,0,722.0,0,2,1,0,0,1,0,0
0,35.0,0,7.0,1043.0,0.0,0.0,0.0,False,5,442,1,1,1,5,0,1,0,0,0,0,0,1050.0,0,2,1,0,0,0,0,1
0,32.0,1,2484.0,429.0,102.0,0.0,0.0,False,4,444,1,0,2,3,0,1,0,0,0,0,0,3015.0,0,0,0,0,1,0,0,1
0,26.0,1,1869.0,0.0,136.0,0.0,0.0,False,4,444,2,0,2,5,0,1,0,0,0,0,0,2005.0,0,0,0,0,1,0,0,1
0,25.0,0,1352.0,0.0,0.0,24.0,799.0,False,3,445,1,0,2,5,1,1,0,0,0,0,0,2175.0,0,0,1,0,0,0,0,1
0,26.0,0,0.0,0.0,0.0,77.0,715.0,False,4,445,2,0,2,4,1,1,0,0,0,0,0,792.0,0,2,1,0,0,0,0,1
1,22.0,0,0.0,0.0,0.0,0.0,0.0,True,3,446,1,1,1,1,0,1,0,0,0,0,0,0.0,1,3,0,1,0,1,0,0
0,22.0,0,9.0,0.0,795.0,0.0,0.0,True,3,447,1,1,1,5,1,1,0,0,0,0,0,804.0,0,2,1,0,0,0,0,1
0,24.0,0,757.0,0.0,0.0,32.0,0.0,False,3,448,1,0,2,4,0,1,0,0,0,0,0,789.0,0,2,1,0,0,0,0,1
1,32.0,0,0.0,0.0,0.0,0.0,0.0,True,4,448,2,0,2,6,0,1,0,0,0,0,0,0.0,1,3,1,0,0,0,1,0
1,11.0,0,0.0,0.0,0.0,0.0,0.0,True,1,449,1,1,1,6,1,1,0,0,0,0,0,0.0,1,3,1,0,0,0,0,1
1,22.0,0,0.0,0.0,0.0,0.0,0.0,True,3,452,1,1,1,4,1,1,0,0,0,0,0,0.0,1,3,0,0,1,0,0,1
1,19.0,0,0.0,0.0,0.0,0.0,0.0,True,3,453,1,0,3,1,1,1,0,0,0,0,0,0.0,1,3,0,1,0,0,0,1
1,34.0,0,0.0,0.0,0.0,0.0,0.0,True,5,453,2,0,3,5,1,0,1,0,0,0,0,0.0,1,3,0,1,0,1,0,0
1,74.0,0,0.0,0.0,0.0,0.0,0.0,True,6,453,3,0,3,1,1,1,0,0,0,0,0,0.0,1,3,0,1,0,0,0,1
1,28.0,1,5.0,4288.0,0.0,745.0,5.0,True,4,454,1,0,3,1,1,1,0,0,0,0,0,5043.0,0,0,0,1,0,1,0,0
1,42.0,0,0.0,0.0,0.0,0.0,0.0,True,5,454,2,0,3,1,1,1,0,0,0,0,0,0.0,1,3,0,1,0,0,0,1
1,43.0,0,0.0,0.0,0.0,0.0,0.0,True,5,454,3,0,3,1,1,1,0,0,0,0,0,0.0,1,3,0,1,0,0,0,1
0,55.0,0,210.0,185.0,188.0,59.0,73.0,False,6,456,1,1,1,5,1,1,0,0,0,0,0,715.0,0,1,1,0,0,0,0,1
0,19.0,0,0.0,0.0,747.0,26.0,0.0,True,3,457,1,0,3,6,0,1,0,0,0,0,0,773.0,0,2,1,0,0,0,1,0
1,6.0,0,0.0,0.0,0.0,0.0,0.0,False,1,457,2,0,3,6,0,1,0,0,0,0,0,0.0,1,3,1,0,0,0,0,1
0,7.0,0,0.0,0.0,0.0,0.0,0.0,False,1,457,3,0,3,6,0,1,0,0,0,0,0,0.0,1,3,1,0,0,0,0,1
1,28.0,0,0.0,0.0,0.0,0.0,0.0,True,4,458,1,1,1,3,1,1,0,0,0,0,0,0.0,1,3,0,1,0,1,0,0
0,15.0,0,2156.0,0.0,0.0,59.0,2.0,False,2,459,1,1,1,5,1,1,0,0,0,0,0,2217.0,0,0,1,0,0,0,0,1
1,24.0,0,0.0,0.0,0.0,0.0,0.0,True,3,460,1,1,1,6,1,1,0,0,0,0,0,0.0,1,3,1,0,0,0,1,0
0,31.0,0,0.0,869.0,0.0,0.0,0.0,True,4,461,1,0,3,4,1,1,0,0,0,0,0,869.0,0,2,1,0,0,0,1,0
0,22.0,0,0.0,70.0,182.0,612.0,20.0,True,3,461,2,0,3,5,1,1,0,0,0,0,0,884.0,0,2,1,0,0,0,0,1
0,1.0,0,0.0,0.0,0.0,0.0,0.0,True,0,461,3,0,3,6,1,1,0,0,0,0,0,0.0,1,3,1,0,0,1,0,0
1,50.0,0,0.0,0.0,0.0,0.0,0.0,False,5,462,1,1,1,6,1,1,0,0,0,0,0,0.0,1,3,1,0,0,0,0,1
0,34.0,0,865.0,0.0,257.0,0.0,35.0,False,5,463,1,0,2,5,0,1,0,0,0,0,0,1157.0,0,2,0,0,1,0,0,1
0,14.0,0,928.0,852.0,81.0,0.0,0.0,False,2,463,2,0,2,5,0,1,0,0,0,0,0,1861.0,0,0,0,0,1,0,0,1
0,19.0,0,4.0,10.0,0.0,1178.0,428.0,False,3,465,1,0,2,4,0,1,0,0,0,0,0,1620.0,0,0,1,0,0,0,0,1
0,19.0,0,0.0,654.0,22.0,146.0,4.0,True,3,465,2,0,2,4,0,1,0,0,0,0,0,826.0,0,2,1,0,0,0,0,1
0,36.0,0,0.0,0.0,863.0,1.0,1.0,False,5,466,1,1,1,5,0,1,0,0,0,0,0,865.0,0,2,1,0,0,0,0,1
1,34.0,0,0.0,0.0,0.0,0.0,0.0,False,5,468,1,1,1,5,1,0,1,0,0,0,0,0.0,1,3,1,0,0,0,0,1
1,25.0,0,0.0,0.0,0.0,0.0,0.0,True,3,470,1,0,2,5,1,1,0,0,0,0,0,0.0,1,3,0,0,1,1,0,0
1,36.0,0,0.0,0.0,0.0,0.0,0.0,True,5,470,2,0,2,5,1,1,0,0,0,0,0,0.0,1,3,0,0,1,0,0,1
0,16.0,0,0.0,45.0,2.0,5183.0,170.0,False,2,471,1,0,2,1,0,1,0,0,0,0,0,5400.0,0,0,0,1,0,0,0,1
0,30.0,0,0.0,7972.0,0.0,0.0,4.0,True,4,471,2,0,2,1,0,1,0,0,0,0,0,7976.0,0,0,0,1,0,1,0,0
0,37.0,0,0.0,10.0,544.0,9.0,299.0,False,5,472,1,1,1,5,1,1,0,0,0,0,0,862.0,0,2,1,0,0,0,1,0
1,15.0,0,0.0,0.0,0.0,0.0,0.0,True,2,474,1,1,1,6,1,1,0,0,0,0,0,0.0,1,3,1,0,0,1,0,0
0,36.0,0,0.0,0.0,38.0,9.0,943.0,False,5,475,1,1,1,4,0,1,0,0,0,0,0,990.0,0,2,1,0,0,0,0,1
0,27.0,0,0.0,6.0,145.0,144.0,0.0,False,4,476,1,0,3,5,0,1,0,0,0,0,0,295.0,0,1,0,0,1,0,1,0
1,27.0,0,0.0,0.0,0.0,0.0,0.0,True,4,476,2,0,3,5,0,1,0,0,0,0,0,0.0,1,3,0,0,1,0,0,1
1,12.0,0,0.0,0.0,0.0,0.0,0.0,True,1,476,3,0,3,5,0,1,0,0,0,0,0,0.0,1,3,0,0,1,0,0,1
0,22.0,0,0.0,5.0,0.0,1619.0,0.0,False,3,477,1,1,1,4,0,1,0,0,0,0,0,1624.0,0,0,1,0,0,0,0,1
0,27.0,0,0.0,34.0,23.0,0.0,275.0,False,4,480,1,1,1,6,0,1,0,0,0,0,0,332.0,0,1,1,0,0,0,0,1
1,13.0,0,0.0,0.0,0.0,0.0,0.0,True,2,481,1,1,1,6,1,1,0,0,0,0,0,0.0,1,3,1,0,0,0,0,1
0,27.0,0,0.0,118.0,0.0,5.0,665.0,False,4,482,1,0,2,4,1,1,0,0,0,0,0,788.0,0,2,1,0,0,0,0,1
0,28.0,0,0.0,14.0,0.0,0.0,615.0,False,4,482,2,0,2,5,1,1,0,0,0,0,0,629.0,0,1,1,0,0,0,0,1
0,21.0,0,0.0,33.0,0.0,3348.0,55.0,False,3,485,1,1,1,1,1,1,0,0,0,0,0,3436.0,0,0,0,1,0,1,0,0
0,39.0,0,172.0,1794.0,12.0,4303.0,246.0,False,5,487,1,1,1,2,1,1,0,0,0,0,0,6527.0,0,0,0,1,0,0,0,1
1,28.0,0,0.0,0.0,0.0,0.0,0.0,False,4,488,1,1,1,6,0,1,0,0,0,0,0,0.0,1,3,1,0,0,0,1,0
1,14.0,0,0.0,0.0,0.0,0.0,0.0,True,2,490,1,1,1,6,1,1,0,0,0,0,0,0.0,1,3,1,0,0,0,0,1
1,27.0,0,0.0,0.0,0.0,0.0,0.0,True,4,498,1,0,2,5,1,0,1,0,0,0,0,0.0,1,3,0,1,0,1,0,0
1,46.0,0,0.0,0.0,0.0,0.0,0.0,True,5,498,2,0,2,1,1,1,0,0,0,0,0,0.0,1,3,0,1,0,1,0,0
1,27.0,0,0.0,0.0,0.0,0.0,0.0,True,4,499,1,0,2,5,1,1,0,0,0,0,0,0.0,1,3,0,0,1,1,0,0
0,21.0,0,0.0,0.0,0.0,0.0,0.0,False,3,499,2,0,2,4,1,1,0,0,0,0,0,0.0,1,3,0,0,1,0,0,1
0,21.0,0,513.0,0.0,1749.0,82.0,0.0,True,3,500,1,1,1,3,0,1,0,0,0,0,0,2344.0,0,0,0,0,1,1,0,0
0,42.0,0,0.0,929.0,967.0,0.0,481.0,False,5,501,1,1,1,4,0,1,0,0,0,0,0,2377.0,0,0,0,1,0,0,0,1
0,22.0,0,10.0,0.0,817.0,471.0,0.0,False,3,502,1,1,1,5,1,0,1,0,0,0,0,1298.0,0,2,0,0,1,0,0,1
0,10.0,0,0.0,0.0,0.0,0.0,0.0,True,1,503,1,0,3,5,1,1,0,0,0,0,0,0.0,1,3,0,0,1,0,0,1
0,43.0,0,1821.0,0.0,47.0,29.0,0.0,False,5,503,2,0,3,5,1,1,0,0,0,0,0,1897.0,0,0,0,0,1,0,0,1
0,42.0,0,1246.0,35.0,16.0,0.0,0.0,False,5,503,3,0,3,4,1,1,0,0,0,0,0,1297.0,0,2,0,0,1,0,0,1
1,18.0,0,0.0,0.0,0.0,0.0,0.0,True,2,504,1,0,6,1,1,1,0,0,0,0,0,0.0,1,3,0,1,0,1,0,0
1,54.0,0,0.0,0.0,0.0,0.0,0.0,True,6,504,2,0,6,1,1,1,0,0,0,0,0,0.0,1,3,0,1,0,1,0,0
1,24.0,0,0.0,0.0,0.0,0.0,0.0,True,3,504,3,0,6,1,1,1,0,0,0,0,0,0.0,1,3,0,1,0,1,0,0
0,64.0,0,0.0,1737.0,11.0,401.0,752.0,False,6,504,4,0,6,1,1,1,0,0,0,0,0,2901.0,0,0,0,1,0,0,0,1
1,18.0,0,0.0,0.0,0.0,0.0,0.0,True,2,504,5,0,6,1,1,1,0,0,0,0,0,0.0,1,3,0,1,0,1,0,0
1,53.0,0,0.0,0.0,0.0,0.0,0.0,True,6,504,6,0,6,1,1,1,0,0,0,0,0,0.0,1,3,0,1,0,1,0,0
1,23.0,0,0.0,0.0,0.0,0.0,0.0,True,3,506,1,1,1,5,1,1,0,0,0,0,0,0.0,1,3,0,0,1,0,0,1
0,39.0,0,0.0,0.0,0.0,0.0,0.0,True,5,507,1,1,1,6,1,1,0,0,0,0,0,0.0,1,3,1,0,0,0,0,1
0,59.0,0,0.0,16521.0,0.0,323.0,0.0,True,6,510,1,1,1,2,0,1,0,0,0,0,0,16844.0,0,0,0,1,0,0,0,1
0,32.0,0,0.0,5755.0,0.0,59.0,122.0,True,4,512,1,0,2,3,1,1,0,0,0,0,0,5936.0,0,0,0,1,0,1,0,0
1,55.0,0,0.0,0.0,0.0,0.0,0.0,True,6,512,2,0,2,3,1,1,0,0,0,0,0,0.0,1,3,0,1,0,0,0,1
1,21.0,0,0.0,0.0,0.0,0.0,0.0,True,3,513,1,1,1,6,0,1,0,0,0,0,0,0.0,1,3,1,0,0,0,1,0
1,50.0,0,0.0,0.0,0.0,0.0,0.0,True,5,515,1,1,1,1,1,1,0,0,0,0,0,0.0,1,3,0,1,0,0,0,1
0,55.0,0,113.0,2492.0,41.0,0.0,2376.0,False,6,516,1,1,1,0,1,1,0,0,0,0,0,5022.0,0,0,0,1,0,1,0,0
0,27.0,0,1445.0,0.0,1.0,2.0,73.0,False,5,517,1,1,1,5,0,1,0,0,0,0,0,1521.0,0,0,1,0,0,0,0,1
1,35.0,0,0.0,0.0,0.0,0.0,0.0,True,5,518,1,1,1,5,1,1,0,0,0,0,0,0.0,1,3,1,0,0,0,0,1
1,27.0,0,0.0,0.0,0.0,0.0,0.0,True,5,519,1,1,1,6,1,1,0,0,0,0,0,0.0,1,3,1,0,0,0,0,1
0,55.0,0,62.0,0.0,0.0,0.0,0.0,False,6,520,1,1,1,6,1,1,0,0,0,0,0,62.0,0,1,1,0,0,0,0,1
0,23.0,0,39.0,263.0,0.0,0.0,0.0,True,3,521,1,1,1,4,1,1,0,0,0,0,0,302.0,0,1,1,0,0,0,0,1
0,42.0,0,0.0,0.0,750.0,0.0,156.0,False,5,522,1,1,1,4,0,1,0,0,0,0,0,906.0,0,2,1,0,0,0,0,1
0,35.0,0,553.0,213.0,1733.0,0.0,6.0,True,5,523,1,1,1,4,1,1,0,0,0,0,0,2505.0,0,0,1,0,0,0,0,1
1,47.0,0,0.0,0.0,0.0,0.0,0.0,True,5,525,1,1,1,5,1,0,1,0,0,0,0,0.0,1,3,1,0,0,0,0,1
0,34.0,0,1172.0,11.0,3.0,0.0,4.0,False,5,527,1,0,2,5,1,1,0,0,0,0,0,1190.0,0,2,0,0,1,1,0,0
1,34.0,0,0.0,0.0,0.0,0.0,0.0,True,5,527,2,0,2,5,1,1,0,0,0,0,0,0.0,1,3,0,0,1,0,0,1
0,46.0,0,0.0,1119.0,0.0,3427.0,6595.0,False,5,528,1,1,1,2,0,1,0,0,0,0,0,11141.0,0,0,0,1,0,0,0,1
1,26.0,0,0.0,0.0,0.0,0.0,0.0,False,4,529,1,1,1,6,0,1,0,0,0,0,0,0.0,1,3,1,0,0,0,1,0
1,1.0,0,0.0,0.0,0.0,0.0,0.0,False,0,531,1,0,2,6,0,1,0,0,0,0,0,0.0,1,3,1,0,0,1,0,0
1,1.0,0,0.0,0.0,0.0,0.0,0.0,True,0,531,2,0,2,6,0,1,0,0,0,0,0,0.0,1,3,1,0,0,1,0,0
0,33.0,0,20.0,0.0,384.0,557.0,0.0,False,5,533,1,1,1,3,0,1,0,0,0,0,0,961.0,0,2,0,0,1,0,0,1
0,34.0,0,98.0,715.0,29.0,5732.0,1902.0,False,5,534,1,0,2,1,0,1,0,0,0,0,0,8476.0,0,0,0,1,0,0,0,1
0,49.0,0,3573.0,1308.0,316.0,641.0,25.0,False,5,534,2,0,2,1,0,1,0,0,0,0,0,5863.0,0,0,0,1,0,0,0,1
0,22.0,0,0.0,5.0,0.0,320.0,352.0,False,3,537,1,1,1,6,0,1,0,0,0,0,0,677.0,0,1,1,0,0,0,0,1
0,28.0,0,0.0,1073.0,0.0,0.0,5.0,True,4,538,1,1,1,5,0,1,0,0,0,0,0,1078.0,0,2,1,0,0,0,0,1
1,37.0,0,0.0,0.0,0.0,0.0,0.0,True,5,539,1,0,5,2,0,1,0,0,0,0,0,0.0,1,3,0,1,0,0,0,1
1,36.0,0,0.0,0.0,0.0,0.0,0.0,True,5,539,2,0,5,2,0,1,0,0,0,0,0,0.0,1,3,0,1,0,1,0,0
1,30.0,0,0.0,0.0,0.0,0.0,0.0,True,4,539,3,0,5,2,0,1,0,0,0,0,0,0.0,1,3,0,1,0,1,0,0
1,49.0,0,0.0,0.0,0.0,0.0,0.0,True,5,539,4,0,5,2,0,1,0,0,0,0,0,0.0,1,3,0,1,0,0,0,1
0,38.0,0,0.0,1793.0,479.0,9.0,4987.0,False,5,539,5,0,5,2,0,1,0,0,0,0,0,7268.0,0,0,0,1,0,0,0,1
1,31.0,0,0.0,0.0,0.0,0.0,0.0,True,4,540,1,0,2,5,1,1,0,0,0,0,0,0.0,1,3,0,0,1,0,0,1
0,17.0,0,1471.0,0.0,0.0,45.0,16.0,False,2,540,2,0,2,5,1,1,0,0,0,0,0,1532.0,0,0,0,0,1,0,0,1
0,26.0,0,9.0,0.0,0.0,0.0,878.0,False,4,542,1,1,1,6,0,1,0,0,0,0,0,887.0,0,2,1,0,0,0,0,1
0,23.0,0,59.0,0.0,0.0,681.0,0.0,False,3,545,1,1,1,5,0,1,0,0,0,0,0,740.0,0,2,1,0,0,0,0,1
0,24.0,0,930.0,691.0,838.0,0.0,0.0,False,3,546,1,1,1,5,1,1,0,0,0,0,0,2459.0,0,0,1,0,0,1,0,0
0,23.0,0,0.0,15.0,831.0,16.0,3.0,False,3,547,1,1,1,5,1,1,0,0,0,0,0,865.0,0,2,1,0,0,0,0,1
0,24.0,0,0.0,86.0,704.0,0.0,1.0,True,3,548,1,1,1,4,1,1,0,0,0,0,0,791.0,0,2,1,0,0,0,0,1
0,32.0,0,666.0,0.0,0.0,252.0,1.0,True,4,549,1,0,2,3,1,1,0,0,0,0,0,919.0,0,2,0,0,1,0,1,0
1,43.0,0,0.0,0.0,0.0,0.0,0.0,True,5,549,2,0,2,5,1,1,0,0,0,0,0,0.0,1,3,0,0,1,0,0,1
0,23.0,0,13.0,12.0,0.0,762.0,0.0,True,3,550,1,1,1,5,1,1,0,0,0,0,0,787.0,0,2,1,0,0,0,0,1
0,42.0,0,126.0,0.0,266.0,445.0,12.0,False,5,551,1,1,1,6,1,1,0,0,0,0,0,849.0,0,2,1,0,0,0,0,1
1,29.0,0,0.0,0.0,0.0,0.0,0.0,True,4,552,1,1,1,2,1,1,0,0,0,0,0,0.0,1,3,0,1,0,1,0,0
1,40.0,0,0.0,0.0,0.0,0.0,0.0,True,5,553,1,0,2,2,0,1,0,0,0,0,0,0.0,1,3,0,1,0,0,0,1
0,37.0,0,0.0,6506.0,0.0,764.0,0.0,True,5,553,2,0,2,2,0,1,0,0,0,0,0,7270.0,0,0,0,1,0,0,0,1
1,61.0,0,0.0,0.0,0.0,0.0,0.0,True,6,555,1,0,2,2,0,1,0,0,0,0,0,0.0,1,3,0,1,0,1,0,0
0,33.0,0,0.0,165.0,1.0,2525.0,0.0,False,5,555,2,0,2,2,0,1,0,0,0,0,0,2691.0,0,0,0,1,0,0,0,1
0,19.0,0,0.0,1428.0,0.0,1.0,19.0,True,3,556,1,1,1,5,1,1,0,0,0,0,0,1448.0,0,0,1,0,0,0,0,1
0,21.0,0,0.0,12.0,580.0,0.0,79.0,False,3,559,1,1,1,5,1,1,0,0,0,0,0,671.0,0,1,1,0,0,0,1,0
0,4.0,0,0.0,0.0,0.0,0.0,0.0,False,0,560,1,0,3,6,1,1,0,0,0,0,0,0.0,1,3,1,0,0,0,0,1
0,12.0,0,0.0,0.0,0.0,0.0,0.0,True,1,560,2,0,3,6,1,1,0,0,0,0,0,0.0,1,3,1,0,0,0,1,0
0,44.0,0,1440.0,293.0,74.0,32.0,0.0,True,5,560,3,0,3,5,1,1,0,0,0,0,0,1839.0,0,0,1,0,0,0,0,1
0,22.0,0,0.0,0.0,332.0,442.0,0.0,False,3,561,1,1,1,6,1,1,0,0,0,0,0,774.0,0,2,1,0,0,0,0,1
0,33.0,0,840.0,642.0,402.0,21.0,0.0,False,5,563,1,1,1,5,0,1,0,0,0,0,0,1905.0,0,0,0,0,1,1,0,0
1,32.0,0,0.0,0.0,0.0,0.0,0.0,True,4,564,1,0,3,1,0,1,0,0,0,0,0,0.0,1,3,0,1,0,1,0,0
1,28.0,0,0.0,0.0,0.0,0.0,0.0,True,4,564,2,0,3,1,0,1,0,0,0,0,0,0.0,1,3,0,1,0,0,0,1
0,28.0,0,0.0,410.0,2.0,1354.0,3695.0,False,4,564,3,0,3,1,0,1,0,0,0,0,0,5461.0,0,0,0,1,0,1,0,0
0,31.0,0,697.0,0.0,612.0,0.0,0.0,False,4,565,1,1,1,5,0,1,0,0,0,0,0,1309.0,0,2,0,0,1,0,0,1
1,13.0,0,0.0,0.0,0.0,0.0,0.0,True,2,566,1,1,1,4,1,1,0,0,0,0,0,0.0,1,3,0,0,1,0,0,1
1,14.0,0,0.0,0.0,0.0,0.0,0.0,True,2,567,1,1,1,6,1,1,0,0,0,0,0,0.0,1,3,1,0,0,0,0,1
1,33.0,0,1908.0,33.0,0.0,1.0,4.0,False,5,568,1,0,2,3,1,1,0,0,0,0,0,1946.0,0,0,0,1,0,0,0,1
1,33.0,0,0.0,0.0,0.0,0.0,4.0,True,5,568,2,0,2,3,1,1,0,0,0,0,0,0.0,1,3,0,1,0,1,0,0
0,23.0,0,0.0,334.0,310.0,0.0,0.0,True,3,569,1,1,1,5,0,1,0,0,0,0,0,644.0,0,1,1,0,0,0,0,1
0,36.0,1,530.0,5085.0,1.0,146.0,872.0,True,5,570,1,1,1,2,1,1,0,0,0,0,0,6634.0,0,0,0,1,0,0,0,1
1,22.0,0,0.0,0.0,0.0,0.0,0.0,True,3,571,1,0,7,2,0,1,0,0,0,0,0,0.0,1,3,0,1,0,1,0,0
1,19.0,0,0.0,0.0,0.0,0.0,0.0,False,3,571,2,0,7,2,0,1,0,0,0,0,0,0.0,1,3,0,1,0,0,0,1
1,42.0,0,0.0,0.0,0.0,0.0,0.0,True,5,571,3,0,7,2,0,1,0,0,0,0,0,0.0,1,3,0,1,0,0,0,1
1,30.0,0,0.0,0.0,0.0,0.0,0.0,True,4,571,4,0,7,2,0,1,0,0,0,0,0,0.0,1,3,0,1,0,0,0,1
1,16.0,0,0.0,0.0,0.0,0.0,0.0,True,2,571,5,0,7,2,0,1,0,0,0,0,0,0.0,1,3,0,1,0,1,0,0
0,55.0,0,0.0,1542.0,0.0,1814.0,1568.0,False,6,571,6,0,7,2,0,1,0,0,0,0,0,4924.0,0,0,0,1,0,0,0,1
1,55.0,0,0.0,0.0,0.0,0.0,0.0,True,6,571,7,0,7,2,0,1,0,0,0,0,0,0.0,1,3,0,1,0,0,0,1
0,19.0,0,1911.0,0.0,21.0,854.0,0.0,False,3,572,1,1,1,5,1,1,0,0,0,0,0,2786.0,0,0,1,0,0,0,0,1
0,27.0,0,14.0,809.0,25.0,54.0,0.0,False,5,573,1,1,1,5,0,1,0,0,0,0,0,902.0,0,2,1,0,0,0,0,1
1,18.0,0,0.0,0.0,0.0,0.0,0.0,True,2,575,1,1,1,4,0,1,0,0,0,0,0,0.0,1,3,0,1,0,0,0,1
0,21.0,0,0.0,0.0,625.0,110.0,0.0,False,3,576,1,1,1,5,1,1,0,0,0,0,0,735.0,0,2,1,0,0,0,0,1
0,65.0,0,0.0,0.0,521.0,105.0,0.0,False,6,577,1,1,1,6,0,1,0,0,0,0,0,626.0,0,1,1,0,0,0,0,1
0,55.0,0,53.0,790.0,37.0,0.0,0.0,True,6,579,1,0,2,5,1,1,0,0,0,0,0,880.0,0,2,1,0,0,0,0,1
0,50.0,0,53.0,233.0,0.0,0.0,0.0,False,5,579,2,0,2,6,1,1,0,0,0,0,0,233.0,0,1,1,0,0,0,0,1
1,49.0,0,0.0,0.0,0.0,0.0,0.0,True,5,580,1,1,1,6,0,1,0,0,0,0,0,0.0,1,3,1,0,0,0,0,1
0,22.0,0,0.0,0.0,601.0,183.0,4.0,False,3,581,1,1,1,4,1,1,0,0,0,0,0,788.0,0,2,1,0,0,0,0,1
1,33.0,0,0.0,0.0,0.0,0.0,0.0,True,5,582,1,1,1,5,0,1,0,0,0,0,0,0.0,1,3,0,0,1,0,0,1
1,3.0,0,0.0,0.0,0.0,0.0,0.0,True,0,583,1,0,3,5,1,1,0,0,0,0,0,0.0,1,3,0,0,1,0,0,1
1,0.0,0,0.0,0.0,0.0,0.0,0.0,True,0,583,2,0,3,5,1,1,0,0,0,0,0,0.0,1,3,0,0,1,0,0,1
1,33.0,0,0.0,0.0,0.0,0.0,0.0,True,5,583,3,0,3,5,1,1,0,0,0,0,0,0.0,1,3,0,0,1,0,0,1
1,48.0,0,0.0,0.0,0.0,0.0,0.0,True,5,585,1,0,3,5,0,1,0,0,0,0,0,0.0,1,3,0,0,1,0,0,1
1,5.0,0,0.0,0.0,0.0,0.0,0.0,True,1,585,2,0,3,5,0,1,0,0,0,0,0,0.0,1,3,0,0,1,0,0,1
0,23.0,0,2648.0,0.0,1092.0,0.0,0.0,False,3,585,3,0,3,3,0,1,0,0,0,0,0,3740.0,0,0,0,0,1,0,0,1
1,53.0,0,0.0,0.0,0.0,0.0,0.0,True,6,586,1,1,1,3,0,1,0,0,0,0,0,0.0,1,3,0,1,0,0,0,1
0,18.0,0,5.0,25.0,616.0,0.0,1042.0,False,2,587,1,1,1,5,0,1,0,0,0,0,0,1688.0,0,0,0,0,1,0,0,1
1,20.0,0,0.0,0.0,0.0,0.0,0.0,False,3,588,1,1,1,6,0,1,0,0,0,0,0,0.0,1,3,1,0,0,0,1,0
0,23.0,0,234.0,1.0,551.0,0.0,1.0,False,3,589,1,1,1,4,0,1,0,0,0,0,0,787.0,0,2,1,0,0,0,0,1
0,48.0,0,801.0,2.0,0.0,1.0,973.0,False,5,590,1,1,1,6,0,1,0,0,0,0,0,1777.0,0,0,1,0,0,0,0,1
1,19.0,0,0.0,0.0,0.0,0.0,0.0,False,3,591,1,1,1,6,1,1,0,0,0,0,0,0.0,1,3,1,0,0,0,1,0
0,27.0,0,43.0,152.0,182.0,1.0,2005.0,False,5,593,1,1,1,3,0,1,0,0,0,0,0,2383.0,0,0,0,0,1,0,0,1
0,9.0,0,0.0,0.0,0.0,0.0,0.0,False,1,594,1,0,2,6,1,1,0,0,0,0,0,0.0,1,3,1,0,0,1,0,0
0,24.0,0,0.0,4.0,0.0,670.0,113.0,False,3,594,2,0,2,4,1,1,0,0,0,0,0,787.0,0,2,1,0,0,0,0,1
0,46.0,0,21.0,0.0,2155.0,422.0,0.0,True,5,596,1,1,1,5,0,1,0,0,0,0,0,2598.0,0,0,0,0,1,0,0,1
1,23.0,0,0.0,0.0,0.0,0.0,0.0,True,3,597,1,0,2,6,0,1,0,0,0,0,0,0.0,1,3,1,0,0,0,0,1
1,21.0,0,0.0,0.0,0.0,0.0,0.0,False,3,597,2,0,2,6,0,1,0,0,0,0,0,0.0,1,3,1,0,0,0,0,1
1,19.0,0,0.0,0.0,0.0,0.0,0.0,False,3,598,1,1,1,6,1,1,0,0,0,0,0,0.0,1,3,1,0,0,0,0,1
0,0.0,0,0.0,0.0,0.0,0.0,0.0,True,0,599,1,0,4,5,0,1,0,0,0,0,0,0.0,1,3,0,0,1,0,0,1
0,4.0,0,0.0,0.0,0.0,0.0,0.0,True,0,599,2,0,4,5,0,1,0,0,0,0,0,0.0,1,3,0,0,1,0,0,1
0,26.0,0,1252.0,0.0,46.0,124.0,6.0,False,4,599,3,0,4,5,0,1,0,0,0,0,0,1428.0,0,2,0,0,1,0,0,1
1,9.0,0,0.0,0.0,0.0,0.0,0.0,True,1,599,4,0,4,5,0,1,0,0,0,0,0,0.0,1,3,0,0,1,0,0,1
0,24.0,0,0.0,3385.0,826.0,9.0,793.0,True,3,600,1,1,1,2,1,1,0,0,0,0,0,5013.0,0,0,0,1,0,0,0,1
1,24.0,0,0.0,0.0,0.0,0.0,0.0,True,3,602,1,0,3,5,0,1,0,0,0,0,0,0.0,1,3,0,0,1,0,0,1
0,25.0,0,0.0,0.0,0.0,0.0,0.0,False,3,602,2,0,3,4,0,1,0,0,0,0,0,0.0,1,3,0,0,1,0,0,1
1,21.0,0,0.0,0.0,0.0,0.0,0.0,True,3,602,3,0,3,5,0,1,0,0,0,0,0,0.0,1,3,0,0,1,0,0,1
0,21.0,0,0.0,0.0,12.0,0.0,747.0,False,3,603,1,1,1,5,0,1,0,0,0,0,0,759.0,0,2,1,0,0,0,0,1
0,37.0,0,27.0,654.0,10.0,881.0,9568.0,False,5,607,1,0,3,2,0,1,0,0,0,0,0,11140.0,0,0,0,1,0,0,0,1
0,44.0,0,434.0,3113.0,19.0,1366.5,892.0,False,5,607,2,0,3,2,0,1,0,0,0,0,0,4458.0,0,0,0,1,0,1,0,0
0,43.0,0,4.0,1111.0,118.0,1852.0,5230.0,False,5,607,3,0,3,2,0,1,0,0,0,0,0,3085.0,0,0,0,1,0,0,0,1
0,7.0,0,0.0,0.0,0.0,0.0,0.0,True,1,608,1,1,1,6,0,1,0,0,0,0,0,0.0,1,3,1,0,0,0,0,1
0,33.0,0,149.0,0.0,0.0,0.0,109.0,False,5,609,1,1,1,5,0,1,0,0,0,0,0,258.0,0,1,0,0,1,0,0,1
0,24.0,0,0.0,0.0,229.0,502.0,5.0,False,3,610,1,1,1,5,0,1,0,0,0,0,0,736.0,0,2,1,0,0,0,0,1
1,31.0,0,0.0,0.0,0.0,0.0,0.0,True,4,611,1,1,1,6,1,1,0,0,0,0,0,0.0,1,3,1,0,0,0,1,0
1,27.0,1,0.0,0.0,0.0,0.0,0.0,True,4,612,1,1,1,1,0,1,0,0,0,0,0,0.0,1,3,0,1,0,0,0,1
0,34.0,0,0.0,0.0,0.0,0.0,0.0,True,5,614,1,1,1,6,1,1,0,0,0,0,0,0.0,1,3,1,0,0,0,0,1
1,58.0,0,0.0,0.0,0.0,0.0,0.0,False,6,615,1,0,3,6,1,1,0,0,0,0,0,0.0,1,3,1,0,0,0,0,1
0,7.0,0,0.0,0.0,0.0,0.0,0.0,True,1,615,2,0,3,6,1,1,0,0,0,0,0,0.0,1,3,1,0,0,0,0,1
1,3.0,0,0.0,0.0,0.0,0.0,0.0,True,0,615,3,0,3,6,1,1,0,0,0,0,0,0.0,1,3,1,0,0,1,0,0
0,21.0,0,0.0,0.0,908.0,49.0,0.0,True,3,618,1,0,2,6,0,1,0,0,0,0,0,957.0,0,2,1,0,0,1,0,0
0,21.0,0,1.0,368.0,0.0,0.0,388.0,False,3,618,2,0,2,5,0,1,0,0,0,0,0,757.0,0,2,1,0,0,0,1,0
1,39.0,0,0.0,0.0,0.0,0.0,0.0,True,5,619,1,0,2,2,1,1,0,0,0,0,0,0.0,1,3,0,1,0,0,0,1
1,43.0,0,0.0,0.0,0.0,0.0,0.0,True,5,619,2,0,2,2,1,1,0,0,0,0,0,0.0,1,3,0,1,0,1,0,0
1,22.0,0,0.0,0.0,0.0,0.0,0.0,True,3,623,1,1,1,6,1,1,0,0,0,0,0,0.0,1,3,1,0,0,0,0,1
0,44.0,0,103.0,0.0,18.0,1197.0,1.0,True,5,628,1,1,1,5,0,1,0,0,0,0,0,1319.0,0,2,1,0,0,0,0,1
0,38.0,0,0.0,0.0,0.0,1018.0,0.0,False,5,629,1,1,1,6,0,1,0,0,0,0,0,1018.0,0,2,1,0,0,0,0,1
1,32.0,0,0.0,0.0,0.0,0.0,0.0,True,4,630,1,1,1,5,1,1,0,0,0,0,0,0.0,1,3,0,0,1,0,0,1
1,55.0,0,0.0,0.0,0.0,0.0,0.0,True,6,631,1,1,1,5,1,1,0,0,0,0,0,0.0,1,3,0,0,1,0,0,1
0,31.0,1,629.0,0.0,0.0,150.0,0.0,False,4,633,1,1,1,3,0,1,0,0,0,0,0,779.0,0,2,0,0,1,0,1,0
0,39.0,0,0.0,1496.0,0.0,140.0,383.0,False,5,634,1,1,1,5,0,1,0,0,0,0,0,2019.0,0,0,1,0,0,0,0,1
0,35.0,0,0.0,1778.0,0.0,0.0,0.0,True,5,635,1,0,2,6,1,1,0,0,0,0,0,1778.0,0,0,1,0,0,0,0,1
0,37.0,0,614.0,0.0,50.0,11.0,319.0,False,5,635,2,0,2,4,1,1,0,0,0,0,0,994.0,0,2,1,0,0,0,0,1
0,13.0,0,0.0,7.0,0.0,339.0,359.0,False,2,636,1,0,2,5,0,1,0,0,0,0,0,705.0,0,1,1,0,0,1,0,0
0,21.0,0,0.0,0.0,7.0,675.0,0.0,False,3,636,2,0,2,5,0,1,0,0,0,0,0,682.0,0,1,1,0,0,0,0,1
0,20.0,0,0.0,0.0,0.0,0.0,0.0,False,3,637,1,1,1,4,1,1,0,0,0,0,0,0.0,1,3,0,0,1,0,0,1
1,20.0,0,0.0,0.0,0.0,0.0,0.0,True,3,638,1,1,1,1,0,1,0,0,0,0,0,0.0,1,3,0,1,0,1,0,0
0,63.0,0,0.0,123.0,956.0,25.0,0.0,True,6,639,1,1,1,5,0,1,0,0,0,0,0,1104.0,0,2,1,0,0,0,0,1
0,36.0,0,2.0,0.0,0.0,1958.0,19.0,False,5,641,1,1,1,5,1,1,0,0,0,0,0,1979.0,0,0,1,0,0,0,0,1
0,29.0,0,0.0,3344.0,0.0,118.0,972.0,True,4,642,1,0,5,2,1,1,0,0,0,0,0,4434.0,0,0,0,1,0,1,0,0
0,36.0,0,0.0,4967.0,82.0,1517.0,575.0,True,5,642,2,0,5,2,1,1,0,0,0,0,0,7141.0,0,0,0,1,0,1,0,0
0,79.0,0,0.0,0.0,0.0,2210.0,2.0,False,6,642,3,0,5,2,1,1,0,0,0,0,0,2212.0,0,0,0,1,0,0,0,1
1,30.0,0,0.0,0.0,0.0,0.0,0.0,True,4,642,4,0,5,2,1,1,0,0,0,0,0,0.0,1,3,0,1,0,1,0,0
1,30.0,0,0.0,0.0,0.0,0.0,0.0,True,4,642,5,0,5,2,1,1,0,0,0,0,0,0.0,1,3,0,1,0,1,0,0
0,19.0,0,1019.0,266.0,141.0,0.0,0.0,True,3,643,1,1,1,5,0,1,0,0,0,0,0,1426.0,0,2,0,0,1,0,0,1
1,33.0,0,0.0,0.0,0.0,0.0,0.0,True,5,644,1,1,1,4,0,1,0,0,0,0,0,0.0,1,3,0,1,0,0,0,1
0,20.0,0,1724.0,0.0,0.0,1.0,0.0,False,3,645,1,1,1,6,0,1,0,0,0,0,0,1725.0,0,0,1,0,0,0,0,1
1,38.0,0,0.0,0.0,0.0,0.0,0.0,True,5,646,1,1,1,2,1,1,0,0,0,0,0,0.0,1,3,0,1,0,1,0,0
1,7.0,0,0.0,0.0,0.0,0.0,0.0,True,1,647,1,0,3,5,1,1,0,0,0,0,0,0.0,1,3,0,0,1,0,0,1
1,58.0,0,0.0,0.0,0.0,0.0,0.0,True,6,647,2,0,3,5,1,1,0,0,0,0,0,0.0,1,3,0,0,1,0,0,1
0,33.0,0,105.0,0.0,1087.0,0.0,0.0,False,5,647,3,0,3,5,1,1,0,0,0,0,0,1192.0,0,2,0,0,1,0,0,1
1,3.0,0,0.0,0.0,0.0,0.0,0.0,True,0,650,1,1,1,6,1,1,0,0,0,0,0,0.0,1,3,1,0,0,0,1,0
0,39.0,0,0.0,0.0,0.0,0.0,0.0,True,5,653,1,1,1,4,1,1,0,0,0,0,0,0.0,1,3,0,0,1,0,0,1
0,37.0,0,237.0,2.0,708.0,0.0,0.0,True,5,655,1,1,1,4,0,1,0,0,0,0,0,947.0,0,2,0,0,1,0,0,1
0,32.0,0,0.0,0.0,0.0,768.0,3.0,False,4,656,1,1,1,6,0,1,0,0,0,0,0,771.0,0,2,1,0,0,0,0,1
0,28.0,0,0.0,863.0,0.0,17.0,0.0,True,4,657,1,0,2,5,1,1,0,0,0,0,0,880.0,0,2,1,0,0,0,0,1
0,38.0,0,0.0,8.0,736.0,140.0,0.0,False,5,657,2,0,2,6,1,1,0,0,0,0,0,884.0,0,2,1,0,0,0,0,1
0,21.0,0,0.0,576.0,1.0,20.0,0.0,False,3,658,1,1,1,5,1,1,0,0,0,0,0,597.0,0,1,1,0,0,0,1,0
1,18.0,0,0.0,0.0,0.0,0.0,0.0,True,2,659,1,1,1,6,1,1,0,0,0,0,0,0.0,1,3,1,0,0,0,0,1
1,15.0,0,0.0,0.0,0.0,0.0,0.0,False,2,660,1,1,1,6,1,1,0,0,0,0,0,0.0,1,3,1,0,0,0,0,1
0,44.0,0,0.0,2506.0,0.0,1360.0,722.0,False,5,661,1,1,1,2,0,1,0,0,0,0,0,4588.0,0,0,0,1,0,0,0,1
0,44.0,0,86.0,525.0,16.0,49.0,39.0,True,5,663,1,1,1,5,0,1,0,0,0,0,0,715.0,0,1,1,0,0,0,0,1
0,36.0,0,0.0,0.0,0.0,4507.0,5689.0,False,5,664,1,1,1,4,1,1,0,0,0,0,0,10196.0,0,0,0,1,0,0,0,1
0,28.0,0,1264.0,0.0,7104.0,0.0,0.0,True,4,665,1,0,2,5,0,1,0,0,0,0,0,7104.0,0,0,0,0,1,0,0,1
0,15.0,0,1264.0,0.0,2.0,23.0,0.0,False,2,665,2,0,2,5,0,1,0,0,0,0,0,1289.0,0,2,0,0,1,0,0,1
0,45.0,0,0.0,25.0,87.0,989.0,482.0,False,5,668,1,1,1,5,0,1,0,0,0,0,0,1583.0,0,0,1,0,0,0,0,1
0,26.0,0,0.0,530.0,2.0,9.0,403.0,False,4,669,1,1,1,5,0,1,0,0,0,0,0,944.0,0,2,1,0,0,0,0,1
1,46.0,0,0.0,0.0,0.0,0.0,0.0,True,5,671,1,1,1,6,0,1,0,0,0,0,0,0.0,1,3,1,0,0,0,1,0
0,25.0,0,1.0,0.0,38.0,7.0,740.0,False,3,672,1,1,1,6,0,1,0,0,0,0,0,786.0,0,2,1,0,0,0,0,1
1,46.0,0,0.0,0.0,0.0,0.0,0.0,False,5,674,1,1,1,6,1,1,0,0,0,0,0,0.0,1,3,1,0,0,0,1,0
1,15.0,0,0.0,0.0,0.0,0.0,0.0,False,2,677,1,1,1,6,1,1,0,0,0,0,0,0.0,1,3,1,0,0,0,0,1
1,37.0,0,0.0,0.0,0.0,0.0,0.0,False,5,678,1,1,1,6,1,1,0,0,0,0,0,0.0,1,3,1,0,0,0,0,1
0,20.0,0,0.0,215.0,0.0,541.0,0.0,False,3,679,1,1,1,6,1,1,0,0,0,0,0,756.0,0,2,1,0,0,0,0,1
1,45.0,0,0.0,0.0,0.0,0.0,0.0,False,5,680,1,0,3,6,0,1,0,0,0,0,0,0.0,1,3,1,0,0,0,1,0
1,7.0,0,0.0,0.0,0.0,0.0,0.0,False,1,680,2,0,3,6,0,1,0,0,0,0,0,0.0,1,3,1,0,0,0,0,1
1,5.0,0,0.0,0.0,0.0,0.0,0.0,False,1,680,3,0,3,6,0,1,0,0,0,0,0,0.0,1,3,1,0,0,0,0,1
1,38.0,0,0.0,0.0,0.0,0.0,0.0,True,5,682,1,1,1,5,1,1,0,0,0,0,0,0.0,1,3,0,0,1,0,0,1
0,30.0,0,269.0,96.0,252.0,0.0,0.0,False,4,683,1,1,1,5,0,1,0,0,0,0,0,617.0,0,1,0,0,1,0,0,1
0,10.0,0,0.0,0.0,0.0,0.0,0.0,True,0,684,1,0,3,5,0,1,0,0,0,0,0,0.0,1,3,0,0,1,0,0,1
0,0.0,0,0.0,0.0,0.0,0.0,0.0,True,0,684,2,0,3,5,0,1,0,0,0,0,0,0.0,1,3,0,0,1,0,0,1
1,20.0,0,0.0,0.0,0.0,0.0,0.0,True,3,684,3,0,3,5,0,1,0,0,0,0,0,0.0,1,3,0,0,1,0,0,1
0,41.0,0,1.0,922.0,4.0,55.0,15.0,False,5,685,1,1,1,4,0,1,0,0,0,0,0,997.0,0,2,1,0,0,0,0,1
1,18.0,0,0.0,0.0,0.0,0.0,0.0,True,2,686,1,0,2,5,0,1,0,0,0,0,0,0.0,1,3,0,0,1,0,0,1
0,29.0,1,3887.0,0.0,0.0,12.0,0.0,False,4,686,2,0,2,3,0,1,0,0,0,0,0,3899.0,0,0,0,0,1,0,0,1
0,19.0,0,3097.0,0.0,9.0,0.0,213.0,False,3,687,1,1,1,3,1,1,0,0,0,0,0,3319.0,0,0,0,0,1,0,0,1
0,34.0,0,1973.0,0.0,97.0,41.0,3.0,False,5,688,1,1,1,4,1,1,0,0,0,0,0,2114.0,0,0,0,0,1,0,0,1
1,36.0,0,0.0,0.0,0.0,0.0,0.0,True,5,689,1,1,1,1,1,1,0,0,0,0,0,0.0,1,3,0,1,0,0,0,1
1,54.0,0,0.0,0.0,0.0,0.0,0.0,True,6,690,1,1,1,5,1,1,0,0,0,0,0,0.0,1,3,0,0,1,0,0,1
0,19.0,0,164.0,0.0,783.0,0.0,0.0,False,3,691,1,0,3,4,1,1,0,0,0,0,0,947.0,0,2,0,0,1,0,0,1
0,21.0,0,505.0,0.0,1952.0,0.0,0.0,False,3,691,2,0,3,5,1,1,0,0,0,0,0,2457.0,0,0,0,0,1,0,0,1
1,23.0,0,0.0,0.0,0.0,0.0,0.0,True,3,691,3,0,3,4,1,1,0,0,0,0,0,0.0,1,3,0,0,1,0,0,1
1,35.0,0,0.0,0.0,0.0,4343.0,0.0,True,5,693,1,0,2,5,1,0,1,0,0,0,0,0.0,1,3,0,1,0,1,0,0
0,34.0,0,0.0,3488.0,0.0,4343.0,38.0,False,5,693,2,0,2,2,1,1,0,0,0,0,0,7869.0,0,0,0,1,0,0,0,1
0,22.0,0,0.0,581.0,226.0,74.0,0.0,True,3,696,1,1,1,6,1,1,0,0,0,0,0,881.0,0,2,1,0,0,0,0,1
0,24.0,0,21.0,0.0,689.0,12.0,0.0,True,3,697,1,1,1,5,0,1,0,0,0,0,0,722.0,0,2,1,0,0,1,0,0
1,18.0,0,0.0,0.0,0.0,0.0,0.0,True,2,699,1,0,2,5,1,1,0,0,0,0,0,0.0,1,3,0,0,1,1,0,0
0,24.0,0,2698.0,0.0,301.0,8.0,5.0,False,3,699,2,0,2,3,1,1,0,0,0,0,0,3012.0,0,0,0,0,1,1,0,0
1,33.0,0,0.0,0.0,0.0,0.0,0.0,True,5,701,1,1,1,3,1,1,0,0,0,0,0,0.0,1,3,0,1,0,0,0,1
0,24.0,0,121.0,237.0,4.0,387.0,54.0,False,3,702,1,1,1,5,1,1,0,0,0,0,0,803.0,0,2,1,0,0,0,0,1
1,18.0,0,0.0,0.0,0.0,0.0,0.0,True,2,703,1,1,1,6,1,1,0,0,0,0,0,0.0,1,3,1,0,0,0,0,1
1,19.0,0,0.0,0.0,0.0,0.0,0.0,True,3,704,1,1,1,6,0,1,0,0,0,0,0,0.0,1,3,1,0,0,0,0,1
0,43.0,0,0.0,0.0,722.0,0.0,0.0,True,5,705,1,1,1,5,0,1,0,0,0,0,0,722.0,0,2,1,0,0,1,0,0
1,44.0,0,0.0,0.0,0.0,0.0,0.0,True,5,707,1,1,1,6,1,1,0,0,0,0,0,0.0,1,3,1,0,0,0,0,1
0,25.0,0,0.0,4949.0,0.0,452.0,15.0,True,3,709,1,0,3,0,1,1,0,0,0,0,0,5416.0,0,0,0,1,0,1,0,0
1,25.0,0,0.0,2474.5,0.0,0.0,0.0,True,3,709,2,0,3,0,1,1,0,0,0,0,0,0.0,1,3,0,1,0,1,0,0
1,23.0,0,0.0,0.0,0.0,0.0,0.0,True,3,709,3,0,3,5,1,0,1,0,0,0,0,0.0,1,3,0,1,0,1,0,0
0,23.0,0,1695.0,0.0,0.0,31.0,349.0,False,3,710,1,1,1,4,0,1,0,0,0,0,0,2075.0,0,0,0,0,1,0,0,1
0,20.0,0,457.0,0.0,170.0,1132.0,0.0,False,3,712,1,0,2,5,0,1,0,0,0,0,0,1759.0,0,0,0,0,1,0,0,1
0,2.0,0,0.0,0.0,0.0,0.0,0.0,True,0,712,2,0,2,5,0,1,0,0,0,0,0,0.0,1,3,0,0,1,0,0,1
0,26.0,0,1577.0,2.0,0.0,30.0,0.0,False,4,713,1,1,1,4,1,1,0,0,0,0,0,1609.0,0,0,1,0,0,0,0,1
1,38.0,0,0.0,0.0,0.0,0.0,0.0,True,5,714,1,0,7,6,0,1,0,0,0,0,0,0.0,1,3,1,0,0,0,1,0
0,1.0,0,0.0,0.0,0.0,0.0,0.0,False,0,714,2,0,7,6,0,1,0,0,0,0,0,0.0,1,3,1,0,0,0,0,1
0,12.0,0,0.0,0.0,0.0,0.0,0.0,True,1,714,3,0,7,6,0,1,0,0,0,0,0,0.0,1,3,1,0,0,0,1,0
1,2.0,0,0.0,0.0,0.0,0.0,0.0,False,0,714,4,0,7,6,0,1,0,0,0,0,0,0.0,1,3,1,0,0,0,1,0
1,25.0,0,0.0,0.0,0.0,0.0,0.0,False,3,714,5,0,7,6,0,1,0,0,0,0,0,0.0,1,3,1,0,0,0,1,0
1,1.0,0,0.0,0.0,0.0,0.0,0.0,True,0,714,6,0,7,6,0,1,0,0,0,0,0,0.0,1,3,1,0,0,1,0,0
1,0.0,0,0.0,0.0,0.0,0.0,0.0,True,0,714,7,0,7,6,0,1,0,0,0,0,0,0.0,1,3,1,0,0,1,0,0
0,54.0,0,0.0,0.0,0.0,0.0,0.0,True,6,715,1,1,1,5,1,0,1,0,0,0,0,0.0,1,3,0,1,0,1,0,0
0,21.0,0,521.0,0.0,4.0,261.0,1.0,False,3,718,1,1,1,4,0,1,0,0,0,0,0,787.0,0,2,1,0,0,0,0,1
0,19.0,0,0.0,0.0,0.0,0.0,0.0,False,3,719,1,1,1,4,0,1,0,0,0,0,0,0.0,1,3,0,0,1,0,0,1
0,24.0,0,0.0,23.0,0.0,184.0,2566.0,False,3,724,1,1,1,5,1,1,0,0,0,0,0,2773.0,0,0,1,0,0,0,1,0
1,20.0,0,0.0,0.0,0.0,0.0,0.0,False,3,726,1,1,1,6,0,1,0,0,0,0,0,0.0,1,3,1,0,0,0,0,1
0,23.0,0,139.0,0.0,1.0,152.0,354.0,True,3,727,1,1,1,5,1,1,0,0,0,0,0,646.0,0,1,1,0,0,0,0,1
0,29.0,0,0.0,0.0,2.0,786.0,594.0,True,4,728,1,1,1,5,1,1,0,0,0,0,0,1382.0,0,2,1,0,0,1,0,0
0,14.0,0,7.0,781.0,0.0,0.0,0.0,True,2,729,1,1,1,4,1,1,0,0,0,0,0,788.0,0,2,1,0,0,0,0,1
0,19.0,0,0.0,714.0,2.0,0.0,0.0,False,3,732,1,1,1,5,1,0,1,0,0,0,0,716.0,0,1,1,0,0,0,0,1
0,23.0,0,0.0,38.0,88.0,4.0,561.0,False,3,733,1,1,1,5,0,1,0,0,0,0,0,691.0,0,1,1,0,0,1,0,0
0,62.0,0,712.0,2.0,322.0,0.0,517.0,False,6,734,1,1,1,5,0,1,0,0,0,0,0,1553.0,0,0,1,0,0,0,0,1
0,23.0,0,0.0,0.0,484.0,188.0,0.0,False,3,736,1,1,1,5,0,1,0,0,0,0,0,672.0,0,1,1,0,0,0,0,1
0,65.0,0,0.0,835.0,0.0,38.0,0.0,False,6,737,1,1,1,2,1,1,0,0,0,0,0,873.0,0,2,0,1,0,1,0,0
0,47.0,0,0.0,0.0,0.0,0.0,0.0,True,5,738,1,1,1,5,0,1,0,0,0,0,0,0.0,1,3,0,0,1,0,0,1
0,67.0,0,76.0,16.0,0.0,2247.0,1166.0,False,6,740,1,0,3,2,0,1,0,0,0,0,0,3505.0,0,0,0,1,0,1,0,0
1,14.0,0,0.0,0.0,0.0,0.0,0.0,True,2,740,2,0,3,2,0,1,0,0,0,0,0,0.0,1,3,0,1,0,1,0,0
0,41.0,0,3594.0,3425.0,0.0,0.0,58.0,False,5,740,3,0,3,2,0,1,0,0,0,0,0,7077.0,0,0,0,1,0,0,0,1
1,14.0,0,0.0,0.0,0.0,0.0,0.0,True,2,743,1,1,1,6,1,1,0,0,0,0,0,0.0,1,3,1,0,0,0,0,1
1,19.0,0,0.0,0.0,0.0,0.0,0.0,False,3,746,1,1,1,6,1,1,0,0,0,0,0,0.0,1,3,1,0,0,0,0,1
0,22.0,0,15.0,142.0,0.0,41.0,493.0,False,3,750,1,1,1,5,1,1,0,0,0,0,0,691.0,0,1,1,0,0,1,0,0
1,34.0,0,0.0,0.0,0.0,0.0,0.0,True,5,753,1,0,3,0,0,1,0,0,0,0,0,0.0,1,3,0,1,0,1,0,0
0,65.0,0,19.0,1344.0,4.0,3190.0,8.0,False,6,753,2,0,3,0,0,1,0,0,0,0,0,4565.0,0,0,0,1,0,1,0,0
1,42.0,0,0.0,0.0,0.0,0.0,0.0,True,5,753,3,0,3,5,1,0,1,0,0,0,0,0.0,1,3,0,1,0,1,0,0
1,22.0,0,0.0,0.0,0.0,0.0,0.0,True,3,754,1,1,1,3,0,1,0,0,0,0,0,0.0,1,3,0,1,0,1,0,0
1,54.0,0,0.0,0.0,0.0,0.0,0.0,True,6,756,1,0,3,1,1,1,0,0,0,0,0,0.0,1,3,0,1,0,1,0,0
0,34.0,0,47.0,287.0,0.0,4302.0,0.0,False,5,756,2,0,3,1,1,1,0,0,0,0,0,4636.0,0,0,0,1,0,0,0,1
1,27.0,0,0.0,0.0,0.0,0.0,0.0,True,4,756,3,0,3,1,1,1,0,0,0,0,0,0.0,1,3,0,1,0,0,0,1
0,67.0,0,1.0,0.0,5.0,1022.0,151.0,False,6,757,1,1,1,3,0,1,0,0,0,0,0,1179.0,0,2,0,0,1,1,0,0
0,33.0,0,0.0,3879.0,0.0,48.0,67.0,True,5,761,1,1,1,2,0,1,0,0,0,0,0,3994.0,0,0,0,1,0,0,0,1
1,30.0,0,0.0,0.0,0.0,0.0,0.0,False,4,762,1,1,1,6,1,1,0,0,0,0,0,0.0,1,3,1,0,0,0,1,0
0,22.0,0,0.0,0.0,0.0,0.0,0.0,False,3,764,1,1,1,6,1,1,0,0,0,0,0,0.0,1,3,1,0,0,0,0,1
0,35.0,0,1248.0,0.0,55.0,12.0,0.0,True,5,765,1,0,2,5,1,1,0,0,0,0,0,1315.0,0,2,0,0,1,0,1,0
0,23.0,0,755.0,0.0,121.0,12.0,0.0,False,3,765,2,0,2,5,1,1,0,0,0,0,0,876.0,0,2,0,0,1,0,0,1
0,49.0,0,0.0,6.0,679.0,15.0,187.0,False,5,767,1,1,1,6,1,1,0,0,0,0,0,887.0,0,2,1,0,0,0,0,1
0,36.0,0,29.0,12180.0,0.0,93.0,17306.0,False,5,768,1,0,2,1,0,1,0,0,0,0,0,29608.0,0,0,0,1,0,1,0,0
1,31.0,0,0.0,0.0,0.0,93.0,0.0,True,4,768,2,0,2,1,0,1,0,0,0,0,0,0.0,1,3,0,1,0,0,0,1
1,54.0,0,0.0,0.0,0.0,0.0,0.0,True,6,769,1,1,1,1,1,1,0,0,0,0,0,0.0,1,3,0,1,0,1,0,0
1,0.0,0,0.0,0.0,0.0,0.0,0.0,False,0,770,1,0,6,6,1,1,0,0,0,0,0,0.0,1,3,1,0,0,0,0,1
0,7.0,0,0.0,715.0,0.0,170.0,0.0,False,0,770,2,0,6,6,1,1,0,0,0,0,0,885.0,0,2,1,0,0,0,0,1
1,54.0,0,0.0,0.0,0.0,0.0,0.0,False,6,770,3,0,6,6,1,1,0,0,0,0,0,0.0,1,3,1,0,0,0,0,1
1,10.0,0,0.0,0.0,0.0,0.0,0.0,False,1,770,4,0,6,6,1,1,0,0,0,0,0,0.0,1,3,1,0,0,0,1,0
0,0.0,0,0.0,0.0,0.0,0.0,0.0,True,0,770,5,0,6,6,1,1,0,0,0,0,0,0.0,1,3,1,0,0,1,0,0
1,7.0,0,0.0,0.0,0.0,0.0,0.0,True,1,770,6,0,6,6,1,1,0,0,0,0,0,0.0,1,3,1,0,0,0,1,0
1,25.0,0,0.0,0.0,0.0,0.0,0.0,False,3,771,1,1,1,6,0,1,0,0,0,0,0,0.0,1,3,1,0,0,0,0,1
0,37.0,0,0.0,16.0,325.0,4476.0,1359.0,False,5,772,1,0,4,4,1,1,0,0,0,0,0,6176.0,0,0,0,1,0,1,0,0
1,15.0,0,0.0,0.0,0.0,0.0,0.0,True,2,772,2,0,4,4,1,1,0,0,0,0,0,0.0,1,3,0,1,0,1,0,0
1,26.0,0,0.0,0.0,0.0,0.0,0.0,True,4,772,3,0,4,4,1,1,0,0,0,0,0,0.0,1,3,0,1,0,0,0,1
0,7.0,0,0.0,0.0,0.0,0.0,0.0,True,1,772,4,0,4,4,1,1,0,0,0,0,0,0.0,1,3,0,1,0,1,0,0
0,30.0,0,558.0,4.0,0.0,175.0,0.0,False,4,773,1,1,1,5,1,1,0,0,0,0,0,737.0,0,2,1,0,0,0,0,1
0,19.0,0,0.0,2.0,1399.0,0.0,18.0,True,3,776,1,1,1,5,0,1,0,0,0,0,0,1419.0,0,2,1,0,0,0,0,1
0,30.0,0,0.0,3004.0,0.0,1018.0,0.0,False,4,777,1,1,1,0,0,1,0,0,0,0,0,4022.0,0,0,0,1,0,0,0,1
0,21.0,0,562.0,2.0,0.0,0.0,11.0,False,3,779,1,1,1,5,0,1,0,0,0,0,0,575.0,0,1,1,0,0,0,0,1
0,21.0,0,14.0,33.0,0.0,3.0,467.0,False,3,781,1,1,1,6,1,1,0,0,0,0,0,517.0,0,1,1,0,0,0,1,0
1,59.0,0,0.0,0.0,0.0,0.0,0.0,True,6,782,1,1,1,5,0,1,0,0,0,0,0,0.0,1,3,0,0,1,0,0,1
1,28.0,0,0.0,0.0,0.0,0.0,0.0,True,4,784,1,1,1,2,1,1,0,0,0,0,0,0.0,1,3,0,1,0,1,0,0
0,32.0,0,713.0,0.0,2.0,0.0,1.0,False,4,785,1,1,1,5,0,1,0,0,0,0,0,716.0,0,1,1,0,0,0,0,1
1,19.0,0,0.0,0.0,0.0,0.0,0.0,True,3,786,1,1,1,6,0,1,0,0,0,0,0,0.0,1,3,1,0,0,0,0,1
1,7.0,0,0.0,0.0,0.0,0.0,0.0,False,1,787,1,1,1,6,0,1,0,0,0,0,0,0.0,1,3,1,0,0,0,0,1
0,16.0,0,797.0,0.0,0.0,0.0,0.0,False,2,788,1,1,1,5,0,1,0,0,0,0,0,797.0,0,2,1,0,0,1,0,0
0,31.0,1,0.0,166.0,4.0,2177.0,342.0,False,4,789,1,0,3,0,1,1,0,0,0,0,0,2689.0,0,0,0,1,0,0,0,1
0,30.0,0,0.0,142.0,870.0,89.0,3497.0,False,4,789,2,0,3,0,1,1,0,0,0,0,0,4598.0,0,0,0,1,0,0,0,1
1,26.0,0,0.0,0.0,0.0,0.0,0.0,True,4,789,3,0,3,0,1,1,0,0,0,0,0,0.0,1,3,0,1,0,0,0,1
1,20.0,0,0.0,0.0,0.0,0.0,0.0,True,3,790,1,1,1,6,1,1,0,0,0,0,0,0.0,1,3,1,0,0,0,1,0
1,24.0,0,0.0,0.0,0.0,0.0,0.0,False,3,791,1,1,1,6,0,1,0,0,0,0,0,0.0,1,3,1,0,0,0,1,0
0,39.0,0,0.0,0.0,0.0,7.0,766.0,False,5,793,1,1,1,6,0,1,0,0,0,0,0,773.0,0,2,1,0,0,0,1,0
1,19.0,0,0.0,0.0,0.0,0.0,0.0,True,3,794,1,0,2,5,1,1,0,0,0,0,0,0.0,1,3,0,0,1,1,0,0
1,27.0,0,0.0,0.0,0.0,0.0,0.0,True,4,794,2,0,2,5,1,1,0,0,0,0,0,0.0,1,3,0,0,1,1,0,0
0,34.0,0,0.0,0.0,0.0,874.0,0.0,False,5,795,1,1,1,5,1,1,0,0,0,0,0,874.0,0,2,1,0,0,0,0,1
1,28.0,0,0.0,0.0,0.0,0.0,0.0,True,4,796,1,1,1,3,1,1,0,0,0,0,0,0.0,1,3,0,1,0,1,0,0
0,29.0,0,0.0,0.0,0.0,0.0,645.0,False,4,797,1,1,1,5,1,1,0,0,0,0,0,645.0,0,1,1,0,0,0,0,1
1,38.0,0,0.0,0.0,0.0,0.0,0.0,True,5,798,1,1,1,5,1,1,0,0,0,0,0,0.0,1,3,0,0,1,0,1,0
0,27.0,0,0.0,3462.0,5.0,1590.0,4.0,False,5,799,1,1,1,0,0,1,0,0,0,0,0,5061.0,0,0,0,1,0,1,0,0
1,1.0,0,0.0,0.0,0.0,0.0,0.0,True,0,802,1,1,1,5,1,1,0,0,0,0,0,0.0,1,3,0,0,1,0,0,1
0,36.0,1,0.0,13248.0,100.0,1953.0,1.0,True,5,805,1,1,1,2,0,1,0,0,0,0,0,15302.0,0,0,0,1,0,1,0,0
0,31.0,0,183.0,0.0,32.0,0.0,1171.0,False,4,806,1,0,2,5,1,1,0,0,0,0,0,1386.0,0,2,1,0,0,0,0,1
0,1.0,0,0.0,0.0,0.0,0.0,0.0,True,0,806,2,0,2,6,1,1,0,0,0,0,0,0.0,1,3,1,0,0,0,0,1
0,31.0,0,159.0,110.0,701.0,0.0,10.0,False,4,808,1,1,1,4,1,1,0,0,0,0,0,980.0,0,2,1,0,0,0,0,1
0,10.0,0,0.0,0.0,0.0,0.0,0.0,True,1,809,1,0,4,5,1,1,0,0,0,0,0,0.0,1,3,0,0,1,0,0,1
0,10.0,0,1227.0,42.0,1.0,0.0,0.0,False,0,809,2,0,4,5,1,1,0,0,0,0,0,1270.0,0,2,0,0,1,0,0,1
0,42.0,0,836.0,0.0,51.0,304.0,0.0,False,5,809,3,0,4,5,1,1,0,0,0,0,0,1191.0,0,2,0,0,1,0,0,1
0,0.0,0,0.0,0.0,0.0,0.0,0.0,True,0,809,4,0,4,5,1,1,0,0,0,0,0,0.0,1,3,0,0,1,0,0,1
0,41.0,0,1209.0,0.0,0.0,0.0,833.0,False,5,811,1,0,3,5,1,1,0,0,0,0,0,2042.0,0,0,0,0,1,0,1,0
1,0.0,0,0.0,0.0,0.0,0.0,0.0,True,0,811,2,0,3,5,1,1,0,0,0,0,0,0.0,1,3,0,0,1,0,0,1
0,0.0,0,0.0,0.0,0.0,0.0,0.0,True,0,811,3,0,3,5,1,1,0,0,0,0,0,0.0,1,3,0,0,1,0,0,1
1,59.0,0,0.0,0.0,0.0,0.0,0.0,True,6,813,1,1,1,5,0,1,0,0,0,0,0,0.0,1,3,0,0,1,0,0,1
0,13.0,0,2.0,1.0,30.0,0.0,0.0,False,2,815,1,1,1,4,1,1,0,0,0,0,0,33.0,0,1,1,0,0,0,0,1
0,24.0,0,0.0,284.0,0.0,4614.0,438.0,False,3,816,1,1,1,4,1,1,0,0,0,0,0,5336.0,0,0,0,1,0,1,0,0
1,20.0,0,0.0,0.0,0.0,0.0,0.0,False,3,817,1,1,1,6,0,1,0,0,0,0,0,0.0,1,3,1,0,0,0,0,1
0,71.0,1,0.0,0.0,0.0,0.0,0.0,True,6,818,1,1,1,1,1,1,0,0,0,0,0,0.0,1,3,0,1,0,0,0,1
1,23.0,0,0.0,0.0,0.0,0.0,0.0,True,3,819,1,1,1,6,1,1,0,0,0,0,0,0.0,1,3,1,0,0,0,1,0
0,15.0,0,0.0,59.0,714.0,0.0,3.0,True,2,820,1,0,2,5,1,1,0,0,0,0,0,776.0,0,2,1,0,0,1,0,0
0,18.0,0,751.0,0.0,0.0,0.0,0.0,False,2,820,2,0,2,6,1,1,0,0,0,0,0,751.0,0,2,1,0,0,0,0,1
0,19.0,0,0.0,561.0,10.0,0.0,161.0,True,3,822,1,1,1,5,1,1,0,0,0,0,0,732.0,0,2,1,0,0,0,0,1
1,4.0,0,0.0,0.0,0.0,0.0,0.0,True,0,823,1,0,2,6,1,1,0,0,0,0,0,0.0,1,3,1,0,0,1,0,0
0,42.0,0,0.0,0.0,739.0,0.0,0.0,True,5,823,2,0,2,5,1,0,1,0,0,0,0,739.0,0,2,1,0,0,1,0,0
0,51.0,0,815.0,0.0,343.0,55.0,0.0,False,6,824,1,1,1,5,1,1,0,0,0,0,0,1213.0,0,2,0,0,1,0,0,1
1,13.0,0,0.0,0.0,0.0,0.0,0.0,True,2,825,1,1,1,6,0,1,0,0,0,0,0,0.0,1,3,1,0,0,0,0,1
0,27.0,0,174.0,653.0,0.0,0.0,0.0,True,4,826,1,1,1,5,1,0,1,0,0,0,0,827.0,0,2,1,0,0,0,0,1
0,42.0,0,786.0,0.0,22.0,59.0,0.0,False,5,828,1,0,2,5,1,1,0,0,0,0,0,867.0,0,2,1,0,0,0,0,1
0,41.0,0,324.0,2.0,22.0,7.0,26.0,True,5,828,2,0,2,5,1,1,0,0,0,0,0,359.0,0,1,1,0,0,0,0,1
0,21.0,0,15.0,0.0,2695.0,2.0,0.0,True,3,829,1,1,1,5,0,1,0,0,0,0,0,2712.0,0,0,1,0,0,0,1,0
0,31.0,0,14.0,5.0,0.0,795.0,0.0,True,4,830,1,1,1,5,0,1,0,0,0,0,0,814.0,0,2,1,0,0,0,0,1
1,36.0,0,0.0,0.0,0.0,0.0,0.0,True,5,833,1,1,1,5,1,0,1,0,0,0,0,0.0,1,3,0,1,0,1,0,0
0,31.0,0,0.0,0.0,0.0,838.0,27.0,False,4,834,1,1,1,5,0,1,0,0,0,0,0,865.0,0,2,1,0,0,0,0,1
0,14.0,0,77.0,0.0,9.0,424.0,166.0,False,2,835,1,1,1,6,1,1,0,0,0,0,0,676.0,0,1,1,0,0,1,0,0
0,32.0,1,494.0,701.0,71.0,0.0,0.0,False,4,836,1,1,1,5,1,1,0,0,0,0,0,1266.0,0,2,0,0,1,0,1,0
0,32.0,0,0.0,179.0,0.0,0.0,5152.0,False,4,839,1,1,1,1,1,1,0,0,0,0,0,5331.0,0,0,0,1,0,0,0,1
0,27.0,0,663.0,1111.0,0.0,0.0,2.0,False,4,840,1,1,1,6,0,1,0,0,0,0,0,1776.0,0,0,1,0,0,0,0,1
0,57.0,0,2651.0,2956.0,0.0,266.0,1300.0,False,6,845,1,1,1,1,1,1,0,0,0,0,0,7173.0,0,0,0,1,0,1,0,0
1,13.0,0,0.0,0.0,0.0,0.0,0.0,False,2,846,1,1,1,6,1,1,0,0,0,0,0,0.0,1,3,1,0,0,0,0,1
1,30.0,0,0.0,0.0,0.0,0.0,0.0,True,4,848,1,0,2,5,0,1,0,0,0,0,0,0.0,1,3,0,0,1,0,0,1
1,14.0,0,0.0,0.0,0.0,0.0,0.0,True,2,848,2,0,2,5,0,1,0,0,0,0,0,0.0,1,3,0,0,1,0,0,1
0,27.0,0,0.0,0.0,0.0,0.0,0.0,True,4,849,1,0,2,1,1,1,0,0,0,0,0,0.0,1,3,0,1,0,0,0,1
1,32.0,0,0.0,0.0,0.0,0.0,0.0,True,4,849,2,0,2,1,1,1,0,0,0,0,0,0.0,1,3,0,1,0,1,0,0
1,54.0,0,0.0,0.0,0.0,0.0,0.0,True,6,850,1,1,1,4,1,1,0,0,0,0,0,0.0,1,3,0,0,1,0,0,1
0,23.0,0,217.0,378.0,19.0,1.0,12.0,False,3,851,1,1,1,5,0,1,0,0,0,0,0,627.0,0,1,1,0,0,1,0,0
1,38.0,0,0.0,0.0,0.0,0.0,0.0,True,5,853,1,1,1,0,1,1,0,0,0,0,0,0.0,1,3,1,0,0,1,0,0
1,32.0,0,0.0,0.0,0.0,0.0,0.0,True,4,859,1,1,1,6,1,1,0,0,0,0,0,0.0,1,3,1,0,0,0,0,1
0,24.0,0,34.0,7.0,320.0,0.0,427.0,False,3,860,1,1,1,4,0,1,0,0,0,0,0,788.0,0,2,1,0,0,0,0,1
1,36.0,0,0.0,0.0,0.0,0.0,0.0,False,5,863,1,0,3,6,1,1,0,0,0,0,0,0.0,1,3,1,0,0,0,0,1
0,11.0,0,0.0,0.0,0.0,0.0,0.0,False,1,863,2,0,3,6,1,1,0,0,0,0,0,0.0,1,3,1,0,0,0,0,1
1,6.0,0,0.0,0.0,0.0,0.0,0.0,False,1,863,3,0,3,6,1,1,0,0,0,0,0,0.0,1,3,1,0,0,0,0,1
1,36.0,0,0.0,0.0,0.0,0.0,0.0,True,5,865,1,0,2,1,1,1,0,0,0,0,0,0.0,1,3,0,1,0,1,0,0
1,22.0,0,0.0,0.0,0.0,0.0,0.0,True,3,865,2,0,2,1,1,1,0,0,0,0,0,0.0,1,3,0,1,0,1,0,0
0,27.0,0,2.0,850.0,18.0,2.0,0.0,False,5,867,1,1,1,5,1,1,0,0,0,0,0,872.0,0,2,1,0,0,0,0,1
1,37.0,0,0.0,0.0,0.0,0.0,0.0,True,5,868,1,1,1,6,1,1,0,0,0,0,0,0.0,1,3,1,0,0,0,0,1
0,55.0,0,280.0,0.0,444.0,0.0,0.0,False,6,869,1,1,1,5,1,1,0,0,0,0,0,724.0,0,2,1,0,0,0,0,1
0,27.0,0,112.0,473.0,0.0,92.0,0.0,False,5,870,1,1,1,6,0,1,0,0,0,0,0,677.0,0,1,1,0,0,0,1,0
0,20.0,0,2.0,4754.0,0.0,246.0,31.0,True,3,871,1,1,1,0,1,1,0,0,0,0,0,5033.0,0,0,0,1,0,0,0,1
0,16.0,0,0.0,0.0,32.0,2529.0,92.0,False,2,873,1,1,1,5,0,1,0,0,0,0,0,2653.0,0,0,1,0,0,0,0,1
0,19.0,0,0.0,162.0,540.0,0.0,0.0,False,3,874,1,1,1,5,1,1,0,0,0,0,0,702.0,0,1,1,0,0,0,0,1
0,38.0,0,0.0,0.0,0.0,0.0,0.0,False,5,875,1,1,1,6,1,1,0,0,0,0,0,0.0,1,3,1,0,0,0,0,1
0,35.0,0,12.0,687.0,46.0,2.0,0.0,False,5,876,1,1,1,5,1,1,0,0,0,0,0,747.0,0,2,1,0,0,0,0,1
1,33.0,0,0.0,0.0,0.0,0.0,0.0,True,5,877,1,1,1,2,0,1,0,0,0,0,0,0.0,1,3,0,1,0,1,0,0
0,37.0,1,381.0,0.0,3.0,447.0,0.0,False,5,878,1,1,1,3,1,1,0,0,0,0,0,831.0,0,2,0,0,1,0,1,0
0,46.0,0,784.0,0.0,0.0,0.0,4.0,False,5,879,1,1,1,5,1,0,1,0,0,0,0,788.0,0,2,1,0,0,0,0,1
0,41.0,0,3103.0,3.0,0.0,31.0,26.0,False,5,881,1,1,1,3,1,1,0,0,0,0,0,3163.0,0,0,0,1,0,0,0,1
0,13.0,0,875.0,5.0,10.0,18.0,0.0,False,2,883,1,1,1,6,0,1,0,0,0,0,0,908.0,0,2,1,0,0,0,0,1
1,31.0,0,0.0,0.0,0.0,0.0,0.0,False,4,885,1,0,2,6,1,1,0,0,0,0,0,0.0,1,3,1,0,0,0,0,1
1,52.0,0,0.0,0.0,0.0,0.0,0.0,True,6,885,2,0,2,6,1,1,0,0,0,0,0,0.0,1,3,1,0,0,1,0,0
0,48.0,0,0.0,0.0,0.0,0.0,0.0,False,5,889,1,0,2,2,0,1,0,0,0,0,0,0.0,1,3,0,1,0,0,0,1
0,27.0,0,1.0,12804.0,0.0,10.0,52.0,True,4,889,2,0,2,2,0,1,0,0,0,0,0,12867.0,0,0,0,1,0,1,0,0
0,16.0,0,172.0,0.0,338.0,9.0,0.0,False,2,890,1,1,1,5,0,1,0,0,0,0,0,519.0,0,1,0,0,1,0,0,1
1,32.0,0,0.0,0.0,0.0,0.0,0.0,True,4,893,1,1,1,6,0,1,0,0,0,0,0,0.0,1,3,1,0,0,1,0,0
1,25.0,0,0.0,0.0,0.0,0.0,0.0,False,3,898,1,1,1,6,1,1,0,0,0,0,0,0.0,1,3,1,0,0,0,0,1
0,26.0,0,0.0,0.0,716.0,0.0,1.0,True,4,899,1,0,2,5,0,1,0,0,0,0,0,717.0,0,2,1,0,0,0,0,1
1,44.0,0,0.0,0.0,0.0,0.0,0.0,False,5,899,2,0,2,6,0,1,0,0,0,0,0,0.0,1,3,1,0,0,0,0,1
0,32.0,0,47.0,0.0,2552.0,0.0,0.0,True,4,901,1,1,1,5,1,1,0,0,0,0,0,2599.0,0,0,0,0,1,0,0,1
0,18.0,0,200.0,124.0,0.0,413.0,0.0,True,2,902,1,1,1,5,0,1,0,0,0,0,0,737.0,0,2,1,0,0,0,0,1
1,23.0,0,0.0,0.0,0.0,0.0,0.0,False,3,903,1,1,1,6,1,1,0,0,0,0,0,0.0,1,3,1,0,0,1,0,0
0,44.0,0,0.0,2792.0,0.0,148.0,1043.0,False,5,904,1,1,1,2,0,1,0,0,0,0,0,3983.0,0,0,0,1,0,0,0,1
0,29.0,0,4.0,0.0,421.0,435.0,19.0,False,4,905,1,1,1,3,0,1,0,0,0,0,0,879.0,0,2,0,0,1,0,1,0
0,19.0,0,0.0,388.0,469.0,0.0,0.0,True,3,906,1,1,1,5,1,1,0,0,0,0,0,857.0,0,2,1,0,0,1,0,0
0,41.0,0,0.0,5738.0,7.0,9038.0,28.0,False,5,907,1,0,2,1,0,1,0,0,0,0,0,14811.0,0,0,0,1,0,1,0,0
0,28.0,0,0.0,1736.0,7.0,145.0,634.0,False,4,907,2,0,2,1,0,1,0,0,0,0,0,2515.0,0,0,0,1,0,0,0,1
1,19.0,0,0.0,0.0,0.0,0.0,0.0,True,3,910,1,1,1,6,1,1,0,0,0,0,0,0.0,1,3,1,0,0,0,0,1
0,32.0,1,2492.0,0.0,543.0,136.0,4.0,False,4,911,1,0,2,5,0,1,0,0,0,0,0,2632.0,0,0,0,0,1,0,0,1
0,74.0,0,853.0,0.0,543.0,31.0,0.0,True,6,911,2,0,2,5,0,1,0,0,0,0,0,1427.0,0,2,0,0,1,0,0,1
0,31.0,0,0.0,7461.0,0.0,369.0,450.0,True,4,912,1,1,1,1,1,1,0,0,0,0,0,8280.0,0,0,0,1,0,0,0,1
0,38.0,0,0.0,172.0,0.0,5907.0,34.0,False,5,913,1,1,1,4,0,1,0,0,0,0,0,6113.0,0,0,0,1,0,1,0,0
0,20.0,0,157.0,0.0,0.0,544.0,3.0,False,3,915,1,1,1,6,1,1,0,0,0,0,0,704.0,0,1,1,0,0,0,0,1
0,24.0,0,47.0,0.0,10.0,139.0,1406.0,False,3,918,1,1,1,4,1,1,0,0,0,0,0,1602.0,0,0,1,0,0,0,0,1
0,26.0,0,18.0,84.0,93.0,886.0,289.0,False,4,919,1,1,1,5,0,1,0,0,0,0,0,1370.0,0,2,1,0,0,0,1,0
1,44.0,0,0.0,0.0,0.0,0.0,0.0,False,5,921,1,1,1,6,1,1,0,0,0,0,0,0.0,1,3,1,0,0,0,1,0
1,33.0,0,0.0,0.0,0.0,0.0,1226.0,True,5,922,1,0,2,1,0,1,0,0,0,0,0,0.0,1,3,0,1,0,1,0,0
0,31.0,0,0.0,1095.0,0.0,169.0,1226.0,False,4,922,2,0,2,1,0,1,0,0,0,0,0,2490.0,0,0,0,1,0,1,0,0
0,22.0,0,0.0,7767.0,0.0,15.0,2453.0,True,3,923,1,0,2,2,1,1,0,0,0,0,0,10235.0,0,0,0,1,0,1,0,0
1,22.0,0,0.0,0.0,0.0,0.0,0.0,True,3,923,2,0,2,1,1,1,0,0,0,0,0,0.0,1,3,0,1,0,0,0,1
0,33.0,0,13.0,0.0,984.0,0.0,0.0,False,5,924,1,1,1,4,1,1,0,0,0,0,0,997.0,0,2,1,0,0,0,0,1
0,34.0,0,379.0,0.0,1626.0,0.0,0.0,False,5,925,1,0,3,5,0,1,0,0,0,0,0,2005.0,0,0,0,0,1,0,0,1
1,11.0,0,0.0,0.0,0.0,0.0,0.0,True,1,925,2,0,3,5,0,1,0,0,0,0,0,0.0,1,3,0,0,1,0,0,1
1,41.0,0,0.0,0.0,0.0,0.0,0.0,True,5,925,3,0,3,5,0,1,0,0,0,0,0,0.0,1,3,0,0,1,0,0,1
0,30.0,0,0.0,7992.0,0.0,507.0,25.0,True,4,926,1,0,2,1,1,1,0,0,0,0,0,8524.0,0,0,0,1,0,1,0,0
0,30.0,0,0.0,760.0,234.0,2761.0,81.0,False,4,926,2,0,2,1,1,1,0,0,0,0,0,3836.0,0,0,0,1,0,0,0,1
0,25.0,0,0.0,0.0,699.0,43.0,22.0,False,3,927,1,1,1,6,1,1,0,0,0,0,0,764.0,0,2,1,0,0,0,0,1
1,31.0,0,0.0,0.0,0.0,0.0,0.0,True,4,928,1,1,1,6,0,1,0,0,0,0,0,0.0,1,3,1,0,0,0,1,0
0,38.0,0,646.0,0.0,0.0,135.0,260.0,False,5,930,1,0,2,5,0,1,0,0,0,0,0,1041.0,0,2,1,0,0,0,0,1
1,15.0,0,0.0,0.0,0.0,0.0,0.0,True,2,930,2,0,2,6,0,1,0,0,0,0,0,0.0,1,3,1,0,0,0,0,1
0,19.0,0,0.0,0.0,115.0,126.0,491.0,True,3,931,1,1,1,5,0,1,0,0,0,0,0,732.0,0,2,1,0,0,0,0,1
1,29.0,0,0.0,0.0,0.0,0.0,0.0,True,4,932,1,1,1,5,1,0,1,0,0,0,0,0.0,1,3,0,0,1,0,0,1
0,30.0,0,14.0,12045.0,0.0,2121.0,0.0,True,4,933,1,0,2,2,0,1,0,0,0,0,0,14180.0,0,0,0,1,0,0,0,1
0,29.0,0,0.0,1127.0,0.0,1867.0,1070.0,False,4,933,2,0,2,2,0,1,0,0,0,0,0,4064.0,0,0,0,1,0,0,0,1
0,36.0,0,0.0,11.0,0.0,18.0,872.0,False,5,935,1,1,1,5,0,1,0,0,0,0,0,901.0,0,2,1,0,0,0,0,1
0,24.0,0,174.0,0.0,0.0,630.0,0.0,False,3,938,1,0,3,5,1,1,0,0,0,0,0,804.0,0,2,1,0,0,0,0,1
0,30.0,0,0.0,0.0,871.0,0.0,0.0,True,4,938,2,0,3,4,1,1,0,0,0,0,0,871.0,0,2,1,0,0,0,0,1
0,0.0,0,0.0,0.0,0.0,0.0,0.0,True,0,938,3,0,3,6,1,1,0,0,0,0,0,0.0,1,3,1,0,0,0,0,1
1,15.0,0,0.0,0.0,0.0,0.0,0.0,True,2,939,1,1,1,6,0,1,0,0,0,0,0,0.0,1,3,1,0,0,0,0,1
0,38.0,0,55.0,741.0,0.0,0.0,13.0,True,5,940,1,1,1,6,0,1,0,0,0,0,0,809.0,0,2,1,0,0,0,0,1
0,13.0,0,0.0,7.0,0.0,1175.0,0.0,False,2,941,1,1,1,5,0,1,0,0,0,0,0,1182.0,0,2,1,0,0,0,0,1
0,18.0,0,594.0,0.0,555.0,0.0,0.0,False,2,942,1,1,1,5,0,1,0,0,0,0,0,1149.0,0,2,0,0,1,0,0,1
0,16.0,0,891.0,0.0,831.0,0.0,0.0,False,2,944,1,0,2,6,0,1,0,0,0,0,0,1722.0,0,0,1,0,0,0,0,1
0,8.0,0,0.0,0.0,0.0,0.0,0.0,False,1,944,2,0,2,6,0,1,0,0,0,0,0,0.0,1,3,1,0,0,1,0,0
0,19.0,0,72.0,5.0,0.0,342.0,188.0,True,3,946,1,1,1,5,0,1,0,0,0,0,0,607.0,0,1,1,0,0,0,0,1
0,26.0,0,0.0,474.0,0.0,0.0,201.0,False,4,947,1,1,1,6,0,1,0,0,0,0,0,675.0,0,1,1,0,0,1,0,0
1,15.0,0,0.0,0.0,0.0,0.0,0.0,True,2,949,1,1,1,6,0,1,0,0,0,0,0,0.0,1,3,1,0,0,1,0,0
1,38.0,0,0.0,0.0,0.0,0.0,0.0,True,5,951,1,1,1,6,1,1,0,0,0,0,0,0.0,1,3,1,0,0,0,1,0
0,45.0,0,877.0,0.0,1383.0,0.0,0.0,False,5,952,1,1,1,5,1,1,0,0,0,0,0,2260.0,0,0,0,0,1,0,0,1
0,48.0,0,0.0,306.0,3.0,0.0,359.0,False,5,953,1,1,1,5,0,1,0,0,0,0,0,668.0,0,1,1,0,0,0,1,0
1,17.0,0,0.0,0.0,0.0,0.0,0.0,False,2,955,1,1,1,6,1,1,0,0,0,0,0,0.0,1,3,1,0,0,1,0,0
0,28.0,0,0.0,631.0,0.0,5.0,0.0,True,4,956,1,1,1,4,1,1,0,0,0,0,0,636.0,0,1,1,0,0,0,0,1
1,41.0,0,0.0,0.0,0.0,0.0,0.0,True,5,957,1,1,1,5,0,1,0,0,0,0,0,0.0,1,3,0,0,1,0,0,1
0,19.0,0,3.0,0.0,0.0,0.0,788.0,False,3,960,1,1,1,4,1,1,0,0,0,0,0,791.0,0,2,1,0,0,0,0,1
0,14.0,0,0.0,885.0,8.0,0.0,0.0,True,2,961,1,1,1,6,0,1,0,0,0,0,0,893.0,0,2,1,0,0,1,0,0
1,21.0,0,0.0,0.0,0.0,0.0,0.0,True,3,964,1,0,2,1,0,1,0,0,0,0,0,0.0,1,3,0,1,0,0,0,1
1,48.0,0,0.0,0.0,0.0,0.0,0.0,True,5,964,2,0,2,1,0,1,0,0,0,0,0,0.0,1,3,0,1,0,0,0,1
0,19.0,0,631.0,0.0,834.0,304.0,0.0,False,3,965,1,1,1,5,1,1,0,0,0,0,0,1769.0,0,0,0,0,1,0,0,1
0,29.0,0,1377.0,0.0,0.0,167.0,0.0,False,4,966,1,1,1,5,1,1,0,0,0,0,0,1544.0,0,0,1,0,0,0,0,1
0,20.0,0,792.0,0.0,0.0,0.0,0.0,False,3,968,1,1,1,4,0,1,0,0,0,0,0,792.0,0,2,1,0,0,0,0,1
1,44.0,0,0.0,0.0,0.0,0.0,0.0,True,5,969,1,1,1,5,0,1,0,0,0,0,0,0.0,1,3,0,0,1,0,0,1
1,19.0,0,0.0,0.0,0.0,0.0,0.0,True,3,970,1,1,1,6,0,1,0,0,0,0,0,0.0,1,3,1,0,0,0,0,1
1,64.0,0,0.0,0.0,0.0,0.0,0.0,False,6,971,1,1,1,6,0,1,0,0,0,0,0,0.0,1,3,1,0,0,0,0,1
0,21.0,0,0.0,314.0,323.0,1026.0,6.0,False,3,972,1,1,1,4,0,1,0,0,0,0,0,1669.0,0,0,1,0,0,0,0,1
0,32.0,0,58.0,317.0,448.0,3.0,0.0,True,4,975,1,1,1,4,0,1,0,0,0,0,0,826.0,0,2,1,0,0,1,0,0
1,20.0,0,0.0,0.0,0.0,0.0,0.0,False,3,976,1,1,1,6,1,1,0,0,0,0,0,0.0,1,3,1,0,0,0,0,1
0,24.0,0,0.0,32.0,8.0,0.0,0.0,False,3,978,1,1,1,5,0,1,0,0,0,0,0,40.0,0,1,1,0,0,0,0,1
0,44.0,0,0.0,0.0,0.0,0.0,0.0,True,5,979,1,1,1,1,1,1,0,0,0,0,0,0.0,1,3,0,1,0,0,0,1
1,57.0,0,0.0,0.0,0.0,0.0,0.0,True,6,982,1,0,2,6,0,1,0,0,0,0,0,0.0,1,3,1,0,0,0,1,0
0,51.0,0,0.0,0.0,4.0,0.0,0.0,False,6,982,2,0,2,6,0,1,0,0,0,0,0,4.0,0,1,1,0,0,0,0,1
1,34.0,0,0.0,0.0,0.0,0.0,0.0,True,5,983,1,1,1,6,1,1,0,0,0,0,0,0.0,1,3,1,0,0,1,0,0
0,45.0,0,0.0,1.0,13.0,0.0,873.0,False,5,984,1,0,8,6,1,1,0,0,0,0,0,887.0,0,2,1,0,0,0,0,1
0,24.0,0,0.0,0.0,718.0,0.0,0.0,False,3,984,2,0,8,5,1,1,0,0,0,0,0,718.0,0,2,1,0,0,0,0,1
0,23.0,0,0.0,0.0,490.0,0.0,319.0,False,3,984,3,0,8,6,1,1,0,0,0,0,0,809.0,0,2,1,0,0,0,0,1
1,30.0,0,0.0,0.0,0.0,0.0,0.0,True,4,984,4,0,8,6,1,1,0,0,0,0,0,0.0,1,3,1,0,0,0,0,1
0,20.0,0,0.0,11.0,0.0,136.0,1088.0,False,3,984,5,0,8,5,1,1,0,0,0,0,0,1235.0,0,2,1,0,0,1,0,0
1,22.0,0,0.0,0.0,0.0,0.0,0.0,True,3,984,6,0,8,6,1,1,0,0,0,0,0,0.0,1,3,1,0,0,0,0,1
1,24.0,0,0.0,0.0,0.0,0.0,0.0,False,3,984,7,0,8,6,1,1,0,0,0,0,0,0.0,1,3,1,0,0,0,1,0
1,71.0,0,0.0,0.0,0.0,0.0,0.0,True,6,984,8,0,8,6,1,1,0,0,0,0,0,0.0,1,3,1,0,0,0,0,1
0,18.0,0,6.0,0.0,0.0,12.0,704.0,True,2,985,1,1,1,4,0,1,0,0,0,0,0,722.0,0,2,1,0,0,1,0,0
0,16.0,0,3.0,0.0,35.0,150.0,478.0,False,2,987,1,1,1,5,0,1,0,0,0,0,0,666.0,0,1,1,0,0,0,0,1
0,28.0,0,0.0,3.0,906.0,0.0,0.0,False,4,988,1,0,2,6,1,1,0,0,0,0,0,909.0,0,2,1,0,0,0,0,1
0,36.0,0,1.0,784.0,0.0,55.0,149.0,True,5,988,2,0,2,4,1,1,0,0,0,0,0,989.0,0,2,1,0,0,0,0,1
0,6.0,0,0.0,0.0,0.0,0.0,0.0,False,1,989,1,1,1,6,0,1,0,0,0,0,0,0.0,1,3,1,0,0,0,0,1
0,26.0,0,0.0,541.0,46.0,4.0,96.0,False,4,990,1,1,1,5,1,1,0,0,0,0,0,687.0,0,1,1,0,0,0,1,0
1,27.0,0,0.0,0.0,0.0,0.0,0.0,False,4,991,1,1,1,6,1,1,0,0,0,0,0,0.0,1,3,1,0,0,0,0,1
0,49.0,0,31.0,2727.0,0.0,184.0,135.0,True,5,992,1,0,6,3,1,1,0,0,0,0,0,3077.0,0,0,0,1,0,0,0,1
0,29.0,0,387.0,942.0,0.0,9927.0,1341.0,False,4,992,2,0,6,3,1,1,0,0,0,0,0,12597.0,0,0,0,1,0,0,0,1
0,46.0,0,1192.0,1736.0,17.0,21.0,0.0,True,5,992,3,0,6,3,1,1,0,0,0,0,0,2966.0,0,0,0,1,0,1,0,0
0,35.0,1,8030.0,300.0,0.0,0.0,1436.0,False,5,992,4,0,6,5,1,0,1,0,0,0,0,9766.0,0,0,0,1,0,1,0,0
1,17.0,0,0.0,0.0,0.0,0.0,0.0,True,2,992,5,0,6,3,1,1,0,0,0,0,0,0.0,1,3,0,1,0,1,0,0
0,37.0,0,4301.0,791.0,0.0,1748.0,91.0,False,5,992,6,0,6,3,1,1,0,0,0,0,0,6931.0,0,0,0,1,0,1,0,0
0,24.0,0,252.0,0.0,0.0,449.0,0.0,False,3,993,1,1,1,5,1,1,0,0,0,0,0,701.0,0,1,1,0,0,1,0,0
1,47.0,0,0.0,0.0,0.0,0.0,0.0,False,5,994,1,0,2,6,1,1,0,0,0,0,0,0.0,1,3,1,0,0,0,0,1
0,26.0,0,621.0,1.0,98.0,11.0,135.0,False,4,994,2,0,2,5,1,1,0,0,0,0,0,866.0,0,2,1,0,0,0,0,1
1,46.0,0,0.0,0.0,0.0,0.0,0.0,True,5,995,1,1,1,2,0,1,0,0,0,0,0,0.0,1,3,0,1,0,1,0,0
0,27.0,0,253.0,0.0,880.0,22.0,2.0,False,4,997,1,1,1,5,1,1,0,0,0,0,0,1157.0,0,2,0,0,1,0,0,1
0,56.0,0,0.0,7447.0,0.0,253.0,35.0,True,6,998,1,1,1,2,0,1,0,0,0,0,0,7735.0,0,0,0,1,0,0,0,1
0,18.0,0,885.0,0.0,32.0,0.0,0.0,False,2,1000,1,1,1,3,0,1,0,0,0,0,0,917.0,0,2,0,0,1,0,0,1
1,15.0,0,0.0,0.0,0.0,0.0,0.0,False,2,1001,1,1,1,6,1,1,0,0,0,0,0,0.0,1,3,1,0,0,0,0,1
0,3.0,0,0.0,0.0,0.0,0.0,0.0,True,0,1002,1,0,3,5,1,1,0,0,0,0,0,0.0,1,3,0,0,1,1,0,0
0,42.0,0,1050.0,0.0,715.0,0.0,3.0,False,5,1002,2,0,3,5,1,1,0,0,0,0,0,1768.0,0,0,0,0,1,0,0,1
1,1.0,0,0.0,0.0,0.0,0.0,0.0,True,0,1002,3,0,3,5,1,1,0,0,0,0,0,0.0,1,3,0,0,1,0,0,1
1,56.0,0,0.0,0.0,0.0,0.0,0.0,True,6,1004,1,1,1,0,1,1,0,0,0,0,0,0.0,1,3,0,1,0,1,0,0
0,20.0,0,0.0,0.0,4.0,9.0,773.0,False,3,1005,1,1,1,6,1,1,0,0,0,0,0,786.0,0,2,1,0,0,0,0,1
0,21.0,0,0.0,0.0,0.0,0.0,791.0,False,3,1006,1,0,3,4,1,1,0,0,0,0,0,791.0,0,2,1,0,0,0,0,1
1,5.0,0,0.0,0.0,0.0,0.0,0.0,True,1,1006,2,0,3,4,1,1,0,0,0,0,0,0.0,1,3,1,0,0,0,0,1
0,12.0,0,0.0,0.0,0.0,0.0,0.0,True,1,1006,3,0,3,5,1,0,1,0,0,0,0,0.0,1,3,1,0,0,0,0,1
1,39.0,0,0.0,0.0,0.0,0.0,0.0,True,5,1008,1,0,2,2,1,1,0,0,0,0,0,0.0,1,3,0,1,0,1,0,0
1,60.0,0,0.0,0.0,0.0,0.0,0.0,True,6,1008,2,0,2,2,1,1,0,0,0,0,0,0.0,1,3,0,1,0,0,0,1
0,31.0,0,1633.0,4.0,49.0,6.0,0.0,False,4,1011,1,0,2,5,1,0,1,0,0,0,0,1692.0,0,0,1,0,0,0,0,1
1,58.0,0,0.0,0.0,0.0,0.0,0.0,False,6,1011,2,0,2,6,0,1,0,0,0,0,0,0.0,1,3,1,0,0,0,0,1
1,19.0,0,0.0,0.0,0.0,0.0,0.0,True,3,1012,1,1,1,6,0,1,0,0,0,0,0,0.0,1,3,1,0,0,0,0,1
1,29.0,0,0.0,0.0,0.0,0.0,0.0,False,4,1013,1,1,1,6,1,1,0,0,0,0,0,0.0,1,3,1,0,0,0,0,1
1,19.0,0,0.0,0.0,0.0,0.0,0.0,True,3,1014,1,1,1,5,0,1,0,0,0,0,0,0.0,1,3,0,0,1,0,0,1
0,44.0,0,0.0,131.0,267.0,554.0,0.0,False,5,1015,1,1,1,5,1,1,0,0,0,0,0,952.0,0,2,1,0,0,0,0,1
0,20.0,0,0.0,15.0,122.0,1125.0,0.0,False,3,1017,1,1,1,5,1,1,0,0,0,0,0,1262.0,0,2,1,0,0,0,0,1
1,18.0,0,0.0,0.0,0.0,0.0,0.0,True,2,1018,1,1,1,6,0,1,0,0,0,0,0,0.0,1,3,1,0,0,0,0,1
0,36.0,0,1.0,1410.0,0.0,1.0,0.0,True,5,1019,1,1,1,5,1,1,0,0,0,0,0,1412.0,0,2,1,0,0,0,0,1
1,25.0,0,0.0,0.0,0.0,0.0,0.0,True,3,1020,1,1,1,5,0,1,0,0,0,0,0,0.0,1,3,0,0,1,0,0,1
0,15.0,0,48.0,6.0,0.0,954.0,0.0,False,2,1022,1,1,1,5,1,0,1,0,0,0,0,1008.0,0,2,1,0,0,0,0,1
0,18.0,0,187.0,12.0,0.0,1277.0,0.0,False,2,1024,1,0,4,5,0,1,0,0,0,0,0,1476.0,0,0,1,0,0,1,0,0
1,0.0,0,0.0,0.0,0.0,0.0,0.0,True,0,1024,2,0,4,6,0,1,0,0,0,0,0,0.0,1,3,1,0,0,0,0,1
0,54.0,0,0.0,5.0,0.0,594.0,209.0,False,6,1024,3,0,4,6,0,1,0,0,0,0,0,808.0,0,2,1,0,0,1,0,0
0,0.0,0,0.0,0.0,0.0,0.0,0.0,False,0,1024,4,0,4,6,0,1,0,0,0,0,0,0.0,1,3,1,0,0,1,0,0
0,20.0,0,759.0,0.0,106.0,202.0,0.0,False,3,1025,1,1,1,5,0,1,0,0,0,0,0,1067.0,0,2,1,0,0,0,0,1
1,21.0,0,0.0,0.0,0.0,0.0,0.0,False,3,1026,1,1,1,6,1,1,0,0,0,0,0,0.0,1,3,1,0,0,0,0,1
0,8.0,0,0.0,0.0,0.0,0.0,0.0,True,1,1027,1,0,4,5,0,1,0,0,0,0,0,0.0,1,3,0,0,1,0,0,1
0,46.0,0,1454.0,0.0,81.0,38.0,0.0,False,5,1027,2,0,4,5,0,1,0,0,0,0,0,1573.0,0,0,0,0,1,0,0,1
0,31.0,0,231.0,0.0,0.0,279.0,9.0,False,4,1027,3,0,4,5,0,1,0,0,0,0,0,519.0,0,1,0,0,1,0,0,1
0,3.0,0,0.0,0.0,0.0,0.0,0.0,True,0,1027,4,0,4,5,0,1,0,0,0,0,0,0.0,1,3,0,0,1,1,0,0
1,30.0,0,0.0,0.0,0.0,0.0,0.0,True,4,1029,1,1,1,5,0,1,0,0,0,0,0,0.0,1,3,0,0,1,0,0,1
0,23.0,0,1081.0,0.0,0.0,0.0,7.0,False,3,1030,1,1,1,5,0,1,0,0,0,0,0,1088.0,0,2,1,0,0,0,0,1
0,14.0,0,756.0,84.0,0.0,8.0,99.0,False,2,1031,1,1,1,5,1,1,0,0,0,0,0,947.0,0,2,1,0,0,0,0,1
1,25.0,0,0.0,0.0,0.0,0.0,0.0,False,3,1032,1,1,1,6,0,1,0,0,0,0,0,0.0,1,3,1,0,0,0,1,0
1,61.0,0,0.0,0.0,0.0,0.0,0.0,True,6,1033,1,1,1,6,0,1,0,0,0,0,0,0.0,1,3,1,0,0,0,0,1
0,31.0,0,0.0,0.0,0.0,675.0,213.0,False,4,1034,1,1,1,6,0,1,0,0,0,0,0,888.0,0,2,1,0,0,0,0,1
0,13.0,0,4.0,0.0,1973.0,0.0,39.0,True,2,1035,1,1,1,5,0,1,0,0,0,0,0,2016.0,0,0,0,0,1,1,0,0
1,24.0,0,0.0,0.0,0.0,0.0,0.0,True,3,1036,1,1,1,6,1,1,0,0,0,0,0,0.0,1,3,1,0,0,0,1,0
0,47.0,0,0.0,306.0,84.0,499.0,0.0,False,5,1038,1,1,1,6,1,1,0,0,0,0,0,889.0,0,2,1,0,0,0,0,1
0,15.0,0,521.0,162.0,62.0,5.0,0.0,True,2,1040,1,1,1,6,1,1,0,0,0,0,0,750.0,0,2,1,0,0,0,1,0
1,46.0,0,0.0,0.0,0.0,0.0,0.0,True,5,1041,1,1,1,5,1,0,1,0,0,0,0,0.0,1,3,0,1,0,0,0,1
0,49.0,0,0.0,0.0,1526.0,960.0,0.0,False,5,1043,1,1,1,5,0,1,0,0,0,0,0,2486.0,0,0,1,0,0,0,0,1
0,37.0,0,0.0,0.0,0.0,0.0,0.0,False,5,1045,1,0,2,2,0,1,0,0,0,0,0,0.0,1,3,0,1,0,0,0,1
0,44.0,0,0.0,2349.0,7.0,815.0,10896.0,False,5,1045,2,0,2,2,0,1,0,0,0,0,0,14067.0,0,0,0,1,0,0,0,1
0,16.0,0,507.0,0.0,0.0,0.0,0.0,False,2,1046,1,1,1,5,1,1,0,0,0,0,0,507.0,0,1,1,0,0,0,0,1
1,58.0,0,0.0,0.0,0.0,0.0,0.0,True,6,1047,1,1,1,6,0,1,0,0,0,0,0,0.0,1,3,1,0,0,0,0,1
0,20.0,0,0.0,537.0,612.0,3.0,0.0,True,3,1048,1,1,1,5,0,1,0,0,0,0,0,1152.0,0,2,1,0,0,0,0,1
1,36.0,0,0.0,0.0,0.0,0.0,0.0,True,5,1049,1,0,2,5,0,1,0,0,0,0,0,0.0,1,3,0,0,1,1,0,0
1,31.0,0,0.0,0.0,0.0,0.0,0.0,True,4,1049,2,0,2,5,0,1,0,0,0,0,0,0.0,1,3,0,0,1,0,0,1
0,21.0,0,2.0,447.0,81.0,74.0,0.0,False,3,1051,1,1,1,5,1,1,0,0,0,0,0,604.0,0,1,1,0,0,0,0,1
0,22.0,0,0.0,0.0,21.0,0.0,0.0,False,3,1052,1,1,1,5,1,1,0,0,0,0,0,21.0,0,1,1,0,0,1,0,0
0,27.0,0,182.0,0.0,0.0,0.0,376.0,False,4,1053,1,1,1,5,1,1,0,0,0,0,0,558.0,0,1,1,0,0,0,1,0
0,58.0,0,0.0,0.0,828.0,0.0,96.0,True,6,1054,1,1,1,5,1,1,0,0,0,0,0,924.0,0,2,1,0,0,0,0,1
1,38.0,0,0.0,0.0,0.0,0.0,0.0,True,5,1056,1,0,2,5,0,1,0,0,0,0,0,0.0,1,3,0,0,1,0,0,1
1,30.0,0,0.0,0.0,0.0,0.0,0.0,True,4,1056,2,0,2,5,0,1,0,0,0,0,0,0.0,1,3,0,0,1,1,0,0
1,20.0,0,0.0,0.0,0.0,0.0,0.0,True,3,1057,1,1,1,2,0,1,0,0,0,0,0,0.0,1,3,0,1,0,1,0,0
0,19.0,0,0.0,0.0,27.0,53.0,677.0,False,3,1058,1,1,1,5,1,1,0,0,0,0,0,757.0,0,2,1,0,0,0,0,1
0,57.0,0,0.0,20.0,157.0,21.0,689.0,False,6,1060,1,1,1,6,1,1,0,0,0,0,0,887.0,0,2,1,0,0,0,0,1
0,26.0,0,0.0,773.0,48.0,0.0,149.0,False,4,1062,1,1,1,5,0,1,0,0,0,0,0,970.0,0,2,1,0,0,0,0,1
0,38.0,0,0.0,3262.0,0.0,295.0,1374.0,True,5,1063,1,0,2,1,0,1,0,0,0,0,0,4931.0,0,0,0,1,0,0,0,1
1,15.0,0,0.0,3262.0,0.0,0.0,0.0,True,2,1063,2,0,2,1,0,1,0,0,0,0,0,0.0,1,3,0,1,0,0,0,1
1,27.0,0,0.0,0.0,0.0,0.0,0.0,True,5,1065,1,1,1,5,1,1,0,0,0,0,0,0.0,1,3,0,0,1,0,0,1
1,35.0,0,0.0,0.0,0.0,0.0,0.0,True,5,1066,1,1,1,5,0,1,0,0,0,0,0,0.0,1,3,0,0,1,0,0,1
1,38.0,0,0.0,0.0,0.0,0.0,0.0,False,5,1068,1,1,1,6,1,1,0,0,0,0,0,0.0,1,3,1,0,0,0,1,0
0,35.0,0,415.0,1328.0,0.0,14.0,60.0,False,5,1071,1,1,1,7,0,1,0,0,0,0,0,1817.0,0,0,1,0,0,0,0,1
1,14.0,0,0.0,0.0,0.0,0.0,0.0,True,2,1075,1,0,2,1,1,1,0,0,0,0,0,0.0,1,3,0,1,0,0,0,1
1,27.0,0,0.0,0.0,0.0,0.0,0.0,True,4,1075,2,0,2,1,1,1,0,0,0,0,0,0.0,1,3,0,1,0,0,0,1
1,25.0,0,0.0,0.0,0.0,0.0,0.0,False,3,1076,1,1,1,6,0,1,0,0,0,0,0,0.0,1,3,1,0,0,0,0,1
0,37.0,0,0.0,113.0,0.0,283.0,455.0,False,5,1077,1,1,1,6,0,1,0,0,0,0,0,851.0,0,2,1,0,0,0,0,1
0,25.0,0,79.0,709.0,0.0,0.0,0.0,False,3,1078,1,1,1,4,0,1,0,0,0,0,0,788.0,0,2,1,0,0,1,0,0
0,41.0,0,638.0,0.0,133.0,0.0,0.0,False,5,1079,1,1,1,6,0,1,0,0,0,0,0,771.0,0,2,1,0,0,1,0,0
0,50.0,0,202.0,0.0,1108.0,0.0,0.0,False,5,1080,1,1,1,5,1,1,0,0,0,0,0,1310.0,0,2,0,0,1,0,0,1
0,33.0,0,694.0,0.0,60.0,564.0,0.0,False,5,1082,1,1,1,5,1,1,0,0,0,0,0,1318.0,0,2,0,0,1,0,0,1
1,27.0,0,0.0,0.0,0.0,0.0,0.0,True,4,1083,1,0,3,5,1,1,0,0,0,0,0,0.0,1,3,0,0,1,0,0,1
1,23.0,0,0.0,0.0,0.0,0.0,0.0,True,3,1083,2,0,3,5,1,1,0,0,0,0,0,0.0,1,3,0,0,1,0,0,1
0,18.0,0,556.0,0.0,0.0,852.0,6.0,True,2,1083,3,0,3,5,1,1,0,0,0,0,0,1414.0,0,2,0,0,1,0,0,1
0,31.0,0,0.0,1.0,0.0,16.0,843.0,False,4,1084,1,1,1,5,1,1,0,0,0,0,0,860.0,0,2,1,0,0,0,0,1
0,54.0,0,0.0,0.0,0.0,0.0,0.0,False,6,1085,1,1,1,6,0,1,0,0,0,0,0,0.0,1,3,1,0,0,0,0,1
1,0.0,0,0.0,0.0,0.0,0.0,0.0,True,0,1086,1,0,5,6,0,1,0,0,0,0,0,0.0,1,3,1,0,0,0,0,1
0,11.0,0,0.0,0.0,0.0,0.0,0.0,False,1,1086,2,0,5,6,0,1,0,0,0,0,0,0.0,1,3,1,0,0,0,0,1
1,4.0,0,0.0,0.0,0.0,0.0,0.0,False,0,1086,3,0,5,6,0,1,0,0,0,0,0,0.0,1,3,1,0,0,0,0,1
0,19.0,0,0.0,0.0,0.0,641.0,0.0,True,3,1086,4,0,5,4,0,1,0,0,0,0,0,641.0,0,1,1,0,0,0,0,1
0,7.0,0,0.0,0.0,0.0,0.0,0.0,True,1,1086,5,0,5,6,0,1,0,0,0,0,0,0.0,1,3,1,0,0,0,0,1
1,20.0,0,0.0,0.0,0.0,0.0,0.0,False,3,1088,1,1,1,6,1,1,0,0,0,0,0,0.0,1,3,1,0,0,0,1,0
1,33.0,0,0.0,0.0,0.0,0.0,0.0,True,5,1089,1,0,2,3,0,1,0,0,0,0,0,0.0,1,3,0,1,0,1,0,0
0,26.0,0,0.0,565.0,1.0,677.0,794.0,False,4,1089,2,0,2,3,0,1,0,0,0,0,0,2037.0,0,0,0,1,0,0,0,1
1,35.0,0,0.0,0.0,0.0,0.0,0.0,True,5,1091,1,1,1,5,0,1,0,0,0,0,0,0.0,1,3,0,0,1,0,0,1
0,23.0,0,1862.0,59.0,18.0,192.0,0.0,True,3,1093,1,1,1,3,0,1,0,0,0,0,0,2131.0,0,0,0,0,1,0,0,1
0,60.0,0,437.0,2.0,0.0,0.0,365.0,False,6,1094,1,1,1,5,0,1,0,0,0,0,0,804.0,0,2,1,0,0,0,0,1
1,34.0,0,0.0,0.0,0.0,0.0,0.0,True,5,1095,1,1,1,5,1,0,1,0,0,0,0,0.0,1,3,0,1,0,0,0,1
0,27.0,0,233.0,0.0,0.0,0.0,488.0,False,5,1096,1,1,1,6,1,1,0,0,0,0,0,721.0,0,2,1,0,0,0,0,1
1,42.0,0,0.0,0.0,0.0,0.0,0.0,True,5,1097,1,1,1,4,1,1,0,0,0,0,0,0.0,1,3,0,0,1,0,0,1
0,22.0,0,0.0,78.0,642.0,0.0,0.0,False,3,1099,1,1,1,5,0,1,0,0,0,0,0,720.0,0,2,1,0,0,0,1,0
0,18.0,0,490.0,355.0,298.0,245.0,0.0,False,2,1100,1,0,4,5,0,1,0,0,0,0,0,1388.0,0,2,0,0,1,0,0,1
0,5.0,0,528.0,0.0,0.0,0.0,0.0,True,1,1100,2,0,4,5,0,1,0,0,0,0,0,0.0,1,3,0,0,1,0,0,1
0,18.0,0,787.0,0.0,106.0,1710.0,0.0,False,2,1100,3,0,4,5,0,1,0,0,0,0,0,2603.0,0,0,0,0,1,0,0,1
0,29.0,0,528.0,271.0,99.0,0.0,130.0,False,4,1100,4,0,4,4,0,1,0,0,0,0,0,1028.0,0,2,0,0,1,0,0,1
0,39.0,0,173.0,0.0,660.0,1.0,781.0,False,5,1102,1,1,1,5,0,1,0,0,0,0,0,1615.0,0,0,0,0,1,0,1,0
0,17.0,0,82.0,0.0,263.0,16.0,515.0,False,2,1105,1,1,1,5,1,1,0,0,0,0,0,876.0,0,2,1,0,0,0,0,1
0,58.0,0,55.0,0.0,756.0,246.0,100.0,False,6,1108,1,0,2,5,1,1,0,0,0,0,0,1157.0,0,2,0,0,1,0,0,1
1,5.0,0,0.0,0.0,0.0,0.0,0.0,True,1,1108,2,0,2,5,1,1,0,0,0,0,0,0.0,1,3,0,0,1,0,0,1
0,23.0,0,0.0,24.0,0.0,55.0,7516.0,False,3,1110,1,0,2,2,1,1,0,0,0,0,0,7595.0,0,0,0,1,0,0,0,1
0,26.0,0,8.0,6138.0,0.0,3.0,754.0,True,4,1110,2,0,2,2,1,1,0,0,0,0,0,6903.0,0,0,0,1,0,1,0,0
0,40.0,0,0.0,4076.0,6124.0,58.0,100.0,True,5,1112,1,1,1,1,0,1,0,0,0,0,0,10358.0,0,0,0,1,0,1,0,0
0,20.0,0,0.0,0.0,0.0,0.0,719.0,True,3,1113,1,1,1,4,1,1,0,0,0,0,0,719.0,0,2,1,0,0,0,0,1
0,38.0,1,936.0,0.0,363.0,0.0,0.0,False,5,1114,1,0,2,4,1,1,0,0,0,0,0,1299.0,0,2,0,0,1,0,0,1
0,31.0,0,0.0,0.0,0.0,0.0,0.0,False,4,1114,2,0,2,4,1,1,0,0,0,0,0,0.0,1,3,0,0,1,0,0,1
1,34.0,0,0.0,0.0,0.0,0.0,0.0,True,5,1115,1,1,1,6,1,1,0,0,0,0,0,0.0,1,3,1,0,0,0,0,1
0,9.0,0,0.0,0.0,0.0,0.0,0.0,True,1,1116,1,0,3,6,1,1,0,0,0,0,0,0.0,1,3,1,0,0,0,0,1
0,36.0,0,0.0,3011.0,0.0,0.0,98.0,True,5,1116,2,0,3,5,1,0,1,0,0,0,0,3109.0,0,0,1,0,0,0,0,1
1,26.0,0,0.0,0.0,0.0,0.0,0.0,True,4,1116,3,0,3,6,1,1,0,0,0,0,0,0.0,1,3,1,0,0,0,0,1
0,18.0,0,855.0,0.0,51.0,0.0,0.0,False,2,1117,1,1,1,4,0,1,0,0,0,0,0,906.0,0,2,1,0,0,0,0,1
0,55.0,0,98.0,46.0,0.0,743.0,0.0,True,6,1121,1,1,1,5,0,1,0,0,0,0,0,887.0,0,2,1,0,0,0,1,0
0,28.0,0,0.0,402.0,0.0,135.0,9010.0,False,4,1123,1,1,1,1,0,1,0,0,0,0,0,9547.0,0,0,0,1,0,0,0,1
1,18.0,0,0.0,0.0,0.0,0.0,0.0,True,2,1127,1,1,1,1,1,1,0,0,0,0,0,0.0,1,3,0,1,0,1,0,0
0,28.0,0,2.0,0.0,0.0,787.0,3.0,False,4,1129,1,1,1,4,1,1,0,0,0,0,0,792.0,0,2,1,0,0,0,0,1
1,23.0,0,0.0,0.0,0.0,0.0,0.0,False,3,1130,1,0,2,4,1,1,0,0,0,0,0,0.0,1,3,0,0,1,0,0,1
0,20.0,0,0.0,3.0,3505.0,199.0,17.0,True,3,1130,2,0,2,3,1,1,0,0,0,0,0,3724.0,0,0,0,0,1,1,0,0
1,22.0,0,0.0,0.0,0.0,0.0,0.0,False,3,1132,1,1,1,5,1,0,1,0,0,0,0,0.0,1,3,1,0,0,0,0,1
0,27.0,0,0.0,0.0,0.0,0.0,0.0,True,4,1133,1,1,1,4,0,1,0,0,0,0,0,0.0,1,3,0,0,1,0,0,1
1,13.0,0,0.0,0.0,0.0,0.0,0.0,True,2,1134,1,1,1,5,1,0,1,0,0,0,0,0.0,1,3,0,1,0,1,0,0
0,32.0,0,0.0,1755.0,0.0,0.0,67.0,True,4,1136,1,1,1,6,1,1,0,0,0,0,0,1822.0,0,0,1,0,0,0,0,1
0,53.0,0,0.0,143.0,1632.0,3.0,756.0,True,6,1140,1,0,3,1,1,1,0,0,0,0,0,2534.0,0,0,0,1,0,0,0,1
1,34.0,0,0.0,0.0,0.0,0.0,0.0,True,5,1140,2,0,3,1,1,1,0,0,0,0,0,0.0,1,3,0,1,0,0,0,1
1,42.0,0,0.0,0.0,0.0,0.0,0.0,True,5,1140,3,0,3,1,1,1,0,0,0,0,0,0.0,1,3,0,1,0,1,0,0
1,19.0,0,0.0,0.0,0.0,0.0,0.0,True,3,1141,1,1,1,6,1,1,0,0,0,0,0,0.0,1,3,1,0,0,0,0,1
0,54.0,0,0.0,0.0,0.0,0.0,908.0,True,6,1142,1,1,1,6,0,1,0,0,0,0,0,908.0,0,2,1,0,0,0,0,1
0,12.0,0,0.0,0.0,0.0,0.0,0.0,True,1,1144,1,0,3,6,1,1,0,0,0,0,0,0.0,1,3,1,0,0,0,0,1
0,35.0,0,482.0,0.0,884.0,0.0,30.0,False,5,1144,2,0,3,5,1,1,0,0,0,0,0,1396.0,0,2,1,0,0,0,0,1
0,55.0,0,412.0,97.0,3.0,0.0,15.0,False,6,1144,3,0,3,6,1,1,0,0,0,0,0,512.0,0,1,1,0,0,0,0,1
0,26.0,0,620.0,0.0,187.0,0.0,1304.0,False,4,1146,1,1,1,5,0,1,0,0,0,0,0,2111.0,0,0,1,0,0,1,0,0
1,49.0,0,0.0,0.0,0.0,0.0,0.0,True,5,1147,1,1,1,1,0,1,0,0,0,0,0,0.0,1,3,0,1,0,0,0,1
1,22.0,0,0.0,481.5,0.0,0.0,0.0,True,3,1148,1,0,7,2,0,1,0,0,0,0,0,0.0,1,3,0,1,0,1,0,0
0,29.5,0,0.0,122.0,2138.0,7368.0,1213.0,False,4,1148,2,0,7,2,0,1,0,0,0,0,0,10841.0,0,0,0,1,0,1,0,0
0,30.0,0,0.0,5225.0,0.0,8.0,1933.0,False,4,1148,3,0,7,2,0,1,0,0,0,0,0,7166.0,0,0,0,1,0,0,0,1
0,39.0,0,0.0,5212.0,2.0,118.0,61.0,True,5,1148,4,0,7,5,1,0,1,0,0,0,0,5393.0,0,0,0,1,0,1,0,0
1,14.0,0,0.0,0.0,0.0,0.0,0.0,True,2,1148,5,0,7,2,0,1,0,0,0,0,0,0.0,1,3,0,1,0,1,0,0
1,29.0,0,0.0,0.0,1.0,0.0,0.0,True,4,1148,6,0,7,2,0,1,0,0,0,0,0,0.0,1,3,0,1,0,0,0,1
0,34.0,0,2386.0,841.0,76.0,26.0,1693.0,False,5,1148,7,0,7,2,0,1,0,0,0,0,0,5022.0,0,0,0,1,0,1,0,0
0,8.0,0,0.0,0.0,0.0,0.0,0.0,True,1,1149,1,0,5,6,1,1,0,0,0,0,0,0.0,1,3,1,0,0,1,0,0
0,7.0,0,0.0,0.0,0.0,0.0,0.0,False,1,1149,2,0,5,6,1,1,0,0,0,0,0,0.0,1,3,1,0,0,0,0,1
1,3.0,0,0.0,0.0,0.0,0.0,0.0,False,0,1149,3,0,5,6,1,1,0,0,0,0,0,0.0,1,3,1,0,0,0,0,1
0,0.0,0,0.0,0.0,0.0,0.0,0.0,False,0,1149,4,0,5,6,1,1,0,0,0,0,0,0.0,1,3,1,0,0,0,0,1
0,10.0,0,0.0,0.0,0.0,0.0,0.0,False,1,1149,5,0,5,6,1,1,0,0,0,0,0,0.0,1,3,1,0,0,1,0,0
1,16.0,0,0.0,0.0,0.0,0.0,0.0,False,2,1150,1,1,1,6,1,1,0,0,0,0,0,0.0,1,3,1,0,0,1,0,0
0,41.0,0,29.0,0.0,1095.0,0.0,4.0,False,5,1152,1,1,1,5,1,1,0,0,0,0,0,1128.0,0,2,0,0,1,0,0,1
1,18.0,0,0.0,0.0,0.0,0.0,0.0,True,2,1153,1,1,1,6,0,1,0,0,0,0,0,0.0,1,3,1,0,0,0,0,1
1,25.0,0,0.0,0.0,0.0,0.0,0.0,True,3,1154,1,0,3,1,0,1,0,0,0,0,0,0.0,1,3,0,1,0,0,0,1
1,32.0,0,0.0,0.0,0.0,0.0,0.0,True,4,1154,2,0,3,1,0,1,0,0,0,0,0,0.0,1,3,0,1,0,0,0,1
1,26.0,0,0.0,0.0,0.0,0.0,0.0,True,4,1154,3,0,3,1,0,1,0,0,0,0,0,0.0,1,3,0,1,0,1,0,0
0,26.0,0,131.0,799.0,0.0,0.0,16.0,False,4,1155,1,0,2,5,0,1,0,0,0,0,0,946.0,0,2,1,0,0,0,0,1
1,18.0,0,0.0,0.0,0.0,0.0,0.0,True,2,1155,2,0,2,6,0,1,0,0,0,0,0,0.0,1,3,1,0,0,0,0,1
0,27.0,0,0.0,2987.0,2.0,3072.0,67.0,False,4,1156,1,0,2,1,1,1,0,0,0,0,0,6128.0,0,0,0,1,0,0,0,1
1,26.0,0,0.0,0.0,0.0,0.0,0.0,True,4,1156,2,0,2,1,1,1,0,0,0,0,0,0.0,1,3,0,1,0,0,0,1
0,28.0,0,0.0,11330.0,72.0,43.0,461.0,True,4,1161,1,0,2,1,1,1,0,0,0,0,0,11906.0,0,0,0,1,0,1,0,0
0,19.0,0,0.0,1291.0,0.0,16139.0,687.0,False,3,1161,2,0,2,1,1,1,0,0,0,0,0,18117.0,0,0,0,1,0,1,0,0
0,31.0,0,0.0,1847.0,0.0,103.0,694.0,True,4,1162,1,1,1,2,1,1,0,0,0,0,0,2644.0,0,0,0,1,0,0,0,1
0,35.0,0,0.0,1328.0,5.0,0.0,7.0,True,5,1163,1,1,1,5,0,1,0,0,0,0,0,1340.0,0,2,1,0,0,1,0,0
0,46.0,0,0.0,7201.0,0.0,32.0,2587.0,False,5,1165,1,0,4,1,0,1,0,0,0,0,0,9820.0,0,0,0,1,0,1,0,0
0,37.0,0,636.0,333.0,0.0,205.0,67.0,False,5,1165,2,0,4,1,0,1,0,0,0,0,0,1241.0,0,2,0,1,0,0,0,1
1,29.0,0,0.0,0.0,0.0,0.0,0.0,True,4,1165,3,0,4,1,0,1,0,0,0,0,0,0.0,1,3,0,1,0,0,0,1
1,17.0,0,0.0,0.0,0.0,0.0,0.0,True,2,1165,4,0,4,1,0,1,0,0,0,0,0,0.0,1,3,0,1,0,0,0,1
0,30.0,0,0.0,3564.0,926.0,1.0,1920.0,False,4,1166,1,1,1,2,0,1,0,0,0,0,0,6411.0,0,0,0,1,0,1,0,0
1,28.0,0,0.0,0.0,0.0,0.0,0.0,True,4,1167,1,1,1,5,0,1,0,0,0,0,0,0.0,1,3,0,0,1,0,0,1
0,16.0,0,0.0,58.0,12.0,68.0,653.0,False,2,1168,1,1,1,4,0,1,0,0,0,0,0,791.0,0,2,1,0,0,0,0,1
0,40.0,0,2357.0,0.0,9.0,0.0,0.0,False,5,1169,1,1,1,5,1,1,0,0,0,0,0,2366.0,0,0,0,0,1,0,0,1
0,23.0,0,0.0,0.0,279.0,0.0,512.0,False,3,1170,1,1,1,4,1,1,0,0,0,0,0,791.0,0,2,1,0,0,0,0,1
0,24.0,0,96.0,592.0,12.0,0.0,0.0,True,3,1173,1,1,1,6,1,1,0,0,0,0,0,700.0,0,1,1,0,0,0,1,0
1,36.0,0,0.0,0.0,0.0,0.0,0.0,True,5,1174,1,1,1,6,0,1,0,0,0,0,0,0.0,1,3,1,0,0,0,0,1
1,34.0,0,0.0,0.0,0.0,0.0,0.0,True,5,1175,1,1,1,5,1,1,0,0,0,0,0,0.0,1,3,0,0,1,0,0,1
1,59.0,0,0.0,0.0,0.0,0.0,0.0,True,6,1177,1,1,1,2,0,1,0,0,0,0,0,0.0,1,3,0,1,0,0,0,1
0,20.0,0,0.0,0.0,600.0,0.0,0.0,False,3,1178,1,1,1,5,1,1,0,0,0,0,0,600.0,0,1,1,0,0,0,0,1
1,15.0,0,0.0,0.0,0.0,0.0,0.0,True,2,1179,1,1,1,1,1,1,0,0,0,0,0,0.0,1,3,0,1,0,0,0,1
0,19.0,0,0.0,0.0,957.0,4.0,0.0,False,3,1180,1,1,1,5,1,1,0,0,0,0,0,961.0,0,2,1,0,0,0,0,1
1,64.0,0,0.0,0.0,0.0,0.0,0.0,True,6,1182,1,0,3,5,0,1,0,0,0,0,0,0.0,1,3,0,0,1,1,0,0
0,24.0,0,2997.0,0.0,3.0,0.0,7.0,True,3,1182,2,0,3,4,0,1,0,0,0,0,0,3007.0,0,0,0,0,1,0,0,1
0,23.0,0,60.0,1356.0,0.0,0.0,0.0,True,3,1182,3,0,3,5,0,1,0,0,0,0,0,1416.0,0,2,0,0,1,0,0,1
0,30.0,0,0.0,0.0,0.0,679.0,0.0,False,4,1185,1,1,1,4,0,1,0,0,0,0,0,679.0,0,1,0,0,1,0,0,1
0,0.0,0,0.0,0.0,0.0,0.0,0.0,True,0,1186,1,0,5,6,1,1,0,0,0,0,0,0.0,1,3,1,0,0,0,0,1
0,8.0,0,0.0,0.0,0.0,0.0,0.0,False,1,1186,2,0,5,6,1,1,0,0,0,0,0,0.0,1,3,1,0,0,0,0,1
1,1.0,0,0.0,0.0,0.0,0.0,0.0,False,0,1186,3,0,5,6,1,1,0,0,0,0,0,0.0,1,3,1,0,0,0,0,1
0,48.0,0,0.0,33.0,654.0,0.0,113.0,True,5,1186,4,0,5,5,1,1,0,0,0,0,0,800.0,0,2,1,0,0,0,0,1
0,12.0,0,0.0,0.0,0.0,0.0,0.0,False,1,1186,5,0,5,6,1,1,0,0,0,0,0,0.0,1,3,1,0,0,0,0,1
0,30.0,0,0.0,575.0,180.0,4.0,44.0,False,4,1187,1,0,3,5,1,1,0,0,0,0,0,803.0,0,2,1,0,0,0,0,1
0,10.0,0,0.0,0.0,0.0,0.0,0.0,False,1,1187,2,0,3,6,1,1,0,0,0,0,0,0.0,1,3,1,0,0,0,0,1
0,11.0,0,0.0,0.0,0.0,0.0,0.0,False,1,1187,3,0,3,6,1,1,0,0,0,0,0,0.0,1,3,1,0,0,0,0,1
0,58.0,0,204.0,4227.0,0.0,3026.0,61.0,False,6,1188,1,1,1,2,0,1,0,0,0,0,0,7518.0,0,0,0,1,0,0,0,1
0,52.0,0,0.0,243.0,464.0,71.0,8.0,True,6,1190,1,1,1,4,0,1,0,0,0,0,0,786.0,0,2,1,0,0,0,0,1
0,36.0,0,0.0,0.0,0.0,0.0,1583.0,False,5,1191,1,1,1,5,1,1,0,0,0,0,0,1583.0,0,0,1,0,0,0,0,1
0,32.0,0,600.0,670.0,0.0,187.0,0.0,False,4,1192,1,1,1,5,0,1,0,0,0,0,0,1457.0,0,0,1,0,0,0,0,1
1,16.0,0,0.0,0.0,0.0,0.0,0.0,True,2,1193,1,0,2,1,1,1,0,0,0,0,0,0.0,1,3,0,1,0,0,0,1
1,25.0,0,0.0,0.0,0.0,0.0,0.0,True,3,1193,2,0,2,1,1,1,0,0,0,0,0,0.0,1,3,0,1,0,1,0,0
0,28.0,0,2.0,558.0,0.0,0.0,0.0,True,4,1195,1,1,1,5,0,1,0,0,0,0,0,560.0,0,1,1,0,0,1,0,0
0,32.0,1,0.0,122.0,3700.0,337.0,1388.0,False,4,1197,1,1,1,1,0,1,0,0,0,0,0,5547.0,0,0,0,1,0,1,0,0
0,28.0,0,42.0,1116.0,0.0,0.0,0.0,True,4,1198,1,1,1,5,1,0,1,0,0,0,0,1158.0,0,2,0,0,1,0,0,1
0,16.0,0,0.0,0.0,752.0,0.0,235.0,False,2,1199,1,1,1,4,0,1,0,0,0,0,0,987.0,0,2,1,0,0,0,0,1
0,50.0,1,0.0,5473.0,0.0,703.0,6381.0,False,5,1203,1,1,1,1,1,1,0,0,0,0,0,12557.0,0,0,0,1,0,1,0,0
0,20.0,0,71.0,8.0,513.0,354.0,0.0,False,3,1206,1,1,1,5,0,1,0,0,0,0,0,946.0,0,2,1,0,0,0,0,1
0,23.0,0,0.0,0.0,6.0,30.0,200.0,False,3,1208,1,1,1,6,0,1,0,0,0,0,0,236.0,0,1,1,0,0,0,0,1
1,45.0,0,0.0,0.0,0.0,0.0,0.0,True,5,1210,1,0,2,6,0,1,0,0,0,0,0,0.0,1,3,1,0,0,0,0,1
0,23.0,0,393.0,510.0,0.0,0.0,5.0,False,3,1210,2,0,2,6,0,1,0,0,0,0,0,908.0,0,2,1,0,0,0,0,1
1,53.0,0,0.0,0.0,0.0,0.0,0.0,False,6,1211,1,0,7,6,1,1,0,0,0,0,0,0.0,1,3,1,0,0,0,1,0
1,8.0,0,0.0,0.0,0.0,0.0,0.0,False,1,1211,2,0,7,6,1,1,0,0,0,0,0,0.0,1,3,1,0,0,0,0,1
1,6.0,0,0.0,0.0,0.0,0.0,0.0,True,1,1211,3,0,7,6,1,1,0,0,0,0,0,0.0,1,3,1,0,0,0,0,1
1,3.0,0,0.0,0.0,0.0,0.0,0.0,False,0,1211,4,0,7,6,1,1,0,0,0,0,0,0.0,1,3,1,0,0,0,0,1
0,13.0,0,1.0,212.0,843.0,78.0,10.0,True,2,1211,5,0,7,5,1,1,0,0,0,0,0,1144.0,0,2,1,0,0,1,0,0
1,60.0,0,0.0,0.0,0.0,0.0,0.0,False,6,1211,6,0,7,6,1,1,0,0,0,0,0,0.0,1,3,1,0,0,0,0,1
0,1.0,0,0.0,0.0,0.0,0.0,0.0,True,0,1211,7,0,7,6,1,1,0,0,0,0,0,0.0,1,3,1,0,0,1,0,0
0,40.0,0,0.0,1.0,195.0,560.0,0.0,False,5,1212,1,1,1,6,0,1,0,0,0,0,0,756.0,0,2,1,0,0,0,0,1
0,51.0,0,0.0,0.0,800.0,0.0,4.0,True,6,1213,1,1,1,5,0,1,0,0,0,0,0,804.0,0,2,1,0,0,0,0,1
1,31.0,0,0.0,0.0,0.0,0.0,0.0,True,4,1214,1,1,1,6,0,1,0,0,0,0,0,0.0,1,3,1,0,0,1,0,0
1,28.0,0,0.0,0.0,0.0,0.0,0.0,True,4,1215,1,1,1,6,1,1,0,0,0,0,0,0.0,1,3,1,0,0,0,0,1
0,20.0,0,65.0,905.0,0.0,0.0,0.0,True,3,1216,1,1,1,6,0,1,0,0,0,0,0,970.0,0,2,1,0,0,0,0,1
0,14.0,0,0.0,0.0,0.0,2143.0,7.0,False,2,1218,1,1,1,5,0,1,0,0,0,0,0,2150.0,0,0,1,0,0,0,0,1
0,23.0,0,0.0,592.0,0.0,345.0,810.0,False,3,1220,1,1,1,4,0,1,0,0,0,0,0,1747.0,0,0,0,1,0,0,0,1
0,4.0,0,0.0,0.0,0.0,0.0,0.0,False,0,1221,1,0,2,6,1,1,0,0,0,0,0,0.0,1,3,1,0,0,0,0,1
0,20.0,0,0.0,0.0,0.0,1608.0,1.0,False,3,1221,2,0,2,4,1,1,0,0,0,0,0,1609.0,0,0,1,0,0,0,0,1
0,75.0,0,0.0,493.0,0.0,131.0,132.0,False,6,1222,1,1,1,6,0,1,0,0,0,0,0,756.0,0,2,1,0,0,0,0,1
1,24.0,0,0.0,0.0,0.0,0.0,0.0,True,3,1223,1,1,1,2,1,1,0,0,0,0,0,0.0,1,3,0,1,0,1,0,0
0,18.0,0,2.0,1311.0,60.0,28.0,1.0,True,2,1225,1,1,1,5,0,1,0,0,0,0,0,1402.0,0,2,1,0,0,0,0,1
1,21.0,0,0.0,0.0,0.0,0.0,0.0,True,3,1228,1,0,2,5,1,0,1,0,0,0,0,0.0,1,3,0,0,1,0,0,1
0,59.0,0,142.0,0.0,907.0,0.0,0.0,True,6,1228,2,0,2,4,1,1,0,0,0,0,0,1049.0,0,2,0,0,1,0,0,1
0,27.0,0,0.0,0.0,863.0,33.0,2.0,True,4,1229,1,1,1,5,0,1,0,0,0,0,0,898.0,0,2,1,0,0,0,0,1
0,38.0,0,354.0,34.0,0.0,291.0,229.0,False,5,1230,1,1,1,6,1,1,0,0,0,0,0,908.0,0,2,1,0,0,0,0,1
1,41.0,0,0.0,0.0,0.0,0.0,0.0,False,5,1231,1,1,1,4,0,1,0,0,0,0,0,0.0,1,3,0,0,1,0,0,1
1,36.0,0,0.0,0.0,0.0,0.0,0.0,True,5,1232,1,0,2,2,1,1,0,0,0,0,0,0.0,1,3,0,1,0,0,0,1
0,29.0,0,0.0,42.0,0.0,4651.0,661.0,False,4,1232,2,0,2,2,1,1,0,0,0,0,0,5354.0,0,0,0,1,0,1,0,0
1,22.0,0,0.0,0.0,0.0,0.0,0.0,True,3,1233,1,1,1,6,0,1,0,0,0,0,0,0.0,1,3,1,0,0,0,1,0
0,23.0,0,0.0,0.0,1250.0,0.0,0.0,True,3,1234,1,1,1,5,1,1,0,0,0,0,0,1250.0,0,2,1,0,0,0,1,0
0,32.0,0,27.0,393.0,1061.0,27.0,0.0,True,4,1235,1,1,1,5,1,1,0,0,0,0,0,1508.0,0,0,1,0,0,0,0,1
0,21.0,0,614.0,43.0,0.0,1.0,0.0,False,3,1236,1,1,1,5,0,1,0,0,0,0,0,658.0,0,1,1,0,0,1,0,0
0,26.0,0,0.0,1026.0,3301.0,831.0,356.0,True,4,1238,1,0,2,2,1,1,0,0,0,0,0,5514.0,0,0,0,1,0,0,0,1
1,61.0,0,0.0,0.0,0.0,0.0,0.0,True,6,1238,2,0,2,1,1,1,0,0,0,0,0,0.0,1,3,0,1,0,0,0,1
0,30.0,0,585.0,13.0,122.0,40.0,105.0,True,4,1239,1,1,1,4,0,1,0,0,0,0,0,865.0,0,2,1,0,0,0,1,0
0,40.0,0,889.0,185.0,0.0,0.0,28.0,True,5,1240,1,1,1,5,1,1,0,0,0,0,0,1102.0,0,2,1,0,0,0,0,1
0,37.0,0,0.0,4677.0,0.0,115.0,223.0,True,5,1242,1,1,1,2,0,1,0,0,0,0,0,5015.0,0,0,0,1,0,1,0,0
0,41.0,0,0.0,4224.0,0.0,1374.0,1281.0,False,5,1243,1,0,2,0,0,1,0,0,0,0,0,6879.0,0,0,0,1,0,0,0,1
0,32.0,0,8168.0,69.0,11.0,371.0,0.0,False,4,1243,2,0,2,0,0,1,0,0,0,0,0,8619.0,0,0,0,1,0,0,0,1
0,30.0,0,0.0,192.0,0.0,565.0,0.0,False,4,1246,1,1,1,6,0,1,0,0,0,0,0,757.0,0,2,1,0,0,0,0,1
0,27.0,0,0.0,0.0,0.0,0.0,0.0,True,4,1248,1,1,1,5,1,1,0,0,0,0,0,0.0,1,3,1,0,0,0,1,0
0,22.0,0,0.0,17.0,0.0,61.0,567.0,False,3,1250,1,1,1,5,1,1,0,0,0,0,0,645.0,0,1,1,0,0,0,0,1
0,54.0,0,704.0,0.0,431.0,0.0,47.0,False,6,1254,1,0,2,3,1,1,0,0,0,0,0,1182.0,0,2,0,0,1,0,0,1
0,27.0,0,4.0,0.0,896.0,229.0,0.0,False,4,1254,2,0,2,5,1,1,0,0,0,0,0,1129.0,0,2,0,0,1,0,0,1
1,52.0,0,0.0,0.0,0.0,0.0,0.0,True,6,1255,1,0,2,5,1,1,0,0,0,0,0,0.0,1,3,0,0,1,0,0,1
1,15.0,0,0.0,0.0,0.0,0.0,0.0,True,2,1255,2,0,2,5,1,1,0,0,0,0,0,0.0,1,3,0,0,1,0,0,1
0,27.0,0,1277.0,0.0,1.0,10.0,9.0,False,4,1256,1,1,1,4,1,1,0,0,0,0,0,1297.0,0,2,0,0,1,0,0,1
0,30.0,0,0.0,3628.0,289.0,1737.0,4987.0,False,4,1258,1,1,1,0,0,1,0,0,0,0,0,10641.0,0,0,0,1,0,1,0,0
0,19.0,0,0.0,0.0,619.0,0.0,142.0,False,3,1259,1,1,1,5,1,1,0,0,0,0,0,761.0,0,2,1,0,0,0,0,1
1,22.0,0,0.0,0.0,0.0,0.0,0.0,True,3,1260,1,1,1,6,0,1,0,0,0,0,0,0.0,1,3,1,0,0,0,1,0
0,43.0,0,1365.0,3106.0,0.0,50.0,2313.0,False,5,1261,1,1,1,2,0,1,0,0,0,0,0,6834.0,0,0,0,1,0,1,0,0
0,25.0,0,1084.0,1.0,66.0,0.0,5.0,False,3,1263,1,1,1,5,1,1,0,0,0,0,0,1156.0,0,2,0,0,1,0,0,1
0,51.0,0,0.0,1.0,0.0,51.0,945.0,False,6,1264,1,1,1,4,0,1,0,0,0,0,0,997.0,0,2,1,0,0,0,0,1
1,34.0,0,0.0,0.0,0.0,0.0,0.0,True,5,1267,1,1,1,6,1,1,0,0,0,0,0,0.0,1,3,1,0,0,0,1,0
0,21.0,0,2066.0,0.0,15.0,0.0,1.0,False,3,1269,1,1,1,4,0,1,0,0,0,0,0,2082.0,0,0,0,0,1,0,0,1
1,21.0,0,0.0,0.0,0.0,0.0,0.0,False,3,1271,1,1,1,6,0,1,0,0,0,0,0,0.0,1,3,1,0,0,0,1,0
0,23.0,0,0.0,0.0,0.0,759.0,0.0,False,3,1273,1,1,1,5,1,1,0,0,0,0,0,759.0,0,2,1,0,0,0,0,1
0,38.0,0,0.0,0.0,591.0,40.0,173.0,False,5,1274,1,1,1,5,0,1,0,0,0,0,0,804.0,0,2,1,0,0,1,0,0
1,30.0,0,0.0,0.0,0.0,0.0,0.0,False,4,1278,1,1,1,6,0,1,0,0,0,0,0,0.0,1,3,1,0,0,0,0,1
1,31.0,0,0.0,0.0,0.0,0.0,0.0,True,4,1279,1,1,1,2,0,1,0,0,0,0,0,0.0,1,3,0,1,0,1,0,0
0,44.0,0,0.0,178.0,482.0,0.0,0.0,True,5,1280,1,1,1,5,0,1,0,0,0,0,0,660.0,0,1,1,0,0,0,1,0
1,14.0,0,0.0,0.0,0.0,0.0,0.0,False,2,1281,1,1,1,6,1,1,0,0,0,0,0,0.0,1,3,1,0,0,0,0,1
1,18.0,0,0.0,0.0,0.0,0.0,0.0,False,2,1282,1,1,1,6,0,1,0,0,0,0,0,0.0,1,3,1,0,0,0,1,0
0,19.0,0,6.0,0.0,1.0,714.0,0.0,False,3,1283,1,1,1,6,1,1,0,0,0,0,0,721.0,0,2,1,0,0,0,0,1
1,27.0,0,0.0,0.0,0.0,0.0,0.0,True,5,1284,1,1,1,5,1,1,0,0,0,0,0,0.0,1,3,0,0,1,0,0,1
0,36.0,0,286.0,415.0,16.0,0.0,0.0,False,5,1285,1,1,1,5,0,1,0,0,0,0,0,717.0,0,2,1,0,0,1,0,0
1,10.0,0,0.0,0.0,0.0,0.0,0.0,True,1,1286,1,1,1,5,1,1,0,0,0,0,0,0.0,1,3,0,0,1,0,0,1
1,1.0,0,0.0,0.0,0.0,0.0,0.0,True,0,1287,1,0,3,5,0,1,0,0,0,0,0,0.0,1,3,0,0,1,0,0,1
1,4.0,0,0.0,0.0,0.0,0.5,0.0,True,0,1287,2,0,3,5,0,1,0,0,0,0,0,0.0,1,3,0,0,1,1,0,0
0,21.0,0,733.0,0.0,1084.0,1.0,43.0,False,3,1287,3,0,3,5,0,1,0,0,0,0,0,1861.0,0,0,0,0,1,0,0,1
0,24.0,0,621.0,0.0,0.0,0.0,0.0,False,3,1288,1,1,1,6,0,1,0,0,0,0,0,621.0,0,1,1,0,0,0,0,1
0,8.0,0,0.0,0.0,0.0,0.0,19.0,False,1,1289,1,0,2,6,1,1,0,0,0,0,0,0.0,1,3,1,0,0,0,0,1
0,18.0,0,789.0,0.0,2.0,0.0,19.0,False,2,1289,2,0,2,6,1,1,0,0,0,0,0,810.0,0,2,1,0,0,0,0,1
0,33.0,0,1758.0,59.0,4.0,0.0,0.0,False,5,1291,1,1,1,5,0,1,0,0,0,0,0,1821.0,0,0,0,0,1,0,0,1
0,31.0,1,0.0,27723.0,3.0,202.0,3146.0,True,4,1292,1,0,2,1,1,1,0,0,0,0,0,31074.0,0,0,0,1,0,1,0,0
0,43.0,0,105.0,368.0,268.0,842.0,13.0,True,5,1292,2,0,2,1,1,1,0,0,0,0,0,1596.0,0,0,0,1,0,0,0,1
0,20.0,0,213.0,0.0,0.0,0.0,584.0,False,3,1293,1,1,1,5,0,1,0,0,0,0,0,797.0,0,2,1,0,0,0,0,1
1,28.0,0,0.0,0.0,0.0,0.0,0.0,True,4,1294,1,0,3,0,1,1,0,0,0,0,0,0.0,1,3,0,1,0,0,0,1
1,30.0,0,0.0,0.0,0.0,0.0,0.0,True,4,1294,2,0,3,0,1,1,0,0,0,0,0,0.0,1,3,0,1,0,0,1,0
0,28.0,1,0.0,0.0,0.0,0.0,0.0,False,4,1294,3,0,3,0,1,1,0,0,0,0,0,0.0,1,3,0,1,0,0,0,1
0,19.0,0,68.0,0.0,0.0,719.0,0.0,False,3,1295,1,1,1,5,1,0,1,0,0,0,0,787.0,0,2,1,0,0,0,0,1
0,22.0,0,0.0,0.0,675.0,5.0,0.0,True,3,1299,1,1,1,5,1,1,0,0,0,0,0,680.0,0,1,1,0,0,0,0,1
0,27.0,0,1.0,299.0,1.0,380.0,13.0,False,4,1300,1,1,1,5,1,1,0,0,0,0,0,694.0,0,1,1,0,0,1,0,0
0,22.0,0,218.0,50.0,4817.0,146.0,256.0,True,3,1302,1,1,1,3,1,1,0,0,0,0,0,5487.0,0,0,0,0,1,1,0,0
1,2.0,0,0.0,0.0,0.0,0.0,0.0,True,0,1304,1,0,6,4,0,1,0,0,0,0,0,0.0,1,3,1,0,0,1,0,0
0,4.0,0,0.0,0.0,0.0,0.0,0.0,False,0,1304,2,0,6,4,0,1,0,0,0,0,0,0.0,1,3,1,0,0,0,0,1
0,10.0,0,0.0,0.0,0.0,0.0,0.0,False,1,1304,3,0,6,4,0,1,0,0,0,0,0,0.0,1,3,1,0,0,0,0,1
0,9.0,0,0.0,0.0,0.0,0.0,0.0,True,1,1304,4,0,6,4,0,1,0,0,0,0,0,0.0,1,3,1,0,0,0,0,1
1,37.0,0,0.0,0.0,0.0,0.0,0.0,False,5,1304,5,0,6,4,0,1,0,0,0,0,0,0.0,1,3,1,0,0,0,0,1
0,2.0,0,0.0,0.0,0.0,0.0,0.0,True,0,1304,6,0,6,4,0,1,0,0,0,0,0,0.0,1,3,1,0,0,0,1,0
0,44.0,0,0.0,3863.0,1.0,1010.0,514.0,True,5,1306,1,0,2,1,1,1,0,0,0,0,0,5388.0,0,0,0,1,0,0,0,1
0,11.0,0,0.0,0.0,0.0,0.0,0.0,True,1,1306,2,0,2,1,1,1,0,0,0,0,0,0.0,1,3,0,1,0,1,0,0
1,22.0,0,0.0,0.0,0.0,0.0,0.0,False,3,1307,1,1,1,6,0,1,0,0,0,0,0,0.0,1,3,1,0,0,0,0,1
1,40.0,0,0.0,0.0,0.0,0.0,0.0,True,5,1308,1,0,4,5,1,0,1,0,0,0,0,0.0,1,3,0,1,0,1,0,0
0,30.0,0,278.0,3300.0,0.0,8145.0,2519.0,False,4,1308,2,0,4,4,1,1,0,0,0,0,0,14242.0,0,0,0,1,0,1,0,0
0,37.0,0,0.0,439.0,0.0,3198.0,6.0,False,5,1308,3,0,4,4,1,1,0,0,0,0,0,3643.0,0,0,0,1,0,1,0,0
1,26.0,0,0.0,0.0,0.0,0.0,0.0,True,4,1308,4,0,4,4,1,1,0,0,0,0,0,0.0,1,3,0,1,0,1,0,0
0,19.0,0,0.0,4.0,109.0,0.0,671.0,True,3,1309,1,1,1,5,0,1,0,0,0,0,0,784.0,0,2,1,0,0,0,0,1
0,57.0,0,0.0,987.0,1.0,4948.0,53.0,False,6,1310,1,1,1,2,1,1,0,0,0,0,0,5989.0,0,0,0,1,0,0,0,1
0,1.0,0,0.0,0.0,0.0,0.0,0.0,True,0,1311,1,0,3,5,0,1,0,0,0,0,0,0.0,1,3,0,0,1,0,0,1
0,17.0,0,948.0,47.0,292.0,0.0,0.0,False,2,1311,2,0,3,5,0,1,0,0,0,0,0,1287.0,0,2,0,0,1,0,0,1
0,26.0,0,1946.0,4.0,4.0,0.0,623.0,False,4,1311,3,0,3,3,0,1,0,0,0,0,0,2577.0,0,0,0,0,1,0,0,1
1,21.0,0,0.0,0.0,0.0,0.0,0.0,True,3,1312,1,1,1,6,0,1,0,0,0,0,0,0.0,1,3,1,0,0,1,0,0
1,28.0,0,0.0,0.0,0.0,0.0,0.0,True,4,1316,1,0,2,4,1,1,0,0,0,0,0,0.0,1,3,0,1,0,0,0,1
0,36.0,0,0.0,847.0,0.0,4664.0,89.0,False,5,1316,2,0,2,4,1,1,0,0,0,0,0,5600.0,0,0,0,1,0,1,0,0
0,25.0,0,2508.0,0.0,23.0,0.0,67.0,False,3,1317,1,1,1,5,0,1,0,0,0,0,0,2598.0,0,0,0,0,1,0,0,1
1,40.0,0,0.0,0.0,0.0,0.0,0.0,True,5,1322,1,1,1,6,0,1,0,0,0,0,0,0.0,1,3,1,0,0,0,0,1
1,23.0,0,0.0,0.0,0.0,0.0,0.0,True,3,1323,1,1,1,5,0,1,0,0,0,0,0,0.0,1,3,1,0,0,1,0,0
1,2.0,0,0.0,0.0,0.0,0.0,0.0,False,0,1324,1,0,3,6,1,1,0,0,0,0,0,0.0,1,3,1,0,0,1,0,0
0,10.0,0,0.0,0.0,0.0,0.0,0.0,False,1,1324,2,0,3,6,1,1,0,0,0,0,0,0.0,1,3,1,0,0,1,0,0
1,43.0,0,0.0,0.0,0.0,0.0,0.0,True,5,1324,3,0,3,6,1,1,0,0,0,0,0,0.0,1,3,1,0,0,0,0,1
1,0.0,0,0.0,0.0,0.0,0.0,0.0,True,0,1325,1,0,3,4,1,1,0,0,0,0,0,0.0,1,3,1,0,0,0,0,1
0,24.0,0,70.0,160.0,340.0,0.0,336.0,False,3,1325,2,0,3,4,1,1,0,0,0,0,0,906.0,0,2,1,0,0,0,0,1
1,42.0,0,0.0,0.0,0.0,0.0,0.0,True,5,1325,3,0,3,4,1,1,0,0,0,0,0,0.0,1,3,1,0,0,0,0,1
0,30.0,0,1450.0,0.0,260.0,0.0,1147.0,False,4,1326,1,0,2,5,1,1,0,0,0,0,0,2597.0,0,0,0,0,1,0,0,1
0,19.0,0,1507.0,0.0,260.0,0.0,0.0,False,3,1326,2,0,2,5,1,1,0,0,0,0,0,1767.0,0,0,0,0,1,0,0,1
1,26.0,0,0.0,0.0,0.0,0.0,0.0,False,4,1328,1,1,1,6,0,1,0,0,0,0,0,0.0,1,3,1,0,0,0,0,1
0,47.0,0,405.0,0.0,193.0,458.0,0.0,False,5,1330,1,0,2,3,1,1,0,0,0,0,0,1056.0,0,2,0,0,1,0,0,1
0,28.0,0,120.0,8.0,1128.0,1.0,7.0,True,4,1330,2,0,2,3,1,1,0,0,0,0,0,1264.0,0,2,0,0,1,0,0,1
1,24.0,0,0.0,0.0,0.0,0.0,0.0,True,3,1331,1,1,1,6,1,1,0,0,0,0,0,0.0,1,3,1,0,0,0,1,0
0,29.0,0,28.0,0.0,561.0,203.0,0.0,False,4,1332,1,1,1,4,1,1,0,0,0,0,0,792.0,0,2,1,0,0,0,0,1
0,32.0,0,0.0,486.0,0.0,229.0,26.0,False,4,1333,1,1,1,5,0,1,0,0,0,0,0,741.0,0,2,1,0,0,0,1,0
1,44.0,0,0.0,0.0,0.0,0.0,0.0,False,5,1335,1,1,1,6,0,1,0,0,0,0,0,0.0,1,3,1,0,0,0,0,1
1,17.0,0,0.0,0.0,0.0,0.0,0.0,True,2,1336,1,1,1,6,1,1,0,0,0,0,0,0.0,1,3,1,0,0,0,0,1
0,35.0,0,775.0,14.0,0.0,610.0,4.0,False,5,1337,1,1,1,5,1,1,0,0,0,0,0,1403.0,0,2,1,0,0,1,0,0
1,23.0,0,0.0,0.0,0.0,0.0,0.0,False,3,1340,1,1,1,6,1,1,0,0,0,0,0,0.0,1,3,1,0,0,0,0,1
0,34.0,0,0.0,118.0,5.0,0.0,761.0,False,5,1342,1,1,1,6,0,1,0,0,0,0,0,884.0,0,2,1,0,0,0,0,1
0,25.0,0,1174.0,0.0,18.0,721.0,0.0,False,3,1345,1,1,1,5,1,1,0,0,0,0,0,1913.0,0,0,1,0,0,0,0,1
0,67.0,0,0.0,761.0,0.0,1.0,0.0,True,6,1347,1,1,1,5,0,1,0,0,0,0,0,762.0,0,2,1,0,0,0,0,1
0,22.0,0,0.0,1531.0,0.0,369.0,2969.0,False,3,1348,1,0,2,1,1,1,0,0,0,0,0,4869.0,0,0,0,1,0,0,0,1
1,22.0,0,0.0,0.0,0.0,0.0,0.0,True,3,1348,2,0,2,1,1,1,0,0,0,0,0,0.0,1,3,0,1,0,0,0,1
1,27.0,0,0.0,0.0,0.0,0.0,0.0,True,4,1350,1,0,4,6,1,1,0,0,0,0,0,0.0,1,3,1,0,0,1,0,0
0,14.0,0,1489.0,2.0,126.0,460.0,72.0,False,2,1350,2,0,4,5,1,1,0,0,0,0,0,2149.0,0,0,1,0,0,0,0,1
0,42.0,0,491.0,106.0,8.0,202.0,0.0,False,5,1350,3,0,4,6,1,1,0,0,0,0,0,807.0,0,2,1,0,0,0,1,0
1,19.0,0,0.0,0.0,0.0,0.0,0.0,False,3,1350,4,0,4,6,1,1,0,0,0,0,0,0.0,1,3,1,0,0,0,1,0
0,22.0,0,0.0,0.0,0.0,0.0,0.0,False,3,1351,1,1,1,6,0,1,0,0,0,0,0,0.0,1,3,1,0,0,0,0,1
0,31.0,0,43.0,782.0,1.0,660.0,0.0,False,4,1352,1,1,1,5,0,1,0,0,0,0,0,1486.0,0,0,0,0,1,0,0,1
0,10.0,0,0.0,0.0,0.0,0.0,0.0,True,1,1353,1,0,4,5,1,1,0,0,0,0,0,0.0,1,3,0,0,1,0,0,1
0,39.0,0,1535.0,0.0,340.0,0.0,723.0,False,5,1353,2,0,4,5,1,1,0,0,0,0,0,2598.0,0,0,0,0,1,0,0,1
1,41.0,0,0.0,0.0,0.0,0.0,0.0,True,5,1353,3,0,4,5,1,1,0,0,0,0,0,0.0,1,3,0,0,1,0,0,1
0,0.0,0,0.0,0.0,0.0,0.0,0.0,True,0,1353,4,0,4,5,1,1,0,0,0,0,0,0.0,1,3,0,0,1,0,0,1
1,22.0,0,0.0,0.0,0.0,0.0,0.0,True,3,1355,1,1,1,6,0,1,0,0,0,0,0,0.0,1,3,1,0,0,0,1,0
0,21.0,0,0.0,39.0,0.0,310.0,539.0,False,3,1356,1,1,1,6,1,1,0,0,0,0,0,888.0,0,2,1,0,0,0,0,1
1,40.0,0,0.0,0.0,0.0,0.0,0.0,True,5,1357,1,1,1,3,1,1,0,0,0,0,0,0.0,1,3,0,0,1,0,0,1
0,25.0,0,0.0,997.0,0.0,0.0,0.0,True,3,1360,1,1,1,4,1,1,0,0,0,0,0,997.0,0,2,1,0,0,0,0,1
0,23.0,0,0.0,1268.0,0.0,119.0,2.0,False,3,1362,1,1,1,5,1,1,0,0,0,0,0,1389.0,0,2,1,0,0,0,0,1
0,33.0,0,77.0,2381.0,0.0,3656.0,150.0,False,5,1365,1,0,2,1,1,1,0,0,0,0,0,6264.0,0,0,0,1,0,1,0,0
1,20.0,0,0.0,0.0,0.0,0.0,0.0,True,3,1365,2,0,2,1,1,1,0,0,0,0,0,0.0,1,3,0,1,0,0,0,1
1,40.0,0,0.0,0.0,0.0,0.0,0.0,True,5,1366,1,1,1,6,0,1,0,0,0,0,0,0.0,1,3,1,0,0,1,0,0
1,27.0,0,0.0,0.0,0.0,0.0,0.0,False,4,1368,1,1,1,6,0,1,0,0,0,0,0,0.0,1,3,1,0,0,0,0,1
0,21.0,0,965.0,0.0,23.0,3.0,0.0,False,3,1370,1,1,1,4,1,1,0,0,0,0,0,991.0,0,2,1,0,0,0,0,1
0,25.0,0,591.0,466.0,0.0,0.0,0.0,False,3,1371,1,1,1,3,0,1,0,0,0,0,0,1057.0,0,2,0,0,1,0,0,1
0,2.0,0,0.0,0.0,0.0,0.0,0.0,False,0,1375,1,0,2,6,1,1,0,0,0,0,0,0.0,1,3,1,0,0,0,0,1
0,19.0,0,0.0,3.0,946.0,0.0,0.0,False,3,1375,2,0,2,5,1,1,0,0,0,0,0,949.0,0,2,1,0,0,0,0,1
1,41.0,0,0.0,0.0,0.0,0.0,0.0,False,5,1376,1,1,1,6,0,1,0,0,0,0,0,0.0,1,3,1,0,0,0,0,1
0,43.0,0,0.0,2801.0,537.0,42.0,144.0,True,5,1377,1,1,1,2,0,1,0,0,0,0,0,3524.0,0,0,0,1,0,0,0,1
0,19.0,0,245.0,41.0,550.0,0.0,0.0,False,3,1378,1,0,2,6,0,1,0,0,0,0,0,836.0,0,2,1,0,0,0,0,1
0,22.0,0,926.0,0.0,0.0,0.0,78.0,True,3,1378,2,0,2,5,0,1,0,0,0,0,0,1004.0,0,2,1,0,0,0,0,1
0,16.0,0,0.0,30.0,0.0,769.0,4.0,False,2,1379,1,1,1,5,1,1,0,0,0,0,0,803.0,0,2,1,0,0,0,0,1
0,42.0,0,0.0,21.0,0.0,2735.0,3604.0,False,5,1380,1,1,1,2,1,1,0,0,0,0,0,6360.0,0,0,0,1,0,1,0,0
1,20.0,0,0.0,0.0,0.0,0.0,0.0,True,3,1381,1,1,1,6,1,1,0,0,0,0,0,0.0,1,3,1,0,0,0,1,0
0,35.0,0,0.0,1125.0,429.0,0.0,55.0,False,5,1382,1,1,1,4,1,1,0,0,0,0,0,1609.0,0,0,1,0,0,0,0,1
1,53.0,0,0.0,0.0,0.0,0.0,0.0,True,6,1383,1,1,1,3,1,1,0,0,0,0,0,0.0,1,3,0,1,0,0,0,1
0,17.0,0,21.0,0.0,690.0,260.0,5.0,False,2,1384,1,0,5,4,1,1,0,0,0,0,0,976.0,0,2,1,0,0,0,0,1
1,6.0,0,0.0,0.0,0.0,0.0,0.0,False,1,1384,2,0,5,6,1,1,0,0,0,0,0,0.0,1,3,1,0,0,0,0,1
0,22.0,0,0.0,442.0,0.0,0.0,368.0,True,3,1384,3,0,5,5,1,1,0,0,0,0,0,810.0,0,2,1,0,0,0,0,1
0,41.0,0,338.0,0.0,377.0,2.0,86.0,True,5,1384,4,0,5,5,1,1,0,0,0,0,0,803.0,0,2,1,0,0,0,0,1
0,19.0,0,189.0,510.0,0.0,0.0,0.0,True,3,1384,5,0,5,4,1,1,0,0,0,0,0,699.0,0,1,1,0,0,0,0,1
0,39.0,0,705.0,3.0,0.0,0.0,0.0,False,5,1385,1,1,1,6,0,1,0,0,0,0,0,708.0,0,1,1,0,0,0,0,1
1,23.0,0,0.0,0.0,0.0,0.0,0.0,True,3,1386,1,1,1,6,0,1,0,0,0,0,0,0.0,1,3,1,0,0,0,0,1
0,31.0,0,1088.0,0.0,280.0,0.0,0.0,False,4,1387,1,1,1,4,0,1,0,0,0,0,0,1368.0,0,2,0,0,1,0,0,1
1,38.0,0,0.0,0.0,0.0,0.0,0.0,True,5,1389,1,1,1,6,1,1,0,0,0,0,0,0.0,1,3,1,0,0,1,0,0
1,1.0,0,0.0,0.0,0.0,0.0,0.0,True,0,1390,1,1,1,6,0,1,0,0,0,0,0,0.0,1,3,1,0,0,0,1,0
1,13.0,0,0.0,0.0,0.0,0.0,0.0,True,2,1391,1,0,3,5,0,1,0,0,0,0,0,0.0,1,3,0,0,1,0,0,1
0,21.0,0,1072.0,79.0,46.0,16.0,0.0,False,3,1391,2,0,3,5,0,1,0,0,0,0,0,1213.0,0,2,0,0,1,0,0,1
0,44.0,0,485.0,2.0,210.0,0.0,351.0,False,5,1391,3,0,3,5,0,1,0,0,0,0,0,1048.0,0,2,0,0,1,0,0,1
0,36.0,0,42.0,0.0,212.0,151.0,1853.0,False,5,1393,1,0,2,5,1,1,0,0,0,0,0,2258.0,0,0,0,0,1,0,0,1
0,19.0,0,2058.0,0.0,224.0,298.0,19.0,False,3,1393,2,0,2,5,1,1,0,0,0,0,0,2599.0,0,0,0,0,1,0,0,1
0,7.0,0,0.0,0.0,0.0,0.0,0.0,True,1,1395,1,1,1,6,1,1,0,0,0,0,0,0.0,1,3,1,0,0,0,0,1
0,39.0,0,386.0,190.0,0.0,489.0,0.0,False,5,1397,1,1,1,5,1,1,0,0,0,0,0,1065.0,0,2,1,0,0,0,0,1
0,28.0,0,0.0,508.0,334.0,0.0,46.0,True,4,1398,1,1,1,6,0,1,0,0,0,0,0,888.0,0,2,1,0,0,0,0,1
0,28.0,0,0.0,0.0,529.0,560.0,60.0,False,4,1399,1,1,1,5,1,1,0,0,0,0,0,1149.0,0,2,1,0,0,0,0,1
1,14.0,0,0.0,0.0,0.0,0.0,0.0,True,2,1400,1,1,1,6,0,1,0,0,0,0,0,0.0,1,3,1,0,0,1,0,0
0,18.0,0,0.0,0.0,599.0,59.0,152.0,False,2,1401,1,1,1,6,0,1,0,0,0,0,0,810.0,0,2,1,0,0,0,0,1
1,23.0,0,0.0,0.0,0.0,0.0,0.0,True,3,1402,1,0,2,6,1,1,0,0,0,0,0,0.0,1,3,1,0,0,0,1,0
1,33.0,0,0.0,0.0,0.0,0.0,0.0,True,5,1402,2,0,2,6,1,1,0,0,0,0,0,0.0,1,3,1,0,0,1,0,0
0,18.0,0,1656.0,0.0,0.0,0.0,0.0,False,2,1403,1,1,1,4,0,1,0,0,0,0,0,1656.0,0,0,1,0,0,0,0,1
0,47.0,0,1.0,734.0,28.0,78.0,3471.0,False,5,1404,1,0,2,1,1,1,0,0,0,0,0,4312.0,0,0,0,1,0,0,0,1
0,42.0,0,0.0,51.0,0.0,4170.0,13.0,False,5,1404,2,0,2,5,1,0,1,0,0,0,0,4234.0,0,0,0,1,0,0,0,1
0,17.0,0,36.0,0.0,1013.0,0.0,0.0,False,2,1406,1,1,1,4,1,1,0,0,0,0,0,1049.0,0,2,0,0,1,0,0,1
0,21.0,0,737.0,4.0,27.0,8.0,0.0,False,3,1407,1,0,2,5,0,1,0,0,0,0,0,776.0,0,2,1,0,0,0,0,1
0,17.0,0,8.0,222.0,3.0,401.0,0.0,True,2,1407,2,0,2,5,0,1,0,0,0,0,0,634.0,0,1,1,0,0,0,1,0
0,26.0,0,4.0,770.0,0.0,0.0,0.0,False,4,1408,1,1,1,6,1,1,0,0,0,0,0,774.0,0,2,1,0,0,0,1,0
0,23.0,0,0.0,567.0,896.0,0.0,122.0,False,3,1410,1,1,1,5,0,1,0,0,0,0,0,1585.0,0,0,1,0,0,0,0,1
0,15.0,0,0.0,0.0,0.0,0.0,832.0,False,2,1412,1,1,1,6,1,1,0,0,0,0,0,832.0,0,2,1,0,0,1,0,0
1,18.0,0,0.0,0.0,0.0,0.0,0.0,False,2,1413,1,1,1,6,1,1,0,0,0,0,0,0.0,1,3,1,0,0,0,1,0
0,65.0,0,259.0,0.0,0.0,0.0,1916.0,False,6,1414,1,1,1,5,0,1,0,0,0,0,0,2175.0,0,0,1,0,0,0,0,1
0,33.0,0,13.0,0.0,2011.0,17.0,32.0,True,5,1415,1,1,1,3,0,1,0,0,0,0,0,2073.0,0,0,0,1,0,1,0,0
1,27.0,0,0.0,0.0,0.0,0.0,0.0,False,4,1416,1,1,1,6,0,1,0,0,0,0,0,0.0,1,3,1,0,0,0,0,1
0,41.0,0,0.0,184.0,0.0,1520.0,3358.0,False,5,1417,1,1,1,2,1,1,0,0,0,0,0,5062.0,0,0,0,1,0,0,0,1
0,42.0,0,1381.0,0.0,1243.0,0.0,0.0,False,5,1419,1,1,1,5,1,1,0,0,0,0,0,2624.0,0,0,0,0,1,0,0,1
1,27.0,0,0.0,0.0,0.0,0.0,0.0,False,5,1420,1,1,1,4,1,1,0,0,0,0,0,0.0,1,3,0,0,1,0,0,1
0,37.0,0,328.0,6153.0,243.0,26.0,820.0,False,5,1421,1,0,2,5,1,1,0,0,0,0,0,7327.0,0,0,0,0,1,0,0,1
0,17.0,0,891.0,0.0,243.0,0.0,5.0,False,2,1421,2,0,2,5,1,1,0,0,0,0,0,1139.0,0,2,0,0,1,1,0,0
1,24.0,0,0.0,0.0,0.0,0.0,0.0,True,3,1423,1,0,3,1,1,1,0,0,0,0,0,0.0,1,3,0,1,0,0,0,1
1,39.0,0,0.0,0.0,0.0,0.0,0.0,True,5,1423,2,0,3,1,1,1,0,0,0,0,0,0.0,1,3,0,1,0,0,0,1
1,59.0,0,0.0,0.0,0.0,0.0,0.0,True,6,1423,3,0,3,1,1,1,0,0,0,0,0,0.0,1,3,0,1,0,1,0,0
1,32.0,0,0.0,0.0,0.0,0.0,0.0,True,4,1424,1,0,5,1,0,1,0,0,0,0,0,0.0,1,3,0,1,0,0,0,1
0,29.0,0,2988.0,2147.0,0.0,0.0,1779.0,False,4,1424,2,0,5,1,0,1,0,0,0,0,0,6914.0,0,0,0,1,0,1,0,0
0,8.0,0,0.0,0.0,0.0,0.0,0.0,True,1,1424,3,0,5,1,0,1,0,0,0,0,0,0.0,1,3,0,1,0,0,0,1
0,28.0,0,0.0,4380.0,0.0,692.0,0.0,True,4,1424,4,0,5,1,0,1,0,0,0,0,0,5072.0,0,0,0,1,0,1,0,0
1,35.0,0,0.0,0.0,0.0,0.0,0.0,True,5,1424,5,0,5,1,0,1,0,0,0,0,0,0.0,1,3,0,1,0,0,0,1
0,24.0,0,711.0,0.0,0.0,59.0,57.0,False,3,1425,1,0,3,5,0,1,0,0,0,0,0,827.0,0,2,1,0,0,0,0,1
1,1.0,0,0.0,0.0,0.0,0.0,0.0,True,0,1425,2,0,3,6,0,1,0,0,0,0,0,0.0,1,3,1,0,0,0,0,1
1,4.0,0,0.0,0.0,0.0,0.0,0.0,True,0,1425,3,0,3,6,0,1,0,0,0,0,0,0.0,1,3,1,0,0,0,0,1
1,28.0,0,0.0,0.0,0.0,0.0,0.0,True,4,1426,1,1,1,3,0,1,0,0,0,0,0,0.0,1,3,0,1,0,1,0,0
1,46.0,0,0.0,0.0,1721.0,0.0,0.0,True,5,1427,1,0,2,5,1,1,0,0,0,0,0,0.0,1,3,0,0,1,0,0,1
0,67.0,0,443.0,0.0,1721.0,250.0,2.0,False,6,1427,2,0,2,5,1,1,0,0,0,0,0,2416.0,0,0,0,0,1,0,0,1
0,44.0,0,0.0,200.0,128.0,460.0,0.0,False,5,1428,1,1,1,4,1,1,0,0,0,0,0,788.0,0,2,1,0,0,0,0,1
0,14.0,0,360.0,0.0,2116.0,1.0,8.0,False,2,1430,1,1,1,5,0,1,0,0,0,0,0,2485.0,0,0,1,0,0,0,0,1
0,23.0,0,0.0,0.0,4.0,0.0,965.0,True,3,1431,1,1,1,6,0,1,0,0,0,0,0,969.0,0,2,1,0,0,0,0,1
1,51.0,0,0.0,0.0,0.0,0.0,0.0,False,6,1433,1,1,1,6,1,1,0,0,0,0,0,0.0,1,3,1,0,0,0,0,1
0,20.0,0,0.0,258.0,331.0,133.0,0.0,False,3,1434,1,0,3,6,0,1,0,0,0,0,0,722.0,0,2,1,0,0,0,0,1
0,0.0,0,0.0,0.0,0.0,0.0,0.0,True,0,1434,2,0,3,5,1,0,1,0,0,0,0,0.0,1,3,1,0,0,0,0,1
1,0.0,0,0.0,0.0,0.0,0.0,0.0,False,0,1434,3,0,3,6,0,1,0,0,0,0,0,0.0,1,3,1,0,0,0,0,1
0,23.0,0,0.0,20.0,26.0,0.0,659.0,False,3,1435,1,1,1,6,0,1,0,0,0,0,0,705.0,0,1,1,0,0,0,0,1
0,24.0,0,181.0,224.0,0.0,195.0,191.0,False,3,1438,1,1,1,4,0,1,0,0,0,0,0,791.0,0,2,1,0,0,0,0,1
0,41.0,0,112.0,186.0,228.0,760.0,0.0,False,5,1439,1,0,2,5,1,1,0,0,0,0,0,1286.0,0,2,0,0,1,0,0,1
0,30.0,0,806.0,100.0,9.0,760.0,47.0,False,4,1439,2,0,2,3,1,1,0,0,0,0,0,962.0,0,2,0,0,1,0,0,1
0,27.0,0,0.0,1826.0,39.0,11.0,649.0,False,4,1440,1,1,1,5,1,1,0,0,0,0,0,2525.0,0,0,1,0,0,0,0,1
1,13.0,0,0.0,0.0,0.0,0.0,0.0,True,2,1442,1,1,1,6,1,1,0,0,0,0,0,0.0,1,3,1,0,0,0,1,0
1,16.0,0,0.0,0.0,0.0,0.0,0.0,True,2,1443,1,1,1,6,0,1,0,0,0,0,0,0.0,1,3,1,0,0,0,0,1
0,30.0,0,50.0,1248.0,0.0,1.0,912.0,True,4,1444,1,1,1,2,1,1,0,0,0,0,0,2211.0,0,0,0,1,0,0,0,1
0,8.0,0,0.0,0.0,0.0,0.0,0.0,True,1,1445,1,1,1,6,1,1,0,0,0,0,0,0.0,1,3,1,0,0,0,1,0
0,59.0,0,0.0,0.0,0.0,0.0,755.0,False,6,1447,1,1,1,6,0,1,0,0,0,0,0,755.0,0,2,1,0,0,0,0,1
1,43.0,0,0.0,0.0,0.0,0.0,0.0,True,5,1450,1,0,2,3,1,1,0,0,0,0,0,0.0,1,3,0,1,0,1,0,0
0,30.0,0,0.0,138.0,0.0,5467.0,112.0,False,4,1450,2,0,2,3,1,1,0,0,0,0,0,5717.0,0,0,0,1,0,1,0,0
0,46.0,0,202.0,484.0,0.0,3208.0,2485.0,False,5,1451,1,0,2,2,1,1,0,0,0,0,0,6379.0,0,0,0,1,0,1,0,0
1,39.0,0,0.0,0.0,0.0,0.0,0.0,True,5,1451,2,0,2,2,1,1,0,0,0,0,0,0.0,1,3,0,1,0,0,0,1
0,21.0,0,5.0,251.0,10.0,26.0,3384.0,False,3,1452,1,0,5,2,0,1,0,0,0,0,0,3676.0,0,0,0,1,0,0,0,1
1,70.0,0,0.0,0.0,0.0,0.0,0.0,True,6,1452,2,0,5,5,1,0,1,0,0,0,0,0.0,1,3,0,1,0,0,0,1
0,34.0,0,0.0,1646.0,0.0,51.0,1462.0,False,5,1452,3,0,5,2,0,1,0,0,0,0,0,3159.0,0,0,0,1,0,1,0,0
0,33.0,0,0.0,774.0,0.0,6255.0,6.0,False,5,1452,4,0,5,2,0,1,0,0,0,0,0,7035.0,0,0,0,1,0,0,0,1
1,44.0,0,0.0,0.0,0.0,0.0,0.0,True,5,1452,5,0,5,2,0,1,0,0,0,0,0,0.0,1,3,0,1,0,1,0,0
0,16.0,0,0.0,2838.0,32.0,5.0,3404.0,False,2,1453,1,0,2,6,0,1,0,0,0,0,0,6279.0,0,0,1,0,0,1,0,0
0,63.0,0,3.0,801.0,0.0,0.0,5.0,True,6,1453,2,0,2,6,0,1,0,0,0,0,0,809.0,0,2,1,0,0,0,0,1
0,37.0,0,0.0,13561.0,15.0,4060.0,72.0,False,5,1454,1,1,1,3,1,1,0,0,0,0,0,17708.0,0,0,0,1,0,0,0,1
1,29.0,0,0.0,0.0,0.0,0.0,0.0,True,4,1455,1,0,5,1,1,1,0,0,0,0,0,0.0,1,3,0,1,0,1,0,0
0,29.0,0,0.0,2509.0,0.0,16.0,698.0,True,4,1455,2,0,5,1,1,1,0,0,0,0,0,3223.0,0,0,0,1,0,0,0,1
1,22.0,0,0.0,0.0,0.0,0.0,0.0,True,3,1455,3,0,5,1,1,1,0,0,0,0,0,0.0,1,3,0,1,0,1,0,0
0,26.0,0,0.0,533.0,2119.0,10.0,504.0,True,4,1455,4,0,5,1,1,1,0,0,0,0,0,3166.0,0,0,0,1,0,0,0,1
0,76.0,0,0.0,2732.0,422.0,16594.0,330.0,False,6,1455,5,0,5,1,1,1,0,0,0,0,0,20078.0,0,0,0,1,0,1,0,0
0,61.0,0,0.0,368.0,3.0,4422.0,0.0,False,6,1457,1,1,1,4,1,1,0,0,0,0,0,4793.0,0,0,1,0,0,0,0,1
0,46.0,0,0.0,0.0,2020.0,323.0,0.0,False,5,1458,1,1,1,6,1,1,0,0,0,0,0,2343.0,0,0,1,0,0,0,0,1
0,19.0,0,0.0,905.0,387.0,0.0,0.0,True,3,1460,1,0,2,5,0,1,0,0,0,0,0,1292.0,0,2,1,0,0,0,1,0
1,13.0,0,0.0,0.0,0.0,0.0,0.0,True,2,1460,2,0,2,6,0,1,0,0,0,0,0,0.0,1,3,1,0,0,0,1,0
1,27.0,0,0.0,0.0,0.0,0.0,0.0,False,5,1461,1,1,1,6,1,1,0,0,0,0,0,0.0,1,3,1,0,0,0,0,1
1,30.0,0,0.0,0.0,0.0,0.0,0.0,True,4,1462,1,1,1,6,0,1,0,0,0,0,0,0.0,1,3,1,0,0,0,0,1
0,23.0,0,200.0,414.0,73.0,1.0,1.0,False,3,1463,1,1,1,5,1,1,0,0,0,0,0,689.0,0,1,1,0,0,0,1,0
0,63.0,0,356.0,287.0,0.0,0.0,248.0,False,6,1465,1,1,1,6,0,1,0,0,0,0,0,891.0,0,2,1,0,0,0,1,0
0,21.0,0,894.0,1.0,0.0,61.0,26.0,False,3,1467,1,1,1,4,1,1,0,0,0,0,0,982.0,0,2,1,0,0,0,0,1
1,32.0,0,0.0,0.0,0.0,0.0,0.0,True,4,1474,1,1,1,5,0,1,0,0,0,0,0,0.0,1,3,0,0,1,0,0,1
0,33.0,0,0.0,0.0,0.0,417.0,2372.0,False,5,1478,1,0,2,5,0,1,0,0,0,0,0,2789.0,0,0,1,0,0,0,0,1
0,39.0,0,0.0,19.0,733.0,0.0,701.0,False,5,1478,2,0,2,5,0,1,0,0,0,0,0,1453.0,0,0,1,0,0,0,1,0
1,49.0,0,0.0,0.0,0.0,0.0,0.0,True,5,1479,1,1,1,5,0,1,0,0,0,0,0,0.0,1,3,0,0,1,0,0,1
0,27.0,0,555.0,0.0,744.0,0.0,0.0,False,4,1481,1,1,1,4,0,1,0,0,0,0,0,1299.0,0,2,0,0,1,0,0,1
0,16.0,0,92.0,1.0,884.0,0.0,0.0,False,2,1484,1,1,1,4,0,1,0,0,0,0,0,977.0,0,2,1,0,0,0,0,1
1,38.0,0,0.0,0.0,0.0,0.0,0.0,True,5,1485,1,1,1,5,0,1,0,0,0,0,0,0.0,1,3,0,0,1,0,0,1
1,42.0,0,0.0,0.0,0.0,0.0,0.0,True,5,1488,1,1,1,4,0,1,0,0,0,0,0,0.0,1,3,0,0,1,0,0,1
0,19.0,0,73.0,0.0,0.0,813.0,2.0,False,3,1489,1,1,1,6,1,1,0,0,0,0,0,888.0,0,2,1,0,0,0,0,1
0,26.0,0,0.0,304.0,0.0,3998.0,0.0,False,4,1490,1,1,1,3,0,1,0,0,0,0,0,4302.0,0,0,0,1,0,1,0,0
0,32.0,0,0.0,0.0,0.0,817.0,8.0,True,4,1491,1,0,3,6,0,1,0,0,0,0,0,825.0,0,2,1,0,0,1,0,0
0,56.0,0,0.0,51.0,0.0,2.0,706.0,False,6,1491,2,0,3,5,0,1,0,0,0,0,0,759.0,0,2,1,0,0,0,0,1
0,0.0,0,0.0,0.0,0.0,0.0,0.0,True,0,1491,3,0,3,6,0,1,0,0,0,0,0,0.0,1,3,1,0,0,0,0,1
0,38.0,0,35.0,0.0,0.0,0.0,713.0,False,5,1493,1,1,1,5,1,1,0,0,0,0,0,748.0,0,2,1,0,0,0,0,1
0,30.0,0,0.0,495.0,0.0,0.0,153.0,False,4,1498,1,1,1,5,0,1,0,0,0,0,0,648.0,0,1,1,0,0,0,0,1
0,21.0,0,5.0,0.0,0.0,2.0,1061.0,False,3,1499,1,1,1,5,1,1,0,0,0,0,0,1068.0,0,2,1,0,0,0,0,1
0,11.0,0,0.0,0.0,0.0,0.0,0.0,False,1,1500,1,0,7,6,1,1,0,0,0,0,0,0.0,1,3,1,0,0,0,0,1
0,3.0,0,0.0,0.0,0.0,0.0,0.0,False,0,1500,2,0,7,6,1,1,0,0,0,0,0,0.0,1,3,1,0,0,0,0,1
0,17.0,0,0.0,55.0,913.0,0.0,55.0,True,2,1500,3,0,7,6,1,1,0,0,0,0,0,1023.0,0,2,1,0,0,1,0,0
0,35.0,0,0.0,0.0,0.0,0.0,0.0,True,5,1500,4,0,7,6,1,1,0,0,0,0,0,0.0,1,3,1,0,0,1,0,0
0,17.0,0,319.0,184.0,0.0,0.0,376.0,False,2,1500,5,0,7,5,1,1,0,0,0,0,0,879.0,0,2,1,0,0,1,0,0
1,0.0,0,0.0,0.0,0.0,0.0,0.0,True,0,1500,6,0,7,6,1,1,0,0,0,0,0,0.0,1,3,1,0,0,0,0,1
1,46.0,0,0.0,0.0,0.0,0.0,0.0,True,5,1500,7,0,7,6,1,1,0,0,0,0,0,0.0,1,3,1,0,0,0,0,1
0,63.0,0,0.0,216.0,0.0,594.0,0.0,False,6,1501,1,1,1,6,0,1,0,0,0,0,0,810.0,0,2,1,0,0,0,0,1
0,35.0,0,1890.0,0.0,497.0,1.0,0.0,False,5,1503,1,0,2,3,0,1,0,0,0,0,0,2388.0,0,0,0,0,1,0,0,1
0,61.0,0,1114.0,0.0,68.0,0.0,0.0,False,6,1503,2,0,2,3,0,1,0,0,0,0,0,1182.0,0,2,0,0,1,0,0,1
0,19.0,0,0.0,24.0,615.0,9.0,0.0,True,3,1506,1,1,1,5,0,1,0,0,0,0,0,648.0,0,1,1,0,0,0,0,1
0,43.0,0,0.0,0.0,1217.0,2.0,0.0,True,5,1507,1,0,4,5,1,1,0,0,0,0,0,1219.0,0,2,1,0,0,0,0,1
0,14.0,0,1.0,1.0,683.0,419.0,0.0,False,2,1507,2,0,4,5,1,1,0,0,0,0,0,1104.0,0,2,1,0,0,0,0,1
0,78.0,0,0.0,0.0,0.0,441.0,4.0,False,6,1507,3,0,4,6,1,1,0,0,0,0,0,445.0,0,1,1,0,0,0,0,1
0,21.0,0,398.0,490.0,0.0,419.0,0.0,False,3,1507,4,0,4,5,1,1,0,0,0,0,0,888.0,0,2,1,0,0,0,0,1
0,32.0,0,1240.0,0.0,58.0,0.0,0.0,False,4,1509,1,1,1,4,0,1,0,0,0,0,0,1298.0,0,2,0,0,1,0,0,1
0,31.0,0,1226.0,0.0,1.0,0.0,0.0,False,4,1510,1,1,1,5,1,1,0,0,0,0,0,1227.0,0,2,0,0,1,0,0,1
0,40.0,0,1006.0,2121.0,0.0,284.0,329.0,True,5,1511,1,0,4,1,1,1,0,0,0,0,0,1619.0,0,0,0,1,0,0,0,1
1,13.0,0,0.0,0.0,0.0,0.0,0.0,True,2,1511,2,0,4,1,1,1,0,0,0,0,0,0.0,1,3,0,1,0,0,0,1
0,36.0,0,0.0,2345.0,0.0,1966.0,27.0,False,5,1511,3,0,4,1,1,1,0,0,0,0,0,4338.0,0,0,0,1,0,0,0,1
0,31.0,0,65.0,2121.0,0.0,6431.0,1.0,False,4,1511,4,0,4,1,1,1,0,0,0,0,0,8618.0,0,0,0,1,0,1,0,0
0,18.0,0,765.0,0.0,13.0,0.0,0.0,False,2,1515,1,1,1,5,1,1,0,0,0,0,0,778.0,0,2,1,0,0,0,0,1
1,40.0,0,0.0,0.0,0.0,0.0,0.0,True,5,1520,1,1,1,6,1,1,0,0,0,0,0,0.0,1,3,1,0,0,0,0,1
1,28.0,0,0.0,0.0,0.0,0.0,0.0,True,4,1521,1,1,1,5,1,1,0,0,0,0,0,0.0,1,3,0,0,1,0,0,1
1,41.0,0,0.0,0.0,0.0,0.0,0.0,True,5,1523,1,0,2,1,1,1,0,0,0,0,0,0.0,1,3,0,1,0,1,0,0
1,35.0,0,0.0,0.0,0.0,0.0,0.0,True,5,1523,2,0,2,1,1,1,0,0,0,0,0,0.0,1,3,0,1,0,0,0,1
1,14.0,0,0.0,0.0,0.0,0.0,0.0,True,2,1524,1,1,1,6,1,1,0,0,0,0,0,0.0,1,3,1,0,0,0,0,1
0,20.0,0,539.0,1269.0,38.0,0.0,0.0,True,3,1525,1,1,1,5,0,1,0,0,0,0,0,1846.0,0,0,0,0,1,0,0,1
0,23.0,0,4.0,0.0,2.0,254.0,521.0,False,3,1526,1,1,1,5,0,0,1,0,0,0,0,781.0,0,2,1,0,0,1,0,0
1,22.0,0,0.0,0.0,0.0,0.0,0.0,True,3,1527,1,0,2,3,0,1,0,0,0,0,0,0.0,1,3,0,1,0,1,0,0
0,25.0,0,0.0,0.0,0.0,0.0,0.0,True,3,1527,2,0,2,3,0,1,0,0,0,0,0,0.0,1,3,0,1,0,0,0,1
0,18.0,0,3992.0,673.0,1360.0,2.0,0.0,True,2,1528,1,1,1,3,0,1,0,0,0,0,0,6027.0,0,0,0,0,1,1,0,0
0,25.0,1,0.0,7069.0,0.0,45.0,282.0,True,3,1529,1,0,2,0,1,1,0,0,0,0,0,7396.0,0,0,0,1,0,0,1,0
0,30.0,0,0.0,0.0,0.0,0.0,0.0,True,4,1529,2,0,2,0,1,1,0,0,0,0,0,0.0,1,3,0,1,0,0,0,1
0,46.0,0,0.0,0.0,533.0,277.0,0.0,False,5,1531,1,1,1,6,1,1,0,0,0,0,0,810.0,0,2,1,0,0,0,0,1
0,27.0,0,0.0,31.0,0.0,1.0,11378.0,False,4,1532,1,1,1,1,1,1,0,0,0,0,0,11410.0,0,0,0,1,0,0,0,1
0,53.0,0,1015.0,0.0,0.0,0.0,1.0,False,6,1533,1,1,1,6,0,1,0,0,0,0,0,1016.0,0,2,1,0,0,0,0,1
1,21.0,0,0.0,0.0,0.0,0.0,0.0,True,3,1536,1,1,1,5,1,1,0,0,0,0,0,0.0,1,3,0,0,1,0,0,1
0,32.0,0,54.0,3782.0,0.0,21.0,5.0,True,4,1539,1,1,1,0,1,1,0,0,0,0,0,3862.0,0,0,0,1,0,1,0,0
0,32.0,0,1.0,470.0,0.0,1440.0,2114.0,False,4,1540,1,0,3,2,0,1,0,0,0,0,0,4025.0,0,0,0,1,0,0,0,1
0,33.0,1,0.0,7139.0,22.0,0.0,553.0,True,5,1540,2,0,3,2,0,1,0,0,0,0,0,7714.0,0,0,0,1,0,0,0,1
0,26.0,0,0.0,170.0,0.0,3718.0,0.0,False,4,1540,3,0,3,2,0,1,0,0,0,0,0,3888.0,0,0,0,1,0,0,0,1
0,47.0,0,12.0,7.0,0.0,720.0,0.0,True,5,1541,1,1,1,5,1,1,0,0,0,0,0,739.0,0,2,1,0,0,0,0,1
0,13.0,0,7172.0,0.0,157.0,20.0,0.0,False,2,1542,1,1,1,5,1,1,0,0,0,0,0,7349.0,0,0,0,0,1,0,0,1
1,34.0,0,0.0,0.0,0.0,0.0,0.0,True,5,1543,1,1,1,2,0,1,0,0,0,0,0,0.0,1,3,0,1,0,1,0,0
0,21.0,0,9.0,0.0,0.0,0.0,800.0,False,3,1544,1,1,1,6,0,1,0,0,0,0,0,809.0,0,2,1,0,0,0,0,1
0,20.0,0,206.0,0.0,629.0,67.0,523.0,True,3,1545,1,1,1,5,1,0,1,0,0,0,0,1425.0,0,2,0,0,1,0,0,1
0,21.0,0,163.0,0.0,661.0,32.0,0.0,False,3,1547,1,1,1,5,1,0,1,0,0,0,0,856.0,0,2,1,0,0,0,0,1
1,51.0,0,0.0,0.0,0.0,0.0,0.0,True,6,1548,1,0,2,1,0,1,0,0,0,0,0,0.0,1,3,0,1,0,1,0,0
1,18.0,0,0.0,0.0,0.0,0.0,0.0,True,2,1548,2,0,2,1,0,1,0,0,0,0,0,0.0,1,3,0,1,0,0,0,1
0,26.0,0,1.0,230.0,0.0,42.0,4030.0,False,4,1550,1,0,2,2,1,1,0,0,0,0,0,4303.0,0,0,0,1,0,0,0,1
0,53.0,1,5022.0,2376.0,0.0,0.0,235.0,False,6,1550,2,0,2,5,1,0,1,0,0,0,0,7633.0,0,0,0,1,0,1,0,0
0,30.0,0,0.0,1376.0,43.0,0.0,1460.0,True,4,1551,1,1,1,4,0,1,0,0,0,0,0,2879.0,0,0,0,1,0,0,0,1
1,37.0,0,0.0,0.0,0.0,0.0,0.0,False,5,1552,1,1,1,6,1,1,0,0,0,0,0,0.0,1,3,1,0,0,0,0,1
0,45.0,0,0.0,1389.0,0.0,2987.0,0.0,False,5,1555,1,1,1,0,1,1,0,0,0,0,0,4376.0,0,0,0,1,0,0,0,1
0,62.0,0,877.0,15.0,0.0,0.0,1.0,False,6,1558,1,1,1,6,0,1,0,0,0,0,0,893.0,0,2,1,0,0,0,0,1
0,38.0,0,0.0,1.0,45.0,0.0,837.0,False,5,1560,1,1,1,6,1,1,0,0,0,0,0,883.0,0,2,1,0,0,0,0,1
0,24.0,0,1030.0,0.0,0.0,0.0,1122.0,False,3,1561,1,1,1,5,0,0,1,0,0,0,0,2152.0,0,0,1,0,0,1,0,0
0,18.0,0,341.0,0.0,332.0,102.0,0.0,False,2,1562,1,1,1,5,0,0,1,0,0,0,0,775.0,0,2,1,0,0,0,0,1
1,23.0,0,0.0,0.0,0.0,0.0,0.0,False,3,1564,1,1,1,5,1,0,1,0,0,0,0,0.0,1,3,0,0,1,0,0,1
0,16.0,0,0.0,1519.0,0.0,0.0,766.0,False,2,1565,1,1,1,5,1,0,1,0,0,0,0,2285.0,0,0,1,0,0,0,1,0
1,37.0,0,0.0,0.0,0.0,0.0,0.0,True,5,1567,1,1,1,1,0,1,0,0,0,0,0,0.0,1,3,0,1,0,0,0,1
0,22.0,0,1018.0,100.0,0.0,9.0,0.0,False,3,1568,1,0,2,5,1,0,1,0,0,0,0,1127.0,0,2,1,0,0,0,0,1
1,18.0,0,0.0,0.0,0.0,0.0,0.0,True,2,1568,2,0,2,6,0,1,0,0,0,0,0,0.0,1,3,1,0,0,0,1,0
1,25.0,0,0.0,0.0,0.0,0.0,0.0,True,3,1569,1,1,1,5,0,0,1,0,0,0,0,0.0,1,3,0,0,1,0,0,1
0,26.0,0,758.0,17.0,11.0,0.0,0.0,False,4,1572,1,0,2,6,0,1,0,0,0,0,0,786.0,0,2,1,0,0,0,0,1
0,25.0,0,4.0,0.0,146.0,723.0,0.0,False,3,1572,2,0,2,5,0,0,1,0,0,0,0,873.0,0,2,1,0,0,0,0,1
0,55.0,0,938.0,0.0,82.0,0.0,162.0,False,6,1573,1,1,1,3,1,1,0,0,0,0,0,1182.0,0,2,0,0,1,0,0,1
0,28.0,0,641.0,0.0,372.0,0.0,16.0,False,4,1576,1,1,1,4,0,1,0,0,0,0,0,1029.0,0,2,0,0,1,0,0,1
0,23.0,0,0.0,169.0,0.0,0.0,0.0,True,3,1577,1,1,1,5,0,0,1,0,0,0,0,169.0,0,1,1,0,0,0,0,1
0,22.0,0,0.0,24.0,0.0,176.0,783.0,False,3,1578,1,1,1,4,0,1,0,0,0,0,0,983.0,0,2,1,0,0,0,0,1
0,26.0,0,333.0,1819.0,0.0,1.0,0.0,True,4,1579,1,1,1,5,0,0,1,0,0,0,0,2153.0,0,0,1,0,0,1,0,0
0,13.0,0,0.0,0.0,8.0,0.0,714.0,False,2,1580,1,0,2,6,1,1,0,0,0,0,0,722.0,0,2,1,0,0,0,0,1
0,18.0,0,428.0,0.0,36.0,0.0,424.0,False,2,1580,2,0,2,6,1,1,0,0,0,0,0,888.0,0,2,1,0,0,0,0,1
1,38.0,0,0.0,0.0,0.0,0.0,0.0,True,5,1581,1,0,2,5,0,0,1,0,0,0,0,0.0,1,3,0,0,1,0,0,1
1,28.0,0,0.0,0.0,0.0,0.0,0.0,True,4,1581,2,0,2,5,1,0,1,0,0,0,0,0.0,1,3,0,0,1,0,0,1
0,57.0,0,433.0,0.0,0.0,371.0,0.0,False,6,1584,1,0,2,5,0,0,1,0,0,0,0,804.0,0,2,1,0,0,0,0,1
1,0.0,0,433.0,0.0,0.0,0.0,0.0,False,0,1584,2,0,2,6,0,1,0,0,0,0,0,0.0,1,3,1,0,0,0,0,1
1,18.0,0,0.0,0.0,0.0,0.0,0.0,True,2,1585,1,1,1,6,0,1,0,0,0,0,0,0.0,1,3,1,0,0,0,0,1
1,25.0,0,0.0,0.0,0.0,0.0,0.0,True,3,1588,1,0,2,4,0,1,0,0,0,0,0,0.0,1,3,0,1,0,0,0,1
0,35.0,0,0.0,17394.0,0.0,724.0,0.0,True,5,1588,2,0,2,4,0,1,0,0,0,0,0,18118.0,0,0,0,1,0,1,0,0
0,37.0,0,0.0,1336.0,2.0,12.0,7.0,True,5,1590,1,0,2,3,1,1,0,0,0,0,0,1357.0,0,2,0,1,0,0,0,1
0,33.0,0,0.0,26.0,1.0,33.0,2439.0,False,5,1590,2,0,2,3,1,1,0,0,0,0,0,2499.0,0,0,0,1,0,1,0,0
0,35.0,0,305.0,3621.0,0.0,320.0,341.0,True,5,1592,1,0,2,2,1,1,0,0,0,0,0,4587.0,0,0,0,1,0,0,0,1
0,47.0,0,16.0,2127.0,1487.0,0.0,196.0,True,5,1592,2,0,2,2,1,1,0,0,0,0,0,3826.0,0,0,0,1,0,1,0,0
0,23.0,0,5.0,51.0,0.0,732.0,0.0,False,3,1593,1,1,1,4,1,1,0,0,0,0,0,788.0,0,2,1,0,0,0,0,1
0,27.0,0,0.0,3.0,0.0,2.0,923.0,True,5,1594,1,1,1,6,0,1,0,0,0,0,0,928.0,0,2,1,0,0,0,0,1
0,27.0,0,0.0,4342.0,0.0,0.0,36.0,True,4,1595,1,1,1,2,0,1,0,0,0,0,0,4378.0,0,0,0,1,0,1,0,0
1,23.0,0,0.0,0.0,0.0,0.0,0.0,True,3,1596,1,1,1,1,0,1,0,0,0,0,0,0.0,1,3,0,1,0,0,0,1
1,31.0,0,0.0,0.0,0.0,0.0,0.0,True,4,1597,1,1,1,6,0,1,0,0,0,0,0,0.0,1,3,1,0,0,0,0,1
1,19.0,0,0.0,0.0,0.0,0.0,0.0,True,3,1599,1,0,2,2,0,1,0,0,0,0,0,0.0,1,3,0,1,0,0,0,1
1,53.0,0,0.0,0.0,0.0,0.0,0.0,True,6,1599,2,0,2,2,0,1,0,0,0,0,0,0.0,1,3,0,1,0,1,0,0
0,37.0,0,22.0,5.0,0.0,747.0,0.0,False,5,1601,1,1,1,6,0,1,0,0,0,0,0,774.0,0,2,1,0,0,0,0,1
0,18.0,0,0.0,0.0,0.0,2681.0,55.0,False,2,1602,1,1,1,5,1,0,1,0,0,0,0,2736.0,0,0,1,0,0,0,0,1
0,42.0,0,0.0,594.0,0.0,0.0,119.0,False,5,1603,1,0,3,5,0,0,1,0,0,0,0,713.0,0,1,1,0,0,0,0,1
1,7.0,0,0.0,0.0,0.0,0.0,0.0,True,1,1603,2,0,3,6,0,1,0,0,0,0,0,0.0,1,3,1,0,0,0,0,1
0,7.0,0,0.0,0.0,0.0,0.0,0.0,True,1,1603,3,0,3,6,0,1,0,0,0,0,0,0.0,1,3,1,0,0,1,0,0
0,24.0,0,2.0,3.0,0.0,616.0,161.0,False,3,1604,1,1,1,6,0,1,0,0,0,0,0,782.0,0,2,1,0,0,0,0,1
0,20.0,0,13.0,817.0,0.0,1435.0,22.0,True,3,1606,1,1,1,4,1,1,0,0,0,0,0,2287.0,0,0,0,1,0,0,0,1
0,24.0,0,1158.0,193.0,798.0,2.0,0.0,False,3,1608,1,1,1,5,0,0,1,0,0,0,0,2151.0,0,0,1,0,0,0,0,1
0,42.0,0,0.0,865.0,0.0,0.0,44.0,True,5,1611,1,1,1,6,1,1,0,0,0,0,0,909.0,0,2,1,0,0,0,0,1
0,49.0,0,0.0,3750.0,0.0,2.0,341.0,True,5,1612,1,0,2,4,0,1,0,0,0,0,0,4093.0,0,0,0,1,0,0,0,1
1,47.0,0,0.0,0.0,0.0,0.0,0.0,True,5,1612,2,0,2,4,0,1,0,0,0,0,0,0.0,1,3,0,1,0,0,0,1
0,16.0,0,825.0,9.0,0.0,0.0,42.0,False,2,1613,1,1,1,5,1,0,1,0,0,0,0,876.0,0,2,1,0,0,1,0,0
0,26.0,1,432.0,0.0,965.0,35.0,0.0,False,4,1614,1,1,1,5,0,0,1,0,0,0,0,1432.0,0,2,0,0,1,0,0,1
0,24.0,0,0.0,0.0,6.0,685.0,0.0,False,3,1615,1,0,3,5,0,0,1,0,0,0,0,691.0,0,1,1,0,0,0,0,1
1,38.0,0,0.0,0.0,3.0,0.0,0.0,True,5,1615,2,0,3,6,0,1,0,0,0,0,0,0.0,1,3,1,0,0,0,0,1
0,0.0,0,0.0,0.0,0.0,0.0,0.0,True,0,1615,3,0,3,6,0,1,0,0,0,0,0,0.0,1,3,1,0,0,0,0,1
0,37.0,0,295.0,1575.0,19.0,515.0,0.0,False,5,1617,1,1,1,3,0,1,0,0,0,0,0,2404.0,0,0,0,0,1,0,1,0
1,39.0,0,0.0,0.0,0.0,0.0,0.0,True,5,1619,1,1,1,6,1,1,0,0,0,0,0,0.0,1,3,1,0,0,0,0,1
0,25.0,0,553.0,0.0,1.0,239.0,8.0,True,3,1621,1,0,2,5,1,0,1,0,0,0,0,801.0,0,2,1,0,0,1,0,0
0,25.0,0,172.0,129.0,41.0,0.0,341.0,False,3,1621,2,0,2,5,1,0,1,0,0,0,0,683.0,0,1,1,0,0,0,1,0
1,35.0,0,0.0,0.0,0.0,0.0,0.0,True,5,1622,1,1,1,5,0,0,1,0,0,0,0,0.0,1,3,0,0,1,0,0,1
1,0.0,0,0.0,0.0,0.0,0.0,0.0,True,0,1624,1,0,3,6,1,1,0,0,0,0,0,0.0,1,3,1,0,0,0,1,0
0,46.0,0,612.0,0.0,62.0,0.0,0.0,True,5,1624,2,0,3,6,1,1,0,0,0,0,0,674.0,0,1,1,0,0,1,0,0
0,4.0,0,0.0,0.0,0.0,0.0,0.0,True,0,1624,3,0,3,6,1,1,0,0,0,0,0,0.0,1,3,1,0,0,0,0,1
1,19.0,0,0.0,0.0,0.0,0.0,0.0,True,3,1625,1,0,2,2,0,1,0,0,0,0,0,0.0,1,3,0,1,0,1,0,0
0,29.0,0,0.0,930.0,0.0,2113.0,98.0,False,4,1625,2,0,2,2,0,1,0,0,0,0,0,3141.0,0,0,0,1,0,0,0,1
0,19.0,0,0.0,9.0,0.0,0.0,1.0,False,3,1626,1,1,1,5,0,0,1,0,0,0,0,10.0,0,1,1,0,0,0,0,1
1,47.0,0,0.0,0.0,0.0,0.0,0.0,True,5,1628,1,1,1,1,1,1,0,0,0,0,0,0.0,1,3,0,1,0,0,0,1
1,1.0,0,0.0,0.0,0.0,0.0,0.0,True,0,1630,1,0,3,6,1,1,0,0,0,0,0,0.0,1,3,1,0,0,0,1,0
1,4.0,0,0.0,0.0,0.0,0.0,0.0,False,0,1630,2,0,3,6,1,1,0,0,0,0,0,0.0,1,3,1,0,0,0,0,1
0,37.0,0,0.0,27.0,11.0,732.0,5.0,False,5,1630,3,0,3,5,1,0,1,0,0,0,0,775.0,0,2,1,0,0,0,0,1
0,61.0,0,1215.0,32.0,0.0,0.0,362.0,False,6,1631,1,1,1,4,1,1,0,0,0,0,0,1609.0,0,0,1,0,0,0,0,1
1,32.0,0,0.0,0.0,0.0,0.0,0.0,True,4,1632,1,1,1,2,1,1,0,0,0,0,0,0.0,1,3,0,1,0,0,0,1
1,4.0,0,0.0,0.0,0.0,0.0,0.0,True,0,1633,1,0,2,6,0,1,0,0,0,0,0,0.0,1,3,1,0,0,0,0,1
1,16.0,0,0.0,0.0,0.0,0.0,0.0,True,2,1633,2,0,2,6,0,1,0,0,0,0,0,0.0,1,3,1,0,0,0,0,1
1,25.0,0,0.0,0.0,0.0,0.0,0.0,False,3,1634,1,1,1,6,1,1,0,0,0,0,0,0.0,1,3,1,0,0,1,0,0
0,22.0,0,1300.0,0.0,0.0,0.0,1134.0,False,3,1635,1,1,1,5,0,0,1,0,0,0,0,2434.0,0,0,1,0,0,0,0,1
0,41.0,0,139.0,666.0,6.0,71.0,25.0,False,5,1636,1,1,1,6,1,1,0,0,0,0,0,907.0,0,2,1,0,0,0,0,1
1,25.0,0,0.0,0.0,0.0,0.0,0.0,True,3,1637,1,1,1,6,1,1,0,0,0,0,0,0.0,1,3,1,0,0,0,0,1
0,19.0,0,414.0,0.0,66.0,307.0,0.0,False,3,1638,1,1,1,4,1,1,0,0,0,0,0,787.0,0,2,1,0,0,0,0,1
0,21.0,0,305.0,0.0,1.0,618.0,2.0,True,3,1640,1,1,1,6,0,1,0,0,0,0,0,926.0,0,2,1,0,0,0,0,1
0,14.0,0,0.0,2.0,0.0,0.0,794.0,False,2,1644,1,1,1,5,0,0,1,0,0,0,0,796.0,0,2,1,0,0,1,0,0
1,18.0,0,0.0,0.0,0.0,0.0,0.0,False,2,1645,1,1,1,5,1,0,1,0,0,0,0,0.0,1,3,1,0,0,1,0,0
0,34.0,0,0.0,0.0,885.0,0.0,0.0,True,5,1646,1,1,1,6,0,1,0,0,0,0,0,885.0,0,2,1,0,0,0,0,1
0,33.0,0,954.0,0.0,10.0,3.0,2.0,False,5,1647,1,1,1,5,0,0,1,0,0,0,0,969.0,0,2,1,0,0,0,0,1
1,14.0,0,0.0,0.0,0.0,0.0,0.0,False,2,1649,1,1,1,6,0,1,0,0,0,0,0,0.0,1,3,1,0,0,1,0,0
1,28.0,0,0.0,0.0,0.0,0.0,0.0,True,4,1650,1,1,1,6,1,1,0,0,0,0,0,0.0,1,3,1,0,0,1,0,0
1,43.0,0,0.0,0.0,0.0,0.0,0.0,False,5,1651,1,0,3,6,0,1,0,0,0,0,0,0.0,1,3,1,0,0,0,1,0
0,3.0,0,0.0,0.0,0.0,0.0,0.0,True,0,1651,2,0,3,6,0,1,0,0,0,0,0,0.0,1,3,1,0,0,1,0,0
1,0.0,0,0.0,0.0,0.0,0.0,0.0,True,0,1651,3,0,3,6,0,1,0,0,0,0,0,0.0,1,3,1,0,0,0,1,0
0,47.0,0,4.0,1303.0,830.0,774.0,2.0,False,5,1653,1,1,1,0,1,1,0,0,0,0,0,2913.0,0,0,0,1,0,0,0,1
0,28.0,0,3202.0,807.0,0.0,0.0,5.0,False,4,1655,1,0,2,5,1,0,1,0,0,0,0,3207.0,0,0,1,0,0,0,0,1
0,40.0,0,0.0,807.0,0.0,0.0,0.0,True,5,1655,2,0,2,5,1,0,1,0,0,0,0,807.0,0,2,1,0,0,0,0,1
0,17.0,0,1.0,160.0,37.0,0.0,0.0,False,2,1656,1,1,1,5,1,0,1,0,0,0,0,198.0,0,1,1,0,0,0,0,1
0,21.0,0,0.0,0.0,218.0,109.0,5321.0,False,3,1657,1,1,1,6,0,1,0,0,0,0,0,5648.0,0,0,1,0,0,0,0,1
0,27.0,0,1150.0,0.0,6.0,4.0,0.0,True,5,1658,1,1,1,5,1,0,1,0,0,0,0,1160.0,0,2,0,0,1,0,0,1
0,41.0,0,0.0,82.0,3.0,0.0,718.0,False,5,1659,1,1,1,5,1,0,1,0,0,0,0,803.0,0,2,1,0,0,0,0,1
0,20.0,0,0.0,1.0,0.0,905.0,0.0,False,3,1660,1,1,1,4,1,1,0,0,0,0,0,906.0,0,2,1,0,0,0,0,1
0,56.0,0,0.0,0.0,0.0,0.0,0.0,False,6,1661,1,0,4,0,1,1,0,0,0,0,0,0.0,1,3,0,1,0,0,0,1
0,57.0,0,0.0,62.0,0.0,2136.0,178.0,False,6,1661,2,0,4,0,1,1,0,0,0,0,0,2376.0,0,0,0,1,0,0,0,1
1,48.0,0,0.0,0.0,0.0,0.0,0.0,True,5,1661,3,0,4,0,1,1,0,0,0,0,0,0.0,1,3,0,1,0,0,0,1
0,37.0,0,0.0,2390.0,0.0,1306.0,0.0,False,5,1661,4,0,4,0,1,1,0,0,0,0,0,3696.0,0,0,0,1,0,0,0,1
0,20.0,0,127.0,0.0,0.0,542.0,0.0,False,3,1662,1,1,1,5,1,0,1,0,0,0,0,669.0,0,1,1,0,0,0,1,0
1,36.0,0,0.0,0.0,0.0,0.0,0.0,True,5,1663,1,1,1,6,0,1,0,0,0,0,0,0.0,1,3,1,0,0,0,1,0
0,38.0,0,158.0,787.0,2820.0,0.0,86.0,True,5,1666,1,1,1,3,1,1,0,0,0,0,0,3851.0,0,0,0,1,0,0,0,1
0,22.0,0,2.0,0.0,6.0,101.0,536.0,False,3,1668,1,1,1,5,1,0,1,0,0,0,0,645.0,0,1,1,0,0,0,0,1
0,31.0,0,2436.0,0.0,147.0,16.0,0.0,False,4,1669,1,0,3,5,1,0,1,0,0,0,0,2599.0,0,0,0,0,1,0,0,1
1,0.0,0,0.0,0.0,0.0,0.0,0.0,True,0,1669,2,0,3,5,1,0,1,0,0,0,0,0.0,1,3,0,0,1,0,0,1
0,21.0,0,1481.0,0.0,881.0,0.0,0.0,False,3,1669,3,0,3,5,1,0,1,0,0,0,0,2362.0,0,0,0,0,1,1,0,0
0,49.0,0,0.0,67.0,213.0,2.0,1442.0,False,5,1670,1,0,2,6,0,1,0,0,0,0,0,1724.0,0,0,1,0,0,0,0,1
1,44.0,0,0.0,0.0,0.0,0.0,0.0,False,5,1670,2,0,2,6,0,1,0,0,0,0,0,0.0,1,3,1,0,0,0,0,1
0,27.0,0,0.0,859.0,0.0,6704.0,64.0,False,5,1671,1,1,1,1,1,1,0,0,0,0,0,7627.0,0,0,0,1,0,1,0,0
0,29.0,0,7.0,0.0,0.0,797.0,0.0,False,4,1672,1,1,1,5,1,0,1,0,0,0,0,804.0,0,2,1,0,0,0,0,1
0,16.0,0,876.0,0.0,5.0,1.0,16.0,False,2,1673,1,1,1,5,0,0,1,0,0,0,0,898.0,0,2,1,0,0,1,0,0
1,20.0,0,0.0,0.0,0.0,0.0,0.0,False,3,1674,1,1,1,6,1,1,0,0,0,0,0,0.0,1,3,1,0,0,0,1,0
1,26.0,0,0.0,0.0,0.0,0.0,0.0,False,4,1676,1,1,1,6,0,1,0,0,0,0,0,0.0,1,3,1,0,0,0,0,1
0,19.0,0,5.0,87.0,0.0,0.0,0.0,False,3,1677,1,1,1,4,0,1,0,0,0,0,0,92.0,0,1,1,0,0,0,0,1
0,34.0,0,1.0,89.0,0.0,793.0,0.0,False,5,1681,1,1,1,6,1,1,0,0,0,0,0,883.0,0,2,1,0,0,0,0,1
1,38.0,0,0.0,0.0,0.0,0.0,0.0,True,5,1682,1,1,1,5,0,0,1,0,0,0,0,0.0,1,3,0,0,1,0,0,1
0,51.0,0,0.0,260.0,91.0,0.0,264.0,False,6,1685,1,0,3,5,1,0,1,0,0,0,0,615.0,0,1,1,0,0,1,0,0
0,7.0,0,0.0,0.0,0.0,0.0,0.0,False,1,1685,2,0,3,6,0,1,0,0,0,0,0,0.0,1,3,1,0,0,1,0,0
1,3.0,0,0.0,0.0,0.0,0.0,0.0,True,0,1685,3,0,3,6,0,1,0,0,0,0,0,0.0,1,3,1,0,0,0,0,1
0,26.0,1,714.0,450.0,208.0,0.0,44.0,False,4,1687,1,1,1,5,0,0,1,0,0,0,0,1416.0,0,2,0,0,1,0,0,1
0,27.0,0,233.0,554.0,0.0,0.0,0.0,False,4,1688,1,0,3,4,1,1,0,0,0,0,0,787.0,0,2,1,0,0,0,0,1
1,7.0,0,233.0,0.0,0.0,0.0,0.0,False,1,1688,2,0,3,5,1,0,1,0,0,0,0,0.0,1,3,1,0,0,0,0,1
1,19.0,0,233.0,0.0,0.0,0.0,0.0,True,3,1688,3,0,3,6,1,1,0,0,0,0,0,0.0,1,3,1,0,0,0,0,1
0,28.0,0,0.0,26.0,88.0,5.0,754.0,False,4,1690,1,1,1,5,0,0,1,0,0,0,0,873.0,0,2,1,0,0,0,0,1
0,27.0,0,3482.0,1234.0,1155.0,0.0,0.0,False,4,1691,1,1,1,5,1,0,1,0,0,0,0,5871.0,0,0,0,0,1,0,0,1
1,31.0,0,0.0,0.0,0.0,0.0,0.0,True,4,1694,1,1,1,6,1,1,0,0,0,0,0,0.0,1,3,1,0,0,0,1,0
0,26.0,0,324.0,0.0,201.0,2.0,256.0,False,4,1695,1,1,1,6,1,1,0,0,0,0,0,783.0,0,2,1,0,0,0,0,1
0,43.0,0,0.0,760.0,17.0,15331.0,427.0,False,5,1696,1,1,1,1,0,1,0,0,0,0,0,16535.0,0,0,0,1,0,0,0,1
0,23.0,0,0.0,13.0,0.0,773.0,0.0,False,3,1697,1,1,1,6,0,1,0,0,0,0,0,786.0,0,2,1,0,0,0,0,1
1,14.0,0,0.0,0.0,0.0,0.0,0.0,True,2,1698,1,1,1,4,1,1,0,0,0,0,0,0.0,1,3,1,0,0,0,1,0
0,47.0,0,0.0,574.0,0.0,0.0,68.0,True,5,1699,1,1,1,5,0,0,1,0,0,0,0,642.0,0,1,1,0,0,1,0,0
1,17.0,0,0.0,0.0,0.0,0.0,0.0,True,2,1700,1,0,2,1,1,1,0,0,0,0,0,0.0,1,3,0,1,0,0,0,1
0,64.0,0,0.0,4.0,0.0,6200.0,622.0,False,6,1700,2,0,2,1,1,1,0,0,0,0,0,6826.0,0,0,0,1,0,0,0,1
0,13.0,0,1112.0,0.0,687.0,0.0,3.0,False,2,1704,1,0,2,3,1,1,0,0,0,0,0,1802.0,0,0,0,0,1,0,0,1
0,18.0,0,86.0,1164.0,516.0,0.0,0.0,True,2,1704,2,0,2,3,1,1,0,0,0,0,0,1766.0,0,0,0,0,1,1,0,0
0,29.0,1,0.0,0.0,0.0,0.0,0.0,False,4,1705,1,1,1,4,1,1,0,0,0,0,0,0.0,1,3,0,0,1,0,0,1
0,70.0,0,0.0,3.0,1.0,2.0,1290.0,False,6,1708,1,1,1,5,0,0,1,0,0,0,0,1296.0,0,2,1,0,0,0,1,0
0,23.0,0,31.0,0.0,1247.0,0.0,47.0,False,3,1709,1,0,7,5,1,0,1,0,0,0,0,1325.0,0,2,0,0,1,0,0,1
0,23.0,0,2210.0,0.0,89.0,0.0,0.0,True,3,1709,2,0,7,3,1,1,0,0,0,0,0,2299.0,0,0,0,0,1,0,0,1
0,35.0,0,1313.0,0.0,24.0,0.0,1.0,False,5,1709,3,0,7,5,1,0,1,0,0,0,0,1338.0,0,2,0,0,1,0,0,1
0,17.0,0,1744.0,0.0,136.0,8.0,8.0,False,2,1709,4,0,7,4,1,1,0,0,0,0,0,1896.0,0,0,0,0,1,0,0,1
1,26.0,0,0.0,0.0,0.0,0.0,0.0,True,4,1709,5,0,7,5,1,0,1,0,0,0,0,0.0,1,3,0,0,1,0,0,1
0,15.0,0,1554.0,0.0,646.0,20.0,1241.0,False,2,1709,6,0,7,3,1,1,0,0,0,0,0,3461.0,0,0,0,0,1,0,0,1
0,19.0,0,285.0,54.0,1246.0,102.0,0.0,False,3,1709,7,0,7,5,1,0,1,0,0,0,0,1687.0,0,0,0,0,1,0,0,1
1,20.0,0,0.0,0.0,0.0,0.0,0.0,True,3,1710,1,1,1,6,0,1,0,0,0,0,0,0.0,1,3,1,0,0,0,1,0
0,51.0,0,437.0,244.0,908.0,825.0,0.0,False,6,1711,1,1,1,5,1,0,1,0,0,0,0,2414.0,0,0,1,0,0,0,0,1
0,17.0,0,139.0,0.0,959.0,21.0,0.0,False,2,1712,1,0,2,5,0,0,1,0,0,0,0,1119.0,0,2,0,0,1,0,0,1
0,27.0,0,103.0,1.0,49.0,2421.0,24.0,False,4,1712,2,0,2,5,0,0,1,0,0,0,0,2598.0,0,0,0,0,1,0,0,1
0,43.0,0,84.0,726.0,2.0,0.0,0.0,False,5,1713,1,1,1,6,0,1,0,0,0,0,0,812.0,0,2,1,0,0,0,0,1
0,5.0,0,0.0,0.0,0.0,0.0,0.0,False,1,1714,1,1,1,6,1,1,0,0,0,0,0,0.0,1,3,1,0,0,0,0,1
1,17.0,0,0.0,0.0,0.0,0.0,0.0,False,2,1715,1,1,1,6,1,1,0,0,0,0,0,0.0,1,3,1,0,0,0,0,1
0,40.0,0,813.0,0.0,473.0,236.0,0.0,True,5,1717,1,0,2,4,0,1,0,0,0,0,0,1522.0,0,0,1,0,0,0,0,1
0,38.0,0,4.0,0.0,0.0,0.0,1679.0,False,5,1717,2,0,2,4,0,1,0,0,0,0,0,1683.0,0,0,1,0,0,0,0,1
1,20.0,0,0.0,0.0,0.0,0.0,0.0,True,3,1718,1,1,1,5,1,0,1,0,0,0,0,0.0,1,3,1,0,0,0,0,1
1,13.0,0,0.0,0.0,0.0,0.0,0.0,False,2,1719,1,1,1,6,0,1,0,0,0,0,0,0.0,1,3,1,0,0,0,0,1
0,15.0,0,320.0,36.0,5.0,0.0,640.0,False,2,1721,1,1,1,5,0,0,1,0,0,0,0,1001.0,0,2,1,0,0,0,0,1
0,15.0,0,852.0,0.0,0.0,135.0,0.0,False,2,1723,1,1,1,4,1,1,0,0,0,0,0,987.0,0,2,1,0,0,0,0,1
0,59.0,0,8.0,1563.0,0.0,73.0,31.0,True,6,1724,1,1,1,0,1,1,0,0,0,0,0,1675.0,0,0,0,1,0,1,0,0
0,24.0,0,0.0,201.0,0.0,0.0,603.0,False,3,1725,1,1,1,5,1,0,1,0,0,0,0,804.0,0,2,1,0,0,0,0,1
1,52.0,0,0.0,0.0,0.0,0.0,0.0,True,6,1727,1,0,2,5,0,0,1,0,0,0,0,0.0,1,3,0,0,1,1,0,0
0,52.0,0,1279.0,0.0,1061.0,359.0,0.0,False,6,1727,2,0,2,3,0,1,0,0,0,0,0,2699.0,0,0,0,0,1,1,0,0
0,38.0,0,553.0,0.0,0.0,87.0,243.0,False,5,1728,1,1,1,6,0,1,0,0,0,0,0,883.0,0,2,1,0,0,0,0,1
0,26.0,0,21.0,0.0,499.0,568.0,0.0,True,4,1729,1,1,1,5,0,0,1,0,0,0,0,1088.0,0,2,1,0,0,0,0,1
0,17.0,0,68.0,0.0,0.0,0.0,795.0,True,2,1730,1,1,1,4,0,1,0,0,0,0,0,863.0,0,2,1,0,0,1,0,0
1,17.0,0,0.0,0.0,0.0,0.0,0.0,True,2,1731,1,0,2,6,0,1,0,0,0,0,0,0.0,1,3,1,0,0,0,1,0
0,20.0,0,1.0,808.0,0.0,0.0,0.0,True,3,1731,2,0,2,6,0,1,0,0,0,0,0,809.0,0,2,1,0,0,1,0,0
0,15.0,0,1336.0,108.0,0.0,0.0,0.0,False,2,1733,1,1,1,5,0,0,1,0,0,0,0,1444.0,0,0,1,0,0,0,0,1
1,30.0,0,0.0,0.0,0.0,0.0,0.0,True,4,1734,1,1,1,6,0,1,0,0,0,0,0,0.0,1,3,1,0,0,0,0,1
1,22.0,0,0.0,0.0,0.0,0.0,0.0,False,3,1736,1,1,1,6,0,1,0,0,0,0,0,0.0,1,3,1,0,0,0,1,0
0,18.0,0,0.0,0.0,19.0,467.0,0.0,False,2,1738,1,0,2,4,1,1,0,0,0,0,0,486.0,0,1,1,0,0,0,0,1
1,22.0,0,0.0,0.0,0.0,0.0,0.0,True,3,1738,2,0,2,6,1,1,0,0,0,0,0,0.0,1,3,1,0,0,1,0,0
1,20.0,0,0.0,0.0,0.0,0.0,0.0,True,3,1739,1,1,1,6,1,1,0,0,0,0,0,0.0,1,3,1,0,0,0,1,0
0,22.0,0,762.0,13.0,10.0,0.0,0.0,False,3,1740,1,1,1,6,1,1,0,0,0,0,0,785.0,0,2,1,0,0,0,0,1
0,34.0,1,49.0,478.0,387.0,0.0,0.0,False,5,1742,1,1,1,3,0,1,0,0,0,0,0,914.0,0,2,0,0,1,0,1,0
0,28.0,0,0.0,1310.0,0.0,221.0,6064.0,False,4,1745,1,1,1,4,1,1,0,0,0,0,0,7595.0,0,0,0,1,0,0,0,1
1,50.0,0,0.0,0.0,0.0,0.0,0.0,True,5,1746,1,1,1,5,1,0,1,0,0,0,0,0.0,1,3,0,0,1,0,0,1
0,19.0,0,0.0,0.0,496.0,13.0,0.0,True,3,1747,1,1,1,6,1,1,0,0,0,0,0,509.0,0,1,1,0,0,1,0,0
0,21.0,0,0.0,0.0,0.0,2.0,807.0,False,3,1748,1,0,3,6,0,1,0,0,0,0,0,809.0,0,2,1,0,0,0,0,1
0,0.0,0,0.0,0.0,0.0,0.0,0.0,False,0,1748,2,0,3,6,0,1,0,0,0,0,0,0.0,1,3,1,0,0,0,0,1
0,4.0,0,0.0,0.0,0.0,0.0,0.0,True,0,1748,3,0,3,6,0,1,0,0,0,0,0,0.0,1,3,1,0,0,0,0,1
1,59.0,0,0.0,0.0,0.0,0.0,0.0,False,6,1749,1,1,1,6,0,1,0,0,0,0,0,0.0,1,3,1,0,0,0,1,0
0,15.0,0,1006.0,1.0,0.0,0.0,308.0,True,2,1752,1,1,1,5,1,0,1,0,0,0,0,1315.0,0,2,1,0,0,1,0,0
1,24.0,0,0.0,0.0,0.0,0.0,0.0,True,3,1753,1,1,1,6,1,1,0,0,0,0,0,0.0,1,3,1,0,0,0,0,1
1,26.0,0,0.0,0.0,0.0,0.0,0.0,False,4,1755,1,1,1,6,1,1,0,0,0,0,0,0.0,1,3,1,0,0,0,0,1
0,67.0,0,26.0,809.0,0.0,39.0,26.0,False,6,1757,1,1,1,5,1,0,1,0,0,0,0,900.0,0,2,1,0,0,0,0,1
0,55.0,0,587.0,0.0,0.0,318.0,3.0,False,6,1758,1,1,1,6,1,1,0,0,0,0,0,908.0,0,2,1,0,0,0,0,1
0,50.0,0,742.0,21.0,10.0,26.0,4.0,False,5,1760,1,1,1,5,1,0,1,0,0,0,0,803.0,0,2,1,0,0,0,0,1
0,23.0,0,145.0,490.0,17.0,49.0,1.0,False,3,1761,1,1,1,5,0,0,1,0,0,0,0,702.0,0,1,1,0,0,1,0,0
0,21.0,0,2400.0,7.0,0.0,20.0,0.0,True,3,1762,1,0,2,4,1,1,0,0,0,0,0,2427.0,0,0,1,0,0,0,1,0
0,15.0,0,104.0,7.0,0.0,174.0,253.0,False,2,1762,2,0,2,6,1,1,0,0,0,0,0,531.0,0,1,1,0,0,0,1,0
0,41.0,0,0.0,3240.0,0.0,59.0,0.0,True,5,1763,1,1,1,4,1,1,0,0,0,0,0,3299.0,0,0,0,1,0,0,0,1
1,59.0,0,0.0,0.0,0.0,0.0,0.0,True,6,1764,1,0,2,5,1,0,1,0,0,0,0,0.0,1,3,0,0,1,0,0,1
0,18.0,0,0.0,0.0,0.0,0.0,0.0,False,2,1764,2,0,2,4,1,1,0,0,0,0,0,0.0,1,3,0,0,1,0,0,1
0,21.0,0,112.0,0.0,0.0,0.0,1333.0,False,3,1766,1,1,1,5,1,0,1,0,0,0,0,1445.0,0,0,1,0,0,1,0,0
1,14.0,0,0.0,0.0,0.0,0.0,0.0,True,2,1767,1,0,4,2,1,1,0,0,0,0,0,0.0,1,3,0,1,0,1,0,0
0,50.0,0,3677.0,782.0,0.0,6.0,1168.0,True,5,1767,2,0,4,2,1,1,0,0,0,0,0,5633.0,0,0,0,1,0,0,0,1
0,32.0,0,2973.0,3368.0,124.0,57.0,42.0,True,4,1767,3,0,4,2,1,1,0,0,0,0,0,6564.0,0,0,0,1,0,0,0,1
1,46.0,0,0.0,0.0,0.0,0.0,0.0,True,5,1767,4,0,4,2,1,1,0,0,0,0,0,0.0,1,3,0,1,0,0,0,1
0,27.0,0,0.0,24.0,0.0,732.0,0.0,False,5,1768,1,1,1,6,1,1,0,0,0,0,0,756.0,0,2,1,0,0,0,0,1
1,58.0,0,0.0,0.0,0.0,0.0,0.0,True,6,1769,1,1,1,5,1,0,1,0,0,0,0,0.0,1,3,0,0,1,0,0,1
1,15.0,0,0.0,0.0,0.0,0.0,0.0,True,2,1770,1,1,1,1,1,1,0,0,0,0,0,0.0,1,3,0,1,0,1,0,0
0,35.0,0,0.0,338.0,436.0,0.0,0.0,True,5,1771,1,1,1,6,0,1,0,0,0,0,0,774.0,0,2,1,0,0,0,0,1
0,30.0,0,1220.0,0.0,49.0,39.0,0.0,False,4,1772,1,1,1,5,0,0,1,0,0,0,0,1308.0,0,2,0,0,1,0,0,1
1,30.0,0,0.0,0.0,0.0,0.0,0.0,True,4,1774,1,1,1,4,1,1,0,0,0,0,0,0.0,1,3,0,0,1,0,0,1
0,43.0,0,0.0,0.0,870.0,0.0,14.0,True,5,1775,1,1,1,6,1,1,0,0,0,0,0,884.0,0,2,1,0,0,0,0,1
0,21.0,0,0.0,0.0,809.0,0.0,0.0,False,3,1776,1,1,1,6,1,1,0,0,0,0,0,809.0,0,2,1,0,0,0,0,1
1,15.0,0,0.0,0.0,0.0,0.0,0.0,False,2,1778,1,1,1,6,1,1,0,0,0,0,0,0.0,1,3,1,0,0,0,1,0
0,37.0,0,164.0,603.0,0.0,0.0,11.0,True,5,1779,1,1,1,5,0,0,1,0,0,0,0,778.0,0,2,1,0,0,1,0,0
0,28.0,0,0.0,11026.0,0.0,0.0,12.0,True,4,1781,1,1,1,2,1,1,0,0,0,0,0,11038.0,0,0,0,1,0,1,0,0
1,28.0,0,0.0,0.0,0.0,0.0,0.0,False,4,1782,1,0,2,5,1,0,1,0,0,0,0,0.0,1,3,1,0,0,0,0,1
0,40.0,0,596.0,0.0,135.0,73.0,0.0,False,5,1782,2,0,2,5,1,0,1,0,0,0,0,804.0,0,2,1,0,0,0,0,1
0,42.0,0,28.0,0.0,0.0,0.0,591.0,False,5,1783,1,0,2,6,1,1,0,0,0,0,0,619.0,0,1,1,0,0,1,0,0
1,21.0,0,0.0,0.0,0.0,0.0,0.0,False,3,1783,2,0,2,6,1,1,0,0,0,0,0,0.0,1,3,1,0,0,0,1,0
1,31.0,0,0.0,0.0,0.0,0.0,0.0,False,4,1785,1,1,1,4,0,1,0,0,0,0,0,0.0,1,3,0,0,1,1,0,0
0,51.0,0,28.0,94.0,0.0,34.0,638.0,False,6,1786,1,1,1,5,1,0,1,0,0,0,0,794.0,0,2,1,0,0,0,0,1
0,73.0,0,27.0,2.0,71.0,1208.0,0.0,False,6,1792,1,1,1,5,0,0,1,0,0,0,0,1308.0,0,2,0,0,1,0,0,1
1,26.0,0,0.0,0.0,0.0,0.0,0.0,True,4,1796,1,1,1,2,1,1,0,0,0,0,0,0.0,1,3,0,1,0,0,0,1
1,33.0,0,0.0,0.0,0.0,0.0,0.0,True,5,1797,1,1,1,1,0,1,0,0,0,0,0,0.0,1,3,0,1,0,1,0,0
0,39.0,0,1.0,275.0,33.0,376.0,105.0,False,5,1798,1,1,1,4,1,1,0,0,0,0,0,790.0,0,2,1,0,0,0,0,1
0,19.0,0,5.0,639.0,0.0,84.0,180.0,False,3,1799,1,1,1,6,0,1,0,0,0,0,0,908.0,0,2,1,0,0,0,0,1
0,12.0,0,0.0,0.0,0.0,0.0,0.0,True,1,1800,1,0,5,6,1,1,0,0,0,0,0,0.0,1,3,1,0,0,1,0,0
1,10.0,0,0.0,0.0,0.0,0.0,0.0,False,1,1800,2,0,5,6,1,1,0,0,0,0,0,0.0,1,3,1,0,0,1,0,0
1,0.0,0,0.0,0.0,0.0,0.0,0.0,False,0,1800,3,0,5,6,1,1,0,0,0,0,0,0.0,1,3,1,0,0,0,0,1
0,0.0,0,0.0,0.0,0.0,0.0,0.0,True,0,1800,4,0,5,6,1,1,0,0,0,0,0,0.0,1,3,1,0,0,0,0,1
1,1.0,0,0.0,0.0,0.0,0.0,0.0,True,0,1800,5,0,5,6,1,1,0,0,0,0,0,0.0,1,3,1,0,0,0,0,1
0,33.0,0,0.0,0.0,2.0,787.0,1.0,False,5,1802,1,1,1,4,0,1,0,0,0,0,0,790.0,0,2,1,0,0,0,0,1
0,23.0,0,0.0,169.0,0.0,553.0,0.0,False,3,1803,1,1,1,5,0,0,1,0,0,0,0,722.0,0,2,1,0,0,1,0,0
1,5.0,0,0.0,0.0,0.0,0.0,0.0,True,1,1804,1,1,1,5,0,0,1,0,0,0,0,0.0,1,3,0,0,1,0,0,1
1,24.0,0,0.0,0.0,0.0,0.0,0.0,True,3,1805,1,1,1,6,1,1,0,0,0,0,0,0.0,1,3,1,0,0,0,0,1
0,26.0,0,0.0,0.0,0.0,0.0,0.0,False,4,1806,1,1,1,4,1,1,0,0,0,0,0,0.0,1,3,0,0,1,0,0,1
0,30.0,0,0.0,3722.0,4.0,140.0,4045.0,False,4,1807,1,1,1,1,0,1,0,0,0,0,0,7911.0,0,0,0,1,0,1,0,0
0,33.0,0,0.0,763.0,8.0,2.0,30.0,False,5,1808,1,1,1,5,1,0,1,0,0,0,0,803.0,0,2,1,0,0,0,0,1
0,56.0,0,4694.0,0.0,2661.0,51.0,0.0,False,6,1810,1,1,1,5,0,0,1,0,0,0,0,7406.0,0,0,0,0,1,0,0,1
1,25.0,0,0.0,0.0,0.0,0.0,0.0,True,3,1811,1,0,2,6,1,1,0,0,0,0,0,0.0,1,3,1,0,0,0,1,0
0,25.0,0,928.0,20.0,0.0,0.0,0.0,False,3,1811,2,0,2,5,1,0,1,0,0,0,0,948.0,0,2,1,0,0,0,0,1
0,25.0,0,9.0,852.0,73.0,12.0,57.0,True,3,1812,1,1,1,5,0,0,1,0,0,0,0,1003.0,0,2,1,0,0,0,0,1
0,18.0,0,0.0,0.0,454.0,0.0,263.0,False,2,1813,1,1,1,5,0,0,1,0,0,0,0,717.0,0,2,1,0,0,1,0,0
0,60.0,1,1891.0,640.0,0.0,360.0,52.0,True,6,1816,1,0,2,2,1,1,0,0,0,0,0,2943.0,0,0,0,1,0,0,0,1
0,41.0,0,0.0,2334.0,1.0,6.0,23.0,True,5,1816,2,0,2,2,1,1,0,0,0,0,0,2364.0,0,0,0,1,0,0,0,1
0,16.0,0,112.0,0.0,38.0,77.0,443.0,False,2,1817,1,1,1,5,1,0,1,0,0,0,0,670.0,0,1,1,0,0,0,1,0
1,17.0,0,0.0,0.0,0.0,0.0,0.0,True,2,1818,1,1,1,6,0,1,0,0,0,0,0,0.0,1,3,1,0,0,0,0,1
0,26.0,0,0.0,4.0,361.0,0.0,19.0,False,4,1821,1,1,1,6,0,1,0,0,0,0,0,384.0,0,1,1,0,0,0,0,1
0,31.0,0,2.0,811.0,0.0,0.0,0.0,True,4,1822,1,1,1,6,0,1,0,0,0,0,0,813.0,0,2,1,0,0,0,0,1
0,67.0,0,143.0,68.0,496.0,182.0,9.0,True,6,1823,1,1,1,5,1,0,1,0,0,0,0,898.0,0,2,1,0,0,0,0,1
0,16.0,0,0.0,231.0,569.0,2.0,0.0,False,2,1826,1,1,1,5,1,0,1,0,0,0,0,802.0,0,2,1,0,0,1,0,0
0,24.0,0,0.0,94.0,1.0,56.0,427.0,False,3,1827,1,1,1,5,1,0,1,0,0,0,0,578.0,0,1,1,0,0,1,0,0
0,19.0,0,0.0,1333.0,3.0,624.0,254.0,True,3,1828,1,1,1,5,0,0,1,0,0,0,0,2214.0,0,0,1,0,0,0,0,1
0,48.0,0,0.0,3578.0,80.0,123.0,295.0,True,5,1829,1,0,6,3,0,1,0,0,0,0,0,3781.0,0,0,0,1,0,1,0,0
0,30.0,0,1.0,6398.0,0.0,2.0,295.0,True,4,1829,2,0,6,3,0,1,0,0,0,0,0,6696.0,0,0,0,1,0,0,0,1
0,22.0,0,0.0,8882.0,21.0,2204.0,19.0,True,3,1829,3,0,6,3,0,1,0,0,0,0,0,11126.0,0,0,0,1,0,0,0,1
0,28.0,1,0.0,4424.0,3.0,207.0,1572.0,True,4,1829,4,0,6,3,0,1,0,0,0,0,0,6206.0,0,0,0,1,0,0,0,1
1,23.0,0,0.0,0.0,0.0,0.0,0.0,True,3,1829,5,0,6,3,0,1,0,0,0,0,0,0.0,1,3,0,1,0,1,0,0
0,29.0,0,0.0,699.0,0.0,0.0,1955.0,False,4,1829,6,0,6,3,0,1,0,0,0,0,0,2654.0,0,0,0,1,0,0,0,1
1,22.0,0,0.0,0.0,0.0,0.0,0.0,False,3,1831,1,1,1,6,1,1,0,0,0,0,0,0.0,1,3,1,0,0,0,0,1
0,48.0,0,140.0,127.0,0.0,4102.0,521.0,False,5,1833,1,1,1,2,0,1,0,0,0,0,0,4890.0,0,0,0,1,0,1,0,0
0,26.0,0,17.0,0.0,1582.0,0.0,0.0,True,4,1834,1,1,1,5,1,0,1,0,0,0,0,1599.0,0,0,0,0,1,0,0,1
0,23.0,0,1639.0,1218.0,0.0,1.0,0.0,True,3,1836,1,1,1,5,0,0,1,0,0,0,0,2858.0,0,0,1,0,0,0,0,1
0,55.0,0,1104.0,0.0,0.0,0.0,0.0,False,6,1841,1,1,1,5,0,0,1,0,0,0,0,1104.0,0,2,1,0,0,0,0,1
0,46.0,0,2249.0,153.0,137.0,0.0,194.0,False,5,1843,1,1,1,4,0,1,0,0,0,0,0,2733.0,0,0,0,1,0,0,0,1
0,38.0,0,0.0,0.0,0.0,0.0,1381.0,False,5,1844,1,0,3,5,1,0,1,0,0,0,0,1381.0,0,2,1,0,0,0,1,0
1,2.0,0,0.0,0.0,0.0,0.0,0.0,True,0,1844,2,0,3,6,1,1,0,0,0,0,0,0.0,1,3,1,0,0,0,0,1
1,3.0,0,0.0,0.0,0.0,0.0,0.0,True,0,1844,3,0,3,6,1,1,0,0,0,0,0,0.0,1,3,1,0,0,0,0,1
0,20.0,0,0.0,0.0,0.0,788.0,16.0,False,3,1846,1,1,1,5,0,0,1,0,0,0,0,804.0,0,2,1,0,0,0,0,1
0,65.0,0,5.0,317.0,0.0,0.0,123.0,False,6,1847,1,1,1,6,1,1,0,0,0,0,0,445.0,0,1,1,0,0,0,0,1
0,27.0,0,181.0,0.0,2.0,0.0,663.0,False,5,1848,1,1,1,6,1,1,0,0,0,0,0,846.0,0,2,1,0,0,0,0,1
0,25.0,0,113.0,0.0,0.0,1282.0,0.0,False,3,1849,1,1,1,5,0,0,1,0,0,0,0,1395.0,0,2,1,0,0,0,0,1
0,54.0,0,0.0,316.0,257.0,0.0,0.0,False,6,1850,1,0,2,5,1,0,1,0,0,0,0,573.0,0,1,1,0,0,0,1,0
0,25.0,0,0.0,0.0,1.0,735.0,25.0,False,3,1850,2,0,2,5,1,0,1,0,0,0,0,761.0,0,2,1,0,0,1,0,0
1,14.0,0,0.0,0.0,0.0,0.0,0.0,True,2,1853,1,1,1,6,0,0,1,0,0,0,0,0.0,1,3,1,0,0,0,0,1
0,53.0,0,0.0,13527.0,0.0,0.0,771.0,True,6,1854,1,1,1,0,1,1,0,0,0,0,0,14298.0,0,0,0,1,0,1,0,0
1,0.0,0,0.0,0.0,0.0,0.0,0.0,True,0,1855,1,0,2,6,0,0,1,0,0,0,0,0.0,1,3,1,0,0,0,0,1
0,39.0,0,0.0,43.0,864.0,0.0,85.0,False,5,1855,2,0,2,4,0,1,0,0,0,0,0,992.0,0,2,1,0,0,0,0,1
0,22.0,0,8.0,710.0,0.0,27.0,0.0,True,3,1856,1,1,1,5,0,0,1,0,0,0,0,745.0,0,2,1,0,0,0,0,1
0,31.0,0,120.0,0.0,657.0,52.0,0.0,False,4,1857,1,1,1,3,1,1,0,0,0,0,0,829.0,0,2,0,0,1,1,0,0
1,24.0,0,0.0,0.0,0.0,0.0,0.0,True,3,1859,1,1,1,5,1,0,1,0,0,0,0,0.0,1,3,0,0,1,0,0,1
0,35.0,1,0.0,1.0,0.0,0.0,3156.0,False,5,1860,1,0,2,0,0,1,0,0,0,0,0,3157.0,0,0,0,1,0,0,0,1
0,35.0,0,95.0,3441.0,0.0,391.0,318.0,False,5,1860,2,0,2,0,0,1,0,0,0,0,0,4245.0,0,0,0,1,0,1,0,0
1,32.0,0,0.0,0.0,0.0,0.0,0.0,True,4,1861,1,0,2,5,1,0,1,0,0,0,0,0.0,1,3,0,0,1,0,0,1
0,61.0,0,953.0,415.0,974.0,0.0,133.0,False,6,1861,2,0,2,5,1,0,1,0,0,0,0,2475.0,0,0,0,0,1,0,0,1
0,58.0,0,14.0,0.0,1081.0,0.0,0.0,True,6,1863,1,1,1,5,0,0,1,0,0,0,0,1095.0,0,2,1,0,0,1,0,0
0,26.0,0,1752.0,22.0,0.0,4.0,0.0,False,4,1864,1,1,1,3,1,1,0,0,0,0,0,1778.0,0,0,0,0,1,0,0,1
1,4.0,0,0.0,0.0,0.0,0.0,0.0,False,0,1865,1,0,6,6,1,1,0,0,0,0,0,0.0,1,3,1,0,0,0,0,1
0,1.0,0,0.0,0.0,0.0,0.0,0.0,False,0,1865,2,0,6,6,1,1,0,0,0,0,0,0.0,1,3,1,0,0,0,0,1
0,8.0,0,0.0,0.0,0.0,0.0,0.0,True,1,1865,3,0,6,6,1,1,0,0,0,0,0,0.0,1,3,1,0,0,0,0,1
0,7.0,0,0.0,0.0,0.0,0.0,0.0,False,1,1865,4,0,6,6,1,1,0,0,0,0,0,0.0,1,3,1,0,0,0,0,1
0,25.0,0,0.0,60.0,0.0,646.0,1115.0,False,3,1865,5,0,6,6,1,1,0,0,0,0,0,1821.0,0,0,1,0,0,0,0,1
0,6.0,0,0.0,0.0,0.0,0.0,0.0,False,1,1865,6,0,6,6,1,1,0,0,0,0,0,0.0,1,3,1,0,0,0,0,1
0,29.0,0,0.0,0.0,0.0,0.0,865.0,False,4,1866,1,1,1,5,0,0,1,0,0,0,0,865.0,0,2,1,0,0,0,0,1
1,64.0,0,0.0,0.0,0.0,0.0,0.0,True,6,1868,1,1,1,5,0,0,1,0,0,0,0,0.0,1,3,0,0,1,0,0,1
0,31.0,0,0.0,1983.0,0.0,172.0,52.0,True,4,1871,1,1,1,2,1,1,0,0,0,0,0,2207.0,0,0,0,1,0,0,0,1
1,25.0,0,0.0,0.0,0.0,0.0,0.0,False,3,1872,1,1,1,4,1,1,0,0,0,0,0,0.0,1,3,0,0,1,0,0,1
1,30.0,0,0.0,0.0,0.0,0.0,0.0,True,4,1873,1,1,1,6,1,1,0,0,0,0,0,0.0,1,3,1,0,0,0,0,1
1,0.0,0,0.0,0.0,0.0,0.0,0.0,False,0,1874,1,0,2,6,0,0,1,0,0,0,0,0.0,1,3,1,0,0,0,0,1
1,29.0,0,0.0,0.0,0.0,486.0,1479.0,False,4,1874,2,0,2,5,0,0,1,0,0,0,0,1965.0,0,0,1,0,0,0,1,0
0,37.0,0,28.0,25.0,26.0,806.0,3.0,False,5,1877,1,1,1,6,0,0,1,0,0,0,0,888.0,0,2,1,0,0,0,0,1
0,49.0,0,0.0,0.0,0.0,724.0,0.0,False,5,1878,1,1,1,5,0,0,1,0,0,0,0,724.0,0,2,1,0,0,0,0,1
0,36.0,0,0.0,583.0,1789.0,19.0,1009.0,False,5,1879,1,1,1,3,0,1,0,0,0,0,0,3400.0,0,0,0,1,0,0,0,1
0,20.0,0,470.0,128.0,0.0,0.0,9.0,False,3,1880,1,1,1,5,0,0,1,0,0,0,0,607.0,0,1,1,0,0,1,0,0
0,20.0,0,2215.0,0.0,0.0,86.0,0.0,True,3,1881,1,1,1,5,0,0,1,0,0,0,0,2301.0,0,0,1,0,0,0,0,1
1,18.0,0,0.0,16263.0,72.0,0.0,15.0,True,2,1882,1,0,2,2,1,1,0,0,0,0,0,16350.0,0,0,0,1,0,1,0,0
1,17.0,0,0.0,0.0,0.0,0.0,0.0,True,2,1882,2,0,2,5,1,0,1,0,0,0,0,0.0,1,3,0,1,0,1,0,0
1,48.0,0,0.0,0.0,0.0,0.0,0.0,False,5,1884,1,1,1,4,1,1,0,0,0,0,0,0.0,1,3,0,0,1,0,0,1
0,26.0,0,0.0,3.0,176.0,611.0,0.0,False,4,1886,1,1,1,4,1,1,0,0,0,0,0,790.0,0,2,1,0,0,0,0,1
0,35.0,0,0.0,88.0,718.0,46.0,0.0,False,5,1887,1,1,1,6,1,1,0,0,0,0,0,852.0,0,2,1,0,0,0,0,1
0,30.0,0,116.0,0.0,0.0,728.0,29.0,True,4,1888,1,1,1,5,1,0,1,0,0,0,0,873.0,0,2,1,0,0,0,0,1
0,22.0,0,0.0,0.0,22.0,0.0,702.0,False,3,1889,1,0,2,5,0,0,1,0,0,0,0,724.0,0,2,1,0,0,0,0,1
1,5.0,0,0.0,0.0,0.0,0.0,0.0,False,1,1889,2,0,2,6,0,0,1,0,0,0,0,0.0,1,3,1,0,0,0,0,1
1,43.0,0,0.0,0.0,0.0,0.0,0.0,False,5,1890,1,1,1,6,0,0,1,0,0,0,0,0.0,1,3,1,0,0,1,0,0
1,52.0,0,0.0,0.0,0.0,0.0,0.0,False,6,1891,1,1,1,4,1,1,0,0,0,0,0,0.0,1,3,0,0,1,0,0,1
0,50.0,0,5.0,809.0,0.0,309.0,731.0,True,5,1892,1,0,3,3,0,1,0,0,0,0,0,1854.0,0,0,0,1,0,0,0,1
0,29.0,0,4.0,841.0,0.0,363.0,1107.0,True,4,1892,2,0,3,5,1,0,1,0,0,0,0,2315.0,0,0,0,1,0,0,0,1
0,19.0,0,0.0,748.0,158.0,5037.0,44.0,False,3,1892,3,0,3,3,0,1,0,0,0,0,0,5987.0,0,0,0,1,0,1,0,0
0,39.0,0,0.0,10153.0,1.0,78.0,5063.0,True,5,1897,1,0,2,2,1,1,0,0,0,0,0,15295.0,0,0,0,1,0,1,0,0
0,38.0,0,0.0,354.0,0.0,1806.0,0.0,True,5,1897,2,0,2,2,1,1,0,0,0,0,0,2160.0,0,0,0,1,0,0,0,1
1,21.0,0,0.0,0.0,0.0,0.0,0.0,False,3,1898,1,1,1,6,1,1,0,0,0,0,0,0.0,1,3,1,0,0,1,0,0
0,25.0,0,11.0,44.0,397.0,0.0,0.0,False,3,1899,1,1,1,6,1,1,0,0,0,0,0,452.0,0,1,1,0,0,0,1,0
1,42.0,0,0.0,0.0,0.0,0.0,0.0,True,5,1901,1,0,2,0,0,1,0,0,0,0,0,0.0,1,3,0,1,0,1,0,0
1,36.0,0,0.0,0.0,0.0,0.0,0.0,True,5,1901,2,0,2,0,0,1,0,0,0,0,0,0.0,1,3,0,1,0,1,0,0
0,19.0,0,42.0,0.0,345.0,1431.0,0.0,False,3,1902,1,1,1,6,1,1,0,0,0,0,0,1818.0,0,0,1,0,0,0,0,1
1,42.0,0,0.0,0.0,0.0,0.0,0.0,False,5,1903,1,1,1,6,0,0,1,0,0,0,0,0.0,1,3,1,0,0,0,0,1
0,40.0,0,1465.0,39.0,0.0,0.0,1225.0,False,5,1905,1,1,1,5,1,0,1,0,0,0,0,2729.0,0,0,1,0,0,1,0,0
1,14.0,0,0.0,0.0,0.0,0.0,0.0,False,2,1906,1,1,1,6,1,1,0,0,0,0,0,0.0,1,3,1,0,0,0,0,1
0,50.0,0,0.0,1810.0,0.0,126.0,247.0,False,5,1907,1,1,1,3,0,1,0,0,0,0,0,2183.0,0,0,0,1,0,0,0,1
0,18.0,0,1218.0,0.0,34.0,1095.0,0.0,False,2,1908,1,1,1,4,0,1,0,0,0,0,0,2347.0,0,0,0,0,1,0,0,1
0,46.0,0,8.0,652.0,0.0,5.0,90.0,False,5,1911,1,1,1,6,1,0,1,0,0,0,0,755.0,0,2,1,0,0,0,0,1
0,27.0,0,0.0,51.0,0.0,37.0,704.0,False,5,1915,1,1,1,4,0,1,0,0,0,0,0,792.0,0,2,1,0,0,0,0,1
1,15.0,0,0.0,0.0,0.0,0.0,0.0,True,2,1916,1,0,2,3,0,1,0,0,0,0,0,0.0,1,3,0,1,0,0,0,1
0,22.0,0,1744.0,79.0,0.0,12.0,1514.0,False,3,1916,2,0,2,3,0,1,0,0,0,0,0,3349.0,0,0,0,1,0,1,0,0
1,0.0,0,0.0,0.0,0.0,0.0,0.0,False,0,1918,1,0,3,0,1,1,0,0,0,0,0,0.0,1,3,0,1,0,0,0,1
1,52.0,0,0.0,0.0,0.0,0.0,0.0,True,6,1918,2,0,3,0,1,1,0,0,0,0,0,0.0,1,3,0,1,0,0,0,1
0,38.0,0,34.0,2043.0,0.0,1339.0,0.0,True,5,1918,3,0,3,0,1,1,0,0,0,0,0,3416.0,0,0,0,1,0,0,0,1
0,46.0,0,731.0,0.0,288.0,0.0,2.0,False,5,1920,1,1,1,4,0,1,0,0,0,0,0,1021.0,0,2,0,0,1,0,0,1
1,23.0,0,0.0,0.0,0.0,0.0,0.0,False,3,1922,1,1,1,6,1,0,1,0,0,0,0,0.0,1,3,1,0,0,1,0,0
0,63.0,0,0.0,4286.0,18.0,4.0,872.0,True,6,1923,1,0,2,2,0,1,0,0,0,0,0,5180.0,0,0,0,1,0,0,0,1
1,24.0,0,0.0,0.0,0.0,0.0,0.0,True,3,1923,2,0,2,2,0,1,0,0,0,0,0,0.0,1,3,0,1,0,1,0,0
1,50.0,0,0.0,0.0,0.0,0.0,0.0,False,5,1925,1,1,1,6,1,0,1,0,0,0,0,0.0,1,3,1,0,0,0,0,1
1,20.0,0,0.0,0.0,0.0,0.0,0.0,False,3,1926,1,1,1,6,1,0,1,0,0,0,0,0.0,1,3,1,0,0,0,0,1
0,55.0,0,2424.0,0.0,1.0,0.0,284.0,False,6,1927,1,1,1,3,1,1,0,0,0,0,0,2709.0,0,0,0,0,1,0,0,1
0,21.0,0,0.0,0.0,107.0,166.0,388.0,True,3,1928,1,1,1,4,1,1,0,0,0,0,0,661.0,0,1,1,0,0,0,1,0
1,56.0,0,0.0,0.0,0.0,0.0,0.0,True,6,1931,1,1,1,2,1,1,0,0,0,0,0,0.0,1,3,0,1,0,1,0,0
0,45.0,0,10.0,0.0,0.0,0.0,0.0,True,5,1933,1,1,1,4,0,1,0,0,0,0,0,10.0,0,1,1,0,0,0,0,1
1,18.0,0,0.0,0.0,0.0,0.0,0.0,False,2,1935,1,1,1,6,1,0,1,0,0,0,0,0.0,1,3,1,0,0,1,0,0
0,47.0,0,7.0,877.0,17.0,0.0,0.0,False,5,1937,1,1,1,5,1,0,1,0,0,0,0,901.0,0,2,1,0,0,0,0,1
0,36.0,0,0.0,0.0,1508.0,110.0,117.0,True,5,1938,1,1,1,5,1,0,1,0,0,0,0,1735.0,0,0,1,0,0,0,0,1
0,57.0,1,975.0,0.0,295.0,39.0,0.0,False,6,1939,1,0,2,5,0,0,1,0,0,0,0,1309.0,0,2,0,0,1,0,0,1
0,13.0,0,3037.0,10.0,43.0,0.0,0.0,False,2,1939,2,0,2,3,0,1,0,0,0,0,0,3090.0,0,0,0,0,1,0,0,1
0,27.0,0,120.0,0.0,1476.0,3.0,0.0,False,4,1940,1,1,1,5,0,0,1,0,0,0,0,1599.0,0,0,0,0,1,0,0,1
0,20.0,0,717.0,0.0,0.0,0.0,0.0,False,3,1941,1,1,1,5,1,0,1,0,0,0,0,717.0,0,2,1,0,0,0,0,1
0,47.0,0,0.0,444.0,328.0,56.0,0.0,False,5,1942,1,1,1,6,0,0,1,0,0,0,0,828.0,0,2,1,0,0,0,0,1
0,15.0,0,0.0,0.0,787.0,0.0,0.0,False,2,1945,1,1,1,4,0,1,0,0,0,0,0,787.0,0,2,1,0,0,0,0,1
0,34.0,0,0.0,0.0,53.0,731.0,0.0,False,5,1946,1,1,1,6,0,0,1,0,0,0,0,784.0,0,2,1,0,0,0,0,1
0,21.0,0,942.0,0.0,0.0,0.0,7.0,False,3,1947,1,1,1,5,1,0,1,0,0,0,0,949.0,0,2,1,0,0,0,0,1
0,51.0,0,0.0,0.0,0.0,101.0,1357.0,False,6,1950,1,1,1,5,1,0,1,0,0,0,0,1458.0,0,0,1,0,0,0,0,1
0,23.0,0,382.0,0.0,398.0,8.0,0.0,False,3,1952,1,1,1,4,0,1,0,0,0,0,0,788.0,0,2,1,0,0,0,0,1
0,58.0,0,0.0,0.0,0.0,0.0,717.0,False,6,1953,1,1,1,5,0,0,1,0,0,0,0,717.0,0,2,1,0,0,0,0,1
0,37.0,0,2765.0,0.0,1134.0,0.0,0.0,False,5,1956,1,0,2,3,1,1,0,0,0,0,0,3899.0,0,0,0,0,1,0,0,1
0,44.0,0,708.0,0.0,5.0,0.0,74.0,True,5,1956,2,0,2,3,1,1,0,0,0,0,0,787.0,0,2,0,0,1,0,1,0
1,25.0,0,0.0,0.0,0.0,0.0,0.0,False,3,1957,1,1,1,6,1,0,1,0,0,0,0,0.0,1,3,1,0,0,0,0,1
1,15.0,0,0.0,0.0,0.0,0.0,0.0,True,2,1959,1,0,3,2,0,1,0,0,0,0,0,0.0,1,3,0,1,0,0,0,1
0,40.0,0,0.0,382.0,0.0,1.0,3822.0,False,5,1959,2,0,3,2,0,1,0,0,0,0,0,4205.0,0,0,0,1,0,0,0,1
0,29.0,0,0.0,433.0,4899.0,393.0,260.0,True,4,1959,3,0,3,2,0,1,0,0,0,0,0,5985.0,0,0,0,1,0,1,0,0
1,36.0,0,0.0,0.0,0.0,0.0,0.0,True,5,1960,1,0,2,4,0,1,0,0,0,0,0,0.0,1,3,1,0,0,0,0,1
0,21.0,0,0.0,0.0,677.0,4.0,0.0,True,3,1960,2,0,2,4,0,1,0,0,0,0,0,681.0,0,1,1,0,0,0,1,0
0,35.0,0,302.0,6.0,0.0,6.0,613.0,True,5,1961,1,1,1,6,0,0,1,0,0,0,0,927.0,0,2,1,0,0,0,0,1
0,24.0,0,3.0,361.0,94.0,824.0,160.0,False,3,1962,1,0,3,5,0,0,1,0,0,0,0,1442.0,0,0,1,0,0,0,0,1
0,2.0,0,0.0,0.0,0.0,0.0,0.0,False,0,1962,2,0,3,6,0,0,1,0,0,0,0,0.0,1,3,1,0,0,1,0,0
1,0.0,0,1.5,0.0,0.0,0.0,0.0,True,0,1962,3,0,3,6,0,0,1,0,0,0,0,0.0,1,3,1,0,0,0,0,1
0,43.0,0,0.0,0.0,0.0,1200.0,17.0,False,5,1963,1,1,1,5,0,0,1,0,0,0,0,1217.0,0,2,1,0,0,0,0,1
0,63.0,0,0.0,869.0,1.0,375.0,3377.0,False,6,1964,1,1,1,2,1,1,0,0,0,0,0,4622.0,0,0,0,1,0,0,0,1
1,30.0,0,0.0,0.0,0.0,0.0,0.0,True,4,1967,1,1,1,6,0,0,1,0,0,0,0,0.0,1,3,1,0,0,0,0,1
1,38.0,0,0.0,0.0,0.0,0.0,0.0,True,5,1968,1,1,1,6,0,0,1,0,0,0,0,0.0,1,3,1,0,0,0,1,0
0,27.0,0,0.0,21066.0,0.0,2448.0,2293.0,True,4,1969,1,1,1,2,1,1,0,0,0,0,0,25807.0,0,0,0,1,0,1,0,0
0,54.0,0,3.0,0.0,56.0,633.0,0.0,False,6,1971,1,1,1,5,1,0,1,0,0,0,0,692.0,0,1,1,0,0,0,1,0
1,39.0,0,0.0,0.0,0.0,0.0,0.0,True,5,1973,1,1,1,0,1,1,0,0,0,0,0,0.0,1,3,0,1,0,1,0,0
0,41.0,0,3702.0,0.0,1.0,0.0,18.0,False,5,1974,1,1,1,3,0,1,0,0,0,0,0,3721.0,0,0,0,0,1,0,0,1
0,22.0,0,0.0,0.0,0.0,10.0,761.0,False,3,1975,1,1,1,6,1,0,1,0,0,0,0,771.0,0,2,1,0,0,0,0,1
0,23.0,0,0.0,8037.0,0.0,1.0,2.0,True,3,1976,1,0,7,1,1,1,0,0,0,0,0,8040.0,0,0,0,1,0,1,0,0
0,34.0,0,15.0,3578.0,0.0,0.0,473.0,True,5,1976,2,0,7,1,1,1,0,0,0,0,0,4066.0,0,0,0,1,0,0,0,1
1,26.0,1,0.0,0.0,0.0,0.0,0.0,True,4,1976,3,0,7,1,1,1,0,0,0,0,0,0.0,1,3,0,1,0,1,0,0
0,39.0,0,1.0,2972.0,0.0,3175.0,1.0,False,5,1976,4,0,7,1,1,1,0,0,0,0,0,6149.0,0,0,0,1,0,0,0,1
1,15.0,0,0.0,0.0,0.0,0.0,0.0,True,2,1976,5,0,7,1,1,1,0,0,0,0,0,0.0,1,3,0,1,0,1,0,0
1,64.0,0,0.0,0.0,0.0,0.0,0.0,True,6,1976,6,0,7,1,1,1,0,0,0,0,0,0.0,1,3,0,1,0,0,0,1
1,25.0,0,0.0,0.0,0.0,0.0,0.0,True,3,1976,7,0,7,1,1,1,0,0,0,0,0,0.0,1,3,0,1,0,0,0,1
1,35.0,0,0.0,0.0,0.0,0.0,0.0,True,5,1977,1,1,1,5,0,0,1,0,0,0,0,0.0,1,3,0,0,1,0,0,1
1,19.0,0,0.0,0.0,0.0,0.0,0.0,True,3,1978,1,1,1,6,1,0,1,0,0,0,0,0.0,1,3,1,0,0,0,0,1
0,26.0,0,401.0,0.0,693.0,62.0,0.0,False,4,1979,1,1,1,5,1,0,1,0,0,0,0,1156.0,0,2,1,0,0,0,0,1
1,3.0,0,0.0,0.0,0.0,0.0,0.0,True,0,1980,1,0,3,6,1,0,1,0,0,0,0,0.0,1,3,1,0,0,0,0,1
0,29.0,0,1434.0,5.0,0.0,0.0,0.0,False,4,1980,2,0,3,6,1,0,1,0,0,0,0,1439.0,0,2,1,0,0,0,0,1
1,44.0,0,0.0,0.0,0.0,0.0,0.0,True,5,1980,3,0,3,6,1,0,1,0,0,0,0,0.0,1,3,1,0,0,0,0,1
0,27.0,0,196.0,602.0,0.0,0.0,198.0,False,4,1981,1,1,1,4,0,1,0,0,0,0,0,996.0,0,2,1,0,0,0,0,1
0,17.0,0,414.0,0.0,139.0,28.0,173.0,False,2,1983,1,1,1,6,0,0,1,0,0,0,0,754.0,0,2,1,0,0,0,1,0
0,37.0,0,0.0,3166.0,0.0,91.0,6.0,True,5,1984,1,1,1,5,1,0,1,0,0,0,0,3263.0,0,0,0,1,0,1,0,0
1,19.0,0,0.0,0.0,0.0,0.0,0.0,True,3,1985,1,1,1,5,0,0,1,0,0,0,0,0.0,1,3,0,0,1,1,0,0
1,44.0,0,0.0,0.0,0.0,0.0,0.0,False,5,1988,1,1,1,6,0,0,1,0,0,0,0,0.0,1,3,1,0,0,0,0,1
0,22.0,0,0.0,0.0,30.0,499.0,138.0,False,3,1991,1,0,2,5,1,0,1,0,0,0,0,667.0,0,1,1,0,0,1,0,0
0,22.0,0,213.0,85.0,352.0,12.0,1.0,True,3,1991,2,0,2,4,1,1,0,0,0,0,0,663.0,0,1,1,0,0,0,0,1
1,21.0,0,0.0,0.0,0.0,0.0,0.0,True,3,1992,1,1,1,5,1,0,1,0,0,0,0,0.0,1,3,0,0,1,0,0,1
0,31.0,0,1062.0,0.0,802.0,71.0,0.0,False,4,1993,1,1,1,5,1,0,1,0,0,0,0,1935.0,0,0,1,0,0,0,0,1
0,17.0,0,0.0,0.0,249.0,537.0,5.0,True,2,1994,1,1,1,4,0,1,0,0,0,0,0,791.0,0,2,1,0,0,0,0,1
0,30.0,0,231.0,0.0,0.0,274.0,26.0,False,4,1995,1,1,1,6,1,0,1,0,0,0,0,531.0,0,1,1,0,0,0,1,0
0,15.0,0,12.0,25.0,197.0,631.0,0.0,False,2,1996,1,1,1,5,1,0,1,0,0,0,0,865.0,0,2,1,0,0,0,0,1
0,42.0,0,37.0,1670.0,0.0,0.0,0.0,True,5,1997,1,1,1,6,1,0,1,0,0,0,0,1707.0,0,0,1,0,0,0,0,1
0,55.0,0,373.0,1.0,1.0,496.0,0.0,False,6,1999,1,1,1,5,1,0,1,0,0,0,0,871.0,0,2,1,0,0,0,0,1
0,28.0,0,5.0,2676.0,13.0,0.0,157.0,True,4,2000,1,1,1,2,1,1,0,0,0,0,0,2851.0,0,0,0,1,0,1,0,0
0,33.0,0,673.0,194.0,548.0,59.0,40.0,False,5,2001,1,1,1,5,0,0,1,0,0,0,0,1514.0,0,0,1,0,0,0,0,1
0,19.0,0,3.0,6.0,20.0,60.0,719.0,False,3,2003,1,1,1,6,0,0,1,0,0,0,0,808.0,0,2,1,0,0,0,0,1
0,24.0,0,0.0,856.0,0.0,0.0,5.0,False,3,2006,1,0,3,5,1,0,1,0,0,0,0,861.0,0,2,1,0,0,0,0,1
0,4.0,0,0.0,0.0,0.0,0.0,0.0,False,0,2006,2,0,3,6,1,0,1,0,0,0,0,0.0,1,3,1,0,0,0,0,1
1,2.0,0,0.0,0.0,0.0,0.0,0.0,False,0,2006,3,0,3,6,1,0,1,0,0,0,0,0.0,1,3,1,0,0,0,0,1
0,30.0,0,0.0,5734.0,0.0,5.0,1.0,True,4,2007,1,1,1,0,1,1,0,0,0,0,0,5740.0,0,0,0,1,0,1,0,0
0,31.0,0,0.0,0.0,0.0,0.0,0.0,False,4,2009,1,0,3,1,0,1,0,0,0,0,0,0.0,1,3,0,1,0,0,0,1
1,17.0,0,0.0,0.0,0.0,0.0,0.0,True,2,2009,2,0,3,1,0,1,0,0,0,0,0,0.0,1,3,0,1,0,0,0,1
1,40.0,0,0.0,0.0,0.0,0.0,0.0,True,5,2009,3,0,3,1,0,1,0,0,0,0,0,0.0,1,3,0,1,0,1,0,0
1,33.0,0,0.0,0.0,0.0,0.0,0.0,True,5,2010,1,1,1,6,0,0,1,0,0,0,0,0.0,1,3,1,0,0,0,1,0
1,46.0,0,0.0,0.0,0.0,0.0,0.0,False,5,2011,1,1,1,6,1,0,1,0,0,0,0,0.0,1,3,1,0,0,0,1,0
0,30.0,1,1250.0,865.0,0.0,3725.0,5416.0,False,4,2012,1,1,1,1,0,1,0,0,0,0,0,11256.0,0,0,0,1,0,1,0,0
0,17.0,0,0.0,0.0,0.0,0.0,804.0,False,2,2013,1,1,1,5,0,0,1,0,0,0,0,804.0,0,2,1,0,0,0,0,1
0,19.0,0,1139.0,18.0,0.0,0.0,671.0,True,3,2015,1,1,1,5,1,0,1,0,0,0,0,1828.0,0,0,1,0,0,0,0,1
0,22.0,0,0.0,5183.0,0.0,1080.0,2.0,True,3,2019,1,0,2,1,1,1,0,0,0,0,0,6265.0,0,0,0,1,0,1,0,0
0,20.0,0,0.0,162.0,0.0,148.0,7619.0,False,3,2019,2,0,2,1,1,1,0,0,0,0,0,7929.0,0,0,0,1,0,1,0,0
0,36.0,0,0.0,809.0,0.0,86.0,0.0,False,5,2022,1,1,1,5,1,0,1,0,0,0,0,895.0,0,2,1,0,0,0,1,0
0,0.0,0,0.0,0.0,0.0,0.0,0.0,True,0,2024,1,0,2,6,1,0,1,0,0,0,0,0.0,1,3,1,0,0,0,0,1
0,17.0,0,44.0,1535.0,10.0,51.0,0.0,True,2,2024,2,0,2,4,1,1,0,0,0,0,0,1640.0,0,0,1,0,0,1,0,0
1,17.5,0,0.0,0.0,0.0,0.0,0.0,True,2,2026,1,0,3,6,1,0,1,0,0,0,0,0.0,1,3,1,0,0,0,0,1
1,15.0,0,0.0,0.0,0.0,0.0,0.0,True,2,2026,2,0,3,6,1,0,1,0,0,0,0,0.0,1,3,1,0,0,0,1,0
0,20.0,0,0.0,4.0,429.0,0.0,287.0,False,3,2026,3,0,3,6,1,0,1,0,0,0,0,720.0,0,2,1,0,0,0,0,1
0,19.0,0,30.0,1.0,1051.0,0.0,6.0,True,3,2027,1,1,1,5,0,0,1,0,0,0,0,1088.0,0,2,1,0,0,1,0,0
0,24.0,0,662.0,0.0,0.0,0.0,9.0,False,3,2028,1,1,1,5,1,0,1,0,0,0,0,671.0,0,1,1,0,0,0,1,0
0,43.0,0,0.0,6.0,730.0,1.0,0.0,False,5,2029,1,1,1,5,0,0,1,0,0,0,0,737.0,0,2,1,0,0,1,0,0
1,26.0,0,0.0,0.0,0.0,0.0,0.0,True,4,2032,1,1,1,5,0,0,1,0,0,0,0,0.0,1,3,0,0,1,0,0,1
0,42.0,0,399.0,75.0,38.0,771.0,0.0,False,5,2034,1,1,1,5,1,0,1,0,0,0,0,1283.0,0,2,1,0,0,0,0,1
0,21.0,0,6.0,133.0,503.0,0.0,2.0,False,3,2038,1,1,1,5,0,0,1,0,0,0,0,644.0,0,1,1,0,0,0,0,1
1,50.0,0,0.0,0.0,0.0,0.0,0.0,True,5,2040,1,0,2,1,1,1,0,0,0,0,0,0.0,1,3,0,1,0,0,0,1
1,25.0,0,0.0,0.0,0.0,0.0,0.0,True,3,2040,2,0,2,1,1,1,0,0,0,0,0,0.0,1,3,0,1,0,0,0,1
1,64.0,0,0.0,0.0,0.0,0.0,0.0,True,6,2041,1,1,1,6,0,0,1,0,0,0,0,0.0,1,3,1,0,0,0,0,1
0,50.0,0,0.0,0.0,0.0,785.0,19.0,False,5,2042,1,1,1,5,1,0,1,0,0,0,0,804.0,0,2,1,0,0,0,0,1
1,24.0,0,0.0,0.0,0.0,0.0,0.0,True,3,2043,1,1,1,5,1,0,1,0,0,0,0,0.0,1,3,0,0,1,0,0,1
0,27.0,0,0.0,0.0,634.0,1.0,23.0,True,4,2044,1,1,1,5,1,0,1,0,0,0,0,658.0,0,1,1,0,0,0,0,1
1,42.0,0,0.0,0.0,0.0,0.0,0.0,True,5,2045,1,1,1,6,1,0,1,0,0,0,0,0.0,1,3,1,0,0,1,0,0
1,30.0,0,0.0,0.0,0.0,0.0,0.0,False,4,2046,1,1,1,6,0,0,1,0,0,0,0,0.0,1,3,1,0,0,1,0,0
0,20.0,0,2.0,0.0,694.0,0.0,22.0,True,3,2051,1,1,1,4,0,1,0,0,0,0,0,718.0,0,2,1,0,0,0,0,1
0,31.0,0,162.0,1211.0,4.0,0.0,1.0,True,4,2052,1,1,1,4,1,1,0,0,0,0,0,1378.0,0,2,0,0,1,0,0,1
0,26.0,0,281.0,741.0,13.0,0.0,4724.0,False,4,2053,1,1,1,2,0,1,0,0,0,0,0,5759.0,0,0,0,1,0,1,0,0
0,39.0,0,0.0,0.0,0.0,1528.0,1119.0,False,5,2054,1,1,1,2,0,1,0,0,0,0,0,2647.0,0,0,0,1,0,1,0,0
0,11.0,0,0.0,0.0,0.0,0.0,0.0,False,1,2055,1,0,6,6,0,0,1,0,0,0,0,0.0,1,3,1,0,0,0,0,1
0,32.0,0,0.0,58.0,0.0,0.0,642.0,True,4,2055,2,0,6,6,0,0,1,0,0,0,0,700.0,0,1,1,0,0,0,1,0
1,25.0,0,0.0,0.0,0.0,0.0,0.0,True,3,2055,3,0,6,6,0,0,1,0,0,0,0,0.0,1,3,1,0,0,0,0,1
0,6.0,0,0.0,0.0,0.0,0.0,0.0,True,1,2055,4,0,6,6,0,0,1,0,0,0,0,0.0,1,3,1,0,0,0,0,1
1,3.0,0,0.0,0.0,0.0,0.0,0.0,True,0,2055,5,0,6,6,0,0,1,0,0,0,0,0.0,1,3,1,0,0,0,0,1
1,11.0,0,0.0,0.0,0.0,0.0,0.0,False,1,2055,6,0,6,6,0,0,1,0,0,0,0,0.0,1,3,1,0,0,0,0,1
1,52.0,0,0.0,0.0,0.0,0.0,0.0,False,6,2056,1,0,4,6,0,0,1,0,0,0,0,0.0,1,3,1,0,0,0,0,1
0,14.0,0,16.0,0.0,0.0,712.0,149.0,False,2,2056,2,0,4,5,0,0,1,0,0,0,0,877.0,0,2,1,0,0,0,0,1
0,68.0,0,0.0,286.0,0.0,1739.0,13.0,False,6,2056,3,0,4,5,0,0,1,0,0,0,0,2038.0,0,0,1,0,0,0,0,1
1,18.0,0,0.0,0.0,0.0,0.0,0.0,True,2,2056,4,0,4,6,0,0,1,0,0,0,0,0.0,1,3,1,0,0,0,1,0
0,55.0,0,2.0,0.0,0.0,0.0,907.0,True,6,2059,1,1,1,6,0,0,1,0,0,0,0,909.0,0,2,1,0,0,0,0,1
0,22.0,0,1430.0,0.0,0.0,0.0,423.0,False,3,2060,1,1,1,6,1,0,1,0,0,0,0,1853.0,0,0,1,0,0,1,0,0
0,34.0,0,0.0,5063.0,0.0,56.0,327.0,True,5,2061,1,1,1,3,0,1,0,0,0,0,0,5446.0,0,0,0,1,0,0,0,1
0,17.0,0,583.0,0.0,753.0,0.0,0.0,False,2,2062,1,1,1,5,1,0,1,0,0,0,0,1336.0,0,2,0,0,1,0,0,1
1,38.0,0,0.0,0.0,0.0,0.0,0.0,False,5,2063,1,1,1,6,1,0,1,0,0,0,0,0.0,1,3,1,0,0,0,1,0
0,13.0,0,12.0,0.0,0.0,0.0,1963.0,False,2,2065,1,1,1,5,0,0,1,0,0,0,0,1975.0,0,0,1,0,0,0,0,1
1,19.0,0,0.0,0.0,0.0,0.0,0.0,True,3,2066,1,1,1,6,1,0,1,0,0,0,0,0.0,1,3,1,0,0,0,0,1
1,30.0,0,0.0,0.0,0.0,0.0,0.0,True,4,2067,1,0,2,2,0,1,0,0,0,0,0,0.0,1,3,0,1,0,0,0,1
0,27.0,1,0.0,0.0,72.0,668.0,2713.0,False,4,2067,2,0,2,2,0,1,0,0,0,0,0,3453.0,0,0,0,1,0,0,0,1
0,17.0,0,0.0,1.0,533.0,326.0,0.0,True,2,2070,1,1,1,4,0,1,0,0,0,0,0,860.0,0,2,1,0,0,0,0,1
0,45.0,0,0.0,3559.0,0.0,3615.0,163.0,False,5,2071,1,0,2,2,1,1,0,0,0,0,0,7337.0,0,0,0,1,0,1,0,0
0,28.0,0,167.0,2406.0,71.0,283.0,650.0,True,4,2071,2,0,2,2,1,1,0,0,0,0,0,3577.0,0,0,0,1,0,1,0,0
0,23.0,0,177.0,0.0,7.0,0.0,448.0,False,3,2073,1,1,1,5,1,0,1,0,0,0,0,632.0,0,1,1,0,0,0,0,1
0,24.0,0,1289.0,3343.0,0.0,4996.0,729.0,False,3,2074,1,0,2,3,1,1,0,0,0,0,0,10357.0,0,0,0,1,0,0,0,1
0,23.0,0,9.0,4081.0,0.0,0.0,16.0,True,3,2074,2,0,2,3,1,1,0,0,0,0,0,4106.0,0,0,0,1,0,0,0,1
0,29.0,0,270.0,0.0,0.0,25.0,343.0,False,4,2075,1,1,1,5,1,0,1,0,0,0,0,638.0,0,1,1,0,0,1,0,0
0,46.0,0,430.0,0.0,340.0,52.0,61.0,False,5,2080,1,1,1,6,0,0,1,0,0,0,0,883.0,0,2,1,0,0,0,0,1
0,17.0,0,8.0,911.0,0.0,0.0,0.0,True,2,2081,1,1,1,5,0,0,1,0,0,0,0,919.0,0,2,1,0,0,0,1,0
0,20.0,0,0.0,0.0,4.0,35.0,769.0,False,3,2082,1,1,1,6,0,0,1,0,0,0,0,808.0,0,2,1,0,0,0,0,1
0,24.0,0,121.0,20.0,0.0,68.0,506.0,False,3,2083,1,1,1,5,1,0,1,0,0,0,0,715.0,0,1,1,0,0,0,0,1
0,40.0,0,19.0,10.0,1.0,4759.0,6007.0,False,5,2084,1,0,2,0,0,1,0,0,0,0,0,10796.0,0,0,0,1,0,0,0,1
1,40.0,0,0.0,0.0,0.0,0.0,0.0,True,5,2084,2,0,2,0,0,1,0,0,0,0,0,0.0,1,3,0,1,0,0,0,1
0,38.0,0,0.0,590.0,2640.0,6202.0,99.0,False,5,2085,1,1,1,2,0,1,0,0,0,0,0,9531.0,0,0,0,1,0,0,0,1
0,65.0,0,51.0,4451.0,0.0,20.0,397.0,True,6,2086,1,0,2,0,1,1,0,0,0,0,0,4919.0,0,0,0,1,0,0,0,1
0,19.0,0,0.0,1342.0,0.0,152.0,556.0,True,3,2086,2,0,2,0,1,1,0,0,0,0,0,2050.0,0,0,0,1,0,0,0,1
0,54.0,0,0.0,0.0,872.0,0.0,1.0,True,6,2087,1,1,1,5,1,0,1,0,0,0,0,873.0,0,2,1,0,0,0,0,1
0,38.0,0,0.0,717.0,0.0,0.0,0.0,False,5,2088,1,0,2,5,1,0,1,0,0,0,0,717.0,0,2,1,0,0,1,0,0
0,40.0,0,51.0,0.0,1.0,368.0,509.0,True,5,2088,2,0,2,6,1,0,1,0,0,0,0,929.0,0,2,1,0,0,0,0,1
0,21.0,0,0.0,2.0,133.0,0.0,549.0,False,3,2089,1,1,1,5,0,0,1,0,0,0,0,684.0,0,1,1,0,0,0,1,0
0,22.0,0,8.0,0.0,801.0,0.0,12.0,True,3,2090,1,1,1,5,0,0,1,0,0,0,0,821.0,0,2,1,0,0,0,0,1
0,33.0,0,356.0,0.0,0.0,245.0,0.0,False,5,2091,1,1,1,5,0,0,1,0,0,0,0,601.0,0,1,1,0,0,0,0,1
0,18.0,0,29.0,0.0,2315.0,0.0,1.0,True,2,2092,1,0,5,3,1,1,0,0,0,0,0,2345.0,0,0,0,0,1,0,0,1
0,43.0,0,546.0,0.0,41.0,710.0,0.0,False,5,2092,2,0,5,4,1,1,0,0,0,0,0,1297.0,0,2,0,0,1,0,0,1
0,13.0,0,6726.0,0.0,1605.0,1266.0,0.0,False,2,2092,3,0,5,5,1,0,1,0,0,0,0,9597.0,0,0,0,0,1,0,0,1
0,26.0,0,1751.0,0.0,0.0,0.0,0.0,False,4,2092,4,0,5,5,1,0,1,0,0,0,0,1751.0,0,0,0,0,1,0,0,1
0,22.0,0,2300.0,0.0,22.0,256.0,0.0,False,3,2092,5,0,5,3,1,1,0,0,0,0,0,2578.0,0,0,0,0,1,0,0,1
1,21.0,0,0.0,0.0,0.0,0.0,0.0,True,3,2094,1,1,1,5,0,0,1,0,0,0,0,0.0,1,3,0,0,1,0,0,1
0,25.0,0,0.0,11.0,0.0,13.0,1344.0,False,3,2095,1,1,1,5,1,0,1,0,0,0,0,1368.0,0,2,1,0,0,0,1,0
0,29.0,0,216.0,10.0,611.0,594.0,0.0,False,4,2096,1,0,2,5,1,0,1,0,0,0,0,1431.0,0,2,0,0,1,0,0,1
0,49.0,0,1624.0,0.0,68.0,594.0,0.0,False,5,2096,2,0,2,5,1,0,1,0,0,0,0,1692.0,0,0,0,0,1,0,0,1
1,29.0,0,0.0,0.0,0.0,0.0,0.0,True,4,2097,1,1,1,1,1,1,0,0,0,0,0,0.0,1,3,0,1,0,1,0,0
0,45.0,0,10.0,1095.0,1474.0,0.0,0.0,True,5,2099,1,1,1,3,1,1,0,0,0,0,0,2579.0,0,0,0,0,1,0,0,1
0,45.0,0,0.0,0.0,734.0,3.0,5.0,True,5,2100,1,1,1,5,1,0,1,0,0,0,0,742.0,0,2,1,0,0,0,1,0
0,30.0,0,63.0,9314.0,249.0,2624.0,4538.0,False,4,2102,1,1,1,2,1,1,0,0,0,0,0,16788.0,0,0,0,1,0,0,0,1
0,29.0,0,776.0,0.0,4.0,0.0,23.0,False,4,2104,1,0,2,5,1,0,1,0,0,0,0,803.0,0,2,1,0,0,0,0,1
0,26.0,0,0.0,0.0,0.0,0.0,0.0,False,4,2104,2,0,2,5,1,0,1,0,0,0,0,0.0,1,3,1,0,0,0,0,1
1,16.0,0,0.0,0.0,0.0,0.0,0.0,False,2,2105,1,1,1,6,1,0,1,0,0,0,0,0.0,1,3,1,0,0,1,0,0
0,20.0,0,1.0,0.0,0.0,4926.0,1.0,False,3,2106,1,1,1,6,1,0,1,0,0,0,0,4928.0,0,0,1,0,0,1,0,0
0,33.0,0,235.0,2.0,1.0,650.0,0.0,False,5,2107,1,1,1,6,0,0,1,0,0,0,0,888.0,0,2,1,0,0,0,0,1
1,18.0,0,0.0,0.0,0.0,0.0,0.0,False,2,2110,1,1,1,6,0,0,1,0,0,0,0,0.0,1,3,1,0,0,0,0,1
0,24.0,0,600.0,593.0,1404.0,0.0,1.0,False,3,2111,1,1,1,5,0,0,1,0,0,0,0,2598.0,0,0,0,0,1,0,0,1
0,29.0,0,860.0,305.0,18.0,1415.0,0.0,False,4,2112,1,1,1,5,0,0,1,0,0,0,0,2598.0,0,0,0,0,1,0,0,1
1,40.0,0,0.0,0.0,0.0,0.0,0.0,True,5,2114,1,1,1,1,1,1,0,0,0,0,0,0.0,1,3,0,1,0,1,0,0
1,27.0,0,0.0,0.0,0.0,0.0,0.0,True,4,2115,1,1,1,3,1,1,0,0,0,0,0,0.0,1,3,0,1,0,0,0,1
1,35.0,0,0.0,0.0,0.0,0.0,0.0,False,5,2116,1,1,1,6,1,0,1,0,0,0,0,0.0,1,3,1,0,0,0,0,1
0,31.0,0,0.0,8718.0,0.0,13036.0,267.0,False,4,2117,1,1,1,5,1,0,1,0,0,0,0,22021.0,0,0,0,1,0,0,0,1
1,26.0,0,0.0,0.0,0.0,0.0,0.0,False,4,2118,1,1,1,6,0,0,1,0,0,0,0,0.0,1,3,1,0,0,0,1,0
0,49.0,0,0.0,0.0,1058.0,0.0,0.0,True,5,2120,1,1,1,3,1,1,0,0,0,0,0,1058.0,0,2,0,0,1,0,0,1
1,23.0,0,0.0,0.0,0.0,0.0,0.0,False,3,2121,1,1,1,6,0,0,1,0,0,0,0,0.0,1,3,1,0,0,0,0,1
1,23.0,0,0.0,0.0,0.0,0.0,0.0,False,3,2123,1,0,2,6,0,0,1,0,0,0,0,0.0,1,3,1,0,0,0,1,0
1,14.0,0,0.0,0.0,0.0,0.0,0.0,True,2,2123,2,0,2,6,0,0,1,0,0,0,0,0.0,1,3,1,0,0,0,1,0
0,21.0,0,770.0,0.0,0.0,40.0,0.0,False,3,2124,1,1,1,6,1,0,1,0,0,0,0,810.0,0,2,1,0,0,1,0,0
0,18.0,0,0.0,1.0,0.0,80.0,826.0,False,2,2125,1,1,1,6,0,0,1,0,0,0,0,907.0,0,2,1,0,0,0,0,1
0,27.0,0,717.0,0.0,0.0,0.0,0.0,False,5,2126,1,1,1,5,1,0,1,0,0,0,0,717.0,0,2,1,0,0,0,0,1
0,19.0,0,721.0,62.0,7.0,0.0,0.0,True,3,2127,1,1,1,5,0,0,1,0,0,0,0,790.0,0,2,1,0,0,0,0,1
0,22.0,0,624.0,0.0,0.0,0.0,185.0,False,3,2128,1,1,1,6,0,0,1,0,0,0,0,809.0,0,2,1,0,0,0,0,1
0,17.0,0,736.0,0.0,2.0,20.0,0.0,False,2,2129,1,1,1,5,0,0,1,0,0,0,0,758.0,0,2,1,0,0,0,0,1
0,13.0,0,0.0,2.0,480.0,10.0,176.0,False,2,2130,1,1,1,5,0,0,1,0,0,0,0,668.0,0,1,1,0,0,0,1,0
0,26.0,0,0.0,0.0,0.0,91.0,900.0,False,4,2131,1,1,1,4,0,1,0,0,0,0,0,991.0,0,2,1,0,0,0,0,1
0,16.0,0,1054.0,0.0,43.0,85.0,0.0,False,2,2133,1,0,2,3,1,1,0,0,0,0,0,1182.0,0,2,0,0,1,0,0,1
1,16.0,0,0.0,0.0,0.0,0.0,0.0,True,2,2133,2,0,2,5,1,0,1,0,0,0,0,0.0,1,3,0,0,1,0,0,1
0,20.0,0,1146.0,0.0,0.0,0.0,3.0,False,3,2134,1,1,1,5,0,0,1,0,0,0,0,1149.0,0,2,0,0,1,0,0,1
0,20.0,0,75.0,0.0,0.0,1545.0,0.0,False,3,2135,1,0,2,4,0,1,0,0,0,0,0,1620.0,0,0,1,0,0,0,0,1
0,23.0,0,426.0,0.0,362.0,0.0,0.0,False,3,2135,2,0,2,4,0,1,0,0,0,0,0,788.0,0,2,1,0,0,0,0,1
0,61.0,0,2.0,0.0,17.0,868.0,28.0,False,6,2136,1,1,1,6,1,0,1,0,0,0,0,915.0,0,2,1,0,0,0,0,1
1,27.0,0,0.0,0.0,0.0,0.0,0.0,True,4,2137,1,0,3,5,0,0,1,0,0,0,0,0.0,1,3,0,0,1,0,0,1
0,3.0,0,0.0,0.0,0.0,0.0,0.0,True,0,2137,2,0,3,5,0,0,1,0,0,0,0,0.0,1,3,0,0,1,1,0,0
0,4.0,0,0.0,0.0,0.0,0.0,0.0,True,0,2137,3,0,3,5,0,0,1,0,0,0,0,0.0,1,3,0,0,1,1,0,0
1,13.0,0,0.0,0.0,0.0,0.0,0.0,True,2,2138,1,1,1,6,1,0,1,0,0,0,0,0.0,1,3,1,0,0,1,0,0
1,19.0,0,0.0,0.0,0.0,0.0,0.0,True,3,2139,1,1,1,5,1,0,1,0,0,0,0,0.0,1,3,0,0,1,0,0,1
0,18.0,0,0.0,0.0,698.0,0.0,0.0,True,2,2140,1,1,1,5,0,0,1,0,0,0,0,698.0,0,1,1,0,0,0,0,1
0,66.0,0,0.0,0.0,1610.0,0.0,0.0,True,6,2141,1,1,1,4,0,1,0,0,0,0,0,1610.0,0,0,1,0,0,1,0,0
1,39.0,0,0.0,0.0,0.0,0.0,0.0,True,5,2142,1,1,1,5,1,0,1,0,0,0,0,0.0,1,3,0,0,1,0,0,1
0,21.0,0,0.0,1433.0,0.0,1234.0,0.0,False,3,2143,1,0,2,5,1,0,1,0,0,0,0,2667.0,0,0,1,0,0,0,0,1
1,7.0,0,0.0,0.0,0.0,0.0,0.0,False,1,2143,2,0,2,6,1,0,1,0,0,0,0,0.0,1,3,1,0,0,0,0,1
1,56.0,0,0.0,0.0,0.0,0.0,0.0,False,6,2144,1,1,1,5,1,0,1,0,0,0,0,0.0,1,3,1,0,0,0,0,1
0,15.0,0,0.0,951.0,128.0,0.0,0.0,False,2,2145,1,1,1,5,0,0,1,0,0,0,0,1079.0,0,2,1,0,0,0,0,1
0,27.0,0,1146.0,0.0,47.0,0.0,105.0,True,5,2147,1,1,1,4,1,1,0,0,0,0,0,1298.0,0,2,0,0,1,0,0,1
0,13.0,0,579.0,226.0,61.0,1.0,7.0,False,2,2148,1,1,1,5,1,0,1,0,0,0,0,874.0,0,2,1,0,0,0,0,1
1,18.0,0,0.0,0.0,0.0,0.0,0.0,True,2,2149,1,1,1,1,1,1,0,0,0,0,0,0.0,1,3,0,1,0,0,0,1
1,38.0,0,0.0,0.0,0.0,0.0,0.0,False,5,2150,1,1,1,6,0,0,1,0,0,0,0,0.0,1,3,1,0,0,0,1,0
0,45.0,0,2138.0,0.0,0.0,659.0,0.0,False,5,2152,1,1,1,5,0,0,1,0,0,0,0,2797.0,0,0,1,0,0,0,0,1
1,21.0,0,0.0,0.0,0.0,0.0,0.0,False,3,2153,1,1,1,6,0,0,1,0,0,0,0,0.0,1,3,1,0,0,0,0,1
0,19.0,0,78.0,0.0,0.0,550.0,0.0,False,3,2154,1,1,1,6,0,0,1,0,0,0,0,628.0,0,1,1,0,0,0,0,1
0,49.0,0,651.0,25.0,0.0,849.0,2.0,False,5,2156,1,1,1,5,1,0,1,0,0,0,0,1527.0,0,0,1,0,0,0,0,1
0,21.0,0,0.0,820.0,0.0,45.0,0.0,True,3,2158,1,1,1,5,1,0,1,0,0,0,0,865.0,0,2,1,0,0,0,0,1
0,18.0,0,0.0,402.0,2027.0,0.0,0.0,True,2,2159,1,1,1,5,1,0,1,0,0,0,0,2429.0,0,0,1,0,0,0,0,1
1,43.0,0,0.0,0.0,0.0,0.0,0.0,True,5,2161,1,1,1,5,0,0,1,0,0,0,0,0.0,1,3,0,0,1,0,0,1
1,27.0,0,0.0,0.0,0.0,0.0,0.0,True,4,2162,1,0,2,5,1,0,1,0,0,0,0,0.0,1,3,0,0,1,0,1,0
0,0.0,0,0.0,0.0,0.0,0.0,0.0,True,0,2162,2,0,2,5,1,0,1,0,0,0,0,0.0,1,3,0,0,1,0,0,1
0,27.0,0,0.0,0.0,6.0,745.0,22.0,False,4,2163,1,1,1,6,0,0,1,0,0,0,0,773.0,0,2,1,0,0,0,0,1
1,21.0,0,0.0,0.0,0.0,0.0,0.0,True,3,2164,1,1,1,1,0,1,0,0,0,0,0,0.0,1,3,0,1,0,0,0,1
0,20.0,0,38.0,220.0,495.0,0.0,0.0,False,3,2167,1,1,1,5,0,0,1,0,0,0,0,753.0,0,2,1,0,0,0,1,0
1,35.0,0,0.0,0.0,0.0,0.0,0.0,True,5,2168,1,0,2,5,1,0,1,0,0,0,0,0.0,1,3,0,0,1,0,0,1
0,20.0,0,212.0,0.0,991.0,0.0,13.0,False,3,2168,2,0,2,5,1,0,1,0,0,0,0,1216.0,0,2,0,0,1,0,0,1
0,24.0,0,388.0,0.0,7.0,409.0,0.0,False,3,2171,1,0,2,5,0,0,1,0,0,0,0,804.0,0,2,1,0,0,0,0,1
0,41.0,0,2.0,0.0,551.0,5577.0,68.0,False,5,2171,2,0,2,6,0,0,1,0,0,0,0,6198.0,0,0,1,0,0,0,0,1
0,23.0,0,0.0,774.0,0.0,0.0,0.0,True,3,2172,1,1,1,6,1,0,1,0,0,0,0,774.0,0,2,1,0,0,0,1,0
1,27.0,0,0.0,0.0,0.0,0.0,0.0,True,4,2173,1,1,1,6,0,0,1,0,0,0,0,0.0,1,3,1,0,0,0,1,0
1,58.0,0,0.0,0.0,0.0,0.0,0.0,True,6,2175,1,1,1,6,1,0,1,0,0,0,0,0.0,1,3,1,0,0,1,0,0
1,53.0,0,0.0,0.0,0.0,0.0,0.0,True,6,2177,1,1,1,5,0,0,1,0,0,0,0,0.0,1,3,0,0,1,0,0,1
0,30.0,0,437.0,3585.0,0.0,4488.0,281.0,False,4,2179,1,1,1,2,1,1,0,0,0,0,0,8791.0,0,0,0,1,0,0,0,1
0,24.0,0,1.0,0.0,0.0,318.0,247.0,False,3,2180,1,1,1,5,1,0,1,0,0,0,0,566.0,0,1,1,0,0,1,0,0
0,31.0,0,46.0,1935.0,0.0,995.0,1254.0,False,4,2182,1,1,1,1,0,1,0,0,0,0,0,4230.0,0,0,0,1,0,0,0,1
0,46.0,0,607.0,0.0,41.0,334.0,251.0,False,5,2183,1,0,2,5,1,0,1,0,0,0,0,1233.0,0,2,0,0,1,0,1,0
0,20.0,0,938.0,59.0,31.0,12.0,0.0,False,3,2183,2,0,2,5,1,0,1,0,0,0,0,1040.0,0,2,0,0,1,0,0,1
1,20.0,0,0.0,0.0,0.0,0.0,0.0,False,3,2186,1,1,1,6,1,0,1,0,0,0,0,0.0,1,3,1,0,0,0,0,1
0,30.0,0,0.0,236.0,0.0,1149.0,0.0,False,4,2187,1,1,1,5,0,0,1,0,0,0,0,1385.0,0,2,1,0,0,0,0,1
0,24.0,0,0.0,421.0,0.0,207.0,63.0,False,3,2188,1,1,1,5,0,0,1,0,0,0,0,691.0,0,1,1,0,0,1,0,0
0,34.0,0,0.0,0.0,0.0,628.0,0.0,False,5,2189,1,1,1,6,0,0,1,0,0,0,0,628.0,0,1,1,0,0,0,0,1
0,20.0,0,1750.0,0.0,446.0,0.0,76.0,False,3,2190,1,1,1,5,1,0,1,0,0,0,0,2272.0,0,0,1,0,0,0,0,1
1,48.0,0,0.0,0.0,0.0,0.0,0.0,True,5,2191,1,1,1,5,1,0,1,0,0,0,0,0.0,1,3,0,0,1,0,0,1
0,25.0,0,0.0,0.0,619.0,0.0,70.0,False,3,2193,1,1,1,5,0,0,1,0,0,0,0,689.0,0,1,1,0,0,0,1,0
1,43.0,0,0.0,0.0,0.0,0.0,0.0,False,5,2194,1,1,1,6,1,0,1,0,0,0,0,0.0,1,3,1,0,0,0,0,1
0,27.0,0,0.0,280.0,119.0,646.0,5.0,True,4,2195,1,1,1,5,0,0,1,0,0,0,0,1050.0,0,2,1,0,0,0,0,1
0,47.0,0,0.0,32.0,0.0,4027.0,1440.0,False,5,2196,1,0,4,1,0,1,0,0,0,0,0,5499.0,0,0,0,1,0,0,0,1
0,26.0,0,26.0,4587.0,0.0,102.0,0.0,True,4,2196,2,0,4,1,0,1,0,0,0,0,0,4715.0,0,0,0,1,0,1,0,0
1,37.0,0,0.0,0.0,0.0,0.0,0.0,True,5,2196,3,0,4,1,0,1,0,0,0,0,0,0.0,1,3,0,1,0,0,0,1
0,42.0,0,0.0,1180.0,0.0,2677.0,283.0,False,5,2196,4,0,4,1,0,1,0,0,0,0,0,4140.0,0,0,0,1,0,1,0,0
0,61.0,0,0.0,654.0,902.0,0.0,68.0,True,6,2198,1,1,1,4,1,1,0,0,0,0,0,1624.0,0,0,1,0,0,1,0,0
0,29.0,0,1443.0,1108.0,47.0,0.0,0.0,False,4,2200,1,1,1,5,0,0,1,0,0,0,0,2598.0,0,0,0,0,1,0,0,1
0,32.0,0,0.0,1968.0,13.0,1051.0,0.0,True,4,2201,1,1,1,3,1,1,0,0,0,0,0,3032.0,0,0,0,1,0,1,0,0
0,51.0,0,1671.0,0.0,17.0,0.0,0.0,False,6,2202,1,1,1,5,0,0,1,0,0,0,0,1688.0,0,0,0,0,1,0,0,1
0,43.0,0,2019.0,0.0,560.0,0.0,0.0,False,5,2203,1,1,1,3,1,1,0,0,0,0,0,2579.0,0,0,0,0,1,0,0,1
1,25.0,0,0.0,0.0,0.0,0.0,0.0,True,3,2204,1,1,1,1,1,1,0,0,0,0,0,0.0,1,3,0,1,0,1,0,0
0,31.0,0,0.0,0.0,187.0,602.0,0.0,False,4,2205,1,1,1,4,1,1,0,0,0,0,0,789.0,0,2,1,0,0,0,0,1
0,13.0,0,0.0,14.0,857.0,0.0,72.0,False,2,2206,1,1,1,5,1,0,1,0,0,0,0,943.0,0,2,1,0,0,0,1,0
0,20.0,0,546.0,0.0,228.0,0.0,0.0,False,3,2207,1,1,1,6,1,0,1,0,0,0,0,774.0,0,2,1,0,0,0,0,1
0,29.0,0,1356.0,20.0,0.0,13.0,0.0,False,4,2209,1,1,1,5,1,0,1,0,0,0,0,1389.0,0,2,1,0,0,0,0,1
1,16.0,0,0.0,0.0,0.0,0.0,0.0,False,2,2210,1,1,1,6,1,0,1,0,0,0,0,0.0,1,3,1,0,0,0,0,1
0,15.0,0,0.0,2347.0,0.0,380.0,0.0,True,2,2211,1,1,1,5,1,0,1,0,0,0,0,2727.0,0,0,1,0,0,0,0,1
0,50.0,0,0.0,5.0,0.0,2170.0,0.0,False,5,2212,1,1,1,5,0,0,1,0,0,0,0,2175.0,0,0,1,0,0,0,0,1
0,41.0,1,0.0,29813.0,0.0,1257.0,6.0,True,5,2215,1,0,4,0,1,1,0,0,0,0,0,31076.0,0,0,0,1,0,1,0,0
0,43.0,0,2.0,2229.0,33.0,6.0,198.0,True,5,2215,2,0,4,0,1,1,0,0,0,0,0,2468.0,0,0,0,1,0,0,0,1
1,32.0,0,0.0,0.0,0.0,0.0,0.0,True,4,2215,3,0,4,0,1,1,0,0,0,0,0,0.0,1,3,0,1,0,0,0,1
0,36.0,0,0.0,3206.0,0.0,698.0,72.0,False,5,2215,4,0,4,0,1,1,0,0,0,0,0,3976.0,0,0,0,1,0,0,0,1
1,18.0,0,0.0,0.0,0.0,0.0,0.0,True,2,2219,1,1,1,5,1,0,1,0,0,0,0,0.0,1,3,1,0,0,1,0,0
0,47.0,0,0.0,0.0,880.0,0.0,2.0,True,5,2220,1,1,1,6,1,0,1,0,0,0,0,882.0,0,2,1,0,0,0,0,1
1,29.0,0,0.0,0.0,0.0,0.0,0.0,True,4,2221,1,1,1,6,0,0,1,0,0,0,0,0.0,1,3,1,0,0,0,1,0
0,27.0,0,0.0,86.0,0.0,252.0,570.0,False,5,2223,1,1,1,6,1,0,1,0,0,0,0,908.0,0,2,1,0,0,0,0,1
0,14.0,0,0.0,600.0,0.0,204.0,0.0,True,2,2224,1,1,1,5,1,0,1,0,0,0,0,804.0,0,2,1,0,0,0,0,1
1,25.0,0,0.0,0.0,0.0,0.0,0.0,False,3,2225,1,1,1,6,0,0,1,0,0,0,0,0.0,1,3,1,0,0,0,1,0
0,63.0,0,1172.0,0.0,1.0,0.0,0.0,False,6,2228,1,1,1,4,1,1,0,0,0,0,0,1173.0,0,2,0,0,1,0,0,1
0,22.0,0,48.0,329.0,182.0,26.0,154.0,False,3,2229,1,1,1,5,1,0,1,0,0,0,0,739.0,0,2,1,0,0,0,0,1
0,32.0,0,2.0,416.0,26.0,510.0,0.0,False,4,2231,1,1,1,4,1,1,0,0,0,0,0,954.0,0,2,0,0,1,0,0,1
0,31.0,0,0.0,14.0,671.0,1.0,3.0,False,4,2232,1,0,2,5,1,0,1,0,0,0,0,689.0,0,1,1,0,0,1,0,0
0,24.0,0,0.0,1220.0,0.0,140.0,0.0,False,3,2232,2,0,2,5,1,0,1,0,0,0,0,1360.0,0,2,1,0,0,0,0,1
0,39.0,0,9.0,18.0,0.0,2.0,878.0,False,5,2233,1,1,1,6,0,0,1,0,0,0,0,907.0,0,2,1,0,0,0,0,1
1,20.0,0,0.0,0.0,0.0,0.0,0.0,True,3,2234,1,0,7,5,0,0,1,0,0,0,0,0.0,1,3,0,0,1,1,0,0
1,20.0,0,0.0,0.0,0.0,0.0,0.0,True,3,2234,2,0,7,5,0,0,1,0,0,0,0,0.0,1,3,0,0,1,1,0,0
0,19.0,0,0.0,0.0,0.0,0.0,0.0,False,3,2234,3,0,7,4,0,1,0,0,0,0,0,0.0,1,3,0,0,1,0,0,1
0,20.0,0,552.0,8.0,1348.0,5.0,0.0,False,3,2234,4,0,7,4,0,1,0,0,0,0,0,1913.0,0,0,0,0,1,1,0,0
0,31.0,0,21.0,0.0,1031.0,0.0,0.0,False,4,2234,5,0,7,3,0,1,0,0,0,0,0,1052.0,0,2,0,0,1,0,0,1
1,17.0,0,0.0,0.0,0.0,0.0,0.0,True,2,2234,6,0,7,5,0,0,1,0,0,0,0,0.0,1,3,0,0,1,1,0,0
0,24.0,0,2538.0,0.0,61.0,0.0,0.0,False,3,2234,7,0,7,5,0,0,1,0,0,0,0,2599.0,0,0,0,0,1,0,0,1
0,27.0,0,203.0,539.0,0.0,0.0,0.0,False,4,2235,1,1,1,5,0,0,1,0,0,0,0,742.0,0,2,1,0,0,0,0,1
0,28.0,0,0.0,162.0,741.0,3733.0,99.0,True,4,2237,1,0,2,2,1,1,0,0,0,0,0,4735.0,0,0,0,1,0,1,0,0
1,41.0,0,0.0,0.0,0.0,0.0,0.0,True,5,2237,2,0,2,2,1,1,0,0,0,0,0,0.0,1,3,0,1,0,0,0,1
1,25.0,0,0.0,0.0,0.0,0.0,0.0,True,3,2238,1,1,1,0,1,1,0,0,0,0,0,0.0,1,3,0,1,0,1,0,0
0,26.0,0,93.0,0.0,469.0,0.0,0.0,True,4,2239,1,1,1,5,1,0,1,0,0,0,0,562.0,0,1,1,0,0,0,1,0
0,27.0,0,485.0,1109.0,921.0,0.0,1.0,False,4,2241,1,1,1,5,0,0,1,0,0,0,0,2516.0,0,0,1,0,0,0,0,1
0,22.0,0,38.0,483.0,80.0,47.0,121.0,True,3,2243,1,1,1,6,0,0,1,0,0,0,0,769.0,0,2,1,0,0,0,0,1
0,62.0,0,320.0,1179.0,756.0,4996.0,85.0,False,6,2251,1,0,2,0,1,1,0,0,0,0,0,7336.0,0,0,0,1,0,1,0,0
0,58.0,0,2.0,1.0,14.0,2.0,1153.0,False,6,2251,2,0,2,0,1,1,0,0,0,0,0,1172.0,0,2,0,1,0,0,0,1
0,37.0,0,0.0,1368.0,0.0,0.0,960.0,False,5,2252,1,1,1,6,0,0,1,0,0,0,0,2328.0,0,0,1,0,0,0,0,1
0,54.0,0,701.0,32.0,171.0,8.0,0.0,False,6,2253,1,1,1,6,1,0,1,0,0,0,0,912.0,0,2,1,0,0,0,0,1
0,26.0,0,0.0,10.0,0.0,702.0,1.0,False,4,2254,1,1,1,5,0,0,1,0,0,0,0,713.0,0,1,1,0,0,0,0,1
1,44.0,0,0.0,0.0,0.0,0.0,0.0,True,5,2255,1,0,2,2,0,1,0,0,0,0,0,0.0,1,3,0,1,0,1,0,0
1,34.0,0,0.0,0.0,0.0,0.0,0.0,True,5,2255,2,0,2,2,0,1,0,0,0,0,0,0.0,1,3,0,1,0,0,0,1
1,47.0,0,0.0,0.0,0.0,0.0,0.0,True,5,2256,1,1,1,6,1,0,1,0,0,0,0,0.0,1,3,1,0,0,0,0,1
0,27.0,1,0.0,3341.0,0.0,80.0,654.0,True,4,2257,1,0,2,2,0,1,0,0,0,0,0,4075.0,0,0,0,1,0,0,0,1
1,22.0,0,0.0,0.0,0.0,0.0,0.0,True,3,2257,2,0,2,1,0,1,0,0,0,0,0,0.0,1,3,0,1,0,1,0,0
1,46.0,0,0.0,0.0,0.0,0.0,0.0,True,5,2258,1,1,1,6,0,0,1,0,0,0,0,0.0,1,3,1,0,0,0,0,1
0,29.0,0,0.0,0.0,885.0,0.0,0.0,True,4,2261,1,1,1,5,1,0,1,0,0,0,0,885.0,0,2,1,0,0,0,0,1
0,43.0,0,485.0,4.0,136.0,48.0,0.0,False,5,2262,1,1,1,6,0,0,1,0,0,0,0,673.0,0,1,1,0,0,1,0,0
0,42.0,0,0.0,0.0,32.0,772.0,0.0,False,5,2263,1,1,1,5,0,0,1,0,0,0,0,804.0,0,2,1,0,0,0,0,1
0,39.0,0,0.0,0.0,13.0,0.0,868.0,True,5,2264,1,1,1,5,1,0,1,0,0,0,0,881.0,0,2,1,0,0,0,0,1
0,30.0,0,616.0,0.0,185.0,210.0,475.0,False,4,2266,1,1,1,5,0,0,1,0,0,0,0,1486.0,0,0,0,0,1,0,0,1
0,43.0,0,2318.0,0.0,647.0,81.0,0.0,True,5,2267,1,1,1,4,1,1,0,0,0,0,0,3046.0,0,0,0,0,1,0,0,1
1,19.0,0,0.0,0.0,0.0,0.0,0.0,False,3,2268,1,1,1,6,0,0,1,0,0,0,0,0.0,1,3,1,0,0,0,0,1
1,26.0,0,0.0,0.0,0.0,0.0,0.0,True,4,2269,1,1,1,5,0,0,1,0,0,0,0,0.0,1,3,0,0,1,0,0,1
0,46.0,0,171.0,0.0,1257.0,5.0,0.0,True,5,2270,1,1,1,5,0,0,1,0,0,0,0,1433.0,0,2,0,0,1,0,0,1
0,3.0,0,0.0,0.0,0.0,0.0,0.0,True,0,2272,1,0,3,6,0,0,1,0,0,0,0,0.0,1,3,1,0,0,0,0,1
1,21.0,0,0.0,0.0,0.0,0.0,0.0,True,3,2272,2,0,3,5,1,0,1,0,0,0,0,0.0,1,3,1,0,0,1,0,0
0,1.0,0,0.0,0.0,0.0,0.0,0.0,True,0,2272,3,0,3,6,0,0,1,0,0,0,0,0.0,1,3,1,0,0,0,0,1
0,22.0,0,0.0,0.0,0.0,10.0,778.0,False,3,2273,1,1,1,4,1,1,0,0,0,0,0,788.0,0,2,1,0,0,0,0,1
1,27.0,0,0.0,0.0,0.0,0.0,0.0,True,4,2274,1,0,2,2,0,1,0,0,0,0,0,0.0,1,3,0,1,0,1,0,0
1,28.0,0,0.0,0.0,0.0,0.0,0.0,True,4,2274,2,0,2,2,0,1,0,0,0,0,0,0.0,1,3,0,1,0,1,0,0
0,36.0,0,241.0,0.0,670.0,0.0,0.0,False,5,2275,1,1,1,5,0,0,1,0,0,0,0,911.0,0,2,0,0,1,0,1,0
0,19.0,0,26.0,313.0,470.0,0.0,0.0,False,3,2277,1,1,1,6,1,0,1,0,0,0,0,809.0,0,2,1,0,0,0,0,1
1,18.0,0,0.0,0.0,0.0,0.0,0.0,True,2,2278,1,1,1,2,0,1,0,0,0,0,0,0.0,1,3,0,1,0,1,0,0
0,47.0,0,0.0,140.0,0.0,85.0,3970.0,False,5,2279,1,1,1,1,1,1,0,0,0,0,0,4195.0,0,0,0,1,0,1,0,0
0,18.0,0,20.0,1064.0,0.0,0.0,11643.0,False,2,2280,1,1,1,1,1,1,0,0,0,0,0,12727.0,0,0,0,1,0,0,0,1
0,6.0,0,0.0,0.0,0.0,0.0,0.0,True,1,2281,1,1,1,4,0,1,0,0,0,0,0,0.0,1,3,1,0,0,0,0,1
0,20.0,0,0.0,544.0,1.0,0.0,378.0,False,3,2282,1,1,1,5,0,0,1,0,0,0,0,923.0,0,2,1,0,0,0,0,1
0,18.0,0,262.0,302.0,1127.0,4225.0,0.0,False,2,2284,1,1,1,5,0,0,1,0,0,0,0,5916.0,0,0,0,0,1,0,0,1
0,37.0,0,0.0,1.0,0.0,219.0,0.0,False,5,2287,1,1,1,5,0,0,1,0,0,0,0,220.0,0,1,1,0,0,0,0,1
0,22.0,0,12.0,746.0,802.0,58.0,0.0,False,3,2288,1,1,1,4,1,1,0,0,0,0,0,1618.0,0,0,1,0,0,0,0,1
0,37.0,0,20.0,0.0,2559.0,20.0,0.0,True,5,2289,1,1,1,5,0,0,1,0,0,0,0,2599.0,0,0,0,0,1,0,0,1
0,6.0,0,0.0,0.0,0.0,4.0,0.0,False,1,2291,1,0,3,6,1,0,1,0,0,0,0,0.0,1,3,1,0,0,1,0,0
0,36.0,0,3.0,0.0,435.0,8.0,277.0,False,5,2291,2,0,3,6,1,0,1,0,0,0,0,723.0,0,2,1,0,0,0,0,1
0,46.0,0,426.0,37.0,0.0,0.0,568.0,False,5,2291,3,0,3,5,1,0,1,0,0,0,0,1031.0,0,2,1,0,0,1,0,0
0,75.0,0,0.0,0.0,1224.0,360.0,1769.0,False,6,2295,1,0,2,5,0,0,1,0,0,0,0,2993.0,0,0,1,0,0,0,0,1
0,37.0,0,0.0,8.0,70.0,360.0,258.0,False,5,2295,2,0,2,5,0,0,1,0,0,0,0,696.0,0,1,1,0,0,0,0,1
1,22.0,0,0.0,0.0,0.0,0.0,0.0,True,3,2296,1,1,1,6,0,0,1,0,0,0,0,0.0,1,3,1,0,0,0,0,1
0,33.0,0,270.0,412.0,1.0,0.0,5.0,False,5,2298,1,1,1,5,0,0,1,0,0,0,0,688.0,0,1,1,0,0,0,1,0
0,35.0,0,174.0,0.0,381.0,0.0,62.0,False,5,2299,1,1,1,5,1,0,1,0,0,0,0,617.0,0,1,0,0,1,0,0,1
0,19.0,0,0.0,22.0,0.0,0.0,8195.0,False,3,2300,1,0,2,2,0,1,0,0,0,0,0,8195.0,0,0,0,1,0,1,0,0
0,34.0,0,0.0,22.0,0.0,3028.0,3768.0,False,5,2300,2,0,2,2,0,1,0,0,0,0,0,6818.0,0,0,0,1,0,1,0,0
0,23.0,0,1010.0,0.0,33.0,10.0,0.0,True,3,2301,1,0,3,5,1,0,1,0,0,0,0,1053.0,0,2,1,0,0,0,0,1
0,37.0,0,1508.0,0.0,0.0,1.0,0.0,False,5,2301,2,0,3,6,1,0,1,0,0,0,0,1509.0,0,0,1,0,0,1,0,0
0,24.0,0,1367.0,0.0,1.0,0.0,0.0,False,3,2301,3,0,3,5,1,0,1,0,0,0,0,1368.0,0,2,1,0,0,1,0,0
0,54.0,1,0.0,3381.0,0.0,4463.0,34.0,False,6,2302,1,1,1,0,0,1,0,0,0,0,0,7878.0,0,0,0,1,0,0,0,1
0,52.0,0,1377.0,0.0,32.0,22.0,0.0,True,6,2303,1,1,1,5,0,0,1,0,0,0,0,1431.0,0,2,0,0,1,1,0,0
1,60.0,0,0.0,0.0,0.0,0.0,0.0,False,6,2305,1,1,1,6,1,0,1,0,0,0,0,0.0,1,3,1,0,0,0,0,1
0,1.0,0,0.0,0.0,0.0,0.0,0.0,True,0,2306,1,0,6,2,0,1,0,0,0,0,0,0.0,1,3,0,1,0,0,0,1
0,27.0,0,0.0,0.0,0.0,0.0,0.0,True,5,2306,2,0,6,2,0,1,0,0,0,0,0,0.0,1,3,0,1,0,0,0,1
0,22.0,0,0.0,297.0,3.0,676.0,2924.0,False,3,2306,3,0,6,2,0,1,0,0,0,0,0,3900.0,0,0,0,1,0,0,0,1
0,27.0,0,0.0,12077.0,0.0,75.0,0.0,True,4,2306,4,0,6,2,0,1,0,0,0,0,0,12152.0,0,0,0,1,0,1,0,0
1,48.0,0,0.0,0.0,0.0,0.0,0.0,True,5,2306,5,0,6,2,0,1,0,0,0,0,0,0.0,1,3,0,1,0,1,0,0
0,47.0,0,1320.0,428.0,4.0,24.0,0.0,False,5,2306,6,0,6,2,0,1,0,0,0,0,0,1776.0,0,0,0,1,0,1,0,0
1,25.0,0,0.0,0.0,0.0,0.0,0.0,True,3,2308,1,0,4,3,1,1,0,0,0,0,0,0.0,1,3,0,1,0,0,0,1
0,49.0,0,9.0,2426.0,95.0,1249.0,168.0,False,5,2308,2,0,4,3,1,1,0,0,0,0,0,3947.0,0,0,0,1,0,1,0,0
0,33.0,0,0.0,2012.0,1.0,9124.0,4.0,False,5,2308,3,0,4,3,1,1,0,0,0,0,0,11141.0,0,0,0,1,0,0,0,1
0,67.0,0,0.0,4715.0,0.0,599.0,6.0,True,6,2308,4,0,4,3,1,1,0,0,0,0,0,5320.0,0,0,0,1,0,0,0,1
1,5.0,0,0.0,0.0,0.0,0.0,0.0,False,1,2309,1,1,1,6,0,0,1,0,0,0,0,0.0,1,3,1,0,0,0,1,0
1,60.0,0,0.0,0.0,0.0,0.0,0.0,True,6,2310,1,0,4,3,0,1,0,0,0,0,0,0.0,1,3,0,1,0,1,0,0
1,56.0,0,0.0,0.0,0.0,0.0,0.0,True,6,2310,2,0,4,3,0,1,0,0,0,0,0,0.0,1,3,0,1,0,0,0,1
0,59.0,0,0.0,2210.0,0.0,4085.0,11.0,False,6,2310,3,0,4,3,0,1,0,0,0,0,0,6306.0,0,0,0,1,0,0,0,1
1,44.0,0,0.0,0.0,0.0,0.0,0.0,True,5,2310,4,0,4,3,0,1,0,0,0,0,0,0.0,1,3,0,1,0,0,0,1
0,33.0,0,0.0,763.0,1.0,66.0,84.0,False,5,2311,1,1,1,6,0,0,1,0,0,0,0,914.0,0,2,1,0,0,0,0,1
1,28.0,0,0.0,0.0,0.0,0.0,0.0,False,4,2312,1,1,1,6,1,0,1,0,0,0,0,0.0,1,3,1,0,0,0,0,1
0,29.0,0,1365.0,0.0,791.0,210.0,0.0,False,4,2313,1,1,1,5,0,0,1,0,0,0,0,2366.0,0,0,0,0,1,0,0,1
1,13.0,0,0.0,0.0,0.0,0.0,0.0,False,2,2314,1,1,1,6,1,0,1,0,0,0,0,0.0,1,3,1,0,0,0,0,1
1,34.0,0,0.0,0.0,0.0,0.0,0.0,True,5,2315,1,1,1,1,0,1,0,0,0,0,0,0.0,1,3,0,1,0,1,0,0
1,45.0,0,0.0,0.0,0.0,0.0,0.0,True,5,2316,1,1,1,6,1,0,1,0,0,0,0,0.0,1,3,1,0,0,0,1,0
0,39.0,0,0.0,454.0,0.0,454.0,0.0,False,5,2317,1,1,1,6,1,0,1,0,0,0,0,908.0,0,2,1,0,0,0,0,1
0,18.0,0,128.0,37.0,626.0,0.0,5.0,False,2,2318,1,1,1,5,0,0,1,0,0,0,0,796.0,0,2,1,0,0,0,0,1
1,57.0,0,0.0,0.0,0.0,0.0,0.0,False,6,2319,1,1,1,6,0,0,1,0,0,0,0,0.0,1,3,1,0,0,0,1,0
0,27.0,0,0.0,760.0,0.0,21.0,23.0,False,5,2320,1,1,1,5,1,0,1,0,0,0,0,804.0,0,2,1,0,0,1,0,0
1,25.0,0,0.0,0.0,0.0,0.0,0.0,True,3,2321,1,1,1,6,1,0,1,0,0,0,0,0.0,1,3,1,0,0,0,1,0
1,22.0,0,0.0,0.0,0.0,0.0,0.0,False,3,2325,1,1,1,6,1,0,1,0,0,0,0,0.0,1,3,1,0,0,0,1,0
0,32.0,0,0.0,4106.0,388.0,892.0,2.0,True,4,2327,1,1,1,1,0,1,0,0,0,0,0,5388.0,0,0,0,1,0,0,0,1
1,29.0,0,0.0,0.0,0.0,0.0,0.0,True,4,2329,1,1,1,5,0,0,1,0,0,0,0,0.0,1,3,0,0,1,0,0,1
0,21.0,0,556.0,0.0,20.0,1589.0,0.0,False,3,2332,1,1,1,5,1,0,1,0,0,0,0,2165.0,0,0,1,0,0,0,0,1
0,16.0,0,0.0,0.0,0.0,0.0,0.0,False,2,2333,1,1,1,4,0,1,0,0,0,0,0,0.0,1,3,0,0,1,0,0,1
1,45.0,0,0.0,0.0,0.0,0.0,0.0,True,5,2336,1,0,2,0,1,1,0,0,0,0,0,0.0,1,3,0,1,0,1,0,0
0,44.0,1,1409.0,910.0,17.0,1452.0,3782.0,False,5,2336,2,0,2,0,1,1,0,0,0,0,0,7570.0,0,0,0,1,0,0,0,1
1,27.0,0,0.0,0.0,0.0,0.0,0.0,True,4,2338,1,0,2,6,0,0,1,0,0,0,0,0.0,1,3,1,0,0,1,0,0
0,26.0,0,14.0,0.0,0.0,857.0,0.0,False,4,2338,2,0,2,5,0,0,1,0,0,0,0,871.0,0,2,1,0,0,0,0,1
0,46.0,0,1290.0,0.0,57.0,0.0,0.0,False,5,2339,1,1,1,5,0,0,1,0,0,0,0,1347.0,0,2,0,0,1,0,0,1
0,24.0,0,0.0,0.0,648.0,0.0,0.0,False,3,2340,1,1,1,5,1,0,1,0,0,0,0,648.0,0,1,1,0,0,0,1,0
0,15.0,0,0.0,785.0,0.0,0.0,0.0,True,2,2341,1,1,1,5,1,0,1,0,0,0,0,785.0,0,2,1,0,0,0,0,1
1,53.0,0,0.0,0.0,0.0,0.0,0.0,False,6,2345,1,1,1,6,1,0,1,0,0,0,0,0.0,1,3,1,0,0,0,1,0
1,28.0,0,613.0,22.0,0.0,0.0,0.0,False,4,2347,1,0,7,5,0,0,1,0,0,0,0,635.0,0,1,1,0,0,1,0,0
1,11.0,0,0.0,0.0,0.0,0.0,0.0,True,1,2347,2,0,7,6,0,0,1,0,0,0,0,0.0,1,3,1,0,0,0,0,1
1,7.0,0,0.0,0.0,0.0,0.0,0.0,False,1,2347,3,0,7,6,0,0,1,0,0,0,0,0.0,1,3,1,0,0,0,0,1
1,0.0,0,0.0,0.0,0.0,0.0,0.0,True,0,2347,4,0,7,6,0,0,1,0,0,0,0,0.0,1,3,1,0,0,0,1,0
1,15.0,0,0.0,0.0,0.0,0.0,0.0,True,2,2347,5,0,7,6,0,0,1,0,0,0,0,0.0,1,3,1,0,0,1,0,0
0,31.0,0,1.0,0.0,2.0,605.0,0.0,False,4,2347,6,0,7,6,0,0,1,0,0,0,0,608.0,0,1,1,0,0,1,0,0
0,9.0,0,0.0,0.0,0.0,0.0,0.0,False,1,2347,7,0,7,6,0,0,1,0,0,0,0,0.0,1,3,1,0,0,0,0,1
0,44.0,1,0.0,1223.0,78.0,1418.0,1239.0,False,5,2348,1,1,1,3,1,1,0,0,0,0,0,3958.0,0,0,0,1,0,1,0,0
0,35.0,0,0.0,722.0,0.0,0.0,185.0,False,5,2349,1,1,1,6,1,0,1,0,0,0,0,907.0,0,2,1,0,0,0,0,1
0,30.0,0,27.0,5412.0,86.0,0.0,0.0,True,4,2353,1,0,2,6,1,0,1,0,0,0,0,5525.0,0,0,1,0,0,0,0,1
0,13.0,0,880.0,0.0,0.0,0.0,0.0,False,2,2353,2,0,2,5,1,0,1,0,0,0,0,880.0,0,2,1,0,0,1,0,0
0,45.0,1,773.0,82.0,0.0,6.0,0.0,False,5,2356,1,0,3,3,1,1,0,0,0,0,0,861.0,0,2,0,0,1,0,0,1
1,4.0,0,0.0,82.0,0.0,0.0,0.0,True,0,2356,2,0,3,3,1,1,0,0,0,0,0,0.0,1,3,0,0,1,0,0,1
1,21.0,0,0.0,82.0,0.0,0.0,0.0,True,3,2356,3,0,3,3,1,1,0,0,0,0,0,0.0,1,3,0,0,1,0,0,1
0,20.0,0,0.0,409.0,994.0,215.0,0.0,False,3,2357,1,1,1,4,0,1,0,0,0,0,0,1618.0,0,0,1,0,0,0,0,1
1,24.0,0,0.0,0.0,0.0,0.0,0.0,True,3,2360,1,1,1,6,0,0,1,0,0,0,0,0.0,1,3,1,0,0,0,0,1
1,3.0,0,0.0,0.0,0.0,0.0,0.0,False,0,2361,1,0,2,6,0,0,1,0,0,0,0,0.0,1,3,1,0,0,0,1,0
0,29.0,0,0.0,0.0,792.0,0.0,0.0,True,4,2361,2,0,2,5,0,0,1,0,0,0,0,792.0,0,2,1,0,0,0,1,0
0,28.0,0,2416.0,8926.0,41.0,1.0,462.0,True,4,2363,1,1,1,2,1,1,0,0,0,0,0,11846.0,0,0,0,1,0,0,0,1
0,44.0,0,0.0,4.0,6.0,864.0,33.0,True,5,2364,1,1,1,6,0,0,1,0,0,0,0,907.0,0,2,1,0,0,0,0,1
1,50.0,0,0.0,0.0,0.0,0.0,0.0,True,5,2365,1,1,1,3,0,1,0,0,0,0,0,0.0,1,3,0,1,0,0,0,1
1,35.0,0,0.0,0.0,0.0,0.0,0.0,False,5,2366,1,1,1,5,0,0,1,0,0,0,0,0.0,1,3,0,0,1,0,0,1
0,19.0,0,0.0,0.0,1.0,644.0,0.0,False,3,2367,1,1,1,5,0,0,1,0,0,0,0,645.0,0,1,1,0,0,0,0,1
0,22.0,0,579.0,0.0,267.0,0.0,108.0,False,3,2368,1,1,1,4,0,1,0,0,0,0,0,954.0,0,2,0,0,1,0,0,1
0,30.0,0,3.0,0.0,880.0,0.0,40.0,False,4,2369,1,1,1,5,0,0,1,0,0,0,0,923.0,0,2,1,0,0,0,0,1
0,36.0,0,0.0,4756.0,0.0,7818.0,96.0,False,5,2373,1,1,1,3,1,1,0,0,0,0,0,12670.0,0,0,0,1,0,0,0,1
0,20.0,0,464.0,0.0,1432.0,0.0,0.0,True,3,2374,1,1,1,4,1,1,0,0,0,0,0,1896.0,0,0,0,0,1,0,0,1
0,22.0,0,0.0,0.0,659.0,94.0,0.0,True,3,2375,1,1,1,6,0,0,1,0,0,0,0,753.0,0,2,1,0,0,1,0,0
0,22.0,0,0.0,30.0,0.0,0.0,673.0,False,3,2376,1,1,1,5,1,0,1,0,0,0,0,703.0,0,1,1,0,0,1,0,0
1,32.0,0,0.0,0.0,0.0,0.0,0.0,True,4,2377,1,1,1,2,0,1,0,0,0,0,0,0.0,1,3,0,1,0,0,1,0
0,35.0,0,194.0,0.0,678.0,0.0,0.0,False,5,2379,1,1,1,5,0,0,1,0,0,0,0,872.0,0,2,1,0,0,0,0,1
0,41.0,0,0.0,33.0,0.0,1324.0,0.0,False,5,2382,1,1,1,5,0,0,1,0,0,0,0,1357.0,0,2,1,0,0,1,0,0
1,57.0,0,0.0,0.0,0.0,0.0,0.0,False,6,2384,1,0,7,6,1,0,1,0,0,0,0,0.0,1,3,1,0,0,0,0,1
1,3.0,0,0.0,0.0,0.0,0.0,0.0,False,0,2384,2,0,7,6,1,0,1,0,0,0,0,0.0,1,3,1,0,0,0,1,0
0,11.0,0,0.0,0.0,0.0,0.0,0.0,True,1,2384,3,0,7,6,1,0,1,0,0,0,0,0.0,1,3,1,0,0,1,0,0
0,4.0,0,0.0,0.0,0.0,0.0,0.0,True,0,2384,4,0,7,6,1,0,1,0,0,0,0,0.0,1,3,1,0,0,0,0,1
1,17.0,0,0.0,0.0,0.0,0.0,0.0,False,2,2384,5,0,7,6,1,0,1,0,0,0,0,0.0,1,3,1,0,0,0,0,1
1,30.0,0,0.0,0.0,0.0,0.0,0.0,False,4,2384,6,0,7,6,1,0,1,0,0,0,0,0.0,1,3,1,0,0,0,0,1
1,11.0,0,0.0,0.0,0.0,0.0,0.0,True,1,2384,7,0,7,5,1,0,1,0,0,0,0,0.0,1,3,1,0,0,0,0,1
0,23.0,0,1773.0,0.0,78.0,0.0,3.0,False,3,2385,1,1,1,5,1,0,1,0,0,0,0,1854.0,0,0,0,0,1,0,0,1
0,58.0,0,0.0,400.0,0.0,690.0,490.0,True,6,2387,1,1,1,4,0,1,0,0,0,0,0,1580.0,0,0,1,0,0,0,0,1
0,22.0,0,0.0,46.0,0.0,676.0,0.0,False,3,2389,1,1,1,6,1,0,1,0,0,0,0,722.0,0,2,1,0,0,0,0,1
0,24.0,0,0.0,0.0,0.0,59.0,4120.0,False,3,2390,1,1,1,6,0,0,1,0,0,0,0,4179.0,0,0,1,0,0,0,0,1
0,20.0,0,768.0,19.0,0.0,1.0,0.0,False,3,2391,1,1,1,4,0,1,0,0,0,0,0,788.0,0,2,1,0,0,0,0,1
1,37.0,0,0.0,0.0,0.0,0.0,0.0,True,5,2392,1,1,1,6,0,0,1,0,0,0,0,0.0,1,3,1,0,0,0,0,1
0,49.0,0,712.0,1.0,0.0,0.0,0.0,False,5,2395,1,1,1,6,0,0,1,0,0,0,0,713.0,0,1,1,0,0,0,0,1
0,46.0,0,0.0,557.0,0.0,287.0,781.0,False,5,2396,1,0,2,4,1,1,0,0,0,0,0,1625.0,0,0,1,0,0,0,0,1
0,30.0,0,854.0,0.0,30.0,0.0,0.0,False,4,2396,2,0,2,6,1,0,1,0,0,0,0,884.0,0,2,1,0,0,0,0,1
0,36.0,0,0.0,810.0,0.0,0.0,0.0,False,5,2397,1,1,1,6,1,0,1,0,0,0,0,810.0,0,2,1,0,0,1,0,0
0,21.0,0,0.0,780.0,44.0,0.0,5.0,False,3,2398,1,1,1,5,0,0,1,0,0,0,0,829.0,0,2,1,0,0,0,0,1
0,25.0,1,854.0,0.0,319.0,0.0,0.0,False,3,2399,1,1,1,4,1,1,0,0,0,0,0,1173.0,0,2,0,0,1,0,0,1
1,42.0,0,0.0,0.0,0.0,0.0,0.0,True,5,2401,1,1,1,6,0,0,1,0,0,0,0,0.0,1,3,1,0,0,0,1,0
1,13.0,0,0.0,0.0,0.0,0.0,0.0,False,2,2402,1,1,1,6,0,0,1,0,0,0,0,0.0,1,3,1,0,0,0,0,1
0,25.0,0,7.0,0.0,0.0,877.0,0.0,False,3,2403,1,1,1,6,1,0,1,0,0,0,0,884.0,0,2,1,0,0,0,0,1
0,29.0,0,0.0,544.0,7.0,2650.0,1561.0,False,4,2404,1,0,4,2,1,1,0,0,0,0,0,4762.0,0,0,0,1,0,0,0,1
1,17.0,0,0.0,0.0,0.0,0.0,0.0,True,2,2404,2,0,4,2,1,1,0,0,0,0,0,0.0,1,3,0,1,0,0,0,1
0,36.0,0,828.0,5553.0,130.0,47.0,1171.0,True,5,2404,3,0,4,2,1,1,0,0,0,0,0,7729.0,0,0,0,1,0,1,0,0
1,44.0,0,0.0,0.0,0.0,0.0,0.0,True,5,2404,4,0,4,2,1,1,0,0,0,0,0,0.0,1,3,0,1,0,0,0,1
1,18.0,0,0.0,0.0,0.0,0.0,0.0,True,2,2406,1,1,1,5,1,0,1,0,0,0,0,0.0,1,3,0,0,1,0,0,1
0,22.0,0,292.0,395.0,0.0,0.0,3.0,False,3,2409,1,0,2,5,0,0,1,0,0,0,0,690.0,0,1,1,0,0,1,0,0
1,22.0,0,0.0,0.0,0.0,0.0,0.0,True,3,2409,2,0,2,6,0,0,1,0,0,0,0,0.0,1,3,1,0,0,0,0,1
1,43.0,0,0.0,0.0,0.0,0.0,0.0,True,5,2410,1,1,1,6,0,0,1,0,0,0,0,0.0,1,3,1,0,0,0,0,1
0,29.0,0,19.0,2115.0,17.0,0.0,0.0,True,4,2411,1,1,1,5,0,0,1,0,0,0,0,2151.0,0,0,1,0,0,0,0,1
1,24.0,0,0.0,0.0,0.0,0.0,0.0,True,3,2412,1,1,1,6,0,0,1,0,0,0,0,0.0,1,3,1,0,0,0,0,1
1,18.0,0,0.0,0.0,0.0,0.0,0.0,True,2,2413,1,1,1,6,1,0,1,0,0,0,0,0.0,1,3,1,0,0,0,1,0
0,42.0,0,0.0,1829.0,2.0,3133.0,2447.0,False,5,2414,1,1,1,7,0,1,0,0,0,0,0,7411.0,0,0,0,1,0,0,0,1
0,43.0,0,9.0,0.0,1079.0,0.0,729.0,False,5,2416,1,1,1,6,1,0,1,0,0,0,0,1817.0,0,0,1,0,0,0,0,1
0,32.0,0,11.0,31.0,0.0,836.0,9.0,False,4,2417,1,1,1,6,0,0,1,0,0,0,0,887.0,0,2,1,0,0,0,0,1
1,15.0,0,0.0,0.0,0.0,0.0,0.0,True,2,2419,1,1,1,6,0,0,1,0,0,0,0,0.0,1,3,1,0,0,0,0,1
0,22.0,0,0.0,0.0,0.0,0.0,0.0,True,3,2421,1,1,1,4,0,1,0,0,0,0,0,0.0,1,3,0,0,1,0,0,1
1,20.0,0,0.0,0.0,0.0,0.0,0.0,False,3,2423,1,1,1,6,0,0,1,0,0,0,0,0.0,1,3,1,0,0,0,0,1
0,34.0,0,34.0,223.0,1559.0,0.0,0.0,True,5,2424,1,1,1,6,1,0,1,0,0,0,0,1816.0,0,0,1,0,0,0,0,1
1,70.0,0,0.0,0.0,0.0,0.0,0.0,True,6,2426,1,0,2,5,1,0,1,0,0,0,0,0.0,1,3,0,0,1,0,0,1
1,18.0,0,0.0,0.0,0.0,0.0,0.0,True,2,2426,2,0,2,5,1,0,1,0,0,0,0,0.0,1,3,0,0,1,0,0,1
1,26.0,0,0.0,0.0,0.0,0.0,0.0,True,4,2427,1,1,1,1,1,1,0,0,0,0,0,0.0,1,3,0,1,0,0,0,1
0,17.0,0,112.0,56.0,332.0,0.0,606.0,False,2,2429,1,1,1,5,0,0,1,0,0,0,0,1106.0,0,2,1,0,0,0,0,1
0,13.0,0,0.0,2.0,0.0,566.0,208.0,False,2,2431,1,1,1,5,0,0,1,0,0,0,0,776.0,0,2,1,0,0,0,0,1
0,19.0,0,0.0,0.0,79.0,0.0,0.0,False,3,2432,1,1,1,5,0,0,1,0,0,0,0,79.0,0,1,1,0,0,0,0,1
1,32.0,0,0.0,0.0,0.0,0.0,0.0,True,4,2433,1,1,1,2,0,1,0,0,0,0,0,0.0,1,3,0,1,0,0,0,1
0,33.0,0,4.0,0.0,28.0,0.0,2757.0,False,5,2435,1,1,1,5,1,0,1,0,0,0,0,2789.0,0,0,1,0,0,0,0,1
0,21.0,0,759.0,0.0,0.0,0.0,40.0,False,3,2436,1,1,1,5,0,0,1,0,0,0,0,799.0,0,2,1,0,0,0,0,1
1,23.0,0,0.0,0.0,0.0,0.0,0.0,True,3,2438,1,1,1,5,0,0,1,0,0,0,0,0.0,1,3,0,0,1,0,0,1
0,24.0,0,227.0,537.0,13.0,0.0,0.0,True,3,2439,1,1,1,5,0,0,1,0,0,0,0,777.0,0,2,1,0,0,0,0,1
0,17.0,0,0.0,11.0,493.0,0.0,372.0,False,2,2441,1,1,1,5,1,0,1,0,0,0,0,876.0,0,2,1,0,0,1,0,0
1,34.0,0,0.0,0.0,0.0,0.0,0.0,True,5,2442,1,1,1,5,0,0,1,0,0,0,0,0.0,1,3,0,0,1,0,0,1
0,31.0,0,1458.0,421.0,76.0,0.0,0.0,False,4,2443,1,1,1,3,0,1,0,0,0,0,0,1955.0,0,0,1,0,0,0,0,1
0,43.0,0,6.0,236.0,3.0,448.0,54.0,False,5,2444,1,1,1,5,0,0,1,0,0,0,0,747.0,0,2,1,0,0,1,0,0
0,43.0,0,602.0,3.0,27.0,89.0,69.0,False,5,2445,1,1,1,4,1,1,0,0,0,0,0,790.0,0,2,1,0,0,0,0,1
0,33.0,0,0.0,0.0,661.0,0.0,94.0,True,5,2446,1,1,1,5,0,0,1,0,0,0,0,755.0,0,2,1,0,0,0,0,1
1,28.0,0,0.0,0.0,0.0,0.0,0.0,True,4,2449,1,0,3,5,0,0,1,0,0,0,0,0.0,1,3,0,0,1,0,0,1
1,27.0,0,0.0,0.0,0.0,0.0,0.0,False,4,2449,2,0,3,4,0,1,0,0,0,0,0,0.0,1,3,0,0,1,0,0,1
1,7.0,0,0.0,0.0,0.0,0.0,0.0,True,1,2449,3,0,3,5,0,0,1,0,0,0,0,0.0,1,3,0,0,1,0,0,1
1,16.0,0,0.0,0.0,0.0,0.0,0.0,False,2,2451,1,1,1,6,1,0,1,0,0,0,0,0.0,1,3,1,0,0,0,1,0
0,42.0,0,526.0,2.0,28.0,161.0,0.0,False,5,2452,1,1,1,5,1,0,1,0,0,0,0,717.0,0,2,1,0,0,1,0,0
1,27.0,0,0.0,0.0,0.0,0.0,0.0,True,4,2453,1,1,1,4,0,1,0,0,0,0,0,0.0,1,3,0,0,1,0,0,1
0,19.0,0,0.0,0.0,0.0,157.0,644.0,False,3,2454,1,1,1,5,0,0,1,0,0,0,0,801.0,0,2,1,0,0,0,0,1
0,42.0,0,554.0,0.0,1168.0,0.0,275.0,False,5,2455,1,1,1,5,1,0,1,0,0,0,0,1997.0,0,0,0,0,1,0,0,1
1,13.0,0,0.0,0.0,0.0,0.0,0.0,False,2,2456,1,1,1,6,0,0,1,0,0,0,0,0.0,1,3,1,0,0,0,1,0
1,16.0,0,0.0,0.0,0.0,0.0,0.0,True,2,2457,1,1,1,6,0,0,1,0,0,0,0,0.0,1,3,1,0,0,0,0,1
0,21.0,0,31.0,93.0,578.0,0.0,0.0,True,3,2458,1,1,1,5,0,0,1,0,0,0,0,702.0,0,1,1,0,0,0,0,1
1,28.0,0,0.0,0.0,0.0,0.0,0.0,True,4,2460,1,1,1,6,0,0,1,0,0,0,0,0.0,1,3,1,0,0,0,1,0
1,69.0,0,0.0,0.0,0.0,0.0,0.0,False,6,2461,1,1,1,6,1,0,1,0,0,0,0,0.0,1,3,1,0,0,0,0,1
1,15.0,0,0.0,0.0,0.0,0.0,0.0,False,2,2462,1,1,1,6,1,0,1,0,0,0,0,0.0,1,3,1,0,0,0,1,0
0,48.0,0,58.0,0.0,12.0,0.0,0.0,False,5,2463,1,1,1,4,1,1,0,0,0,0,0,70.0,0,1,1,0,0,0,0,1
0,42.0,0,0.0,1.0,61.0,897.0,0.0,False,5,2466,1,1,1,5,1,0,1,0,0,0,0,959.0,0,2,1,0,0,0,0,1
0,42.0,0,999.0,0.0,49.0,0.0,11.0,False,5,2467,1,1,1,3,1,1,0,0,0,0,0,1059.0,0,2,0,0,1,0,0,1
0,23.0,0,139.0,0.0,0.0,567.0,0.0,False,3,2470,1,0,2,6,1,0,1,0,0,0,0,706.0,0,1,1,0,0,0,0,1
0,26.0,0,0.0,0.0,0.0,543.0,0.0,False,4,2470,2,0,2,6,1,0,1,0,0,0,0,543.0,0,1,1,0,0,0,0,1
0,45.0,0,0.0,0.0,450.0,94.0,364.0,False,5,2471,1,1,1,6,0,0,1,0,0,0,0,908.0,0,2,1,0,0,0,0,1
0,30.0,0,756.0,4.0,30.0,0.0,0.0,False,4,2472,1,1,1,4,1,1,0,0,0,0,0,790.0,0,2,1,0,0,0,0,1
1,36.0,0,0.0,0.0,0.0,0.0,0.0,True,5,2474,1,1,1,5,1,0,1,0,0,0,0,0.0,1,3,0,0,1,0,0,1
0,27.0,0,0.0,27.0,0.0,3573.0,3643.0,False,5,2475,1,1,1,2,0,1,0,0,0,0,0,7243.0,0,0,0,1,0,0,0,1
0,35.0,0,0.0,0.0,1.0,0.0,1264.0,False,5,2476,1,1,1,5,0,0,1,0,0,0,0,1265.0,0,2,1,0,0,0,0,1
1,21.0,0,0.0,0.0,0.0,0.0,0.0,True,3,2477,1,0,2,2,0,1,0,0,0,0,0,0.0,1,3,0,1,0,0,0,1
1,50.0,0,0.0,0.0,0.0,0.0,0.0,True,5,2477,2,0,2,2,0,1,0,0,0,0,0,0.0,1,3,0,1,0,1,0,0
1,52.0,0,0.0,0.0,0.0,0.0,0.0,False,6,2478,1,1,1,6,0,0,1,0,0,0,0,0.0,1,3,1,0,0,0,0,1
1,21.0,0,0.0,0.0,0.0,0.0,0.0,False,3,2479,1,1,1,5,1,0,1,0,0,0,0,0.0,1,3,1,0,0,0,1,0
0,41.0,0,682.0,0.0,0.0,0.0,17.0,False,5,2480,1,1,1,5,1,0,1,0,0,0,0,699.0,0,1,1,0,0,1,0,0
0,35.0,0,2594.0,195.0,0.0,0.0,0.0,False,5,2483,1,1,1,5,1,0,1,0,0,0,0,2789.0,0,0,1,0,0,1,0,0
0,26.0,0,552.0,192.0,30.0,0.0,1.0,False,4,2486,1,0,2,5,0,0,1,0,0,0,0,775.0,0,2,1,0,0,0,0,1
0,17.0,0,584.0,738.0,54.0,0.0,621.0,False,2,2486,2,0,2,5,0,0,1,0,0,0,0,1997.0,0,0,1,0,0,0,0,1
0,69.0,0,4483.0,0.0,525.0,0.0,500.0,False,6,2488,1,1,1,3,1,1,0,0,0,0,0,5508.0,0,0,0,0,1,0,0,1
1,27.0,0,0.0,0.0,0.0,0.0,0.0,True,4,2489,1,1,1,1,0,1,0,0,0,0,0,0.0,1,3,0,1,0,0,0,1
0,25.0,0,2.0,2762.0,552.0,0.0,1391.0,False,3,2491,1,1,1,6,1,0,1,0,0,0,0,4707.0,0,0,1,0,0,0,1,0
1,27.0,0,0.0,0.0,0.0,0.0,0.0,True,4,2492,1,1,1,5,1,0,1,0,0,0,0,0.0,1,3,0,0,1,0,0,1
0,25.0,0,64.0,0.0,0.0,660.0,0.0,False,3,2496,1,1,1,5,1,0,1,0,0,0,0,724.0,0,2,1,0,0,0,0,1
0,36.0,0,0.0,0.0,0.0,33.0,619.0,False,5,2497,1,1,1,5,1,0,1,0,0,0,0,652.0,0,1,1,0,0,1,0,0
0,14.0,0,148.0,0.0,34.0,808.0,0.0,False,2,2498,1,1,1,4,1,1,0,0,0,0,0,990.0,0,2,1,0,0,0,0,1
1,27.0,0,0.0,0.0,0.0,0.0,0.0,True,4,2499,1,1,1,2,1,1,0,0,0,0,0,0.0,1,3,0,1,0,1,0,0
0,22.0,0,272.0,44.0,0.0,1064.0,418.0,False,3,2500,1,1,1,6,1,0,1,0,0,0,0,1798.0,0,0,1,0,0,0,0,1
0,24.0,0,873.0,12.0,1.0,0.0,3.0,False,3,2502,1,1,1,6,1,0,1,0,0,0,0,889.0,0,2,1,0,0,0,0,1
0,4.0,0,311.0,0.0,745.0,232.0,0.0,False,0,2503,1,0,2,5,0,0,1,0,0,0,0,1288.0,0,2,0,0,1,0,0,1
0,4.0,0,0.0,0.0,0.0,0.0,0.0,True,0,2503,2,0,2,5,0,0,1,0,0,0,0,0.0,1,3,0,0,1,0,0,1
0,19.0,0,0.0,13.0,291.0,481.0,2.0,False,3,2505,1,0,2,4,0,1,0,0,0,0,0,787.0,0,2,1,0,0,0,0,1
0,19.0,0,0.0,5.0,4.0,541.0,238.0,False,3,2505,2,0,2,4,0,1,0,0,0,0,0,788.0,0,2,1,0,0,0,0,1
0,38.0,0,0.0,2506.0,46.0,11001.0,5.0,False,5,2506,1,0,3,0,0,1,0,0,0,0,0,13558.0,0,0,0,1,0,1,0,0
1,39.0,0,0.0,0.0,0.0,0.0,0.0,True,5,2506,2,0,3,0,0,1,0,0,0,0,0,0.0,1,3,0,1,0,1,0,0
0,23.0,0,36.0,2467.0,0.0,381.0,803.0,False,3,2506,3,0,3,0,0,1,0,0,0,0,0,3687.0,0,0,0,1,0,1,0,0
1,57.0,0,0.0,0.0,0.0,0.0,0.0,True,6,2508,1,0,2,3,1,1,0,0,0,0,0,0.0,1,3,0,1,0,1,0,0
1,18.0,0,0.0,0.0,0.0,0.0,0.0,True,2,2508,2,0,2,3,1,1,0,0,0,0,0,0.0,1,3,0,1,0,0,0,1
0,43.0,0,0.0,9.0,1145.0,0.0,0.0,False,5,2509,1,1,1,5,1,0,1,0,0,0,0,1154.0,0,2,1,0,0,0,0,1
0,28.0,0,34.0,0.0,1342.0,91.0,0.0,True,4,2510,1,1,1,5,0,0,1,0,0,0,0,1467.0,0,0,0,0,1,0,0,1
0,33.0,0,0.0,8759.0,0.0,2788.0,4513.0,False,5,2512,1,0,2,2,1,1,0,0,0,0,0,16060.0,0,0,0,1,0,1,0,0
1,37.0,0,0.0,0.0,0.0,0.0,0.0,True,5,2512,2,0,2,2,1,1,0,0,0,0,0,0.0,1,3,0,1,0,1,0,0
0,28.0,0,0.0,55.0,0.0,656.0,0.0,False,4,2513,1,1,1,5,1,0,1,0,0,0,0,711.0,0,1,1,0,0,0,0,1
0,28.0,1,2.0,2144.0,0.0,435.0,5872.0,False,4,2515,1,0,2,1,1,1,0,0,0,0,0,8453.0,0,0,0,1,0,1,0,0
1,18.0,0,0.0,0.0,0.0,0.0,0.0,True,2,2515,2,0,2,1,1,1,0,0,0,0,0,0.0,1,3,0,1,0,1,0,0
0,29.0,0,75.0,17.0,0.0,211.0,506.0,False,4,2516,1,1,1,6,0,0,1,0,0,0,0,809.0,0,2,1,0,0,1,0,0
1,29.0,0,0.0,0.0,0.0,0.0,0.0,True,4,2518,1,0,2,2,0,1,0,0,0,0,0,0.0,1,3,0,1,0,0,0,1
1,28.0,0,0.0,0.0,0.0,0.0,0.0,True,4,2518,2,0,2,2,0,1,0,0,0,0,0,0.0,1,3,0,1,0,1,0,0
0,24.0,0,172.0,775.0,344.0,0.0,0.0,True,3,2519,1,1,1,5,1,0,1,0,0,0,0,1291.0,0,2,1,0,0,0,0,1
0,59.0,0,0.0,5407.0,0.0,285.0,1135.0,False,6,2520,1,1,1,2,0,1,0,0,0,0,0,6827.0,0,0,0,1,0,0,0,1
1,43.0,0,0.0,0.0,0.0,0.0,0.0,False,5,2521,1,1,1,4,0,1,0,0,0,0,0,0.0,1,3,0,0,1,0,0,1
1,20.0,0,0.0,0.0,0.0,0.0,0.0,True,3,2522,1,1,1,5,0,0,1,0,0,0,0,0.0,1,3,0,0,1,0,0,1
1,23.0,0,0.0,0.0,0.0,0.0,0.0,True,3,2523,1,1,1,1,0,1,0,0,0,0,0,0.0,1,3,0,1,0,1,0,0
1,27.0,0,0.0,0.0,0.0,0.0,0.0,True,4,2524,1,1,1,3,0,1,0,0,0,0,0,0.0,1,3,0,1,0,1,0,0
1,38.0,0,0.0,0.0,0.0,0.0,0.0,True,5,2526,1,1,1,1,0,1,0,0,0,0,0,0.0,1,3,0,1,0,1,0,0
1,38.0,0,0.0,0.0,0.0,0.0,0.0,True,5,2527,1,1,1,6,1,0,1,0,0,0,0,0.0,1,3,1,0,0,0,1,0
0,48.0,0,639.0,412.0,110.0,0.0,0.0,True,5,2528,1,1,1,5,1,0,1,0,0,0,0,1161.0,0,2,0,0,1,0,0,1
0,25.0,0,1734.0,1.0,189.0,1.0,0.0,False,3,2530,1,1,1,5,1,0,1,0,0,0,0,1925.0,0,0,0,0,1,0,0,1
1,25.0,0,0.0,0.0,0.0,0.0,0.0,True,3,2531,1,1,1,6,0,0,1,0,0,0,0,0.0,1,3,1,0,0,0,1,0
0,24.0,0,737.0,37.0,1682.0,0.0,0.0,False,3,2532,1,0,2,5,1,0,1,0,0,0,0,2456.0,0,0,0,0,1,0,0,1
1,69.0,0,0.0,0.0,0.0,0.0,0.0,True,6,2532,2,0,2,5,1,0,1,0,0,0,0,0.0,1,3,0,0,1,0,0,1
0,20.0,0,0.0,646.0,0.0,0.0,1425.0,False,3,2534,1,0,2,1,0,1,0,0,0,0,0,2071.0,0,0,0,1,0,1,0,0
1,18.0,0,0.0,0.0,0.0,0.0,0.0,True,2,2534,2,0,2,1,0,1,0,0,0,0,0,0.0,1,3,0,1,0,1,0,0
1,28.0,0,0.0,0.0,0.0,0.0,0.0,False,4,2535,1,1,1,6,0,0,1,0,0,0,0,0.0,1,3,1,0,0,0,0,1
0,23.0,0,0.0,9.0,292.0,35.0,349.0,True,3,2537,1,1,1,4,0,1,0,0,0,0,0,685.0,0,1,1,0,0,0,1,0
0,24.0,0,345.0,0.0,451.0,0.0,582.0,False,3,2540,1,1,1,4,1,1,0,0,0,0,0,1378.0,0,2,0,0,1,0,0,1
0,44.0,0,0.0,1482.0,127.0,1555.0,1257.0,False,5,2541,1,1,1,1,0,1,0,0,0,0,0,4421.0,0,0,0,1,0,0,0,1
0,29.0,0,834.0,0.0,28.0,117.0,41.0,False,4,2542,1,1,1,4,0,1,0,0,0,0,0,1020.0,0,2,0,0,1,0,0,1
0,6.0,0,0.0,0.0,0.0,0.0,0.0,True,1,2544,1,0,2,1,1,1,0,0,0,0,0,0.0,1,3,0,1,0,1,0,0
0,42.0,0,41.0,1912.0,0.0,1899.0,43.0,False,5,2544,2,0,2,1,1,1,0,0,0,0,0,3895.0,0,0,0,1,0,0,0,1
1,78.0,0,0.0,0.0,0.0,0.0,0.0,False,6,2545,1,1,1,6,0,0,1,0,0,0,0,0.0,1,3,1,0,0,1,0,0
0,36.0,0,548.0,179.0,24.0,0.0,77.0,False,5,2546,1,1,1,5,1,0,1,0,0,0,0,828.0,0,2,1,0,0,0,0,1
0,37.0,0,0.0,100.0,0.0,1402.0,1462.0,False,5,2547,1,0,2,5,1,0,1,0,0,0,0,2964.0,0,0,0,1,0,1,0,0
0,41.0,0,0.0,12809.0,2.0,2835.0,1514.0,True,5,2547,2,0,2,0,0,1,0,0,0,0,0,17160.0,0,0,0,1,0,1,0,0
0,18.0,0,852.0,48.0,0.0,7.0,0.0,False,2,2548,1,1,1,6,1,0,1,0,0,0,0,907.0,0,2,1,0,0,0,0,1
0,62.0,0,1663.0,0.0,23.0,2.0,12.0,False,6,2549,1,0,3,5,0,0,1,0,0,0,0,1700.0,0,0,0,0,1,0,0,1
0,0.0,0,0.0,0.0,0.0,0.0,0.0,True,0,2549,2,0,3,5,0,0,1,0,0,0,0,0.0,1,3,0,0,1,0,0,1
0,55.0,0,1281.0,0.0,7.0,1.0,0.0,False,6,2549,3,0,3,5,0,0,1,0,0,0,0,1289.0,0,2,0,0,1,0,0,1
1,16.0,0,0.0,0.0,0.0,0.0,0.0,True,2,2550,1,1,1,6,0,0,1,0,0,0,0,0.0,1,3,1,0,0,0,0,1
0,32.0,0,238.0,156.0,3.0,2.0,324.0,False,4,2551,1,1,1,5,0,0,1,0,0,0,0,723.0,0,2,1,0,0,0,0,1
0,19.0,0,0.0,1124.0,4.0,0.0,0.0,True,3,2552,1,0,3,5,1,0,1,0,0,0,0,1128.0,0,2,1,0,0,0,0,1
0,7.0,0,0.0,0.0,0.0,0.0,0.0,True,1,2552,2,0,3,6,1,0,1,0,0,0,0,0.0,1,3,1,0,0,1,0,0
0,4.0,0,0.0,0.0,0.0,0.0,0.0,True,0,2552,3,0,3,6,1,0,1,0,0,0,0,0.0,1,3,1,0,0,1,0,0
1,30.0,0,0.0,0.0,0.0,0.0,0.0,True,4,2553,1,1,1,3,1,1,0,0,0,0,0,0.0,1,3,0,1,0,0,0,1
1,24.0,0,0.0,0.0,0.0,0.0,0.0,True,3,2555,1,0,2,1,0,1,0,0,0,0,0,0.0,1,3,0,1,0,1,0,0
1,34.0,0,0.0,0.0,0.0,0.0,0.0,True,5,2555,2,0,2,1,0,1,0,0,0,0,0,0.0,1,3,0,1,0,0,0,1
1,30.0,0,0.0,0.0,0.0,0.0,0.0,True,4,2557,1,1,1,2,1,1,0,0,0,0,0,0.0,1,3,0,1,0,0,0,1
0,3.0,0,0.0,0.0,0.0,0.0,0.0,True,0,2558,1,0,4,5,0,0,1,0,0,0,0,0.0,1,3,0,0,1,0,0,1
0,32.0,0,0.0,0.0,0.0,0.0,0.0,True,4,2558,2,0,4,5,0,0,1,0,0,0,0,0.0,1,3,0,0,1,0,0,1
0,55.0,0,403.0,0.0,922.0,0.0,0.0,True,6,2558,3,0,4,5,0,0,1,0,0,0,0,1325.0,0,2,0,0,1,0,0,1
1,0.0,0,0.0,0.0,0.0,0.0,0.0,True,0,2558,4,0,4,5,0,0,1,0,0,0,0,0.0,1,3,0,0,1,0,0,1
0,51.0,0,0.0,1949.0,0.0,2549.0,39.0,False,6,2559,1,1,1,5,1,0,1,0,0,0,0,4537.0,0,0,0,1,0,0,0,1
1,0.0,0,0.0,0.0,0.0,0.0,0.0,True,0,2560,1,0,3,6,0,0,1,0,0,0,0,0.0,1,3,1,0,0,0,1,0
0,21.0,0,882.0,0.0,0.0,0.0,0.0,False,3,2560,2,0,3,6,0,0,1,0,0,0,0,882.0,0,2,1,0,0,0,0,1
0,2.0,0,0.0,0.0,0.0,0.0,0.0,False,0,2560,3,0,3,6,0,0,1,0,0,0,0,0.0,1,3,1,0,0,0,0,1
0,19.0,0,194.0,44.0,0.0,549.0,1.0,False,3,2561,1,1,1,4,1,1,0,0,0,0,0,788.0,0,2,1,0,0,0,0,1
1,24.0,0,0.0,0.0,0.0,0.0,0.0,True,3,2562,1,0,2,5,0,0,1,0,0,0,0,0.0,1,3,0,0,1,0,0,1
0,20.0,0,2502.0,0.0,96.0,0.0,0.0,False,3,2562,2,0,2,5,0,0,1,0,0,0,0,2598.0,0,0,0,0,1,0,0,1
0,42.0,0,2.0,3024.0,0.0,89.0,10.0,True,5,2564,1,1,1,4,1,1,0,0,0,0,0,3125.0,0,0,0,1,0,0,0,1
1,17.0,0,0.0,0.0,0.0,0.0,0.0,True,2,2565,1,0,2,5,0,0,1,0,0,0,0,0.0,1,3,0,0,1,0,0,1
0,32.0,0,598.0,0.0,138.0,0.0,624.0,False,4,2565,2,0,2,4,0,1,0,0,0,0,0,1360.0,0,2,0,0,1,0,0,1
0,28.0,0,145.0,8.0,557.0,0.0,74.0,True,4,2571,1,1,1,6,0,0,1,0,0,0,0,784.0,0,2,1,0,0,0,0,1
1,21.0,0,0.0,0.0,0.0,0.0,0.0,True,3,2572,1,0,2,2,1,1,0,0,0,0,0,0.0,1,3,0,1,0,1,0,0
1,56.0,1,0.0,0.0,0.0,0.0,0.0,True,6,2572,2,0,2,2,1,1,0,0,0,0,0,0.0,1,3,0,1,0,1,0,0
1,28.0,0,0.0,0.0,0.0,0.0,0.0,True,4,2573,1,1,1,2,0,1,0,0,0,0,0,0.0,1,3,0,1,0,1,0,0
0,42.0,0,10.0,303.0,12.0,0.0,478.0,False,5,2574,1,1,1,5,1,0,1,0,0,0,0,803.0,0,2,1,0,0,0,0,1
0,18.0,0,1153.0,0.0,0.0,1409.0,195.0,False,2,2578,1,1,1,5,1,0,1,0,0,0,0,2757.0,0,0,1,0,0,0,0,1
0,24.0,0,19.0,676.0,0.0,26.0,0.0,False,3,2580,1,1,1,6,1,0,1,0,0,0,0,721.0,0,2,1,0,0,0,0,1
0,20.0,0,496.0,20.0,16.0,0.0,254.0,False,3,2581,1,0,2,4,0,1,0,0,0,0,0,786.0,0,2,1,0,0,0,0,1
0,22.0,0,26.0,0.0,0.0,0.0,733.0,False,3,2581,2,0,2,5,0,0,1,0,0,0,0,759.0,0,2,1,0,0,0,0,1
0,22.0,0,98.0,0.0,46.0,641.0,0.0,False,3,2582,1,1,1,6,0,0,1,0,0,0,0,785.0,0,2,1,0,0,0,0,1
0,21.0,0,0.0,0.0,0.0,0.0,0.0,False,3,2584,1,1,1,6,0,0,1,0,0,0,0,0.0,1,3,1,0,0,0,1,0
0,28.0,0,4.0,166.0,743.0,0.0,0.0,True,4,2588,1,1,1,6,0,0,1,0,0,0,0,913.0,0,2,1,0,0,0,0,1
1,26.0,0,0.0,0.0,0.0,0.0,0.0,True,4,2589,1,0,5,2,0,1,0,0,0,0,0,0.0,1,3,0,1,0,0,0,1
1,50.0,0,0.0,0.0,0.0,0.0,0.0,True,5,2589,2,0,5,2,0,1,0,0,0,0,0,0.0,1,3,0,1,0,1,0,0
0,26.0,0,0.0,8150.0,0.0,3508.0,99.0,False,4,2589,3,0,5,2,0,1,0,0,0,0,0,11757.0,0,0,0,1,0,0,0,1
0,30.0,1,0.0,632.0,0.0,673.0,2272.0,False,4,2589,4,0,5,2,0,1,0,0,0,0,0,3577.0,0,0,0,1,0,0,0,1
1,29.0,0,0.0,0.0,0.0,0.0,0.0,True,4,2589,5,0,5,2,0,1,0,0,0,0,0,0.0,1,3,0,1,0,0,0,1
0,8.0,0,0.0,0.0,0.0,0.0,0.0,False,1,2590,1,0,3,6,0,0,1,0,0,0,0,0.0,1,3,1,0,0,0,0,1
0,45.0,0,406.0,148.0,285.0,0.0,0.0,False,5,2590,2,0,3,6,0,0,1,0,0,0,0,839.0,0,2,1,0,0,0,0,1
1,35.0,0,0.0,0.0,0.0,0.0,0.0,True,5,2590,3,0,3,6,0,0,1,0,0,0,0,0.0,1,3,1,0,0,0,1,0
0,18.0,0,9.0,419.0,0.0,201.0,7.0,False,2,2591,1,0,2,5,1,0,1,0,0,0,0,636.0,0,1,1,0,0,0,1,0
0,23.0,0,0.0,121.0,0.0,568.0,128.0,False,3,2591,2,0,2,6,1,0,1,0,0,0,0,817.0,0,2,1,0,0,0,0,1
0,29.0,1,803.0,0.0,0.0,58.0,0.0,False,4,2592,1,0,2,3,0,1,0,0,0,0,0,861.0,0,2,0,0,1,0,0,1
0,18.0,0,1102.0,9.0,2628.0,0.0,0.0,False,2,2592,2,0,2,3,0,1,0,0,0,0,0,3739.0,0,0,0,0,1,0,0,1
0,28.0,0,804.0,2.0,13.0,0.0,62.0,False,4,2593,1,1,1,6,0,0,1,0,0,0,0,881.0,0,2,1,0,0,0,0,1
1,34.0,0,0.0,0.0,0.0,0.0,0.0,True,5,2594,1,1,1,1,1,1,0,0,0,0,0,0.0,1,3,0,1,0,0,0,1
0,0.0,0,0.0,0.0,0.0,0.0,0.0,True,0,2595,1,0,4,5,0,0,1,0,0,0,0,0.0,1,3,0,0,1,1,0,0
0,4.0,0,0.0,0.0,0.0,0.0,0.0,True,0,2595,2,0,4,5,0,0,1,0,0,0,0,0.0,1,3,0,0,1,0,0,1
0,28.0,0,938.0,61.0,0.0,53.0,4.0,False,4,2595,3,0,4,3,0,1,0,0,0,0,0,1056.0,0,2,0,0,1,0,0,1
0,8.0,0,0.0,0.0,0.0,0.0,0.0,True,1,2595,4,0,4,5,0,0,1,0,0,0,0,0.0,1,3,0,0,1,0,0,1
0,20.0,0,59.0,0.0,1646.0,1657.0,0.0,False,3,2596,1,0,2,3,0,1,0,0,0,0,0,3362.0,0,0,0,0,1,0,0,1
1,20.0,0,0.0,0.0,0.0,0.0,0.0,True,3,2596,2,0,2,5,0,0,1,0,0,0,0,0.0,1,3,0,0,1,0,0,1
1,25.0,0,0.0,0.0,0.0,0.0,0.0,True,3,2597,1,0,2,5,1,0,1,0,0,0,0,0.0,1,3,0,0,1,0,0,1
0,31.0,0,995.0,7.0,1213.0,0.0,687.0,False,4,2597,2,0,2,5,1,0,1,0,0,0,0,2902.0,0,0,0,0,1,1,0,0
0,37.0,0,27.0,0.0,1131.0,0.0,1318.0,False,5,2598,1,1,1,5,0,0,1,0,0,0,0,2476.0,0,0,0,0,1,0,0,1
1,21.0,0,0.0,0.0,0.0,0.0,0.0,False,3,2599,1,1,1,5,1,0,1,0,0,0,0,0.0,1,3,1,0,0,0,0,1
1,24.0,0,0.0,0.0,0.0,0.0,0.0,True,3,2601,1,1,1,5,0,0,1,0,0,0,0,0.0,1,3,0,0,1,0,0,1
1,34.0,0,0.0,0.0,0.0,0.0,0.0,False,5,2602,1,0,3,4,0,1,0,0,0,0,0,0.0,1,3,0,0,1,0,0,1
0,0.0,0,0.0,0.0,0.0,0.0,0.0,True,0,2602,2,0,3,4,0,1,0,0,0,0,0,0.0,1,3,0,0,1,1,0,0
1,25.0,0,0.0,0.0,0.0,0.0,0.0,False,3,2602,3,0,3,4,0,1,0,0,0,0,0,0.0,1,3,0,0,1,0,0,1
1,43.0,0,0.0,0.0,0.0,0.0,0.0,True,5,2605,1,1,1,3,1,1,0,0,0,0,0,0.0,1,3,0,0,1,1,0,0
0,45.0,0,900.0,0.0,0.0,0.0,1.0,False,5,2606,1,0,2,5,0,0,1,0,0,0,0,901.0,0,2,1,0,0,0,0,1
0,45.0,0,10.0,16.0,801.0,73.0,1.0,False,5,2606,2,0,2,5,0,0,1,0,0,0,0,900.0,0,2,1,0,0,0,0,1
1,63.0,0,0.0,0.0,0.0,0.0,0.0,True,6,2607,1,0,4,1,1,1,0,0,0,0,0,0.0,1,3,0,1,0,0,0,1
1,17.0,0,0.0,0.0,0.0,0.0,0.0,True,2,2607,2,0,4,1,1,1,0,0,0,0,0,0.0,1,3,0,1,0,0,0,1
0,35.0,0,0.0,1471.0,2.0,445.0,533.0,True,5,2607,3,0,4,1,1,1,0,0,0,0,0,2451.0,0,0,0,1,0,1,0,0
0,12.0,0,0.0,0.0,0.0,0.0,0.0,True,1,2607,4,0,4,1,1,1,0,0,0,0,0,0.0,1,3,0,1,0,0,0,1
1,27.0,0,0.0,0.0,0.0,0.0,0.0,True,5,2609,1,1,1,6,1,0,1,0,0,0,0,0.0,1,3,1,0,0,0,1,0
0,17.0,0,0.0,604.0,0.0,0.0,218.0,False,2,2616,1,1,1,5,0,0,1,0,0,0,0,822.0,0,2,1,0,0,0,0,1
0,32.0,0,59.0,0.0,469.0,0.0,0.0,False,4,2617,1,1,1,6,0,0,1,0,0,0,0,528.0,0,1,1,0,0,0,1,0
1,23.0,0,0.0,0.0,0.0,0.0,0.0,True,3,2618,1,1,1,4,0,1,0,0,0,0,0,0.0,1,3,1,0,0,0,0,1
0,17.0,0,2000.0,0.0,0.0,0.0,0.0,False,2,2619,1,1,1,5,1,0,1,0,0,0,0,2000.0,0,0,1,0,0,1,0,0
0,34.0,0,492.0,0.0,13.0,55.0,0.0,False,5,2622,1,1,1,5,1,0,1,0,0,0,0,560.0,0,1,1,0,0,1,0,0
0,15.0,0,0.0,0.0,875.0,3.0,0.0,False,2,2624,1,1,1,5,0,0,1,0,0,0,0,878.0,0,2,1,0,0,0,0,1
1,14.0,0,0.0,0.0,0.0,0.0,0.0,True,2,2625,1,0,2,6,0,0,1,0,0,0,0,0.0,1,3,1,0,0,0,0,1
0,22.0,0,0.0,1.0,271.0,0.0,1348.0,False,3,2625,2,0,2,4,0,1,0,0,0,0,0,1620.0,0,0,1,0,0,0,0,1
0,19.0,0,232.0,0.0,479.0,0.0,5.0,False,3,2626,1,1,1,5,0,0,1,0,0,0,0,716.0,0,1,1,0,0,0,0,1
0,40.0,0,0.0,228.0,5.0,454.0,1.0,False,5,2627,1,1,1,5,0,0,1,0,0,0,0,688.0,0,1,1,0,0,0,1,0
1,25.0,0,0.0,0.0,0.0,0.0,0.0,True,3,2628,1,0,2,0,0,1,0,0,0,0,0,0.0,1,3,0,1,0,1,0,0
0,51.0,0,0.0,6.0,0.0,2085.0,67.0,False,6,2628,2,0,2,0,0,1,0,0,0,0,0,2158.0,0,0,0,1,0,1,0,0
0,22.0,0,91.0,6.0,0.0,17.0,693.0,False,3,2629,1,1,1,6,0,0,1,0,0,0,0,807.0,0,2,1,0,0,0,0,1
1,50.0,0,0.0,0.0,0.0,0.0,0.0,True,5,2631,1,1,1,5,0,0,1,0,0,0,0,0.0,1,3,0,0,1,1,0,0
0,26.0,0,0.0,0.0,0.0,0.0,0.0,False,4,2633,1,1,1,6,0,0,1,0,0,0,0,0.0,1,3,1,0,0,1,0,0
1,39.0,0,0.0,0.0,0.0,0.0,0.0,True,5,2634,1,1,1,5,1,0,1,0,0,0,0,0.0,1,3,0,0,1,0,0,1
0,18.0,0,1867.0,0.0,29.0,72.0,0.0,True,2,2635,1,1,1,3,0,1,0,0,0,0,0,1968.0,0,0,0,0,1,0,0,1
0,22.0,0,0.0,0.0,137.0,671.0,0.0,False,3,2636,1,1,1,6,1,0,1,0,0,0,0,808.0,0,2,1,0,0,0,0,1
0,26.0,0,0.0,29.0,0.0,759.0,0.0,False,4,2638,1,1,1,4,1,1,0,0,0,0,0,788.0,0,2,1,0,0,0,0,1
0,19.0,0,0.0,0.0,0.0,0.0,1051.0,False,3,2640,1,1,1,5,1,0,1,0,0,0,0,1051.0,0,2,1,0,0,0,0,1
1,16.0,0,0.0,0.0,0.0,0.0,0.0,False,2,2641,1,1,1,6,1,0,1,0,0,0,0,0.0,1,3,1,0,0,0,1,0
0,24.0,0,0.0,0.0,17.0,0.0,793.0,False,3,2642,1,1,1,6,0,0,1,0,0,0,0,810.0,0,2,1,0,0,0,0,1
0,34.0,0,122.0,0.0,6.0,739.0,0.0,False,5,2643,1,1,1,5,1,0,1,0,0,0,0,867.0,0,2,1,0,0,0,1,0
0,55.0,0,0.0,815.0,1558.0,3.0,1334.0,True,6,2645,1,0,5,2,1,1,0,0,0,0,0,3710.0,0,0,0,1,0,0,0,1
0,42.0,0,3.0,2174.0,0.0,10860.0,2564.0,False,5,2645,2,0,5,2,1,1,0,0,0,0,0,15601.0,0,0,0,1,0,0,0,1
1,14.0,0,0.0,0.0,0.0,0.0,0.0,True,2,2645,3,0,5,2,1,1,0,0,0,0,0,0.0,1,3,0,1,0,0,0,1
0,28.0,0,0.0,3053.0,0.0,839.0,2153.0,True,4,2645,4,0,5,2,1,1,0,0,0,0,0,6045.0,0,0,0,1,0,1,0,0
1,26.0,0,0.0,0.0,0.0,0.0,0.0,True,4,2645,5,0,5,2,1,1,0,0,0,0,0,0.0,1,3,0,1,0,1,0,0
0,33.0,0,0.0,286.0,1795.0,712.0,7041.0,False,5,2646,1,1,1,1,0,1,0,0,0,0,0,9834.0,0,0,0,1,0,1,0,0
0,24.0,0,0.0,0.0,0.0,636.0,68.0,False,3,2647,1,1,1,5,0,0,1,0,0,0,0,704.0,0,1,1,0,0,0,0,1
0,23.0,0,490.0,313.0,0.0,6.0,0.0,False,3,2648,1,1,1,6,1,0,1,0,0,0,0,809.0,0,2,1,0,0,0,0,1
0,16.0,0,46.0,0.0,1994.0,0.0,677.0,False,2,2649,1,1,1,3,0,1,0,0,0,0,0,2717.0,0,0,0,0,1,0,0,1
1,36.0,0,0.0,0.0,0.0,0.0,0.0,False,5,2650,1,1,1,6,0,0,1,0,0,0,0,0.0,1,3,1,0,0,0,0,1
1,44.0,0,0.0,0.0,0.0,0.0,0.0,True,5,2651,1,1,1,1,1,1,0,0,0,0,0,0.0,1,3,0,1,0,1,0,0
0,22.0,0,0.0,0.0,670.0,0.0,32.0,True,3,2652,1,1,1,5,1,0,1,0,0,0,0,702.0,0,1,1,0,0,0,0,1
1,30.0,0,0.0,0.0,0.0,0.0,0.0,False,4,2655,1,1,1,6,1,0,1,0,0,0,0,0.0,1,3,1,0,0,0,0,1
0,20.0,0,0.0,27.0,1.0,686.0,1.0,False,3,2657,1,1,1,5,1,0,1,0,0,0,0,715.0,0,1,1,0,0,0,0,1
0,21.0,0,366.0,1136.0,795.0,132.0,0.0,False,3,2658,1,1,1,5,0,0,1,0,0,0,0,2429.0,0,0,1,0,0,0,0,1
0,14.0,0,0.0,0.0,0.0,0.0,0.0,True,2,2659,1,1,1,4,1,1,0,0,0,0,0,0.0,1,3,0,0,1,0,0,1
0,27.0,0,0.0,0.0,0.0,2.0,1215.0,False,4,2660,1,1,1,5,0,0,1,0,0,0,0,1217.0,0,2,1,0,0,0,0,1
0,19.0,0,1.0,4.0,0.0,750.0,3.0,False,3,2661,1,0,2,5,1,0,1,0,0,0,0,758.0,0,2,1,0,0,0,0,1
1,21.0,0,0.0,0.0,0.0,0.0,0.0,True,3,2661,2,0,2,6,1,0,1,0,0,0,0,0.0,1,3,1,0,0,0,0,1
0,27.0,0,1722.0,4.0,937.0,0.0,0.0,False,5,2662,1,1,1,5,0,0,1,0,0,0,0,2663.0,0,0,0,0,1,1,0,0
0,13.0,0,0.0,0.0,0.0,4.0,811.0,True,2,2663,1,1,1,5,0,0,1,0,0,0,0,815.0,0,2,1,0,0,1,0,0
1,71.0,0,0.0,0.0,0.0,0.0,0.0,True,6,2664,1,1,1,4,1,1,0,0,0,0,0,0.0,1,3,0,0,1,0,1,0
1,28.0,0,0.0,0.0,0.0,0.0,0.0,False,4,2666,1,0,2,4,1,1,0,0,0,0,0,0.0,1,3,0,0,1,0,0,1
0,18.0,0,1874.0,0.0,260.0,0.0,0.0,False,2,2666,2,0,2,4,1,1,0,0,0,0,0,2134.0,0,0,0,0,1,1,0,0
0,23.0,0,29.0,34.0,1.0,2838.0,0.0,False,3,2668,1,0,2,5,1,0,1,0,0,0,0,2902.0,0,0,1,0,0,1,0,0
0,34.0,0,0.0,382.0,0.0,87.0,236.0,False,5,2668,2,0,2,6,1,0,1,0,0,0,0,705.0,0,1,1,0,0,1,0,0
0,20.0,0,4.0,790.0,0.0,15.0,0.0,False,3,2670,1,1,1,6,0,0,1,0,0,0,0,809.0,0,2,1,0,0,0,0,1
0,17.0,0,0.0,33.0,0.0,56.0,708.0,False,2,2671,1,1,1,5,0,0,1,0,0,0,0,797.0,0,2,1,0,0,1,0,0
0,21.0,0,970.0,0.0,213.0,8.0,86.0,False,3,2672,1,1,1,5,0,0,1,0,0,0,0,1277.0,0,2,1,0,0,0,1,0
0,33.0,0,0.0,1554.0,3813.0,0.0,1435.0,True,5,2675,1,1,1,2,1,1,0,0,0,0,0,6802.0,0,0,0,1,0,0,0,1
0,34.0,0,3551.0,1284.0,1865.0,90.0,0.0,True,5,2676,1,1,1,1,0,1,0,0,0,0,0,6790.0,0,0,0,1,0,1,0,0
0,51.0,0,0.0,302.0,0.0,1367.0,669.0,False,6,2677,1,1,1,3,1,1,0,0,0,0,0,2338.0,0,0,0,1,0,0,0,1
0,21.0,0,0.0,680.0,0.0,10.0,0.0,True,3,2678,1,1,1,5,1,0,1,0,0,0,0,690.0,0,1,1,0,0,0,0,1
1,27.0,0,0.0,0.0,0.0,0.0,0.0,False,5,2679,1,1,1,6,1,0,1,0,0,0,0,0.0,1,3,1,0,0,0,0,1
0,31.0,0,880.0,0.0,0.0,8.0,0.0,False,4,2682,1,1,1,6,0,0,1,0,0,0,0,888.0,0,2,1,0,0,0,0,1
0,36.0,0,2.0,1297.0,0.0,4.0,0.0,True,5,2683,1,1,1,0,1,1,0,0,0,0,0,1303.0,0,2,0,1,0,0,0,1
0,39.0,0,0.0,7116.0,0.0,13208.0,1515.0,False,5,2684,1,1,1,1,0,1,0,0,0,0,0,21839.0,0,0,0,1,0,0,0,1
0,26.0,0,886.0,0.0,0.0,0.0,21.0,False,4,2685,1,1,1,6,0,0,1,0,0,0,0,907.0,0,2,1,0,0,0,0,1
0,51.0,0,0.0,1347.0,0.0,43.0,0.0,True,6,2687,1,1,1,5,0,0,1,0,0,0,0,1390.0,0,2,1,0,0,0,0,1
0,24.0,0,13.0,193.0,0.0,0.0,591.0,False,3,2688,1,1,1,5,0,0,1,0,0,0,0,797.0,0,2,1,0,0,0,0,1
0,27.0,0,339.0,104.0,116.0,160.0,0.0,True,4,2690,1,1,1,4,1,1,0,0,0,0,0,719.0,0,2,1,0,0,1,0,0
0,31.0,0,0.0,243.0,1.0,559.0,0.0,False,4,2691,1,1,1,5,0,0,1,0,0,0,0,803.0,0,2,1,0,0,0,0,1
0,24.0,0,0.0,0.0,21.0,0.0,695.0,False,3,2692,1,1,1,5,1,0,1,0,0,0,0,716.0,0,1,1,0,0,0,0,1
0,57.0,0,0.0,1514.0,0.0,72.0,1393.0,False,6,2693,1,0,4,0,0,1,0,0,0,0,0,2979.0,0,0,0,1,0,0,0,1
0,36.0,1,11.0,79.0,0.0,210.0,1895.0,False,5,2693,2,0,4,0,0,1,0,0,0,0,0,2195.0,0,0,0,1,0,1,0,0
0,55.0,0,0.0,846.0,0.0,263.0,2024.0,False,6,2693,3,0,4,0,0,1,0,0,0,0,0,3133.0,0,0,0,1,0,0,0,1
1,55.0,0,0.0,0.0,0.0,0.0,0.0,False,6,2693,4,0,4,0,0,1,0,0,0,0,0,0.0,1,3,0,1,0,1,0,0
0,18.0,0,947.0,0.0,4.0,4.0,0.0,False,2,2695,1,1,1,4,1,1,0,0,0,0,0,955.0,0,2,0,0,1,0,0,1
0,27.0,0,1893.0,487.0,4.0,0.0,0.0,False,4,2697,1,1,1,3,1,1,0,0,0,0,0,2384.0,0,0,0,0,1,0,0,1
0,50.0,0,0.0,2684.0,0.0,153.0,1751.0,False,5,2698,1,1,1,2,0,1,0,0,0,0,0,4588.0,0,0,0,1,0,0,0,1
0,24.0,0,45.0,138.0,1.0,0.0,530.0,False,3,2700,1,1,1,5,1,0,1,0,0,0,0,714.0,0,1,1,0,0,0,0,1
1,20.0,0,0.0,0.0,0.0,0.0,0.0,True,3,2701,1,1,1,6,1,0,1,0,0,0,0,0.0,1,3,1,0,0,0,1,0
1,24.0,0,0.0,0.0,0.0,0.0,0.0,True,3,2702,1,1,1,6,0,0,1,0,0,0,0,0.0,1,3,1,0,0,0,0,1
0,18.0,0,0.0,617.0,0.0,0.0,10.0,False,2,2703,1,1,1,6,1,0,1,0,0,0,0,627.0,0,1,1,0,0,0,0,1
0,44.0,0,1178.0,1.0,348.0,0.0,0.0,False,5,2704,1,1,1,5,1,0,1,0,0,0,0,1527.0,0,0,1,0,0,0,0,1
1,27.0,0,0.0,0.0,0.0,0.0,0.0,True,4,2706,1,1,1,1,1,1,0,0,0,0,0,0.0,1,3,0,1,0,1,0,0
0,58.0,0,1113.0,1650.0,0.0,194.0,510.0,True,6,2707,1,0,2,1,1,1,0,0,0,0,0,3467.0,0,0,0,1,0,0,0,1
1,29.0,0,0.0,0.0,0.0,0.0,0.0,True,4,2707,2,0,2,1,1,1,0,0,0,0,0,0.0,1,3,0,1,0,0,1,0
0,23.0,0,3.0,548.0,37.0,0.0,12.0,True,3,2708,1,1,1,5,1,0,1,0,0,0,0,600.0,0,1,1,0,0,0,1,0
1,3.0,0,0.0,0.0,0.0,0.0,0.0,True,0,2709,1,0,4,5,1,0,1,0,0,0,0,0.0,1,3,0,0,1,0,0,1
0,0.0,0,0.0,0.0,0.0,0.0,0.0,True,0,2709,2,0,4,5,1,0,1,0,0,0,0,0.0,1,3,0,0,1,0,0,1
0,33.0,0,361.0,0.0,381.0,1622.0,0.0,False,5,2709,3,0,4,5,1,0,1,0,0,0,0,2364.0,0,0,0,0,1,0,0,1
0,12.0,0,0.0,0.0,0.0,0.0,0.0,True,1,2709,4,0,4,5,1,0,1,0,0,0,0,0.0,1,3,0,0,1,0,0,1
1,44.0,0,0.0,0.0,0.0,0.0,0.0,True,5,2712,1,1,1,1,1,1,0,0,0,0,0,0.0,1,3,0,1,0,0,0,1
1,20.0,0,0.0,0.0,0.0,0.0,0.0,True,3,2713,1,1,1,6,0,0,1,0,0,0,0,0.0,1,3,1,0,0,0,0,1
0,59.0,0,269.0,1776.0,0.0,0.0,12.0,False,6,2714,1,1,1,5,0,0,1,0,0,0,0,2057.0,0,0,1,0,0,1,0,0
0,18.0,0,130.0,0.0,13.0,191.0,554.0,False,2,2717,1,1,1,6,1,0,1,0,0,0,0,888.0,0,2,1,0,0,0,0,1
1,72.0,0,0.0,0.0,0.0,0.0,0.0,True,6,2718,1,1,1,1,1,1,0,0,0,0,0,0.0,1,3,0,1,0,0,0,1
0,23.0,0,171.0,2373.0,1.0,30.0,985.0,False,3,2720,1,0,3,6,0,0,1,0,0,0,0,3560.0,0,0,1,0,0,0,1,0
0,11.0,0,0.0,0.0,0.0,0.0,0.0,False,1,2720,2,0,3,6,0,0,1,0,0,0,0,0.0,1,3,1,0,0,0,0,1
1,1.0,0,0.0,0.0,0.0,0.0,0.0,True,0,2720,3,0,3,6,0,0,1,0,0,0,0,0.0,1,3,1,0,0,0,0,1
0,25.0,0,21.0,746.0,55.0,0.0,4.0,False,3,2721,1,1,1,5,0,0,1,0,0,0,0,826.0,0,2,1,0,0,0,1,0
1,25.0,0,0.0,0.0,0.0,0.0,0.0,True,3,2722,1,1,1,3,1,1,0,0,0,0,0,0.0,1,3,0,0,1,1,0,0
1,24.0,0,0.0,0.0,0.0,0.0,0.0,True,3,2723,1,0,2,2,1,1,0,0,0,0,0,0.0,1,3,0,1,0,0,0,1
0,54.0,0,0.0,5876.0,0.0,0.0,914.0,True,6,2723,2,0,2,2,1,1,0,0,0,0,0,6790.0,0,0,0,1,0,0,0,1
1,17.0,0,0.0,0.0,0.0,0.0,0.0,True,2,2724,1,0,2,5,0,0,1,0,0,0,0,0.0,1,3,0,0,1,1,0,0
0,48.0,0,1200.0,0.0,38.0,48.0,0.0,False,5,2724,2,0,2,5,0,0,1,0,0,0,0,1286.0,0,2,0,0,1,0,0,1
0,40.0,0,0.0,0.0,362.0,272.0,0.0,False,5,2725,1,1,1,5,0,0,1,0,0,0,0,634.0,0,1,1,0,0,0,0,1
1,2.0,0,0.0,0.0,0.0,0.0,0.0,False,0,2726,1,1,1,6,0,0,1,0,0,0,0,0.0,1,3,1,0,0,0,0,1
0,32.0,0,0.0,9.0,11.0,784.0,63.0,False,4,2727,1,1,1,5,1,0,1,0,0,0,0,867.0,0,2,1,0,0,0,0,1
1,15.0,0,0.0,0.0,0.0,0.0,0.0,True,2,2729,1,1,1,6,1,0,1,0,0,0,0,0.0,1,3,1,0,0,0,0,1
1,52.0,0,0.0,0.0,0.0,0.0,0.0,True,6,2730,1,0,3,6,1,0,1,0,0,0,0,0.0,1,3,1,0,0,0,0,1
0,16.0,0,0.0,1115.0,0.0,1674.0,132.0,False,2,2730,2,0,3,5,1,0,1,0,0,0,0,2921.0,0,0,1,0,0,0,0,1
1,16.0,0,0.0,557.5,0.0,0.0,0.0,True,2,2730,3,0,3,6,1,0,1,0,0,0,0,0.0,1,3,1,0,0,0,0,1
1,16.0,0,0.0,0.0,0.0,0.0,0.0,True,2,2732,1,0,2,6,1,0,1,0,0,0,0,0.0,1,3,1,0,0,1,0,0
0,6.0,0,0.0,0.0,0.0,0.0,0.0,False,1,2732,2,0,2,6,1,0,1,0,0,0,0,0.0,1,3,1,0,0,1,0,0
0,10.0,0,0.0,0.0,0.0,0.0,0.0,True,1,2734,1,1,1,5,0,0,1,0,0,0,0,0.0,1,3,0,0,1,0,0,1
0,27.0,1,1709.0,4.0,24.0,0.0,0.0,False,4,2736,1,1,1,3,0,1,0,0,0,0,0,1737.0,0,0,0,0,1,0,0,1
0,45.0,0,0.0,726.0,0.0,281.0,1257.0,True,5,2737,1,0,2,2,1,1,0,0,0,0,0,2264.0,0,0,0,1,0,1,0,0
0,26.0,0,2381.0,1772.0,0.0,0.0,2618.0,False,4,2737,2,0,2,2,1,1,0,0,0,0,0,6771.0,0,0,0,1,0,0,0,1
0,29.0,0,1049.0,0.0,0.0,0.0,0.0,False,4,2738,1,1,1,4,1,1,0,0,0,0,0,1049.0,0,2,0,0,1,0,0,1
1,38.0,0,0.0,0.0,0.0,0.0,0.0,True,5,2739,1,1,1,6,0,0,1,0,0,0,0,0.0,1,3,1,0,0,0,1,0
0,19.0,0,1.0,143.0,0.0,254.0,107.0,True,3,2740,1,1,1,4,0,1,0,0,0,0,0,505.0,0,1,1,0,0,0,0,1
0,43.0,0,471.0,0.0,133.0,2.0,692.0,False,5,2741,1,1,1,4,0,1,0,0,0,0,0,1298.0,0,2,0,0,1,0,0,1
0,15.0,0,746.0,0.0,2.0,0.0,11.0,False,2,2743,1,1,1,5,1,0,1,0,0,0,0,759.0,0,2,1,0,0,0,0,1
0,31.0,0,1511.0,0.0,310.0,0.0,0.0,False,4,2745,1,1,1,5,0,0,1,0,0,0,0,1821.0,0,0,0,0,1,0,0,1
0,52.0,0,758.0,0.0,356.0,5.0,0.0,False,6,2746,1,1,1,5,0,0,1,0,0,0,0,1119.0,0,2,0,0,1,0,0,1
0,49.0,0,0.0,0.0,0.0,0.0,0.0,True,5,2747,1,1,1,5,0,0,1,0,0,0,0,0.0,1,3,0,0,1,0,0,1
0,29.0,0,143.0,548.0,0.0,0.0,0.0,True,4,2748,1,1,1,5,1,0,1,0,0,0,0,691.0,0,1,1,0,0,1,0,0
0,18.0,0,600.0,0.0,0.0,179.0,11.0,True,2,2750,1,1,1,5,0,0,1,0,0,0,0,790.0,0,2,1,0,0,0,0,1
1,41.0,0,0.0,0.0,0.0,0.0,0.0,True,5,2751,1,1,1,5,1,0,1,0,0,0,0,0.0,1,3,0,0,1,0,0,1
0,9.0,0,0.0,0.0,0.0,0.0,0.0,False,1,2752,1,0,3,6,0,0,1,0,0,0,0,0.0,1,3,1,0,0,0,0,1
1,33.5,0,0.0,0.0,0.0,0.0,0.0,False,1,2752,2,0,3,6,0,0,1,0,0,0,0,0.0,1,3,1,0,0,0,1,0
0,58.0,0,0.0,82.0,0.0,758.0,0.0,True,6,2752,3,0,3,4,0,1,0,0,0,0,0,840.0,0,2,1,0,0,0,0,1
0,39.0,0,0.0,0.0,0.0,0.0,907.0,False,5,2753,1,1,1,4,1,1,0,0,0,0,0,907.0,0,2,1,0,0,0,1,0
0,13.0,0,911.0,1.0,0.0,74.0,0.0,False,2,2754,1,1,1,4,0,1,0,0,0,0,0,986.0,0,2,1,0,0,0,0,1
1,36.0,0,0.0,0.0,0.0,0.0,0.0,True,5,2755,1,1,1,1,0,1,0,0,0,0,0,0.0,1,3,0,1,0,1,0,0
0,23.0,0,253.0,0.0,0.0,888.0,0.0,False,3,2756,1,1,1,5,0,0,1,0,0,0,0,1141.0,0,2,0,0,1,1,0,0
1,24.0,0,0.0,0.0,0.0,0.0,0.0,True,3,2758,1,1,1,6,0,0,1,0,0,0,0,0.0,1,3,1,0,0,0,1,0
0,33.0,0,0.0,0.0,170.0,14.0,810.0,False,5,2759,1,1,1,4,0,1,0,0,0,0,0,994.0,0,2,1,0,0,0,0,1
1,18.0,0,0.0,0.0,0.0,0.0,0.0,False,2,2760,1,0,3,6,1,0,1,0,0,0,0,0.0,1,3,1,0,0,0,0,1
1,2.0,0,0.0,0.0,0.0,0.0,0.0,False,0,2760,2,0,3,6,1,0,1,0,0,0,0,0.0,1,3,1,0,0,0,0,1
1,0.0,0,0.0,0.0,0.0,0.0,0.0,True,0,2760,3,0,3,6,1,0,1,0,0,0,0,0.0,1,3,1,0,0,0,0,1
0,36.0,0,625.0,0.0,260.0,0.0,0.0,False,5,2762,1,0,2,6,1,0,1,0,0,0,0,885.0,0,2,1,0,0,0,0,1
0,15.0,0,254.0,0.0,10.0,180.0,0.0,False,2,2762,2,0,2,6,1,0,1,0,0,0,0,444.0,0,1,1,0,0,1,0,0
0,31.0,0,91.0,756.0,0.0,0.0,12.0,True,4,2763,1,1,1,4,0,1,0,0,0,0,0,859.0,0,2,1,0,0,0,0,1
0,42.0,0,0.0,0.0,213.0,166.0,1209.0,True,5,2764,1,1,1,4,1,1,0,0,0,0,0,1588.0,0,0,1,0,0,0,0,1
0,27.0,0,1502.0,1.0,0.0,0.0,0.0,False,4,2765,1,1,1,5,1,0,1,0,0,0,0,1503.0,0,0,0,0,1,0,0,1
0,36.0,0,123.0,3.0,0.0,7.0,0.0,True,5,2768,1,0,3,5,1,0,1,0,0,0,0,133.0,0,1,1,0,0,0,0,1
0,0.0,0,0.0,0.0,0.0,0.0,0.0,False,0,2768,2,0,3,6,1,0,1,0,0,0,0,0.0,1,3,1,0,0,0,0,1
1,3.0,0,0.0,0.0,0.0,0.0,0.0,False,0,2768,3,0,3,6,1,0,1,0,0,0,0,0.0,1,3,1,0,0,0,0,1
0,22.0,0,0.0,837.0,192.0,0.0,0.0,False,3,2769,1,1,1,5,0,0,1,0,0,0,0,1029.0,0,2,1,0,0,0,1,0
0,56.0,0,0.0,1721.0,0.0,96.0,0.0,False,6,2770,1,1,1,6,1,0,1,0,0,0,0,1817.0,0,0,1,0,0,0,0,1
0,23.0,0,0.0,0.0,0.0,757.0,0.0,False,3,2772,1,1,1,6,1,0,1,0,0,0,0,757.0,0,2,1,0,0,0,0,1
0,25.0,0,314.0,2.0,648.0,92.0,0.0,False,3,2773,1,1,1,3,1,1,0,0,0,0,0,1056.0,0,2,0,0,1,0,0,1
0,29.0,0,3.0,0.0,3.0,0.0,697.0,False,4,2774,1,0,3,5,0,0,1,0,0,0,0,703.0,0,1,1,0,0,0,0,1
0,17.0,0,0.0,1195.0,31.0,0.0,0.0,False,2,2774,2,0,3,5,0,0,1,0,0,0,0,1226.0,0,2,1,0,0,0,0,1
0,13.0,0,412.0,4.0,0.0,0.0,551.0,False,2,2774,3,0,3,5,0,0,1,0,0,0,0,967.0,0,2,1,0,0,0,0,1
0,35.0,0,2301.0,0.0,414.0,0.0,0.0,True,5,2778,1,0,2,3,0,1,0,0,0,0,0,2715.0,0,0,0,0,1,0,0,1
1,53.0,0,2301.0,0.0,0.0,0.0,0.0,True,6,2778,2,0,2,5,0,0,1,0,0,0,0,0.0,1,3,0,0,1,1,0,0
0,24.0,0,14.0,702.0,0.0,0.0,0.0,False,3,2780,1,1,1,5,0,0,1,0,0,0,0,716.0,0,1,1,0,0,0,0,1
1,38.0,0,0.0,0.0,0.0,0.0,0.0,False,5,2781,1,1,1,6,0,0,1,0,0,0,0,0.0,1,3,1,0,0,0,0,1
1,21.0,0,0.0,0.0,0.0,0.0,0.0,True,3,2783,1,0,2,3,0,1,0,0,0,0,0,0.0,1,3,0,1,0,1,0,0
0,29.0,0,2.0,8.0,0.0,2864.0,155.0,False,4,2783,2,0,2,3,0,1,0,0,0,0,0,3029.0,0,0,0,1,0,1,0,0
0,46.0,0,0.0,0.0,1661.0,52.0,8.0,True,5,2784,1,1,1,6,0,0,1,0,0,0,0,1721.0,0,0,1,0,0,0,0,1
1,58.0,0,0.0,0.0,0.0,0.0,0.0,True,6,2785,1,1,1,2,1,1,0,0,0,0,0,0.0,1,3,0,1,0,0,0,1
0,53.0,0,0.0,1.0,0.0,195.0,493.0,True,6,2786,1,1,1,4,1,1,0,0,0,0,0,689.0,0,1,1,0,0,0,1,0
0,21.0,0,13.0,0.0,1098.0,64.0,1.0,False,3,2787,1,1,1,5,1,0,1,0,0,0,0,1176.0,0,2,1,0,0,1,0,0
1,27.0,0,0.0,0.0,0.0,0.0,0.0,False,4,2788,1,1,1,6,0,0,1,0,0,0,0,0.0,1,3,1,0,0,0,1,0
1,31.0,0,0.0,0.0,0.0,0.0,0.0,False,4,2789,1,1,1,6,0,0,1,0,0,0,0,0.0,1,3,1,0,0,0,0,1
1,23.0,0,0.0,0.0,0.0,0.0,0.0,True,3,2790,1,0,5,1,0,1,0,0,0,0,0,0.0,1,3,0,1,0,1,0,0
0,41.0,0,0.0,320.0,4333.0,1313.0,51.0,False,5,2790,2,0,5,1,0,1,0,0,0,0,0,6017.0,0,0,0,1,0,1,0,0
0,29.0,0,3.0,933.0,0.0,674.0,731.0,False,4,2790,3,0,5,1,0,1,0,0,0,0,0,2341.0,0,0,0,1,0,0,0,1
0,54.0,0,0.0,37.0,0.0,4689.0,0.0,False,6,2790,4,0,5,1,0,1,0,0,0,0,0,4726.0,0,0,0,1,0,1,0,0
0,43.0,0,0.0,9923.0,660.0,10.0,266.0,True,5,2790,5,0,5,1,0,1,0,0,0,0,0,10859.0,0,0,0,1,0,1,0,0
1,36.0,0,0.0,0.0,0.0,0.0,0.0,True,5,2792,1,1,1,6,1,0,1,0,0,0,0,0.0,1,3,1,0,0,0,1,0
0,48.0,0,784.0,87.0,0.0,0.0,1.0,True,5,2793,1,1,1,4,0,1,0,0,0,0,0,872.0,0,2,1,0,0,0,0,1
0,34.0,0,10.0,5659.0,15.0,3.0,0.0,True,5,2795,1,0,2,2,1,1,0,0,0,0,0,5687.0,0,0,0,1,0,0,0,1
0,42.0,0,0.0,802.0,0.0,2622.0,671.0,False,5,2795,2,0,2,2,1,1,0,0,0,0,0,4095.0,0,0,0,1,0,0,0,1
0,17.0,0,0.0,0.0,0.0,863.0,0.0,False,2,2796,1,1,1,5,1,0,1,0,0,0,0,863.0,0,2,1,0,0,1,0,0
0,22.0,0,0.0,0.0,0.0,0.0,1345.0,False,3,2797,1,1,1,5,0,0,1,0,0,0,0,1345.0,0,2,1,0,0,0,0,1
0,37.0,0,6.0,437.0,0.0,54.0,3030.0,False,5,2798,1,0,2,0,0,1,0,0,0,0,0,3527.0,0,0,0,1,0,0,0,1
1,38.0,0,0.0,0.0,0.0,0.0,0.0,True,5,2798,2,0,2,0,0,1,0,0,0,0,0,0.0,1,3,0,1,0,1,0,0
0,21.0,0,3.0,0.0,0.0,881.0,0.0,False,3,2799,1,0,2,6,1,0,1,0,0,0,0,884.0,0,2,1,0,0,0,0,1
1,23.0,0,0.0,0.0,0.0,0.0,0.0,True,3,2799,2,0,2,6,1,0,1,0,0,0,0,0.0,1,3,1,0,0,0,1,0
0,27.0,0,1.0,767.0,0.0,13104.0,3657.0,False,4,2801,1,1,1,1,0,1,0,0,0,0,0,17529.0,0,0,0,1,0,0,0,1
0,23.0,0,18.0,2595.0,0.0,0.0,122.0,True,3,2802,1,1,1,5,0,0,1,0,0,0,0,2735.0,0,0,1,0,0,0,0,1
0,19.0,0,0.0,0.0,366.0,268.0,0.0,False,3,2805,1,1,1,5,0,0,1,0,0,0,0,634.0,0,1,1,0,0,0,0,1
0,28.0,0,948.0,0.0,64.0,170.0,0.0,False,4,2806,1,1,1,3,1,1,0,0,0,0,0,1182.0,0,2,0,0,1,0,0,1
0,33.0,0,0.0,0.0,154.0,22.0,820.0,False,5,2807,1,0,3,4,0,1,0,0,0,0,0,996.0,0,2,1,0,0,0,0,1
1,24.0,0,0.0,0.0,0.0,0.0,0.0,False,3,2807,2,0,3,6,0,0,1,0,0,0,0,0.0,1,3,1,0,0,0,1,0
1,0.0,0,0.0,0.0,0.0,0.0,0.0,True,0,2807,3,0,3,6,0,0,1,0,0,0,0,0.0,1,3,1,0,0,0,0,1
1,41.0,0,0.0,0.0,0.0,0.0,0.0,True,5,2809,1,1,1,6,0,0,1,0,0,0,0,0.0,1,3,1,0,0,0,0,1
1,19.0,0,0.0,0.0,0.0,0.0,0.0,False,3,2810,1,1,1,6,0,0,1,0,0,0,0,0.0,1,3,1,0,0,0,0,1
0,44.0,0,0.0,0.0,0.0,0.0,871.0,False,5,2811,1,1,1,5,1,0,1,0,0,0,0,871.0,0,2,1,0,0,0,0,1
0,43.0,0,803.0,0.0,384.0,120.0,0.0,True,5,2812,1,1,1,5,1,0,1,0,0,0,0,1307.0,0,2,0,0,1,1,0,0
1,14.0,0,0.0,0.0,0.0,0.0,0.0,True,2,2813,1,1,1,6,1,0,1,0,0,0,0,0.0,1,3,1,0,0,0,0,1
1,18.0,0,0.0,0.0,0.0,0.0,0.0,True,2,2814,1,1,1,6,0,0,1,0,0,0,0,0.0,1,3,1,0,0,0,1,0
0,25.0,0,237.0,0.0,910.0,0.0,12.0,False,3,2817,1,1,1,5,0,0,1,0,0,0,0,1159.0,0,2,1,0,0,0,0,1
0,0.0,0,0.0,0.0,0.0,0.0,0.0,True,0,2818,1,0,3,5,0,0,1,0,0,0,0,0.0,1,3,0,0,1,0,0,1
1,4.0,0,0.0,0.0,0.0,0.0,0.0,True,0,2818,2,0,3,5,0,0,1,0,0,0,0,0.0,1,3,0,0,1,1,0,0
0,24.0,0,165.0,0.0,981.0,2.0,0.0,True,3,2818,3,0,3,5,0,0,1,0,0,0,0,1148.0,0,2,0,0,1,0,0,1
0,38.0,0,77.0,169.0,0.0,0.0,470.0,False,5,2819,1,1,1,5,0,0,1,0,0,0,0,716.0,0,1,1,0,0,0,0,1
1,44.0,0,0.0,0.0,0.0,0.0,0.0,True,5,2820,1,1,1,6,0,0,1,0,0,0,0,0.0,1,3,1,0,0,0,0,1
1,57.0,0,0.0,0.0,0.0,0.0,0.0,True,6,2821,1,1,1,6,0,0,1,0,0,0,0,0.0,1,3,1,0,0,1,0,0
1,3.0,0,0.0,0.0,0.0,0.0,0.0,True,0,2822,1,0,5,6,1,0,1,0,0,0,0,0.0,1,3,1,0,0,1,0,0
1,5.0,0,0.0,0.0,0.0,0.0,0.0,False,1,2822,2,0,5,6,1,0,1,0,0,0,0,0.0,1,3,1,0,0,0,0,1
1,3.0,0,0.0,0.0,0.0,0.0,0.0,True,0,2822,3,0,5,6,1,0,1,0,0,0,0,0.0,1,3,1,0,0,1,0,0
1,18.0,0,0.0,0.0,0.0,0.0,0.0,True,2,2822,4,0,5,6,1,0,1,0,0,0,0,0.0,1,3,1,0,0,1,0,0
1,8.0,0,0.0,0.0,0.0,0.0,0.0,False,1,2822,5,0,5,6,1,0,1,0,0,0,0,0.0,1,3,1,0,0,0,0,1
1,21.0,0,0.0,0.0,0.0,0.0,0.0,True,3,2823,1,1,1,5,0,0,1,0,0,0,0,0.0,1,3,0,0,1,0,0,1
1,35.0,0,0.0,0.0,0.0,0.0,0.0,True,5,2824,1,1,1,2,1,1,0,0,0,0,0,0.0,1,3,0,1,0,1,0,0
0,47.0,0,0.0,0.0,0.0,0.0,0.0,True,5,2825,1,1,1,5,1,0,1,0,0,0,0,0.0,1,3,0,0,1,0,0,1
0,28.0,0,1581.0,213.0,0.0,18.0,3051.0,False,4,2826,1,0,2,2,0,1,0,0,0,0,0,4863.0,0,0,0,1,0,1,0,0
0,49.0,0,20.0,6807.0,174.0,3538.0,2473.0,False,5,2826,2,0,2,2,0,1,0,0,0,0,0,13012.0,0,0,0,1,0,0,0,1
0,23.0,0,0.0,824.0,0.0,495.0,1479.0,True,3,2831,1,0,2,3,0,1,0,0,0,0,0,2798.0,0,0,0,1,0,0,0,1
0,19.0,0,0.0,1.0,0.0,2085.0,55.0,False,3,2831,2,0,2,3,0,1,0,0,0,0,0,2141.0,0,0,0,1,0,0,0,1
0,34.0,0,0.0,250.0,23.0,0.0,514.0,False,5,2832,1,1,1,4,0,1,0,0,0,0,0,787.0,0,2,1,0,0,0,0,1
0,40.0,1,0.0,11.0,0.0,2205.0,1295.0,True,5,2834,1,1,1,2,1,1,0,0,0,0,0,3511.0,0,0,0,1,0,0,0,1
0,26.0,1,0.0,186.0,0.0,548.0,5058.0,False,4,2835,1,1,1,0,0,1,0,0,0,0,0,5792.0,0,0,0,1,0,1,0,0
0,23.0,0,0.0,0.0,0.0,3.0,1919.0,False,3,2837,1,1,1,5,0,0,1,0,0,0,0,1922.0,0,0,1,0,0,0,1,0
0,22.0,0,0.0,0.0,0.0,0.0,0.0,False,3,2838,1,1,1,4,0,1,0,0,0,0,0,0.0,1,3,0,0,1,0,0,1
0,51.0,0,1.0,3935.0,0.0,146.0,0.0,True,6,2839,1,1,1,2,1,1,0,0,0,0,0,4082.0,0,0,0,1,0,0,0,1
0,44.0,0,672.0,0.0,0.0,0.0,20.0,False,5,2840,1,1,1,5,1,0,1,0,0,0,0,692.0,0,1,1,0,0,1,0,0
0,50.0,0,357.0,0.0,657.0,0.0,0.0,False,5,2843,1,1,1,4,0,1,0,0,0,0,0,1014.0,0,2,0,0,1,0,0,1
1,28.0,0,0.0,0.0,0.0,0.0,0.0,True,4,2846,1,1,1,6,1,0,1,0,0,0,0,0.0,1,3,1,0,0,0,0,1
1,13.0,0,0.0,0.0,0.0,0.0,0.0,True,2,2847,1,1,1,6,0,0,1,0,0,0,0,0.0,1,3,1,0,0,0,0,1
0,21.0,0,33.0,126.0,0.0,461.0,0.0,False,3,2852,1,1,1,6,0,0,1,0,0,0,0,620.0,0,1,1,0,0,0,0,1
0,20.0,0,56.0,757.0,111.0,0.0,0.0,True,3,2853,1,1,1,5,1,0,1,0,0,0,0,924.0,0,2,1,0,0,0,0,1
0,14.0,0,0.0,0.0,14.0,692.0,809.0,False,2,2854,1,1,1,5,0,0,1,0,0,0,0,1515.0,0,0,1,0,0,1,0,0
0,38.0,0,0.0,896.0,0.0,0.0,4168.0,False,5,2856,1,1,1,2,1,1,0,0,0,0,0,5064.0,0,0,0,1,0,1,0,0
0,29.0,0,631.0,0.0,0.0,40.0,0.0,False,4,2857,1,1,1,5,1,0,1,0,0,0,0,671.0,0,1,1,0,0,0,1,0
1,36.0,0,0.0,0.0,0.0,0.0,0.0,True,5,2858,1,0,3,2,1,1,0,0,0,0,0,0.0,1,3,0,1,0,0,0,1
1,16.0,0,0.0,0.0,0.0,0.0,0.0,True,2,2858,2,0,3,2,1,1,0,0,0,0,0,0.0,1,3,0,1,0,0,0,1
1,40.0,0,0.0,0.0,0.0,0.0,0.0,True,5,2858,3,0,3,2,1,1,0,0,0,0,0,0.0,1,3,0,1,0,0,0,1
1,27.0,0,0.0,0.0,0.0,0.0,0.0,True,5,2859,1,1,1,2,0,1,0,0,0,0,0,0.0,1,3,0,1,0,1,0,0
0,18.0,0,154.0,22.0,77.0,1053.0,0.0,True,2,2860,1,1,1,5,1,0,1,0,0,0,0,1306.0,0,2,1,0,0,0,1,0
0,17.0,0,5.0,756.0,0.0,0.0,0.0,True,2,2861,1,1,1,5,1,0,1,0,0,0,0,761.0,0,2,1,0,0,0,0,1
1,32.0,0,0.0,0.0,0.0,0.0,0.0,True,4,2862,1,1,1,4,1,1,0,0,0,0,0,0.0,1,3,0,0,1,0,0,1
0,27.0,0,0.0,2.0,49.0,0.0,801.0,False,4,2863,1,1,1,6,0,0,1,0,0,0,0,852.0,0,2,1,0,0,0,0,1
0,34.0,0,2904.0,23.0,7.0,0.0,81.0,False,5,2865,1,0,2,3,0,1,0,0,0,0,0,3015.0,0,0,0,0,1,0,0,1
0,53.0,0,520.0,0.0,442.0,0.0,0.0,True,6,2865,2,0,2,3,0,1,0,0,0,0,0,962.0,0,2,0,0,1,0,0,1
1,36.0,1,0.0,0.0,0.0,0.0,0.0,True,5,2866,1,1,1,2,1,1,0,0,0,0,0,0.0,1,3,0,1,0,0,0,1
0,41.0,0,71.0,0.0,1617.0,31.0,0.0,False,5,2867,1,0,2,3,0,1,0,0,0,0,0,1719.0,0,0,0,0,1,0,0,1
0,51.0,0,819.0,4.0,92.0,38.0,0.0,False,6,2867,2,0,2,4,0,1,0,0,0,0,0,953.0,0,2,0,0,1,0,0,1
1,61.0,0,0.0,0.0,0.0,0.0,0.0,True,6,2869,1,1,1,6,0,0,1,0,0,0,0,0.0,1,3,1,0,0,0,1,0
0,59.0,0,0.0,0.0,1.0,920.0,1.0,True,6,2870,1,1,1,6,1,0,1,0,0,0,0,922.0,0,2,1,0,0,0,0,1
1,17.0,0,0.0,0.0,0.0,0.0,0.0,True,2,2871,1,0,2,1,0,1,0,0,0,0,0,0.0,1,3,0,1,0,0,0,1
1,27.0,0,0.0,0.0,0.0,0.0,0.0,True,4,2871,2,0,2,1,0,1,0,0,0,0,0,0.0,1,3,0,1,0,0,0,1
0,57.0,0,0.0,1431.0,0.0,30.0,337.0,True,6,2872,1,1,1,6,1,0,1,0,0,0,0,1798.0,0,0,1,0,0,0,1,0
0,39.0,0,2127.0,0.0,23.0,0.0,0.0,False,5,2873,1,1,1,4,1,1,0,0,0,0,0,2150.0,0,0,0,0,1,1,0,0
1,55.0,0,0.0,0.0,0.0,0.0,0.0,True,6,2875,1,1,1,1,1,1,0,0,0,0,0,0.0,1,3,0,1,0,1,0,0
0,42.0,0,173.0,656.0,0.0,0.0,23.0,False,5,2876,1,1,1,6,1,0,1,0,0,0,0,852.0,0,2,1,0,0,0,0,1
0,36.0,0,418.0,40.0,7.0,338.0,0.0,False,5,2877,1,1,1,5,0,0,1,0,0,0,0,803.0,0,2,1,0,0,0,0,1
0,42.0,0,44.0,0.0,3648.0,0.0,9.0,True,5,2878,1,1,1,5,0,0,1,0,0,0,0,3701.0,0,0,0,0,1,0,0,1
1,32.0,0,0.0,0.0,0.0,0.0,0.0,False,4,2880,1,1,1,6,0,0,1,0,0,0,0,0.0,1,3,1,0,0,0,1,0
0,6.0,0,0.0,0.0,0.0,0.0,0.0,False,1,2881,1,1,1,6,1,0,1,0,0,0,0,0.0,1,3,1,0,0,1,0,0
1,15.0,0,0.0,0.0,0.0,0.0,0.0,False,2,2882,1,1,1,6,1,0,1,0,0,0,0,0.0,1,3,1,0,0,0,0,1
0,28.0,0,0.0,93.0,1282.0,0.0,0.0,True,4,2883,1,1,1,5,0,0,1,0,0,0,0,1375.0,0,2,1,0,0,0,0,1
0,37.0,0,912.0,0.0,0.0,0.0,0.0,False,5,2884,1,1,1,3,0,1,0,0,0,0,0,912.0,0,2,0,0,1,0,0,1
0,44.0,0,0.0,0.0,744.0,62.0,3.0,False,5,2887,1,1,1,6,1,0,1,0,0,0,0,809.0,0,2,1,0,0,0,0,1
0,71.0,1,901.0,0.0,1698.0,0.0,0.0,False,6,2888,1,1,1,5,0,0,1,0,0,0,0,2599.0,0,0,0,0,1,0,0,1
0,44.0,0,0.0,351.0,0.0,3.0,3447.0,False,5,2890,1,0,2,1,0,1,0,0,0,0,0,3801.0,0,0,0,1,0,0,0,1
1,36.0,0,0.0,0.0,0.0,0.0,0.0,True,5,2890,2,0,2,1,0,1,0,0,0,0,0,0.0,1,3,0,1,0,0,0,1
0,18.0,0,4.0,904.0,0.0,0.0,1.0,False,2,2891,1,1,1,6,1,0,1,0,0,0,0,909.0,0,2,1,0,0,0,0,1
0,3.0,0,0.0,0.0,0.0,0.0,0.0,True,0,2892,1,0,5,6,0,0,1,0,0,0,0,0.0,1,3,1,0,0,0,1,0
1,12.0,0,0.0,0.0,0.0,0.0,0.0,False,1,2892,2,0,5,6,0,0,1,0,0,0,0,0.0,1,3,1,0,0,1,0,0
1,0.0,0,0.0,0.0,0.0,0.0,0.0,True,0,2892,3,0,5,6,0,0,1,0,0,0,0,0.0,1,3,1,0,0,1,0,0
0,29.0,0,0.0,1311.0,0.0,0.0,0.0,False,4,2892,4,0,5,5,0,0,1,0,0,0,0,1311.0,0,2,1,0,0,0,0,1
0,9.0,0,0.0,0.0,0.0,0.0,0.0,False,1,2892,5,0,5,6,0,0,1,0,0,0,0,0.0,1,3,1,0,0,0,0,1
0,27.0,0,688.0,307.0,779.0,0.0,19.0,False,4,2893,1,1,1,6,0,0,1,0,0,0,0,1793.0,0,0,1,0,0,1,0,0
0,24.0,0,0.0,0.0,443.0,244.0,1.0,False,3,2894,1,1,1,5,0,0,1,0,0,0,0,688.0,0,1,1,0,0,0,1,0
0,38.0,0,1.0,0.0,288.0,0.0,556.0,True,5,2897,1,1,1,6,1,0,1,0,0,0,0,845.0,0,2,1,0,0,0,0,1
0,28.0,0,523.0,0.0,0.0,970.0,0.0,False,4,2899,1,1,1,5,0,0,0,1,0,0,0,1493.0,0,0,0,0,1,0,0,1
1,26.0,0,0.0,0.0,0.0,0.0,0.0,True,4,2900,1,1,1,5,1,0,1,0,0,0,0,0.0,1,3,0,0,1,0,0,1
0,16.0,0,0.0,20.0,0.0,300.0,681.0,False,2,2901,1,0,2,5,0,0,0,1,0,0,0,1001.0,0,2,1,0,0,0,0,1
0,24.0,0,0.0,2.0,25.0,300.0,707.0,True,3,2901,2,0,2,5,0,0,0,1,0,0,0,734.0,0,2,1,0,0,0,1,0
0,33.0,0,123.0,760.0,0.0,0.0,0.0,False,5,2902,1,1,1,6,0,0,1,0,0,0,0,883.0,0,2,1,0,0,0,0,1
0,24.0,0,489.0,0.0,0.0,0.0,0.0,False,3,2905,1,1,1,6,1,0,1,0,0,0,0,489.0,0,1,1,0,0,1,0,0
0,29.0,0,1.0,0.0,133.0,104.0,574.0,False,4,2906,1,1,1,6,1,0,1,0,0,0,0,812.0,0,2,1,0,0,0,0,1
0,25.0,0,0.0,9.0,2005.0,0.0,5.0,True,3,2907,1,1,1,5,1,0,1,0,0,0,0,2019.0,0,0,1,0,0,0,0,1
0,0.0,0,0.0,0.0,0.0,0.0,0.0,False,0,2908,1,0,2,6,1,0,1,0,0,0,0,0.0,1,3,1,0,0,0,0,1
0,13.0,0,649.0,2.0,0.0,124.0,143.0,False,2,2908,2,0,2,5,1,0,1,0,0,0,0,918.0,0,2,1,0,0,0,0,1
1,7.0,0,0.0,0.0,0.0,0.0,0.0,False,1,2909,1,1,1,6,0,0,1,0,0,0,0,0.0,1,3,1,0,0,1,0,0
0,32.0,0,0.0,0.0,736.0,0.0,0.0,False,4,2910,1,1,1,5,0,0,0,1,0,0,0,736.0,0,2,1,0,0,0,1,0
1,34.0,0,0.0,0.0,0.0,0.0,0.0,False,5,2912,1,1,1,4,0,1,0,0,0,0,0,0.0,1,3,0,0,1,0,0,1
0,49.0,0,21.0,25.0,1509.0,0.0,1042.0,False,5,2913,1,1,1,5,0,0,0,1,0,0,0,2597.0,0,0,0,0,1,0,0,1
0,43.0,0,13.0,2119.0,315.0,0.0,261.0,True,5,2919,1,0,3,3,1,1,0,0,0,0,0,2708.0,0,0,0,0,1,0,0,1
0,0.0,0,0.0,0.0,0.0,0.0,0.0,True,0,2919,2,0,3,5,1,0,1,0,0,0,0,0.0,1,3,0,0,1,0,0,1
1,6.0,0,6.5,0.0,0.0,0.0,0.0,True,1,2919,3,0,3,5,1,0,1,0,0,0,0,0.0,1,3,0,0,1,0,0,1
0,23.0,0,0.0,179.0,569.0,0.0,0.0,True,3,2920,1,1,1,5,0,0,0,1,0,0,0,748.0,0,2,1,0,0,0,0,1
0,43.0,0,336.0,11.0,796.0,15.0,0.0,True,5,2925,1,0,2,5,0,0,0,1,0,0,0,1158.0,0,2,0,0,1,0,0,1
1,23.0,0,0.0,0.0,0.0,0.0,0.0,True,3,2925,2,0,2,5,0,0,0,1,0,0,0,0.0,1,3,0,0,1,1,0,0
0,43.0,0,828.0,25.0,545.0,107.0,0.0,False,5,2926,1,1,1,5,1,0,1,0,0,0,0,1505.0,0,0,0,0,1,0,0,1
1,41.0,0,0.0,0.0,0.0,0.0,0.0,True,5,2927,1,1,1,5,0,0,0,1,0,0,0,0.0,1,3,0,0,1,1,0,0
0,54.0,1,0.0,2062.0,2.0,19.0,1618.0,False,6,2928,1,0,3,1,0,1,0,0,0,0,0,3701.0,0,0,0,1,0,1,0,0
1,51.0,0,0.0,0.0,1.0,0.0,0.0,True,6,2928,2,0,3,1,0,1,0,0,0,0,0,0.0,1,3,0,1,0,0,0,1
1,44.0,0,0.0,0.0,0.0,0.0,0.0,True,5,2928,3,0,3,1,0,1,0,0,0,0,0,0.0,1,3,0,1,0,0,0,1
1,48.0,0,0.0,0.0,0.0,0.0,0.0,True,5,2929,1,1,1,6,1,0,1,0,0,0,0,0.0,1,3,1,0,0,0,1,0
0,45.0,0,0.0,9.0,0.0,857.0,16.0,False,5,2930,1,1,1,6,0,0,1,0,0,0,0,882.0,0,2,1,0,0,0,0,1
0,20.0,0,0.0,689.0,0.0,0.0,0.0,False,3,2934,1,1,1,5,1,0,1,0,0,0,0,689.0,0,1,1,0,0,0,1,0
0,33.0,0,0.0,28.0,0.0,6841.0,543.0,False,5,2935,1,1,1,7,0,1,0,0,0,0,0,7412.0,0,0,0,1,0,0,0,1
0,21.0,0,15.0,30.0,11.0,2.0,388.0,False,3,2936,1,1,1,6,1,0,1,0,0,0,0,446.0,0,1,1,0,0,0,0,1
1,68.0,0,0.0,0.0,0.0,0.0,0.0,True,6,2938,1,1,1,2,0,1,0,0,0,0,0,0.0,1,3,0,1,0,0,0,1
0,23.0,0,5.0,308.0,363.0,7.0,0.0,True,3,2940,1,1,1,5,0,0,0,1,0,0,0,683.0,0,1,1,0,0,0,1,0
0,16.0,0,24.0,0.0,13.0,717.0,0.0,False,2,2941,1,1,1,6,0,0,1,0,0,0,0,754.0,0,2,1,0,0,0,0,1
0,35.0,0,198.0,44.0,97.0,30.0,510.0,False,5,2942,1,1,1,5,1,0,1,0,0,0,0,879.0,0,2,1,0,0,0,0,1
1,22.0,0,0.0,0.0,0.0,0.0,0.0,False,3,2943,1,1,1,6,0,0,1,0,0,0,0,0.0,1,3,1,0,0,0,0,1
0,51.0,0,214.0,3.0,16.0,569.0,0.0,False,6,2944,1,0,4,5,1,0,1,0,0,0,0,802.0,0,2,1,0,0,0,0,1
0,2.0,0,0.0,0.0,0.0,0.0,0.0,False,0,2944,2,0,4,6,1,0,1,0,0,0,0,0.0,1,3,1,0,0,0,1,0
1,29.0,0,0.0,0.0,0.0,0.0,0.0,False,4,2944,3,0,4,6,1,0,1,0,0,0,0,0.0,1,3,1,0,0,1,0,0
0,0.0,0,0.0,0.0,0.0,0.0,0.0,True,0,2944,4,0,4,6,1,0,1,0,0,0,0,0.0,1,3,1,0,0,0,0,1
1,39.0,0,0.0,0.0,0.0,0.0,0.0,True,5,2945,1,1,1,6,0,0,1,0,0,0,0,0.0,1,3,1,0,0,1,0,0
0,55.0,0,0.0,1971.0,77.0,577.0,1050.0,True,6,2948,1,1,1,2,1,1,0,0,0,0,0,3675.0,0,0,0,1,0,0,0,1
1,22.0,0,0.0,0.0,0.0,0.0,0.0,False,3,2949,1,1,1,6,0,0,1,0,0,0,0,0.0,1,3,1,0,0,0,0,1
0,20.0,0,310.0,0.0,374.0,0.0,5.0,False,3,2950,1,1,1,5,0,0,0,1,0,0,0,689.0,0,1,1,0,0,0,0,1
0,25.0,0,0.0,641.0,0.0,2.0,0.0,True,3,2953,1,1,1,4,0,1,0,0,0,0,0,643.0,0,1,1,0,0,1,0,0
0,18.0,0,235.0,0.0,101.0,0.0,316.0,True,2,2954,1,1,1,5,0,0,0,1,0,0,0,652.0,0,1,1,0,0,1,0,0
0,28.0,0,3.0,141.0,0.0,0.0,1689.0,False,4,2956,1,1,1,6,1,0,1,0,0,0,0,1833.0,0,0,1,0,0,0,1,0
0,26.0,0,1822.0,0.0,4.0,107.0,1204.0,False,4,2958,1,1,1,5,1,0,1,0,0,0,0,3137.0,0,0,1,0,0,0,0,1
0,28.0,0,1.0,0.0,933.0,614.0,0.0,False,4,2959,1,1,1,5,0,0,0,1,0,0,0,1548.0,0,0,1,0,0,0,1,0
0,54.0,0,0.0,0.0,0.0,0.0,0.0,False,6,2960,1,1,1,5,1,0,1,0,0,0,0,0.0,1,3,1,0,0,0,0,1
0,56.0,0,0.0,54.0,0.0,724.0,0.0,False,6,2961,1,1,1,5,0,0,0,1,0,0,0,778.0,0,2,1,0,0,0,0,1
0,25.0,0,1228.0,0.0,132.0,0.0,0.0,False,3,2962,1,1,1,4,0,1,0,0,0,0,0,1360.0,0,2,0,0,1,0,0,1
0,26.0,0,2050.0,8525.0,0.0,270.0,636.0,False,4,2964,1,1,1,0,1,1,0,0,0,0,0,11481.0,0,0,0,1,0,0,0,1
0,14.0,0,0.0,0.0,709.0,258.0,3.0,False,2,2965,1,1,1,5,0,0,0,1,0,0,0,970.0,0,2,1,0,0,0,0,1
0,21.0,0,2.0,417.0,323.0,0.0,84.0,True,3,2966,1,1,1,4,0,1,0,0,0,0,0,826.0,0,2,1,0,0,0,0,1
1,43.0,0,0.0,0.0,0.0,0.0,0.0,True,5,2968,1,1,1,6,0,0,1,0,0,0,0,0.0,1,3,1,0,0,0,0,1
0,37.0,0,221.0,0.0,32.0,38.0,516.0,False,5,2969,1,1,1,6,0,0,1,0,0,0,0,807.0,0,2,1,0,0,0,0,1
0,27.0,0,740.0,82.0,6.0,0.0,1.0,False,5,2970,1,1,1,5,1,0,1,0,0,0,0,829.0,0,2,1,0,0,0,0,1
0,38.0,0,0.0,3135.0,0.0,26.0,3.0,True,5,2971,1,1,1,7,0,1,0,0,0,0,0,3164.0,0,0,0,1,0,0,0,1
0,14.0,0,0.0,1.0,1441.0,0.0,190.0,True,2,2972,1,1,1,4,0,1,0,0,0,0,0,1632.0,0,0,1,0,0,0,0,1
0,20.0,0,0.0,0.0,585.0,0.0,10.0,False,3,2975,1,1,1,5,1,0,1,0,0,0,0,595.0,0,1,1,0,0,0,1,0
0,33.0,0,0.0,0.0,0.0,0.0,0.0,False,5,2979,1,1,1,1,0,1,0,0,0,0,0,0.0,1,3,0,1,0,0,0,1
1,33.0,0,0.0,0.0,0.0,0.0,0.0,True,5,2982,1,1,1,1,1,1,0,0,0,0,0,0.0,1,3,0,1,0,1,0,0
0,13.0,0,0.0,0.0,31.0,0.0,810.0,True,2,2983,1,1,1,4,0,1,0,0,0,0,0,841.0,0,2,1,0,0,0,0,1
0,37.0,0,0.0,210.0,0.0,4114.0,0.0,False,5,2984,1,1,1,3,1,1,0,0,0,0,0,4324.0,0,0,0,1,0,0,0,1
0,15.0,0,5711.0,0.0,2516.0,0.0,1370.0,False,2,2986,1,1,1,4,1,1,0,0,0,0,0,9597.0,0,0,0,0,1,0,0,1
0,33.0,0,396.0,1280.0,7.0,308.0,4941.0,False,5,2988,1,1,1,0,1,1,0,0,0,0,0,6932.0,0,0,0,1,0,1,0,0
1,24.0,0,0.0,0.0,0.0,0.0,0.0,True,3,2990,1,1,1,6,1,0,1,0,0,0,0,0.0,1,3,1,0,0,0,1,0
0,49.0,0,0.0,0.0,0.0,160.0,528.0,False,5,2992,1,1,1,5,1,0,1,0,0,0,0,688.0,0,1,1,0,0,0,1,0
0,24.0,0,1252.0,6.0,0.0,123.0,706.0,False,3,2993,1,1,1,5,1,0,1,0,0,0,0,2087.0,0,0,1,0,0,0,0,1
0,24.0,0,173.0,0.0,14.0,0.0,603.0,False,3,2994,1,1,1,4,1,1,0,0,0,0,0,790.0,0,2,1,0,0,0,0,1
1,26.0,0,0.0,0.0,0.0,0.0,0.0,True,4,2995,1,0,2,1,0,1,0,0,0,0,0,0.0,1,3,0,1,0,1,0,0
1,40.0,0,0.0,0.0,0.0,0.0,0.0,True,5,2995,2,0,2,1,0,1,0,0,0,0,0,0.0,1,3,0,1,0,1,0,0
0,31.0,0,0.0,611.0,2.0,4.0,22.0,False,4,2996,1,1,1,5,0,0,0,1,0,0,0,639.0,0,1,1,0,0,1,0,0
0,47.0,0,0.0,5252.0,0.0,124.0,300.0,True,5,2998,1,1,1,2,1,1,0,0,0,0,0,5676.0,0,0,0,1,0,0,0,1
0,19.0,0,736.0,0.0,0.0,0.0,1.0,False,3,3000,1,1,1,5,0,0,0,1,0,0,0,737.0,0,2,1,0,0,0,0,1
0,38.0,1,0.0,1577.0,0.0,425.0,4359.0,False,5,3001,1,0,2,2,0,1,0,0,0,0,0,6361.0,0,0,0,1,0,1,0,0
0,33.0,0,0.0,1001.0,2280.0,425.0,29.0,True,5,3001,2,0,2,2,0,1,0,0,0,0,0,3310.0,0,0,0,1,0,1,0,0
1,45.0,0,0.0,0.0,0.0,0.0,0.0,True,5,3003,1,1,1,2,1,1,0,0,0,0,0,0.0,1,3,0,1,0,0,0,1
1,1.0,0,0.0,0.0,0.0,0.0,0.0,True,0,3004,1,0,2,6,1,0,1,0,0,0,0,0.0,1,3,1,0,0,0,0,1
0,32.0,0,0.0,53.0,0.0,744.0,0.0,False,4,3004,2,0,2,5,1,0,1,0,0,0,0,797.0,0,2,1,0,0,0,0,1
1,70.0,0,0.0,0.0,0.0,0.0,0.0,True,6,3005,1,1,1,5,1,0,1,0,0,0,0,0.0,1,3,0,0,1,0,0,1
0,19.0,0,23.0,0.0,0.0,0.0,732.0,False,3,3006,1,1,1,6,1,0,1,0,0,0,0,755.0,0,2,1,0,0,0,1,0
1,55.0,0,0.0,0.0,0.0,0.0,0.0,True,6,3009,1,1,1,4,0,1,0,0,0,0,0,0.0,1,3,0,0,1,0,1,0
0,48.0,0,0.0,8403.0,0.0,7627.0,83.0,False,5,3010,1,1,1,1,0,1,0,0,0,0,0,16113.0,0,0,0,1,0,0,0,1
0,66.0,0,1187.0,1.0,0.0,6.0,0.0,False,6,3012,1,1,1,6,1,0,1,0,0,0,0,1194.0,0,2,1,0,0,0,0,1
0,13.0,0,0.0,256.0,0.0,207.0,409.0,False,2,3013,1,1,1,5,0,0,0,1,0,0,0,872.0,0,2,1,0,0,0,0,1
0,40.0,0,82.0,1390.0,0.0,347.0,6237.0,False,5,3014,1,1,1,2,1,1,0,0,0,0,0,8056.0,0,0,0,1,0,1,0,0
0,35.0,0,0.0,1438.0,0.0,112.0,74.0,True,5,3015,1,1,1,4,1,1,0,0,0,0,0,1624.0,0,0,1,0,0,0,0,1
0,32.0,0,0.0,49.0,2.0,639.0,0.0,False,4,3018,1,1,1,5,0,0,0,1,0,0,0,690.0,0,1,1,0,0,0,0,1
0,51.0,0,1644.0,0.0,234.0,157.0,64.0,False,6,3019,1,1,1,4,0,1,0,0,0,0,0,2099.0,0,0,0,0,1,0,0,1
0,37.0,0,0.0,216.0,0.0,5391.0,3372.0,False,5,3020,1,1,1,1,1,1,0,0,0,0,0,8979.0,0,0,0,1,0,0,0,1
0,31.0,0,517.0,1.0,301.0,60.0,4.0,False,4,3021,1,0,2,6,1,0,1,0,0,0,0,883.0,0,2,1,0,0,0,0,1
0,37.0,0,608.0,0.0,6.0,0.0,1637.0,False,5,3021,2,0,2,5,1,0,1,0,0,0,0,2251.0,0,0,1,0,0,0,0,1
0,38.0,0,0.0,3331.0,270.0,2.0,3510.0,False,5,3022,1,0,2,2,0,1,0,0,0,0,0,7113.0,0,0,0,1,0,0,0,1
0,19.0,0,0.0,329.0,0.0,3154.0,312.0,False,3,3022,2,0,2,2,0,1,0,0,0,0,0,3795.0,0,0,0,1,0,1,0,0
1,33.0,0,0.0,0.0,0.0,0.0,0.0,True,5,3023,1,1,1,5,0,0,0,1,0,0,0,0.0,1,3,0,0,1,0,0,1
0,19.0,0,0.0,0.0,1752.0,187.0,0.0,True,3,3024,1,1,1,5,0,0,0,1,0,0,0,1939.0,0,0,1,0,0,0,0,1
0,31.0,0,2.0,788.0,0.0,128.0,9.0,True,4,3025,1,0,2,6,1,0,1,0,0,0,0,927.0,0,2,1,0,0,0,0,1
0,43.0,0,45.0,8.0,0.0,607.0,44.0,False,5,3025,2,0,2,6,1,0,1,0,0,0,0,704.0,0,1,1,0,0,0,0,1
1,22.0,0,0.0,0.0,0.0,0.0,0.0,False,3,3026,1,1,1,6,0,0,1,0,0,0,0,0.0,1,3,1,0,0,0,0,1
1,24.0,0,0.0,0.0,0.0,0.0,0.0,False,3,3027,1,1,1,6,0,0,1,0,0,0,0,0.0,1,3,1,0,0,0,0,1
0,21.0,0,0.0,878.0,82.0,360.0,1784.0,False,3,3029,1,0,2,2,0,1,0,0,0,0,0,3104.0,0,0,0,1,0,1,0,0
0,14.0,0,0.0,0.0,0.0,0.0,0.0,True,2,3029,2,0,2,2,0,1,0,0,0,0,0,0.0,1,3,0,1,0,0,0,1
0,30.0,0,728.0,2551.0,0.0,48.0,1804.0,True,4,3030,1,0,2,1,0,1,0,0,0,0,0,5131.0,0,0,0,1,0,1,0,0
1,22.0,0,0.0,0.0,0.0,0.0,0.0,True,3,3030,2,0,2,1,0,1,0,0,0,0,0,0.0,1,3,0,1,0,0,0,1
0,11.0,0,0.0,0.0,0.0,0.0,0.0,False,1,3032,1,0,4,6,1,0,1,0,0,0,0,0.0,1,3,1,0,0,0,0,1
1,4.0,0,0.0,0.0,0.0,0.0,0.0,False,0,3032,2,0,4,6,1,0,1,0,0,0,0,0.0,1,3,1,0,0,0,0,1
0,0.0,0,0.0,0.0,0.0,0.0,0.0,False,0,3032,3,0,4,6,1,0,1,0,0,0,0,0.0,1,3,1,0,0,0,0,1
0,30.0,0,479.0,12.0,25.0,643.0,283.0,False,4,3032,4,0,4,5,1,0,1,0,0,0,0,1442.0,0,0,1,0,0,0,0,1
0,21.0,0,0.0,27.0,1181.0,0.0,513.0,False,3,3033,1,1,1,6,1,0,1,0,0,0,0,1721.0,0,0,1,0,0,0,1,0
0,40.0,0,0.0,0.0,0.0,0.0,0.0,False,5,3034,1,1,1,5,1,0,1,0,0,0,0,0.0,1,3,0,1,0,0,0,1
0,57.0,0,506.0,0.0,1.0,178.0,0.0,False,6,3036,1,1,1,5,0,0,0,1,0,0,0,685.0,0,1,1,0,0,0,1,0
0,35.0,0,1228.0,0.0,0.0,0.0,0.0,False,5,3038,1,1,1,5,1,0,1,0,0,0,0,1228.0,0,2,0,0,1,0,0,1
0,32.0,0,0.0,0.0,0.0,0.0,0.0,False,4,3039,1,1,1,0,1,1,0,0,0,0,0,0.0,1,3,0,1,0,0,0,1
0,32.0,0,2616.0,0.0,2.0,5.0,0.0,False,4,3040,1,1,1,5,1,0,1,0,0,0,0,2623.0,0,0,0,0,1,0,0,1
0,30.0,0,0.0,0.0,301.0,0.0,437.0,False,4,3042,1,1,1,5,1,0,1,0,0,0,0,738.0,0,2,1,0,0,0,0,1
0,69.0,0,577.0,139.0,0.0,0.0,0.0,False,6,3044,1,1,1,5,0,0,0,1,0,0,0,716.0,0,1,1,0,0,0,0,1
1,21.0,0,0.0,0.0,0.0,0.0,0.0,False,3,3045,1,1,1,6,1,0,1,0,0,0,0,0.0,1,3,1,0,0,0,0,1
1,17.0,0,0.0,0.0,0.0,0.0,0.0,True,2,3047,1,0,2,4,0,1,0,0,0,0,0,0.0,1,3,0,0,1,0,1,0
0,16.0,0,995.0,0.0,6.0,48.0,0.0,False,2,3047,2,0,2,4,0,1,0,0,0,0,0,1049.0,0,2,0,0,1,0,0,1
1,25.0,0,0.0,0.0,0.0,0.0,0.0,False,3,3048,1,1,1,4,1,1,0,0,0,0,0,0.0,1,3,0,0,1,0,0,1
0,25.0,0,1586.0,2342.0,947.0,1.0,276.0,True,3,3050,1,1,1,4,0,1,0,0,0,0,0,5152.0,0,0,0,1,0,0,0,1
0,52.0,0,0.0,2.0,0.0,10976.0,810.0,False,6,3053,1,1,1,5,1,0,1,0,0,0,0,11788.0,0,0,0,1,0,1,0,0
0,13.0,0,578.0,77.0,0.0,306.0,5.0,False,2,3054,1,1,1,5,1,0,1,0,0,0,0,966.0,0,2,1,0,0,0,0,1
0,37.0,0,1086.0,0.0,0.0,41.0,0.0,False,5,3055,1,1,1,5,0,0,0,1,0,0,0,1127.0,0,2,1,0,0,0,0,1
0,13.0,0,760.0,2.0,2.0,0.0,0.0,False,2,3060,1,0,3,5,1,0,1,0,0,0,0,764.0,0,2,0,0,1,0,0,1
0,45.0,0,3309.0,0.0,10.0,0.0,0.0,False,5,3060,2,0,3,3,1,1,0,0,0,0,0,3319.0,0,0,0,0,1,0,0,1
0,55.0,0,0.0,0.0,0.0,0.0,0.0,False,6,3060,3,0,3,4,1,1,0,0,0,0,0,0.0,1,3,0,0,1,0,0,1
0,22.0,0,664.0,0.0,0.0,65.0,0.0,False,3,3061,1,0,2,5,0,0,0,1,0,0,0,729.0,0,2,1,0,0,0,0,1
0,39.0,0,0.0,0.0,0.0,1745.0,72.0,False,5,3061,2,0,2,6,0,0,1,0,0,0,0,1817.0,0,0,1,0,0,0,0,1
0,35.0,0,741.0,0.0,31.0,0.0,36.0,False,5,3062,1,1,1,3,1,1,0,0,0,0,0,808.0,0,2,0,0,1,0,0,1
1,19.0,0,0.0,0.0,0.0,0.0,0.0,True,3,3063,1,0,3,6,0,0,1,0,0,0,0,0.0,1,3,1,0,0,0,1,0
1,7.0,0,0.0,0.0,0.0,0.0,0.0,True,1,3063,2,0,3,6,0,0,1,0,0,0,0,0.0,1,3,1,0,0,0,0,1
0,19.0,0,1.0,0.0,0.0,450.0,254.0,False,3,3063,3,0,3,4,0,1,0,0,0,0,0,705.0,0,1,1,0,0,0,0,1
1,21.0,0,0.0,0.0,0.0,0.0,0.0,True,3,3064,1,1,1,6,1,0,1,0,0,0,0,0.0,1,3,1,0,0,0,0,1
0,37.0,0,0.0,2065.0,1650.0,356.0,1.0,True,5,3065,1,1,1,3,0,1,0,0,0,0,0,4072.0,0,0,0,1,0,1,0,0
0,35.0,0,1609.0,0.0,0.0,0.0,0.0,False,5,3066,1,1,1,4,0,1,0,0,0,0,0,1609.0,0,0,1,0,0,0,0,1
1,22.0,0,0.0,0.0,0.0,0.0,0.0,True,3,3067,1,1,1,6,1,0,1,0,0,0,0,0.0,1,3,1,0,0,0,0,1
0,62.0,0,379.0,453.0,0.0,7.0,0.0,False,6,3068,1,1,1,6,0,0,1,0,0,0,0,839.0,0,2,1,0,0,0,0,1
1,41.0,0,0.0,0.0,0.0,0.0,0.0,True,5,3070,1,1,1,6,0,0,1,0,0,0,0,0.0,1,3,1,0,0,0,0,1
1,16.0,0,0.0,0.0,0.0,0.0,0.0,True,2,3071,1,0,2,1,1,1,0,0,0,0,0,0.0,1,3,0,1,0,0,0,1
0,26.0,0,0.0,0.0,8.0,21.0,6023.0,False,4,3071,2,0,2,1,1,1,0,0,0,0,0,6052.0,0,0,0,1,0,0,0,1
1,36.0,0,0.0,0.0,0.0,0.0,0.0,True,5,3073,1,1,1,5,0,0,0,1,0,0,0,0.0,1,3,0,0,1,0,0,1
1,27.0,0,0.0,0.0,0.0,0.0,0.0,True,5,3076,1,1,1,6,0,0,1,0,0,0,0,0.0,1,3,1,0,0,0,1,0
0,22.0,0,35.0,0.0,36.0,581.0,0.0,False,3,3079,1,1,1,5,0,0,0,1,0,0,0,652.0,0,1,1,0,0,1,0,0
0,40.0,0,0.0,0.0,0.0,822.0,2.0,False,5,3080,1,1,1,5,1,0,1,0,0,0,0,824.0,0,2,1,0,0,0,0,1
0,50.0,0,0.0,1547.0,0.0,1784.0,1.0,True,5,3081,1,0,2,2,1,1,0,0,0,0,0,3332.0,0,0,0,1,0,1,0,0
1,57.0,0,0.0,0.0,0.0,0.0,0.0,True,6,3081,2,0,2,2,1,1,0,0,0,0,0,0.0,1,3,0,1,0,0,0,1
0,15.0,0,1.0,30.0,1793.0,0.0,0.0,True,2,3082,1,1,1,6,0,0,1,0,0,0,0,1824.0,0,0,1,0,0,0,1,0
0,23.0,0,0.0,587.0,0.0,1497.0,1014.0,False,3,3083,1,1,1,3,1,1,0,0,0,0,0,3098.0,0,0,0,1,0,1,0,0
1,60.0,0,0.0,0.0,0.0,0.0,0.0,True,6,3084,1,1,1,3,1,1,0,0,0,0,0,0.0,1,3,0,0,1,1,0,0
0,73.0,0,0.0,0.0,0.0,153.0,556.0,False,6,3085,1,1,1,6,0,0,1,0,0,0,0,709.0,0,1,1,0,0,0,0,1
0,35.0,0,0.0,0.0,0.0,0.0,0.0,True,5,3087,1,1,1,6,0,0,1,0,0,0,0,0.0,1,3,1,0,0,0,0,1
0,28.0,0,0.0,0.0,0.0,0.0,0.0,False,4,3088,1,1,1,0,0,1,0,0,0,0,0,0.0,1,3,0,1,0,0,0,1
0,27.0,1,0.0,6013.0,0.0,820.0,31.0,True,4,3090,1,1,1,1,1,1,0,0,0,0,0,6864.0,0,0,0,1,0,0,0,1
0,14.0,0,0.0,946.0,0.0,7860.0,384.0,False,2,3091,1,0,2,5,1,0,1,0,0,0,0,9190.0,0,0,0,1,0,0,0,1
1,26.0,0,0.0,0.0,0.0,0.0,0.0,True,4,3091,2,0,2,3,1,1,0,0,0,0,0,0.0,1,3,0,1,0,0,0,1
0,22.0,0,0.0,0.0,102.0,43.0,700.0,False,3,3092,1,1,1,6,0,0,1,0,0,0,0,845.0,0,2,1,0,0,0,0,1
0,22.0,0,2229.0,0.0,1349.0,121.0,0.0,True,3,3093,1,1,1,4,0,1,0,0,0,0,0,3699.0,0,0,0,0,1,1,0,0
0,71.0,0,924.0,1284.0,10.0,9.0,0.0,False,6,3095,1,1,1,5,1,0,1,0,0,0,0,2227.0,0,0,0,0,1,0,1,0
0,25.0,0,5.0,1.0,633.0,0.0,188.0,True,3,3096,1,1,1,3,1,1,0,0,0,0,0,827.0,0,2,0,0,1,1,0,0
1,27.0,0,0.0,0.0,0.0,0.0,0.0,True,4,3099,1,1,1,4,1,1,0,0,0,0,0,0.0,1,3,0,0,1,0,0,1
0,1.0,0,0.0,0.0,0.0,0.0,0.0,False,0,3100,1,0,3,6,1,0,1,0,0,0,0,0.0,1,3,1,0,0,0,0,1
0,52.0,0,809.0,0.0,0.0,0.0,0.0,True,6,3100,2,0,3,5,1,0,1,0,0,0,0,809.0,0,2,1,0,0,0,0,1
1,0.0,0,0.0,0.0,0.0,0.0,0.0,True,0,3100,3,0,3,6,1,0,1,0,0,0,0,0.0,1,3,1,0,0,0,0,1
1,30.0,0,0.0,0.0,0.0,0.0,0.0,True,4,3102,1,1,1,1,0,1,0,0,0,0,0,0.0,1,3,0,1,0,1,0,0
0,52.0,1,0.0,7452.0,0.0,1158.0,7979.0,False,6,3103,1,1,1,1,0,1,0,0,0,0,0,16589.0,0,0,0,1,0,0,0,1
0,12.0,0,0.0,0.0,0.0,0.0,0.0,True,1,3104,1,0,2,6,0,0,1,0,0,0,0,0.0,1,3,1,0,0,0,0,1
1,22.0,0,0.0,0.0,0.0,0.0,0.0,True,3,3104,2,0,2,6,0,0,1,0,0,0,0,0.0,1,3,1,0,0,0,0,1
0,24.0,0,520.0,0.0,0.0,195.0,0.0,True,3,3110,1,1,1,6,0,0,1,0,0,0,0,715.0,0,1,1,0,0,0,0,1
0,22.0,0,1173.0,0.0,0.0,9.0,0.0,False,3,3111,1,1,1,3,0,1,0,0,0,0,0,1182.0,0,2,0,0,1,0,0,1
1,15.0,0,0.0,0.0,0.0,0.0,0.0,False,2,3112,1,1,1,6,1,0,1,0,0,0,0,0.0,1,3,1,0,0,0,1,0
1,21.0,0,0.0,0.0,0.0,0.0,0.0,True,3,3113,1,0,2,3,0,1,0,0,0,0,0,0.0,1,3,0,0,1,0,0,1
1,56.0,0,0.0,0.0,0.0,0.0,0.0,True,6,3113,2,0,2,3,0,1,0,0,0,0,0,0.0,1,3,0,0,1,1,0,0
0,50.0,0,1598.0,0.0,155.0,26.0,0.0,False,5,3114,1,1,1,3,0,1,0,0,0,0,0,1779.0,0,0,0,0,1,0,0,1
0,20.0,0,127.0,0.0,656.0,0.0,21.0,False,3,3116,1,1,1,5,0,0,0,1,0,0,0,804.0,0,2,1,0,0,0,0,1
0,32.0,0,0.0,0.0,47.0,857.0,23.0,False,4,3117,1,1,1,5,0,0,0,1,0,0,0,927.0,0,2,1,0,0,0,0,1
1,28.0,0,0.0,0.0,0.0,0.0,0.0,False,4,3118,1,1,1,6,0,0,1,0,0,0,0,0.0,1,3,1,0,0,0,0,1
0,74.0,0,571.0,0.0,0.0,277.0,0.0,False,6,3119,1,1,1,6,1,0,1,0,0,0,0,848.0,0,2,1,0,0,0,0,1
1,25.0,0,0.0,0.0,0.0,0.0,0.0,True,3,3120,1,0,2,4,1,1,0,0,0,0,0,0.0,1,3,0,0,1,0,0,1
0,31.0,0,691.0,3.0,68.0,286.0,0.0,False,4,3120,2,0,2,4,1,1,0,0,0,0,0,1048.0,0,2,0,0,1,0,0,1
1,6.0,0,0.0,0.0,0.0,0.0,0.0,True,1,3121,1,1,1,6,1,0,1,0,0,0,0,0.0,1,3,1,0,0,0,1,0
1,17.0,0,0.0,0.0,0.0,0.0,0.0,True,2,3123,1,1,1,6,0,0,1,0,0,0,0,0.0,1,3,1,0,0,0,0,1
1,12.0,0,0.0,0.0,0.0,0.0,0.0,True,1,3124,1,0,3,5,0,0,0,1,0,0,0,0.0,1,3,0,0,1,0,0,1
0,47.0,0,1130.0,8.0,299.0,0.0,0.0,True,5,3124,2,0,3,5,0,0,0,1,0,0,0,1437.0,0,2,0,0,1,0,0,1
1,46.0,0,0.0,0.0,0.0,0.0,0.0,True,5,3124,3,0,3,5,0,0,0,1,0,0,0,0.0,1,3,0,0,1,0,0,1
0,31.0,0,139.0,4018.0,13.0,232.0,1140.0,True,4,3126,1,0,2,1,1,1,0,0,0,0,0,5542.0,0,0,0,1,0,1,0,0
0,36.0,0,0.0,0.0,0.0,0.0,0.0,True,5,3126,2,0,2,1,1,1,0,0,0,0,0,0.0,1,3,0,1,0,0,0,1
0,15.0,0,62.0,57.0,2646.0,1104.0,312.0,False,2,3128,1,1,1,6,0,0,1,0,0,0,0,4181.0,0,0,1,0,0,1,0,0
0,38.0,0,886.0,0.0,618.0,0.0,0.0,False,5,3130,1,1,1,5,1,0,1,0,0,0,0,1504.0,0,0,0,0,1,0,0,1
1,48.0,0,0.0,0.0,0.0,0.0,0.0,True,5,3131,1,0,3,6,1,0,1,0,0,0,0,0.0,1,3,1,0,0,1,0,0
1,21.0,0,0.0,0.0,0.0,0.0,0.0,True,3,3131,2,0,3,6,1,0,1,0,0,0,0,0.0,1,3,1,0,0,0,0,1
1,4.0,0,0.0,0.0,0.0,0.0,0.0,True,0,3131,3,0,3,6,1,0,1,0,0,0,0,0.0,1,3,1,0,0,0,0,1
1,31.0,0,0.0,0.0,0.0,0.0,0.0,True,4,3132,1,1,1,5,0,0,0,1,0,0,0,0.0,1,3,0,0,1,0,0,1
0,31.0,0,0.0,140.0,394.0,0.0,0.0,False,4,3133,1,1,1,6,0,0,1,0,0,0,0,534.0,0,1,1,0,0,0,1,0
0,62.0,1,0.0,4513.0,0.0,85.0,1437.0,True,6,3134,1,1,1,2,1,1,0,0,0,0,0,6035.0,0,0,0,1,0,0,1,0
1,29.0,0,0.0,0.0,0.0,0.0,0.0,True,4,3136,1,1,1,6,0,0,1,0,0,0,0,0.0,1,3,1,0,0,0,0,1
0,30.0,0,0.0,4.0,1604.0,678.0,1681.0,False,4,3138,1,1,1,5,1,0,1,0,0,0,0,3967.0,0,0,1,0,0,0,0,1
0,26.0,0,912.0,0.0,43.0,0.0,0.0,False,4,3140,1,1,1,4,1,1,0,0,0,0,0,955.0,0,2,0,0,1,0,0,1
0,43.0,0,33.0,1117.0,59.0,0.0,16.0,False,5,3142,1,0,2,5,1,0,1,0,0,0,0,1225.0,0,2,0,0,1,0,0,1
0,32.0,0,1087.0,0.0,71.0,0.0,0.0,False,4,3142,2,0,2,5,1,0,1,0,0,0,0,1158.0,0,2,0,0,1,0,0,1
1,24.0,0,0.0,0.0,0.0,0.0,0.0,True,3,3143,1,1,1,5,1,0,1,0,0,0,0,0.0,1,3,0,0,1,1,0,0
1,49.0,0,0.0,0.0,0.0,0.0,0.0,True,5,3145,1,1,1,5,0,0,0,1,0,0,0,0.0,1,3,0,0,1,0,0,1
0,21.0,0,17.0,427.0,31.0,257.0,0.0,True,3,3147,1,1,1,5,1,0,1,0,0,0,0,732.0,0,2,1,0,0,0,0,1
0,18.0,0,0.0,730.0,79.0,0.0,0.0,True,2,3149,1,0,2,6,1,0,1,0,0,0,0,809.0,0,2,1,0,0,0,0,1
1,18.0,0,0.0,0.0,0.0,0.0,0.0,True,2,3149,2,0,2,6,1,0,1,0,0,0,0,0.0,1,3,1,0,0,0,0,1
1,14.0,0,0.0,0.0,0.0,0.0,0.0,False,2,3152,1,1,1,6,1,0,1,0,0,0,0,0.0,1,3,1,0,0,0,0,1
0,21.0,0,1507.0,0.0,3.0,2.0,1196.0,False,3,3158,1,1,1,3,0,1,0,0,0,0,0,2708.0,0,0,0,0,1,0,0,1
1,25.0,0,0.0,0.0,0.0,0.0,0.0,True,3,3159,1,1,1,5,0,0,0,1,0,0,0,0.0,1,3,0,0,1,1,0,0
0,56.0,0,0.0,323.0,971.0,58.0,4240.0,False,6,3161,1,1,1,4,1,1,0,0,0,0,0,5592.0,0,0,0,1,0,1,0,0
0,0.0,0,0.0,0.0,0.0,0.0,0.0,True,0,3162,1,0,3,6,1,0,1,0,0,0,0,0.0,1,3,1,0,0,0,0,1
0,55.0,0,0.0,0.0,5.0,0.0,2409.0,False,6,3162,2,0,3,5,1,0,1,0,0,0,0,2414.0,0,0,1,0,0,0,0,1
1,14.0,0,0.0,0.0,0.0,0.0,0.0,False,2,3162,3,0,3,6,1,0,1,0,0,0,0,0.0,1,3,1,0,0,0,0,1
0,13.0,0,1007.0,0.0,142.0,295.0,0.0,False,2,3163,1,0,2,5,0,0,0,1,0,0,0,1444.0,0,0,0,0,1,0,0,1
0,43.0,0,4.0,0.0,1834.0,1.0,66.0,False,5,3163,2,0,2,5,0,0,0,1,0,0,0,1905.0,0,0,0,0,1,1,0,0
1,39.0,0,0.0,0.0,0.0,0.0,0.0,False,5,3164,1,1,1,6,0,0,1,0,0,0,0,0.0,1,3,1,0,0,0,0,1
1,27.0,0,0.0,0.0,0.0,0.0,0.0,True,5,3166,1,1,1,5,0,0,0,1,0,0,0,0.0,1,3,0,0,1,0,0,1
0,24.0,0,0.0,7.0,548.0,4.0,0.0,True,3,3168,1,1,1,5,0,0,0,1,0,0,0,559.0,0,1,1,0,0,0,0,1
0,26.0,0,207.0,350.0,74.0,0.0,3.0,True,4,3169,1,1,1,5,1,0,1,0,0,0,0,634.0,0,1,1,0,0,0,0,1
1,22.0,0,0.0,0.0,0.0,0.0,0.0,True,3,3171,1,1,1,6,1,0,1,0,0,0,0,0.0,1,3,1,0,0,1,0,0
0,26.0,0,0.0,0.0,1352.0,5.0,0.0,False,4,3172,1,1,1,5,0,0,0,1,0,0,0,1357.0,0,2,1,0,0,0,0,1
0,19.0,0,155.0,0.0,1632.0,3.0,0.0,True,3,3174,1,0,2,3,0,1,0,0,0,0,0,1790.0,0,0,0,0,1,0,0,1
1,38.0,0,0.0,0.0,0.0,0.0,0.0,True,5,3174,2,0,2,5,0,0,0,1,0,0,0,0.0,1,3,0,0,1,0,0,1
1,38.0,0,0.0,0.0,0.0,0.0,0.0,True,5,3175,1,1,1,1,0,1,0,0,0,0,0,0.0,1,3,0,1,0,1,0,0
0,77.0,0,0.0,9032.0,0.0,128.0,1464.0,True,6,3176,1,1,1,4,0,1,0,0,0,0,0,10624.0,0,0,0,1,0,0,0,1
0,28.0,0,2840.0,0.0,0.0,0.0,0.0,False,4,3179,1,1,1,5,1,0,1,0,0,0,0,2840.0,0,0,1,0,0,1,0,0
0,22.0,0,0.0,1.0,379.0,0.0,336.0,False,3,3180,1,1,1,5,0,0,0,1,0,0,0,716.0,0,1,1,0,0,0,0,1
0,20.0,0,4.0,353.0,193.0,241.0,0.0,False,3,3181,1,1,1,4,0,1,0,0,0,0,0,791.0,0,2,1,0,0,0,0,1
0,18.0,0,0.0,0.0,699.0,0.0,0.0,True,2,3182,1,1,1,5,1,0,0,1,0,0,0,699.0,0,1,1,0,0,0,0,1
0,10.0,0,0.0,0.0,0.0,0.0,0.0,True,1,3184,1,0,2,1,1,1,0,0,0,0,0,0.0,1,3,0,1,0,1,0,0
1,34.0,0,0.0,0.0,0.0,0.0,0.0,True,5,3184,2,0,2,1,1,1,0,0,0,0,0,0.0,1,3,0,1,0,1,0,0
0,43.0,0,0.0,788.0,0.0,0.0,1191.0,False,5,3185,1,1,1,5,1,0,0,1,0,0,0,1979.0,0,0,1,0,0,0,0,1
1,31.0,0,0.0,0.0,0.0,0.0,0.0,False,4,3188,1,1,1,4,1,1,0,0,0,0,0,0.0,1,3,0,0,1,1,0,0
1,40.0,0,0.0,0.0,0.0,0.0,0.0,True,5,3189,1,0,2,3,0,1,0,0,0,0,0,0.0,1,3,0,0,1,1,0,0
1,25.0,0,1299.0,0.0,0.0,0.0,0.0,False,3,3189,2,0,2,3,0,1,0,0,0,0,0,1299.0,0,2,0,0,1,0,0,1
1,68.0,0,0.0,0.0,0.0,0.0,0.0,True,6,3191,1,1,1,5,1,0,0,1,0,0,0,0.0,1,3,0,0,1,0,0,1
0,20.0,0,0.0,0.0,147.0,0.0,0.0,False,3,3192,1,1,1,5,0,0,0,1,0,0,0,147.0,0,1,1,0,0,0,0,1
0,27.0,1,309.0,0.0,849.0,0.0,0.0,True,4,3193,1,1,1,5,0,0,0,1,0,0,0,1158.0,0,2,0,0,1,0,0,1
0,1.0,0,0.0,0.0,0.0,0.0,0.0,False,0,3195,1,0,6,6,1,0,1,0,0,0,0,0.0,1,3,1,0,0,0,0,1
0,60.0,0,0.0,31.0,6.0,223.0,356.0,False,6,3195,2,0,6,6,1,0,1,0,0,0,0,616.0,0,1,1,0,0,0,1,0
0,28.0,0,0.0,0.0,675.0,31.0,0.0,True,4,3195,3,0,6,6,1,0,1,0,0,0,0,706.0,0,1,1,0,0,1,0,0
0,11.0,0,0.0,0.0,0.0,0.0,0.0,False,1,3195,4,0,6,6,1,0,1,0,0,0,0,0.0,1,3,1,0,0,0,1,0
0,0.0,0,0.0,0.0,0.0,0.0,0.0,False,0,3195,5,0,6,5,1,0,1,0,0,0,0,0.0,1,3,1,0,0,1,0,0
1,9.0,0,0.0,0.0,0.0,0.0,0.0,False,1,3195,6,0,6,6,1,0,1,0,0,0,0,0.0,1,3,1,0,0,0,0,1
0,38.0,0,1046.0,0.0,1553.0,0.0,0.0,False,5,3196,1,1,1,5,0,0,0,1,0,0,0,2599.0,0,0,0,0,1,0,0,1
0,18.0,0,0.0,0.0,0.0,588.0,0.0,False,2,3197,1,1,1,5,0,0,0,1,0,0,0,588.0,0,1,1,0,0,1,0,0
0,40.0,0,4.0,11.0,669.0,0.0,773.0,False,5,3200,1,1,1,5,0,0,0,1,0,0,0,1457.0,0,0,1,0,0,0,0,1
0,21.0,0,330.0,11.0,0.0,0.0,398.0,False,3,3201,1,1,1,5,0,0,0,1,0,0,0,739.0,0,2,1,0,0,0,0,1
1,24.0,0,0.0,0.0,0.0,0.0,0.0,False,3,3203,1,1,1,6,1,0,1,0,0,0,0,0.0,1,3,1,0,0,0,0,1
0,26.0,0,1932.5,1653.0,7.0,227.0,1457.0,False,4,3204,1,0,3,0,0,1,0,0,0,0,0,3344.0,0,0,0,1,0,0,0,1
0,47.0,0,3865.0,3810.0,0.0,12.0,196.0,False,5,3204,2,0,3,0,0,1,0,0,0,0,0,7883.0,0,0,0,1,0,0,0,1
0,46.0,0,0.0,131.0,3.5,8873.0,469.0,False,5,3204,3,0,3,0,0,1,0,0,0,0,0,9473.0,0,0,0,1,0,0,0,1
1,55.0,0,0.0,0.0,0.0,0.0,0.0,True,6,3205,1,1,1,6,1,0,1,0,0,0,0,0.0,1,3,1,0,0,1,0,0
0,50.0,0,293.0,0.0,21.0,573.0,0.0,False,5,3206,1,1,1,6,0,0,1,0,0,0,0,887.0,0,2,1,0,0,0,0,1
1,10.0,0,0.0,0.0,0.0,0.0,0.0,True,1,3209,1,1,1,5,0,0,0,1,0,0,0,0.0,1,3,0,0,1,0,0,1
0,17.0,0,454.0,19.0,0.0,2435.0,3219.0,False,2,3210,1,0,3,4,1,1,0,0,0,0,0,3692.0,0,0,0,1,0,1,0,0
0,20.0,0,11.0,596.0,0.0,3583.0,266.0,False,3,3210,2,0,3,4,1,1,0,0,0,0,0,4456.0,0,0,0,1,0,1,0,0
0,37.0,0,76.0,2804.0,0.0,1287.0,1229.0,False,5,3210,3,0,3,4,1,1,0,0,0,0,0,5396.0,0,0,0,1,0,0,0,1
0,24.0,0,11.0,0.0,9.0,2645.0,2.0,False,3,3211,1,0,3,5,0,0,0,1,0,0,0,2667.0,0,0,1,0,0,0,0,1
0,43.0,0,511.0,233.0,4.5,0.0,144.0,False,5,3211,2,0,3,6,0,0,1,0,0,0,0,888.0,0,2,1,0,0,1,0,0
0,0.0,0,0.0,0.0,0.0,0.0,0.0,False,0,3211,3,0,3,6,0,0,1,0,0,0,0,0.0,1,3,1,0,0,0,0,1
0,24.0,0,180.0,264.0,0.0,1225.0,0.0,False,3,3212,1,1,1,4,1,1,0,0,0,0,0,1669.0,0,0,1,0,0,0,0,1
0,22.0,0,715.0,0.0,726.0,325.0,0.0,False,3,3213,1,1,1,3,0,1,0,0,0,0,0,1766.0,0,0,0,0,1,0,0,1
1,14.0,0,0.0,0.0,0.0,0.0,0.0,True,2,3215,1,1,1,6,1,0,1,0,0,0,0,0.0,1,3,1,0,0,0,0,1
1,3.0,0,0.0,0.0,0.0,0.0,0.0,True,0,3216,1,0,3,6,1,0,1,0,0,0,0,0.0,1,3,1,0,0,0,0,1
1,22.0,0,0.0,0.0,0.0,0.0,0.0,True,3,3216,2,0,3,6,1,0,1,0,0,0,0,0.0,1,3,1,0,0,1,0,0
0,23.0,0,0.0,1573.0,0.0,36.0,0.0,True,3,3216,3,0,3,4,1,1,0,0,0,0,0,1609.0,0,0,1,0,0,0,0,1
0,56.0,0,324.0,574.0,116.0,0.0,0.0,False,6,3217,1,1,1,4,0,1,0,0,0,0,0,1014.0,0,2,0,0,1,0,0,1
0,36.0,0,5.0,623.0,88.0,5.0,1.0,True,5,3218,1,0,3,5,1,0,0,1,0,0,0,722.0,0,2,1,0,0,0,0,1
0,58.0,0,52.0,0.0,5.0,517.0,0.0,False,6,3218,2,0,3,5,1,0,0,1,0,0,0,574.0,0,1,1,0,0,1,0,0
0,1.0,0,0.0,0.0,0.0,0.0,0.0,False,0,3218,3,0,3,6,1,0,1,0,0,0,0,0.0,1,3,1,0,0,0,0,1
1,39.0,0,0.0,0.0,0.0,0.0,0.0,False,5,3219,1,1,1,4,1,1,0,0,0,0,0,0.0,1,3,0,0,1,0,0,1
0,33.0,0,0.0,0.0,75.0,709.0,0.0,False,5,3220,1,1,1,6,0,0,1,0,0,0,0,784.0,0,2,1,0,0,0,0,1
0,19.0,0,0.0,0.0,616.0,0.0,0.0,False,3,3221,1,1,1,6,1,0,1,0,0,0,0,616.0,0,1,1,0,0,0,1,0
0,27.0,0,16.0,0.0,799.0,0.0,37.0,False,5,3223,1,1,1,6,0,0,1,0,0,0,0,852.0,0,2,1,0,0,0,0,1
0,33.0,0,0.0,950.0,0.0,102.0,0.0,True,5,3224,1,1,1,5,1,0,0,1,0,0,0,1052.0,0,2,1,0,0,0,0,1
1,17.0,0,0.0,0.0,0.0,0.0,0.0,True,2,3225,1,0,2,2,1,1,0,0,0,0,0,0.0,1,3,0,1,0,1,0,0
0,28.0,0,0.0,3281.0,0.0,68.0,341.0,True,4,3225,2,0,2,2,1,1,0,0,0,0,0,3690.0,0,0,0,1,0,0,0,1
0,21.0,0,63.0,15.0,407.0,397.0,0.0,False,3,3227,1,1,1,6,1,0,1,0,0,0,0,882.0,0,2,1,0,0,0,0,1
0,45.0,0,3.0,2344.0,1100.0,498.0,0.0,True,5,3229,1,1,1,1,1,1,0,0,0,0,0,3945.0,0,0,0,1,0,0,0,1
1,62.0,0,0.0,0.0,0.0,0.0,0.0,True,6,3230,1,1,1,5,0,0,0,1,0,0,0,0.0,1,3,0,0,1,0,0,1
1,43.0,0,0.0,0.0,0.0,0.0,0.0,True,5,3232,1,1,1,5,1,0,0,1,0,0,0,0.0,1,3,0,0,1,0,0,1
0,27.0,0,158.0,0.0,1271.0,0.0,71.0,False,4,3235,1,1,1,5,1,0,0,1,0,0,0,1500.0,0,0,1,0,0,0,0,1
1,1.0,0,0.0,0.0,0.0,0.0,0.0,True,0,3236,1,0,3,6,0,0,1,0,0,0,0,0.0,1,3,1,0,0,1,0,0
0,31.0,0,593.0,540.0,238.0,0.0,77.0,False,4,3236,2,0,3,5,0,0,0,1,0,0,0,1448.0,0,0,1,0,0,0,0,1
0,18.0,0,0.0,30.0,0.0,756.0,5.0,False,2,3236,3,0,3,4,0,1,0,0,0,0,0,791.0,0,2,1,0,0,0,0,1
0,21.0,0,1097.0,0.0,80.0,589.0,0.0,False,3,3237,1,0,3,3,0,1,0,0,0,0,0,1766.0,0,0,0,0,1,0,0,1
0,7.0,0,0.0,0.0,0.0,0.0,0.0,True,1,3237,2,0,3,5,0,0,0,1,0,0,0,0.0,1,3,0,0,1,0,0,1
0,22.0,0,2646.0,0.0,599.0,117.0,0.0,False,3,3237,3,0,3,3,0,1,0,0,0,0,0,3362.0,0,0,0,0,1,0,0,1
1,26.0,0,0.0,0.0,0.0,0.0,0.0,False,4,3238,1,1,1,4,1,1,0,0,0,0,0,0.0,1,3,0,0,1,0,0,1
1,30.0,0,0.0,0.0,0.0,0.0,0.0,True,4,3239,1,1,1,6,1,0,1,0,0,0,0,0.0,1,3,1,0,0,0,0,1
0,17.0,0,0.0,382.0,402.0,0.0,7.0,False,2,3240,1,1,1,4,1,1,0,0,0,0,0,791.0,0,2,1,0,0,0,0,1
1,27.0,0,0.0,0.0,0.0,0.0,0.0,False,5,3241,1,1,1,6,0,0,1,0,0,0,0,0.0,1,3,1,0,0,0,0,1
0,10.0,0,0.0,0.0,0.0,0.0,0.0,False,1,3243,1,1,1,6,1,0,1,0,0,0,0,0.0,1,3,1,0,0,1,0,0
0,25.0,0,764.0,16.0,0.0,8.0,0.0,False,3,3247,1,1,1,4,0,1,0,0,0,0,0,788.0,0,2,1,0,0,0,0,1
0,21.0,0,0.0,0.0,0.0,0.0,0.0,False,3,3248,1,1,1,6,0,0,1,0,0,0,0,0.0,1,3,1,0,0,0,0,1
0,53.0,0,8.0,0.0,236.0,0.0,2049.0,False,6,3252,1,1,1,5,1,0,0,1,0,0,0,2293.0,0,0,1,0,0,1,0,0
0,21.0,0,0.0,0.0,687.0,46.0,20.0,False,3,3253,1,1,1,6,0,0,1,0,0,0,0,753.0,0,2,1,0,0,0,0,1
0,28.0,0,0.0,3315.0,0.0,594.0,85.0,True,4,3254,1,1,1,2,1,1,0,0,0,0,0,3994.0,0,0,0,1,0,0,0,1
1,20.0,0,0.0,0.0,0.0,0.0,0.0,True,3,3255,1,1,1,6,1,0,1,0,0,0,0,0.0,1,3,1,0,0,0,1,0
1,54.0,0,0.0,0.0,0.0,0.0,0.0,True,6,3256,1,1,1,4,1,1,0,0,0,0,0,0.0,1,3,0,1,0,1,0,0
1,9.0,0,0.0,0.0,0.0,0.0,0.0,False,1,3258,1,1,1,6,0,0,1,0,0,0,0,0.0,1,3,1,0,0,0,0,1
0,20.0,0,508.0,0.0,1.0,1372.0,0.0,False,3,3259,1,1,1,6,0,0,1,0,0,0,0,1881.0,0,0,1,0,0,0,0,1
0,19.0,0,0.0,165.0,0.0,699.0,0.0,False,3,3260,1,1,1,5,1,0,0,1,0,0,0,864.0,0,2,1,0,0,0,0,1
0,32.0,0,0.0,632.0,0.0,0.0,0.0,False,4,3262,1,1,1,5,0,0,0,1,0,0,0,632.0,0,1,1,0,0,0,0,1
0,22.0,0,0.0,0.0,0.0,0.0,0.0,False,3,3268,1,1,1,4,1,1,0,0,0,0,0,0.0,1,3,0,0,1,0,0,1
0,35.0,0,74.0,5082.0,0.0,893.0,1937.0,True,5,3269,1,1,1,2,1,1,0,0,0,0,0,7986.0,0,0,0,1,0,1,0,0
0,26.0,0,0.0,56.0,322.0,6.0,243.0,True,4,3270,1,1,1,6,0,0,1,0,0,0,0,627.0,0,1,1,0,0,0,0,1
1,51.0,0,0.0,0.0,0.0,0.0,0.0,False,6,3271,1,0,2,6,0,0,1,0,0,0,0,0.0,1,3,1,0,0,0,0,1
0,8.0,0,0.0,0.0,0.0,0.0,0.0,True,1,3271,2,0,2,6,0,0,1,0,0,0,0,0.0,1,3,1,0,0,1,0,0
1,40.0,0,0.0,0.0,895.0,0.0,0.0,True,5,3272,1,0,2,6,1,0,1,0,0,0,0,895.0,0,2,1,0,0,0,0,1
1,2.0,0,0.0,0.0,0.0,0.0,0.0,True,0,3272,2,0,2,6,1,0,1,0,0,0,0,0.0,1,3,1,0,0,1,0,0
1,19.0,0,0.0,0.0,0.0,0.0,0.0,False,3,3273,1,1,1,6,1,0,1,0,0,0,0,0.0,1,3,1,0,0,0,1,0
1,32.0,0,0.0,0.0,0.0,0.0,0.0,True,4,3274,1,0,3,6,0,0,1,0,0,0,0,0.0,1,3,1,0,0,0,0,1
0,16.0,0,1612.0,4.0,0.0,184.0,0.0,False,2,3274,2,0,3,6,0,0,1,0,0,0,0,1800.0,0,0,1,0,0,1,0,0
0,64.0,0,0.0,0.0,16.0,733.0,159.0,False,6,3274,3,0,3,6,0,0,1,0,0,0,0,908.0,0,2,1,0,0,0,0,1
0,35.0,0,256.0,0.0,341.0,35.0,0.0,True,5,3275,1,1,1,5,1,0,0,1,0,0,0,632.0,0,1,1,0,0,1,0,0
0,33.0,0,20.0,653.0,0.0,121.0,483.0,False,5,3276,1,1,1,0,0,1,0,0,0,0,0,1277.0,0,2,0,1,0,0,0,1
0,9.0,0,0.0,0.0,0.0,0.0,0.0,True,1,3279,1,0,4,2,1,1,0,0,0,0,0,0.0,1,3,0,1,0,1,0,0
1,21.0,0,0.0,0.0,0.0,0.0,0.0,True,3,3279,2,0,4,2,1,1,0,0,0,0,0,0.0,1,3,0,1,0,0,0,1
1,28.0,0,0.0,0.0,0.0,0.0,0.0,True,4,3279,3,0,4,2,1,1,0,0,0,0,0,0.0,1,3,0,1,0,0,0,1
1,28.0,0,0.0,0.0,0.0,0.0,0.0,True,4,3279,4,0,4,2,1,1,0,0,0,0,0,0.0,1,3,0,1,0,0,0,1
1,31.0,0,0.0,0.0,0.0,0.0,0.0,True,4,3280,1,0,2,6,0,0,1,0,0,0,0,0.0,1,3,1,0,0,0,1,0
0,32.0,0,1150.0,201.0,0.0,0.0,8.0,False,4,3280,2,0,2,5,0,0,0,1,0,0,0,1359.0,0,2,1,0,0,1,0,0
1,43.0,0,0.0,0.0,0.0,0.0,0.0,True,5,3282,1,0,3,1,1,1,0,0,0,0,0,0.0,1,3,0,1,0,1,0,0
1,60.0,0,0.0,0.0,0.0,0.0,0.0,True,6,3282,2,0,3,1,1,1,0,0,0,0,0,0.0,1,3,0,1,0,0,0,1
0,43.0,0,0.0,1440.0,0.0,85.0,150.0,True,5,3282,3,0,3,1,1,1,0,0,0,0,0,1675.0,0,0,0,1,0,0,0,1
0,43.0,0,0.0,16.0,34.0,753.0,1.0,False,5,3283,1,0,4,5,1,0,0,1,0,0,0,804.0,0,2,1,0,0,0,0,1
0,19.0,0,64.0,0.0,453.0,174.0,6.0,False,3,3283,2,0,4,5,1,0,0,1,0,0,0,697.0,0,1,1,0,0,0,0,1
0,21.0,0,0.0,0.0,0.0,646.0,138.0,False,3,3283,3,0,4,6,1,0,1,0,0,0,0,784.0,0,2,1,0,0,0,0,1
0,38.0,0,0.0,0.0,0.0,846.0,0.0,False,5,3283,4,0,4,6,1,0,1,0,0,0,0,846.0,0,2,1,0,0,0,0,1
1,17.0,0,0.0,0.0,0.0,0.0,0.0,True,2,3284,1,0,2,6,0,0,1,0,0,0,0,0.0,1,3,1,0,0,0,1,0
1,29.0,0,0.0,0.0,0.0,0.0,0.0,True,4,3284,2,0,2,6,0,0,1,0,0,0,0,0.0,1,3,1,0,0,0,1,0
0,2.0,0,359.0,0.0,0.0,0.0,0.0,True,0,3287,1,0,3,6,1,0,1,0,0,0,0,0.0,1,3,1,0,0,0,1,0
0,22.0,0,718.0,2.0,50.0,0.0,0.0,True,3,3287,2,0,3,5,1,0,1,0,0,0,0,770.0,0,2,1,0,0,0,0,1
0,18.0,0,0.0,1.0,14.0,625.0,0.0,False,2,3287,3,0,3,5,1,0,0,1,0,0,0,639.0,0,1,1,0,0,1,0,0
1,16.0,0,0.0,0.0,0.0,0.0,0.0,True,2,3289,1,1,1,6,0,0,1,0,0,0,0,0.0,1,3,1,0,0,0,0,1
1,52.0,0,0.0,0.0,0.0,0.0,0.0,True,6,3292,1,0,5,1,1,1,0,0,0,0,0,0.0,1,3,0,1,0,0,0,1
0,52.0,0,13.0,6074.0,0.0,10385.0,299.0,False,6,3292,2,0,5,5,1,0,1,0,0,0,0,16771.0,0,0,0,1,0,1,0,0
1,14.0,0,0.0,0.0,0.0,0.0,0.0,True,2,3292,3,0,5,1,1,1,0,0,0,0,0,0.0,1,3,0,1,0,1,0,0
0,25.0,1,0.0,0.0,0.0,0.0,0.0,True,3,3292,4,0,5,1,1,1,0,0,0,0,0,0.0,1,3,0,1,0,0,0,1
1,34.0,0,0.0,0.0,0.0,0.0,0.0,True,5,3292,5,0,5,1,1,1,0,0,0,0,0,0.0,1,3,0,1,0,0,0,1
0,20.0,0,915.0,12.0,25.0,205.0,311.0,True,3,3293,1,1,1,5,1,0,0,1,0,0,0,1468.0,0,0,0,0,1,0,0,1
1,28.0,0,0.0,0.0,0.0,0.0,0.0,True,4,3294,1,0,2,6,0,0,1,0,0,0,0,0.0,1,3,1,0,0,0,1,0
1,28.0,0,0.0,0.0,0.0,0.0,0.0,False,4,3294,2,0,2,6,0,0,1,0,0,0,0,0.0,1,3,1,0,0,0,0,1
0,20.0,0,2598.0,927.0,0.0,866.0,2.0,False,3,3295,1,1,1,6,0,0,1,0,0,0,0,4393.0,0,0,1,0,0,1,0,0
0,44.0,0,632.0,0.0,101.0,5.0,0.0,True,5,3296,1,1,1,5,1,0,0,1,0,0,0,738.0,0,2,1,0,0,1,0,0
0,64.0,0,313.0,782.0,8.0,0.0,0.0,False,6,3297,1,1,1,5,0,0,0,1,0,0,0,1103.0,0,2,1,0,0,0,0,1
0,27.0,0,0.0,0.0,775.0,127.0,0.0,True,4,3298,1,1,1,5,0,0,0,1,0,0,0,902.0,0,2,1,0,0,0,0,1
0,24.0,0,0.0,0.0,0.0,0.0,0.0,False,3,3299,1,1,1,6,1,0,1,0,0,0,0,0.0,1,3,1,0,0,0,0,1
1,38.0,0,0.0,0.0,0.0,0.0,0.0,True,5,3300,1,0,2,5,0,0,0,1,0,0,0,0.0,1,3,0,0,1,0,0,1
0,47.0,0,378.0,0.0,117.0,1147.0,132.0,False,5,3300,2,0,2,5,0,0,0,1,0,0,0,1774.0,0,0,0,0,1,0,0,1
1,8.0,0,0.0,0.0,0.0,0.0,0.0,True,1,3301,1,0,4,6,1,0,1,0,0,0,0,0.0,1,3,1,0,0,1,0,0
0,1.0,0,0.0,0.0,0.0,0.0,0.0,True,0,3301,2,0,4,6,1,0,1,0,0,0,0,0.0,1,3,1,0,0,0,0,1
0,0.0,0,0.0,0.0,0.0,0.0,0.0,True,0,3301,3,0,4,6,1,0,1,0,0,0,0,0.0,1,3,1,0,0,1,0,0
0,20.0,0,0.0,0.0,0.0,0.0,0.0,True,3,3301,4,0,4,6,1,0,1,0,0,0,0,0.0,1,3,1,0,0,0,0,1
1,41.0,0,0.0,0.0,0.0,0.0,0.0,True,5,3304,1,1,1,3,0,1,0,0,0,0,0,0.0,1,3,0,1,0,0,0,1
1,35.0,0,0.0,0.0,0.0,0.0,0.0,False,5,3305,1,0,2,3,0,1,0,0,0,0,0,0.0,1,3,0,0,1,0,0,1
0,31.0,0,1065.0,13.0,150.0,36.0,0.0,False,4,3305,2,0,2,3,0,1,0,0,0,0,0,1264.0,0,2,0,0,1,1,0,0
0,14.0,0,0.0,43.0,504.0,125.0,0.0,False,2,3308,1,1,1,5,0,0,0,1,0,0,0,672.0,0,1,1,0,0,0,1,0
0,25.0,0,0.0,0.0,762.0,0.0,50.0,False,3,3309,1,1,1,6,0,0,1,0,0,0,0,812.0,0,2,1,0,0,0,0,1
1,26.0,0,0.0,0.0,0.0,0.0,0.0,True,4,3310,1,1,1,3,0,1,0,0,0,0,0,0.0,1,3,0,1,0,0,0,1
0,26.0,0,0.0,1638.0,0.0,476.0,226.0,False,4,3311,1,1,1,4,1,1,0,0,0,0,0,2340.0,0,0,0,1,0,0,0,1
0,30.0,0,0.0,1076.0,0.0,3725.0,9.0,False,4,3312,1,1,1,4,0,1,0,0,0,0,0,4810.0,0,0,0,1,0,0,0,1
1,49.0,0,0.0,0.0,0.0,0.0,0.0,True,5,3313,1,1,1,1,1,1,0,0,0,0,0,0.0,1,3,0,1,0,1,0,0
0,19.0,0,260.0,0.0,238.0,139.0,8.0,False,3,3314,1,1,1,5,1,0,0,1,0,0,0,645.0,0,1,1,0,0,0,0,1
0,15.0,0,10.0,0.0,99.0,0.0,2031.0,False,2,3315,1,1,1,5,1,0,0,1,0,0,0,2140.0,0,0,1,0,0,0,0,1
0,27.0,0,0.0,0.0,0.0,0.0,1765.0,False,4,3317,1,1,1,6,0,0,1,0,0,0,0,1765.0,0,0,1,0,0,0,0,1
0,39.0,0,0.0,957.0,0.0,22.0,401.0,True,5,3318,1,0,5,1,1,1,0,0,0,0,0,1380.0,0,2,0,1,0,0,0,1
1,32.0,0,0.0,0.0,0.0,0.0,0.0,True,4,3318,2,0,5,1,1,1,0,0,0,0,0,0.0,1,3,0,1,0,1,0,0
0,11.0,0,0.0,0.0,0.0,0.0,0.0,True,1,3318,3,0,5,1,1,1,0,0,0,0,0,0.0,1,3,0,1,0,0,0,1
1,44.0,0,0.0,0.0,0.0,0.0,0.0,True,5,3318,4,0,5,1,1,1,0,0,0,0,0,0.0,1,3,0,1,0,0,0,1
1,36.0,0,0.0,0.0,0.0,0.0,0.0,True,5,3318,5,0,5,1,1,1,0,0,0,0,0,0.0,1,3,0,1,0,0,0,1
0,56.0,0,0.0,335.0,532.0,15.0,26.0,False,6,3319,1,1,1,6,0,0,1,0,0,0,0,908.0,0,2,1,0,0,0,0,1
1,42.0,0,0.0,0.0,0.0,0.0,0.0,True,5,3322,1,1,1,6,0,0,1,0,0,0,0,0.0,1,3,1,0,0,0,0,1
1,40.0,0,0.0,0.0,0.0,0.0,0.0,True,5,3323,1,0,2,2,0,1,0,0,0,0,0,0.0,1,3,0,1,0,1,0,0
1,53.0,0,0.0,0.0,0.0,0.0,0.0,True,6,3323,2,0,2,2,0,1,0,0,0,0,0,0.0,1,3,0,1,0,1,0,0
1,31.0,0,0.0,0.0,0.0,0.0,0.0,True,4,3324,1,0,2,5,1,0,0,1,0,0,0,0.0,1,3,0,0,1,0,0,1
1,14.0,0,0.0,0.0,0.0,0.0,0.0,True,2,3324,2,0,2,5,1,0,0,1,0,0,0,0.0,1,3,0,0,1,0,0,1
1,31.0,0,0.0,0.0,0.0,0.0,0.0,True,4,3325,1,1,1,6,0,0,1,0,0,0,0,0.0,1,3,1,0,0,0,1,0
0,42.0,0,0.0,0.0,1519.0,0.0,4.0,False,5,3326,1,1,1,4,1,1,0,0,0,0,0,1523.0,0,0,1,0,0,0,0,1
0,32.0,0,0.0,0.0,0.0,0.0,772.0,False,4,3327,1,1,1,6,1,0,1,0,0,0,0,772.0,0,2,1,0,0,0,0,1
0,34.0,0,578.0,0.0,0.0,0.0,323.0,False,5,3328,1,1,1,5,0,0,0,1,0,0,0,901.0,0,2,1,0,0,0,0,1
1,55.0,0,0.0,0.0,0.0,0.0,0.0,True,6,3329,1,1,1,6,0,0,1,0,0,0,0,0.0,1,3,1,0,0,0,0,1
0,42.0,0,1633.0,0.0,29.0,4.0,102.0,False,5,3330,1,1,1,5,0,0,0,1,0,0,0,1768.0,0,0,0,0,1,0,0,1
0,40.0,0,666.0,4.0,83.0,0.0,50.0,True,5,3331,1,1,1,5,1,0,0,1,0,0,0,803.0,0,2,1,0,0,0,0,1
0,48.0,0,824.0,2.0,830.0,298.0,0.0,False,5,3332,1,0,3,3,1,1,0,0,0,0,0,1954.0,0,0,0,0,1,1,0,0
1,37.0,0,0.0,0.0,0.0,0.0,0.0,True,5,3332,2,0,3,3,1,1,0,0,0,0,0,0.0,1,3,0,0,1,0,0,1
1,17.0,0,0.0,0.0,0.0,0.0,0.0,True,2,3332,3,0,3,3,1,1,0,0,0,0,0,0.0,1,3,0,0,1,1,0,0
1,60.0,0,0.0,0.0,0.0,0.0,0.0,True,6,3336,1,1,1,5,0,0,0,1,0,0,0,0.0,1,3,0,0,1,0,0,1
1,19.0,0,0.0,0.0,0.0,0.0,0.0,True,3,3337,1,0,3,1,1,1,0,0,0,0,0,0.0,1,3,0,1,0,1,0,0
0,30.0,0,0.0,180.0,90.0,7740.0,142.0,False,4,3337,2,0,3,1,1,1,0,0,0,0,0,8152.0,0,0,0,1,0,0,0,1
0,32.0,0,0.0,0.0,7.0,3653.0,226.0,False,4,3337,3,0,3,1,1,1,0,0,0,0,0,3886.0,0,0,0,1,0,0,0,1
1,28.0,0,0.0,0.0,0.0,0.0,0.0,True,4,3338,1,1,1,6,0,0,1,0,0,0,0,0.0,1,3,1,0,0,0,1,0
1,26.0,0,0.0,0.0,0.0,0.0,0.0,False,4,3339,1,1,1,6,1,0,1,0,0,0,0,0.0,1,3,1,0,0,0,0,1
1,24.0,0,0.0,0.0,0.0,0.0,0.0,True,3,3342,1,1,1,6,1,0,1,0,0,0,0,0.0,1,3,1,0,0,0,0,1
1,47.0,0,0.0,0.0,0.0,0.0,0.0,False,5,3343,1,1,1,6,1,0,1,0,0,0,0,0.0,1,3,1,0,0,1,0,0
0,32.0,0,180.0,25.0,584.0,0.0,0.0,False,4,3348,1,1,1,4,1,1,0,0,0,0,0,789.0,0,2,1,0,0,0,0,1
1,73.0,1,0.0,0.0,0.0,0.0,0.0,True,6,3349,1,1,1,2,0,1,0,0,0,0,0,0.0,1,3,0,1,0,0,0,1
0,17.0,0,3.0,2126.0,0.0,0.0,0.0,True,2,3350,1,1,1,5,1,0,0,1,0,0,0,2129.0,0,0,1,0,0,0,0,1
1,47.0,0,0.0,0.0,0.0,0.0,0.0,False,5,3352,1,1,1,6,0,0,1,0,0,0,0,0.0,1,3,1,0,0,0,1,0
0,22.0,0,0.0,216.0,191.0,12062.0,59.0,False,3,3353,1,0,6,2,1,1,0,0,0,0,0,12528.0,0,0,0,1,0,0,0,1
1,13.0,0,0.0,0.0,0.0,0.0,0.0,True,2,3353,2,0,6,2,1,1,0,0,0,0,0,0.0,1,3,0,1,0,1,0,0
0,22.0,0,0.0,5.0,0.0,12.0,6111.0,False,3,3353,3,0,6,2,1,1,0,0,0,0,0,6128.0,0,0,0,1,0,0,0,1
0,61.0,0,0.0,4082.0,0.0,265.0,201.0,True,6,3353,4,0,6,2,1,1,0,0,0,0,0,4548.0,0,0,0,1,0,0,0,1
0,19.0,0,0.0,4494.0,0.0,11.0,3460.0,True,3,3353,5,0,6,2,1,1,0,0,0,0,0,7965.0,0,0,0,1,0,1,0,0
0,45.0,0,0.0,1897.0,0.0,880.0,605.0,True,5,3353,6,0,6,2,1,1,0,0,0,0,0,3382.0,0,0,0,1,0,0,0,1
1,18.0,0,0.0,0.0,0.0,0.0,0.0,False,2,3357,1,1,1,6,1,0,1,0,0,0,0,0.0,1,3,1,0,0,0,1,0
0,32.0,0,0.0,810.0,0.0,0.0,2.0,False,4,3359,1,1,1,6,1,0,1,0,0,0,0,812.0,0,2,1,0,0,0,0,1
0,52.0,1,0.0,1429.0,0.0,1371.0,488.0,True,6,3360,1,1,1,0,0,1,0,0,0,0,0,3288.0,0,0,0,1,0,0,0,1
1,25.0,0,0.0,0.0,0.0,0.0,0.0,True,3,3361,1,0,4,5,1,0,0,1,0,0,0,0.0,1,3,0,0,1,0,0,1
1,9.0,0,0.0,0.0,0.0,0.0,0.0,True,1,3361,2,0,4,5,1,0,0,1,0,0,0,0.0,1,3,0,0,1,0,0,1
1,18.0,0,0.0,0.0,0.0,0.0,0.0,True,2,3361,3,0,4,5,1,0,0,1,0,0,0,0.0,1,3,0,0,1,0,0,1
0,26.0,0,717.0,0.0,84.0,0.0,0.0,False,4,3361,4,0,4,3,1,1,0,0,0,0,0,801.0,0,2,0,0,1,0,1,0
0,20.0,0,1.0,52.0,533.0,0.0,1022.0,False,3,3363,1,0,3,4,0,1,0,0,0,0,0,1608.0,0,0,1,0,0,0,0,1
0,6.0,0,0.0,0.0,0.0,0.0,0.0,True,1,3363,2,0,3,6,0,0,1,0,0,0,0,0.0,1,3,1,0,0,0,0,1
0,5.0,0,0.0,0.0,0.0,0.0,0.0,False,1,3363,3,0,3,6,0,0,1,0,0,0,0,0.0,1,3,1,0,0,0,1,0
0,40.0,0,0.0,372.0,7.0,5.0,1467.0,False,5,3364,1,1,1,0,0,1,0,0,0,0,0,1851.0,0,0,0,1,0,1,0,0
1,20.0,0,0.0,0.0,0.0,0.0,0.0,True,3,3365,1,1,1,6,1,0,1,0,0,0,0,0.0,1,3,1,0,0,0,1,0
0,18.0,0,2532.0,0.0,46.0,0.0,0.0,False,2,3370,1,1,1,3,1,1,0,0,0,0,0,2578.0,0,0,0,0,1,0,0,1
0,42.0,0,0.0,3.0,0.0,898.0,1.0,False,5,3371,1,1,1,5,0,0,0,1,0,0,0,902.0,0,2,1,0,0,0,0,1
1,14.0,0,0.0,0.0,0.0,0.0,0.0,True,2,3372,1,1,1,6,0,0,1,0,0,0,0,0.0,1,3,1,0,0,0,1,0
1,33.0,0,0.0,0.0,0.0,0.0,0.0,True,5,3377,1,1,1,5,1,0,0,1,0,0,0,0.0,1,3,0,0,1,0,0,1
0,23.0,0,664.0,17.0,0.0,0.0,0.0,False,3,3380,1,1,1,5,0,0,0,1,0,0,0,681.0,0,1,1,0,0,1,0,0
1,35.0,0,0.0,0.0,0.0,0.0,0.0,False,5,3381,1,1,1,6,1,0,1,0,0,0,0,0.0,1,3,1,0,0,0,0,1
0,53.0,0,2.0,18.0,705.0,0.0,1.0,False,6,3382,1,0,2,5,0,0,0,1,0,0,0,726.0,0,2,1,0,0,0,1,0
1,56.0,0,0.0,0.0,0.0,0.0,0.0,True,6,3382,2,0,2,6,0,0,1,0,0,0,0,0.0,1,3,1,0,0,0,0,1
0,35.0,0,1.0,0.0,37.0,719.0,0.0,False,5,3383,1,1,1,5,0,0,0,1,0,0,0,757.0,0,2,1,0,0,1,0,0
0,18.0,0,1.0,56.0,0.0,602.0,205.0,False,2,3384,1,0,3,5,0,0,0,1,0,0,0,864.0,0,2,1,0,0,0,0,1
0,25.0,0,106.0,46.0,0.0,0.0,843.0,False,3,3384,2,0,3,4,0,1,0,0,0,0,0,995.0,0,2,1,0,0,0,0,1
1,20.0,0,0.0,0.0,0.0,0.0,0.0,True,3,3384,3,0,3,6,0,0,1,0,0,0,0,0.0,1,3,1,0,0,1,0,0
1,44.0,0,0.0,0.0,0.0,0.0,0.0,True,5,3386,1,1,1,5,1,0,0,1,0,0,0,0.0,1,3,0,0,1,0,0,1
1,26.0,0,0.0,0.0,0.0,0.0,0.0,False,4,3387,1,1,1,6,1,0,1,0,0,0,0,0.0,1,3,1,0,0,0,0,1
0,23.0,0,24.0,1.0,1264.0,0.0,0.0,True,3,3389,1,1,1,5,1,0,0,1,0,0,0,1289.0,0,2,0,0,1,0,0,1
1,39.0,0,0.0,0.0,0.0,0.0,0.0,True,5,3390,1,1,1,5,1,0,0,1,0,0,0,0.0,1,3,0,0,1,0,0,1
1,25.0,0,0.0,0.0,0.0,0.0,0.0,True,3,3391,1,0,2,1,0,1,0,0,0,0,0,0.0,1,3,0,1,0,0,0,1
0,42.0,0,0.0,1209.0,0.0,1026.0,636.0,False,5,3391,2,0,2,1,0,1,0,0,0,0,0,2871.0,0,0,0,1,0,1,0,0
0,20.0,0,0.0,39.0,830.0,17.0,0.0,True,3,3392,1,0,4,6,1,0,1,0,0,0,0,886.0,0,2,1,0,0,0,0,1
1,4.0,0,0.0,0.0,0.0,0.0,0.0,True,0,3392,2,0,4,6,1,0,1,0,0,0,0,0.0,1,3,1,0,0,0,0,1
1,64.0,0,0.0,0.0,0.0,0.0,0.0,True,6,3392,3,0,4,6,1,0,1,0,0,0,0,0.0,1,3,1,0,0,0,0,1
0,0.0,0,0.0,0.0,0.0,0.0,0.0,True,0,3392,4,0,4,6,1,0,1,0,0,0,0,0.0,1,3,1,0,0,0,0,1
0,19.0,0,0.0,463.0,269.0,0.0,4.0,True,3,3394,1,1,1,5,0,0,0,1,0,0,0,736.0,0,2,1,0,0,0,1,0
0,6.0,0,0.0,0.0,0.0,0.0,0.0,False,1,3395,1,1,1,6,1,0,1,0,0,0,0,0.0,1,3,1,0,0,1,0,0
1,23.0,0,0.0,0.0,0.0,0.0,0.0,True,3,3396,1,1,1,1,0,1,0,0,0,0,0,0.0,1,3,0,1,0,0,0,1
0,22.0,0,0.0,269.0,0.0,100.0,28.0,False,3,3397,1,1,1,6,1,0,1,0,0,0,0,397.0,0,1,1,0,0,0,0,1
0,18.0,0,0.0,0.0,1435.0,0.0,0.0,True,2,3401,1,1,1,6,1,0,1,0,0,0,0,1435.0,0,2,1,0,0,0,0,1
0,21.0,0,2.0,0.0,898.0,148.0,0.0,False,3,3402,1,1,1,4,1,1,0,0,0,0,0,1048.0,0,2,0,0,1,0,0,1
0,37.0,0,308.0,35.0,415.0,10.0,0.0,True,5,3403,1,1,1,6,0,0,1,0,0,0,0,768.0,0,2,1,0,0,0,1,0
1,24.0,0,0.0,0.0,0.0,0.0,0.0,True,3,3404,1,1,1,6,0,0,1,0,0,0,0,0.0,1,3,1,0,0,1,0,0
1,38.0,0,0.0,0.0,0.0,0.0,0.0,False,5,3405,1,0,3,6,1,0,1,0,0,0,0,0.0,1,3,1,0,0,0,0,1
0,11.0,0,0.0,0.0,0.0,0.0,0.0,True,1,3405,2,0,3,6,1,0,1,0,0,0,0,0.0,1,3,1,0,0,0,0,1
0,6.0,0,0.0,0.0,0.0,0.0,0.0,False,1,3405,3,0,3,6,1,0,1,0,0,0,0,0.0,1,3,1,0,0,1,0,0
0,49.0,0,0.0,104.0,809.0,3668.0,7.0,False,5,3406,1,0,2,2,0,1,0,0,0,0,0,4588.0,0,0,0,1,0,0,0,1
0,55.0,0,0.0,5971.0,158.0,4125.0,1984.0,False,6,3406,2,0,2,2,0,1,0,0,0,0,0,12238.0,0,0,0,1,0,0,0,1
1,15.0,0,0.0,0.0,0.0,0.0,0.0,True,2,3408,1,1,1,6,1,0,1,0,0,0,0,0.0,1,3,1,0,0,0,0,1
0,19.0,0,90.0,0.0,0.0,74.0,595.0,False,3,3409,1,1,1,5,0,0,0,1,0,0,0,759.0,0,2,1,0,0,0,0,1
1,16.0,0,0.0,0.0,0.0,0.0,0.0,True,2,3410,1,1,1,6,0,0,1,0,0,0,0,0.0,1,3,1,0,0,0,0,1
0,48.0,0,0.0,12.0,0.0,7967.0,15.0,False,5,3412,1,0,3,1,0,1,0,0,0,0,0,7994.0,0,0,0,1,0,0,0,1
1,25.0,0,0.0,0.0,0.0,0.0,0.0,True,3,3412,2,0,3,1,0,1,0,0,0,0,0,0.0,1,3,0,1,0,1,0,0
0,23.0,0,2.0,6748.0,0.0,23.0,0.0,True,3,3412,3,0,3,1,0,1,0,0,0,0,0,6773.0,0,0,0,1,0,0,0,1
1,27.0,0,0.0,0.0,0.0,0.0,0.0,False,4,3413,1,1,1,6,0,0,1,0,0,0,0,0.0,1,3,1,0,0,0,1,0
0,39.0,0,505.0,178.0,181.0,0.0,0.0,False,5,3415,1,1,1,5,0,0,0,1,0,0,0,864.0,0,2,1,0,0,0,0,1
0,28.0,0,0.0,1376.0,4.0,0.0,0.0,True,4,3417,1,1,1,5,0,0,0,1,0,0,0,1380.0,0,2,1,0,0,0,0,1
1,72.0,0,0.0,0.0,0.0,0.0,0.0,True,6,3418,1,1,1,5,1,0,0,1,0,0,0,0.0,1,3,0,0,1,0,0,1
0,47.0,0,2267.0,0.0,117.0,0.0,0.0,False,5,3419,1,1,1,3,0,1,0,0,0,0,0,2384.0,0,0,0,0,1,0,0,1
1,65.0,0,0.0,0.0,0.0,0.0,0.0,False,6,3420,1,1,1,6,1,0,1,0,0,0,0,0.0,1,3,1,0,0,0,0,1
0,40.0,0,15.0,0.0,0.0,670.0,0.0,False,5,3421,1,1,1,5,0,0,0,1,0,0,0,685.0,0,1,1,0,0,0,1,0
1,18.0,0,0.0,0.0,0.0,0.0,0.0,True,2,3422,1,0,2,4,0,1,0,0,0,0,0,0.0,1,3,0,1,0,1,0,0
1,27.0,0,0.0,0.0,0.0,0.0,0.0,True,4,3422,2,0,2,4,0,1,0,0,0,0,0,0.0,1,3,0,1,0,0,0,1
1,21.0,0,0.0,0.0,0.0,0.0,0.0,True,3,3423,1,1,1,6,0,0,1,0,0,0,0,0.0,1,3,1,0,0,0,0,1
0,37.0,0,190.0,0.0,2.0,799.0,0.0,False,5,3424,1,1,1,4,1,1,0,0,0,0,0,991.0,0,2,1,0,0,0,0,1
0,31.0,0,0.0,1216.0,0.0,897.0,478.0,False,4,3425,1,1,1,4,1,1,0,0,0,0,0,2591.0,0,0,0,1,0,0,0,1
0,33.0,0,22.0,37.0,415.0,0.0,333.0,False,5,3426,1,1,1,6,1,0,1,0,0,0,0,807.0,0,2,1,0,0,0,0,1
1,53.0,0,0.0,0.0,0.0,0.0,0.0,True,6,3428,1,0,2,2,0,1,0,0,0,0,0,0.0,1,3,0,1,0,1,0,0
0,27.0,0,0.0,18481.0,0.0,2.0,3875.0,True,4,3428,2,0,2,2,0,1,0,0,0,0,0,22358.0,0,0,0,1,0,0,0,1
0,74.0,0,0.0,193.0,581.0,0.0,0.0,True,6,3430,1,1,1,6,1,0,1,0,0,0,0,774.0,0,2,1,0,0,0,0,1
1,27.0,0,0.0,0.0,0.0,0.0,0.0,True,5,3431,1,1,1,5,0,0,0,1,0,0,0,0.0,1,3,0,0,1,0,0,1
0,23.0,0,381.0,0.0,137.0,104.0,8.0,False,3,3432,1,1,1,5,0,0,0,1,0,0,0,630.0,0,1,1,0,0,0,1,0
0,74.0,0,0.0,1026.0,0.0,6616.0,119.0,False,6,3433,1,1,1,2,0,1,0,0,0,0,0,7761.0,0,0,0,1,0,1,0,0
1,23.0,0,0.0,0.0,0.0,0.0,0.0,True,3,3434,1,1,1,6,0,0,1,0,0,0,0,0.0,1,3,1,0,0,0,0,1
0,26.0,0,6.0,0.0,400.0,2.0,373.0,False,4,3437,1,0,2,6,1,0,1,0,0,0,0,781.0,0,2,1,0,0,0,1,0
1,0.0,0,0.0,0.0,0.0,0.0,0.0,True,0,3437,2,0,2,6,1,0,1,0,0,0,0,0.0,1,3,1,0,0,0,0,1
1,0.0,0,0.0,0.0,0.0,0.0,0.0,True,0,3438,1,0,2,6,0,0,1,0,0,0,0,0.0,1,3,1,0,0,0,0,1
0,24.0,0,95.0,35.0,1442.0,0.0,0.0,False,3,3438,2,0,2,5,0,0,0,1,0,0,0,1572.0,0,0,1,0,0,1,0,0
1,28.0,0,0.0,0.0,0.0,0.0,0.0,True,4,3439,1,0,4,1,1,1,0,0,0,0,0,0.0,1,3,0,1,0,0,0,1
1,17.0,0,0.0,0.0,0.0,0.0,0.0,True,2,3439,2,0,4,1,1,1,0,0,0,0,0,0.0,1,3,0,1,0,0,0,1
1,26.0,0,0.0,0.0,0.0,0.0,0.0,True,4,3439,3,0,4,1,1,1,0,0,0,0,0,0.0,1,3,0,1,0,1,0,0
0,39.0,0,0.0,2.0,0.0,909.0,3291.0,False,5,3439,4,0,4,1,1,1,0,0,0,0,0,4202.0,0,0,0,1,0,0,0,1
0,17.0,0,0.0,83.0,0.0,0.0,943.0,False,2,3440,1,1,1,6,0,0,1,0,0,0,0,1026.0,0,2,1,0,0,0,0,1
0,15.0,0,350.0,0.0,91.0,198.0,0.0,False,2,3441,1,1,1,5,1,0,0,1,0,0,0,639.0,0,1,1,0,0,1,0,0
0,37.0,0,503.0,0.0,26.0,0.0,116.0,False,5,3442,1,1,1,5,0,0,0,1,0,0,0,645.0,0,1,1,0,0,0,0,1
0,38.0,0,792.0,0.0,0.0,1.0,29.0,True,5,3443,1,1,1,5,1,0,0,1,0,0,0,822.0,0,2,1,0,0,0,0,1
0,33.0,0,0.0,27071.0,0.0,15.0,0.0,True,5,3444,1,0,4,1,1,1,0,0,0,0,0,27086.0,0,0,0,1,0,1,0,0
1,16.0,0,0.0,0.0,0.0,0.0,0.0,True,2,3444,2,0,4,1,1,1,0,0,0,0,0,0.0,1,3,0,1,0,0,0,1
0,41.0,1,0.0,649.0,0.0,945.0,0.0,True,5,3444,3,0,4,1,1,1,0,0,0,0,0,1594.0,0,0,0,1,0,0,0,1
0,7.0,0,0.0,0.0,0.0,0.0,0.0,True,1,3444,4,0,4,1,1,1,0,0,0,0,0,0.0,1,3,0,1,0,0,0,1
0,20.0,0,1.0,760.0,0.0,21.0,0.0,False,3,3445,1,1,1,6,1,0,1,0,0,0,0,782.0,0,2,1,0,0,0,0,1
1,44.0,0,0.0,0.0,0.0,0.0,0.0,True,5,3446,1,1,1,6,1,0,1,0,0,0,0,0.0,1,3,1,0,0,0,1,0
0,42.0,0,1196.0,0.0,0.0,68.0,1.0,False,5,3447,1,1,1,5,1,0,0,1,0,0,0,1265.0,0,2,1,0,0,0,0,1
0,29.0,0,0.0,4.0,0.0,0.0,904.0,False,4,3449,1,1,1,6,1,0,1,0,0,0,0,908.0,0,2,1,0,0,0,0,1
0,22.0,0,0.0,4209.0,26.0,2462.0,466.0,True,3,3450,1,0,2,1,1,1,0,0,0,0,0,7163.0,0,0,0,1,0,1,0,0
0,21.0,0,0.0,2834.0,0.0,414.0,558.0,True,3,3450,2,0,2,1,1,1,0,0,0,0,0,3806.0,0,0,0,1,0,0,0,1
1,21.0,0,0.0,0.0,0.0,0.0,0.0,False,3,3453,1,1,1,6,0,0,1,0,0,0,0,0.0,1,3,1,0,0,0,0,1
1,21.0,0,0.0,0.0,0.0,0.0,0.0,False,3,3454,1,1,1,6,0,0,1,0,0,0,0,0.0,1,3,1,0,0,0,0,1
1,13.0,0,0.0,0.0,0.0,0.0,0.0,True,2,3455,1,1,1,5,0,0,0,1,0,0,0,0.0,1,3,0,0,1,0,0,1
1,16.0,0,0.0,0.0,0.0,0.0,0.0,True,2,3456,1,1,1,6,1,0,1,0,0,0,0,0.0,1,3,1,0,0,0,1,0
1,36.0,0,0.0,0.0,0.0,0.0,0.0,True,5,3458,1,1,1,5,0,0,0,1,0,0,0,0.0,1,3,0,0,1,1,0,0
1,36.0,0,0.0,0.0,0.0,0.0,0.0,True,5,3459,1,1,1,6,1,0,1,0,0,0,0,0.0,1,3,1,0,0,0,0,1
0,26.0,0,86.0,377.0,0.0,0.0,77.0,False,4,3461,1,1,1,6,0,0,1,0,0,0,0,540.0,0,1,1,0,0,0,1,0
1,28.0,0,0.0,0.0,0.0,0.0,0.0,True,4,3462,1,1,1,2,0,1,0,0,0,0,0,0.0,1,3,0,1,0,0,0,1
0,14.0,0,0.0,0.0,533.0,266.0,93.0,False,2,3464,1,0,2,6,1,0,1,0,0,0,0,892.0,0,2,1,0,0,0,0,1
1,29.0,0,0.0,0.0,0.0,0.0,0.0,False,4,3464,2,0,2,6,1,0,1,0,0,0,0,0.0,1,3,1,0,0,0,0,1
0,19.0,0,506.0,0.0,395.0,159.0,229.0,False,3,3465,1,1,1,5,0,0,0,1,0,0,0,1289.0,0,2,0,0,1,0,0,1
0,51.0,0,90.0,0.0,0.0,881.0,0.0,False,6,3467,1,1,1,5,0,0,0,1,0,0,0,971.0,0,2,1,0,0,0,0,1
1,64.0,0,0.0,0.0,0.0,0.0,0.0,True,6,3468,1,1,1,6,1,0,1,0,0,0,0,0.0,1,3,1,0,0,0,0,1
1,41.0,0,0.0,0.0,0.0,0.0,0.0,True,5,3469,1,1,1,1,0,1,0,0,0,0,0,0.0,1,3,0,1,0,0,0,1
1,16.0,0,0.0,0.0,0.0,0.0,0.0,False,2,3470,1,0,2,6,1,0,1,0,0,0,0,0.0,1,3,1,0,0,0,0,1
1,16.0,0,0.0,0.0,0.0,0.0,0.0,True,2,3470,2,0,2,6,1,0,1,0,0,0,0,0.0,1,3,1,0,0,1,0,0
0,20.0,0,0.0,880.0,5.0,25.0,490.0,False,3,3473,1,1,1,5,1,0,0,1,0,0,0,1400.0,0,2,1,0,0,0,0,1
1,31.0,0,0.0,0.0,0.0,0.0,0.0,True,4,3474,1,0,4,1,0,1,0,0,0,0,0,0.0,1,3,0,1,0,0,0,1
0,38.0,0,0.0,952.0,0.0,0.0,1790.0,False,5,3474,2,0,4,1,0,1,0,0,0,0,0,2742.0,0,0,0,1,0,0,0,1
1,59.0,0,0.0,0.0,0.0,0.0,0.0,True,6,3474,3,0,4,1,0,1,0,0,0,0,0,0.0,1,3,0,1,0,1,0,0
1,18.0,0,0.0,0.0,0.0,0.0,0.0,True,2,3474,4,0,4,1,0,1,0,0,0,0,0,0.0,1,3,0,1,0,0,0,1
1,33.0,0,0.0,0.0,0.0,0.0,0.0,True,5,3475,1,0,3,2,1,1,0,0,0,0,0,0.0,1,3,0,1,0,0,0,1
0,33.0,0,0.0,590.0,7.5,3.0,6569.0,False,5,3475,2,0,3,2,1,1,0,0,0,0,0,7162.0,0,0,0,1,0,0,0,1
0,49.0,0,0.0,8766.0,15.0,149.0,178.0,True,5,3475,3,0,3,2,1,1,0,0,0,0,0,9108.0,0,0,0,1,0,1,0,0
0,4.0,0,0.0,0.0,0.0,0.0,0.0,True,0,3476,1,0,4,6,0,0,1,0,0,0,0,0.0,1,3,1,0,0,1,0,0
0,0.0,0,0.0,0.0,0.0,0.0,0.0,True,0,3476,2,0,4,6,0,0,1,0,0,0,0,0.0,1,3,1,0,0,1,0,0
0,0.0,0,0.0,0.0,0.0,0.0,0.0,True,0,3476,3,0,4,6,0,0,1,0,0,0,0,0.0,1,3,1,0,0,1,0,0
0,24.0,0,1.0,467.0,4.0,0.0,341.0,False,3,3476,4,0,4,6,0,0,1,0,0,0,0,813.0,0,2,1,0,0,0,0,1
0,52.0,0,0.0,0.0,0.0,0.0,0.0,False,6,3478,1,1,1,1,0,1,0,0,0,0,0,0.0,1,3,0,1,0,0,0,1
0,50.0,0,121.0,558.0,0.0,10.0,0.0,False,5,3480,1,1,1,5,1,0,0,1,0,0,0,689.0,0,1,1,0,0,0,1,0
0,31.0,0,0.0,627.0,1.0,0.0,13.0,False,4,3483,1,1,1,5,0,0,0,1,0,0,0,641.0,0,1,1,0,0,0,1,0
1,25.0,0,0.0,0.0,0.0,0.0,0.0,False,3,3484,1,0,2,6,0,0,1,0,0,0,0,0.0,1,3,1,0,0,0,0,1
0,62.0,0,3.0,0.0,2908.0,0.0,0.0,True,6,3484,2,0,2,5,0,0,0,1,0,0,0,2911.0,0,0,1,0,0,0,1,0
0,49.0,0,0.0,1855.0,0.0,166.0,1655.0,False,5,3485,1,0,3,4,1,1,0,0,0,0,0,3676.0,0,0,0,1,0,0,0,1
1,24.0,0,0.0,0.0,0.0,0.0,0.0,True,3,3485,2,0,3,4,1,1,0,0,0,0,0,0.0,1,3,0,1,0,0,0,1
0,33.0,0,0.0,3157.0,0.0,131.0,0.0,True,5,3485,3,0,3,4,1,1,0,0,0,0,0,3288.0,0,0,0,1,0,0,0,1
0,20.0,0,0.0,559.0,21.0,0.0,5.0,True,3,3486,1,1,1,5,1,0,0,1,0,0,0,585.0,0,1,1,0,0,0,0,1
0,46.0,0,0.0,0.0,0.0,1529.0,3069.0,False,5,3487,1,1,1,0,1,1,0,0,0,0,0,4598.0,0,0,0,1,0,1,0,0
0,26.0,0,0.0,0.0,0.0,0.0,0.0,False,4,3488,1,0,2,3,0,1,0,0,0,0,0,0.0,1,3,0,1,0,0,0,1
0,52.0,0,6.0,2333.0,11.0,1149.0,1.0,False,6,3488,2,0,2,3,0,1,0,0,0,0,0,3500.0,0,0,0,1,0,0,0,1
1,28.0,0,274.0,0.0,693.0,944.0,0.0,False,4,3489,1,0,2,5,0,0,0,1,0,0,0,1911.0,0,0,0,0,1,0,0,1
1,39.0,0,0.0,0.0,0.0,0.0,0.0,True,5,3489,2,0,2,5,0,0,0,1,0,0,0,0.0,1,3,0,0,1,0,0,1
0,29.0,0,4.0,3439.0,0.0,0.0,0.0,True,4,3490,1,0,2,3,0,1,0,0,0,0,0,3443.0,0,0,0,1,0,0,0,1
0,19.0,0,0.0,1347.0,0.0,1756.0,37.0,True,3,3490,2,0,2,3,0,1,0,0,0,0,0,3140.0,0,0,0,1,0,1,0,0
0,15.0,0,0.0,0.0,0.0,6.0,607.0,False,2,3491,1,1,1,5,0,0,0,1,0,0,0,613.0,0,1,1,0,0,0,0,1
0,33.0,0,44.0,630.0,18.0,96.0,0.0,False,5,3492,1,1,1,4,1,1,0,0,0,0,0,788.0,0,2,1,0,0,0,0,1
0,47.0,0,0.0,10679.0,0.0,273.0,80.0,True,5,3495,1,0,4,2,1,1,0,0,0,0,0,11032.0,0,0,0,1,0,0,0,1
0,34.0,0,0.0,6229.0,0.0,2279.0,587.0,True,5,3495,2,0,4,2,1,1,0,0,0,0,0,9095.0,0,0,0,1,0,0,0,1
1,26.0,0,0.0,0.0,0.0,0.0,0.0,True,4,3495,3,0,4,2,1,1,0,0,0,0,0,0.0,1,3,0,1,0,1,0,0
1,15.0,0,0.0,0.0,0.0,0.0,0.0,True,2,3495,4,0,4,2,1,1,0,0,0,0,0,0.0,1,3,0,1,0,0,0,1
1,27.0,0,0.0,0.0,0.0,0.0,0.0,True,4,3496,1,0,2,5,0,0,0,1,0,0,0,0.0,1,3,0,0,1,0,0,1
0,27.0,0,542.0,0.0,1231.0,0.0,1.0,False,4,3496,2,0,2,5,0,0,0,1,0,0,0,1774.0,0,0,0,0,1,0,0,1
0,38.0,1,66.0,0.0,991.0,0.0,0.0,False,5,3497,1,1,1,3,0,1,0,0,0,0,0,1057.0,0,2,0,0,1,0,0,1
0,21.0,0,196.0,5.0,674.0,12.0,20.0,False,3,3499,1,0,4,6,0,0,1,0,0,0,0,907.0,0,2,1,0,0,0,0,1
0,1.0,0,0.0,0.0,0.0,0.0,0.0,True,0,3499,2,0,4,6,0,0,1,0,0,0,0,0.0,1,3,1,0,0,0,0,1
0,38.0,0,0.0,1025.0,23.0,0.0,0.0,True,5,3499,3,0,4,5,0,0,0,1,0,0,0,1048.0,0,2,1,0,0,0,0,1
0,0.0,0,0.0,0.0,0.0,0.0,0.0,False,0,3499,4,0,4,6,0,0,1,0,0,0,0,0.0,1,3,1,0,0,0,0,1
0,32.0,0,1272.0,0.0,1103.0,9.0,0.0,False,4,3501,1,1,1,5,1,0,1,0,0,0,0,2384.0,0,0,0,0,1,0,0,1
1,27.0,0,0.0,0.0,0.0,0.0,0.0,True,4,3504,1,1,1,6,0,0,1,0,0,0,0,0.0,1,3,1,0,0,0,0,1
1,48.0,0,0.0,0.0,0.0,0.0,0.0,True,5,3506,1,1,1,1,0,1,0,0,0,0,0,0.0,1,3,0,1,0,1,0,0
0,22.0,0,124.0,0.0,1763.0,0.0,1014.0,False,3,3511,1,1,1,5,1,0,0,1,0,0,0,2901.0,0,0,0,0,1,1,0,0
0,28.0,0,1.0,0.0,857.0,0.0,0.0,False,4,3512,1,1,1,5,1,0,0,1,0,0,0,858.0,0,2,1,0,0,1,0,0
0,19.0,0,122.0,170.0,52.0,0.0,465.0,False,3,3514,1,1,1,6,0,0,1,0,0,0,0,809.0,0,2,1,0,0,0,0,1
1,37.0,0,0.0,0.0,0.0,0.0,0.0,False,5,3515,1,0,2,5,0,0,0,1,0,0,0,0.0,1,3,0,0,1,0,0,1
1,46.0,0,0.0,0.0,0.0,0.0,0.0,True,5,3515,2,0,2,5,0,0,0,1,0,0,0,0.0,1,3,0,0,1,0,0,1
1,26.0,0,0.0,0.0,0.0,0.0,0.0,True,4,3518,1,1,1,6,1,0,1,0,0,0,0,0.0,1,3,1,0,0,0,0,1
0,16.0,0,0.0,0.0,722.0,0.0,1.0,True,2,3519,1,0,3,6,0,0,1,0,0,0,0,723.0,0,2,1,0,0,0,0,1
1,0.0,0,0.0,0.0,0.0,0.0,0.0,True,0,3519,2,0,3,6,0,0,1,0,0,0,0,0.0,1,3,1,0,0,0,0,1
1,0.0,0,0.0,0.0,0.0,0.0,0.0,True,0,3519,3,0,3,6,0,0,1,0,0,0,0,0.0,1,3,1,0,0,0,0,1
0,26.0,0,0.0,597.0,0.0,0.0,212.0,False,4,3520,1,0,2,6,0,0,1,0,0,0,0,809.0,0,2,1,0,0,0,0,1
1,13.0,0,0.0,0.0,0.0,0.0,0.0,True,2,3520,2,0,2,5,1,0,1,0,0,0,0,0.0,1,3,1,0,0,0,1,0
1,23.0,0,0.0,0.0,0.0,0.0,0.0,True,3,3521,1,0,2,5,1,0,1,0,0,0,0,0.0,1,3,0,1,0,1,0,0
1,70.0,0,0.0,0.0,0.0,0.0,0.0,True,6,3521,2,0,2,1,1,1,0,0,0,0,0,0.0,1,3,0,1,0,0,0,1
1,21.0,0,0.0,0.0,0.0,0.0,0.0,True,3,3523,1,1,1,5,1,0,0,1,0,0,0,0.0,1,3,1,0,0,0,0,1
1,40.0,0,0.0,0.0,0.0,0.0,0.0,True,5,3525,1,1,1,5,0,0,0,1,0,0,0,0.0,1,3,0,0,1,0,0,1
0,18.0,1,733.0,0.0,688.0,1.0,0.0,False,2,3527,1,1,1,5,0,0,0,1,0,0,0,1422.0,0,2,0,0,1,0,0,1
0,23.0,0,1.0,0.0,778.0,8.0,0.0,True,3,3528,1,1,1,5,1,0,0,1,0,0,0,787.0,0,2,1,0,0,0,0,1
1,15.0,0,0.0,0.0,0.0,0.0,0.0,True,2,3530,1,1,1,6,1,0,1,0,0,0,0,0.0,1,3,1,0,0,0,0,1
0,28.0,0,809.0,0.0,31.0,733.0,0.0,False,4,3531,1,0,2,5,0,0,0,1,0,0,0,1573.0,0,0,0,0,1,1,0,0
1,45.0,0,809.0,0.0,0.0,0.0,0.0,True,5,3531,2,0,2,5,0,0,0,1,0,0,0,0.0,1,3,0,0,1,0,0,1
0,18.0,0,1749.0,50.0,280.0,2.0,0.0,False,2,3533,1,1,1,4,0,1,0,0,0,0,0,2081.0,0,0,0,0,1,0,0,1
0,23.0,0,0.0,30.0,0.0,106.0,566.0,False,3,3534,1,1,1,5,0,0,0,1,0,0,0,702.0,0,1,1,0,0,0,0,1
0,36.0,0,1304.0,0.0,7.0,18.0,0.0,False,5,3535,1,0,2,5,1,0,1,0,0,0,0,1329.0,0,2,0,0,1,0,0,1
1,25.0,0,0.0,0.0,0.0,0.0,0.0,True,3,3535,2,0,2,5,1,0,0,1,0,0,0,0.0,1,3,0,0,1,0,0,1
1,28.0,0,0.0,0.0,0.0,0.0,0.0,True,4,3536,1,1,1,0,1,1,0,0,0,0,0,0.0,1,3,0,1,0,1,0,0
0,29.0,0,0.0,10.0,0.0,0.0,715.0,False,4,3537,1,1,1,5,0,0,0,1,0,0,0,725.0,0,2,1,0,0,1,0,0
0,31.0,0,1.0,110.0,274.0,27.0,376.0,False,4,3539,1,1,1,4,1,1,0,0,0,0,0,788.0,0,2,1,0,0,0,0,1
1,14.0,0,0.0,0.0,0.0,0.0,0.0,True,2,3540,1,1,1,6,0,0,1,0,0,0,0,0.0,1,3,1,0,0,0,1,0
1,31.0,0,0.0,0.0,0.0,0.0,0.0,True,4,3542,1,1,1,5,1,0,0,1,0,0,0,0.0,1,3,0,0,1,0,0,1
0,39.0,0,0.0,2804.0,0.0,130.0,139.0,True,5,3543,1,0,3,2,0,1,0,0,0,0,0,3073.0,0,0,0,1,0,0,0,1
1,17.0,0,0.0,0.0,0.0,0.0,0.0,True,2,3543,2,0,3,2,0,1,0,0,0,0,0,0.0,1,3,0,1,0,1,0,0
1,56.0,0,0.0,0.0,0.0,0.0,0.0,True,6,3543,3,0,3,2,0,1,0,0,0,0,0,0.0,1,3,0,1,0,0,0,1
0,36.0,0,0.0,10.0,0.0,0.0,0.0,False,5,3546,1,1,1,5,1,0,0,1,0,0,0,10.0,0,1,1,0,0,0,0,1
0,21.0,0,1099.0,0.0,1820.0,0.0,0.0,False,3,3547,1,1,1,3,1,1,0,0,0,0,0,2919.0,0,0,0,0,1,1,0,0
0,48.0,0,0.0,1794.0,0.0,0.0,5.0,True,5,3548,1,1,1,6,0,0,1,0,0,0,0,1799.0,0,0,1,0,0,0,0,1
1,53.0,0,0.0,0.0,0.0,0.0,0.0,False,6,3550,1,0,3,6,1,0,1,0,0,0,0,0.0,1,3,1,0,0,0,0,1
1,5.0,0,0.0,0.0,0.0,0.0,0.0,False,1,3550,2,0,3,6,1,0,1,0,0,0,0,0.0,1,3,1,0,0,0,1,0
1,21.0,0,0.0,0.0,0.0,0.0,0.0,False,3,3550,3,0,3,6,1,0,1,0,0,0,0,0.0,1,3,1,0,0,0,0,1
0,50.0,0,4.0,217.0,0.0,2581.0,436.0,False,5,3552,1,0,2,1,1,1,0,0,0,0,0,3238.0,0,0,0,1,0,1,0,0
1,18.0,0,0.0,0.0,0.0,0.0,0.0,True,2,3552,2,0,2,1,1,1,0,0,0,0,0,0.0,1,3,0,1,0,0,0,1
0,28.0,0,3.0,0.0,0.0,327.0,2054.0,False,4,3553,1,1,1,5,1,0,1,0,0,0,0,2384.0,0,0,0,0,1,0,0,1
0,28.0,0,766.0,0.0,1.0,258.0,26.0,True,4,3555,1,1,1,5,0,0,0,1,0,0,0,1051.0,0,2,1,0,0,0,0,1
1,18.0,0,0.0,0.0,0.0,0.0,0.0,True,2,3556,1,1,1,6,1,0,1,0,0,0,0,0.0,1,3,1,0,0,0,0,1
0,37.0,0,78.0,0.0,0.0,2948.0,0.0,False,5,3558,1,0,2,3,0,1,0,0,0,0,0,3026.0,0,0,0,0,1,0,0,1
1,19.0,0,0.0,0.0,0.0,0.0,0.0,True,3,3558,2,0,2,5,0,0,0,1,0,0,0,0.0,1,3,0,0,1,0,0,1
0,27.0,0,249.0,0.0,65.0,812.0,55.0,False,4,3559,1,1,1,3,0,1,0,0,0,0,0,1181.0,0,2,0,0,1,0,0,1
0,37.0,0,3.0,0.0,800.0,76.0,0.0,True,5,3560,1,1,1,3,0,1,0,0,0,0,0,879.0,0,2,0,0,1,0,1,0
1,43.0,0,0.0,0.0,0.0,0.0,0.0,True,5,3561,1,0,2,5,0,0,0,1,0,0,0,0.0,1,3,0,0,1,0,0,1
0,17.0,0,1617.0,0.0,1777.0,0.0,0.0,True,2,3561,2,0,2,3,0,1,0,0,0,0,0,3394.0,0,0,0,0,1,0,0,1
0,21.0,0,2581.0,354.0,1158.0,139.0,548.0,False,3,3562,1,0,2,4,0,1,0,0,0,0,0,4780.0,0,0,0,0,1,1,0,0
0,55.0,0,14.0,0.0,0.0,3778.0,1.0,False,6,3562,2,0,2,3,0,1,0,0,0,0,0,3793.0,0,0,0,0,1,1,0,0
1,14.0,0,0.0,0.0,0.0,0.0,0.0,True,2,3563,1,1,1,6,0,0,1,0,0,0,0,0.0,1,3,1,0,0,0,0,1
1,24.0,0,0.0,0.0,0.0,0.0,0.0,False,3,3564,1,1,1,6,0,0,1,0,0,0,0,0.0,1,3,1,0,0,0,0,1
1,26.0,0,0.0,0.0,0.0,0.0,0.0,True,4,3565,1,1,1,6,0,0,1,0,0,0,0,0.0,1,3,1,0,0,0,1,0
0,19.0,0,0.0,336.0,508.0,1.0,0.0,True,3,3566,1,1,1,6,1,0,1,0,0,0,0,845.0,0,2,1,0,0,1,0,0
0,20.0,0,0.0,0.0,2687.0,35.0,340.0,False,3,3567,1,1,1,5,0,0,0,1,0,0,0,3062.0,0,0,1,0,0,0,0,1
0,14.0,0,30.0,59.0,0.0,572.0,0.0,False,2,3568,1,1,1,5,0,0,0,1,0,0,0,661.0,0,1,1,0,0,0,0,1
1,19.0,0,0.0,0.0,0.0,0.0,0.0,True,3,3569,1,1,1,5,0,0,0,1,0,0,0,0.0,1,3,0,0,1,0,0,1
0,15.0,0,85.0,373.0,160.0,5.0,0.0,True,2,3570,1,1,1,6,1,0,1,0,0,0,0,623.0,0,1,1,0,0,0,1,0
0,25.0,0,19.0,0.0,0.0,1679.0,0.0,False,3,3572,1,1,1,6,0,0,1,0,0,0,0,1698.0,0,0,1,0,0,0,0,1
0,24.0,0,0.0,33.0,0.0,84.0,1062.0,False,3,3573,1,1,1,5,1,0,0,1,0,0,0,1179.0,0,2,1,0,0,0,1,0
0,22.0,0,0.0,4.0,0.0,0.0,1267.0,True,3,3576,1,1,1,5,0,0,0,1,0,0,0,1271.0,0,2,1,0,0,0,0,1
0,26.0,0,1178.0,7.0,0.0,7.0,0.0,False,4,3577,1,1,1,5,0,0,0,1,0,0,0,1192.0,0,2,0,0,1,0,0,1
1,23.0,0,0.0,0.0,0.0,0.0,0.0,True,3,3578,1,1,1,5,1,0,1,0,0,0,0,0.0,1,3,0,0,1,1,0,0
0,20.0,0,0.0,0.0,1.0,0.0,2260.0,False,3,3579,1,1,1,5,1,0,0,1,0,0,0,2261.0,0,0,1,0,0,0,1,0
0,53.0,0,323.0,120.0,14.0,450.0,0.0,True,6,3582,1,1,1,6,0,0,1,0,0,0,0,907.0,0,2,1,0,0,0,0,1
0,55.0,0,42.0,4.0,1215.0,0.0,3.0,True,6,3584,1,1,1,5,1,0,0,1,0,0,0,1264.0,0,2,1,0,0,0,0,1
0,22.0,0,0.0,0.0,0.0,739.0,29.0,False,3,3586,1,1,1,6,0,0,1,0,0,0,0,768.0,0,2,1,0,0,0,0,1
0,35.0,0,576.0,0.0,459.0,22.0,0.0,False,5,3588,1,0,2,3,0,1,0,0,0,0,0,1057.0,0,2,0,0,1,0,0,1
0,40.0,0,787.0,0.0,88.0,0.0,0.0,False,5,3588,2,0,2,3,0,1,0,0,0,0,0,875.0,0,2,0,0,1,0,0,1
0,22.0,0,0.0,0.0,0.0,0.0,1609.0,False,3,3591,1,1,1,4,0,1,0,0,0,0,0,1609.0,0,0,1,0,0,0,0,1
0,22.0,0,193.0,1.0,640.0,15.0,30.0,True,3,3592,1,0,2,3,0,1,0,0,0,0,0,879.0,0,2,0,0,1,0,1,0
0,21.0,0,354.0,113.0,640.0,487.0,0.0,False,3,3592,2,0,2,4,0,1,0,0,0,0,0,954.0,0,2,0,0,1,0,0,1
1,64.0,0,0.0,0.0,0.0,0.0,0.0,True,6,3594,1,1,1,6,0,0,1,0,0,0,0,0.0,1,3,1,0,0,0,1,0
1,40.0,0,0.0,0.0,0.0,0.0,0.0,True,5,3595,1,1,1,1,1,1,0,0,0,0,0,0.0,1,3,0,1,0,0,0,1
0,8.0,0,0.0,0.0,0.0,0.0,0.0,True,1,3596,1,1,1,5,0,0,0,1,0,0,0,0.0,1,3,0,0,1,0,0,1
0,25.0,0,0.0,813.0,89.0,12.0,0.0,False,3,3597,1,1,1,6,0,0,1,0,0,0,0,914.0,0,2,1,0,0,0,0,1
0,19.0,0,616.0,0.0,46.0,0.0,14.0,False,3,3598,1,1,1,5,1,0,1,0,0,0,0,676.0,0,1,1,0,0,1,0,0
1,24.0,0,0.0,0.0,0.0,0.0,0.0,True,3,3600,1,1,1,6,1,0,1,0,0,0,0,0.0,1,3,1,0,0,0,0,1
0,11.0,0,0.0,0.0,0.0,0.0,0.0,True,1,3602,1,1,1,5,1,0,0,1,0,0,0,0.0,1,3,0,0,1,0,0,1
1,31.0,0,0.0,0.0,0.0,0.0,0.0,True,4,3605,1,1,1,6,0,0,1,0,0,0,0,0.0,1,3,1,0,0,1,0,0
1,46.0,0,0.0,0.0,0.0,0.0,0.0,False,5,3606,1,1,1,6,0,0,1,0,0,0,0,0.0,1,3,1,0,0,0,0,1
1,31.0,0,0.0,0.0,0.0,0.0,0.0,True,4,3607,1,1,1,5,0,0,0,1,0,0,0,0.0,1,3,0,0,1,0,0,1
1,17.0,0,0.0,0.0,0.0,0.0,0.0,True,2,3608,1,0,3,3,0,1,0,0,0,0,0,0.0,1,3,0,1,0,1,0,0
1,16.0,0,0.0,0.0,0.0,0.0,0.0,True,2,3608,2,0,3,3,0,1,0,0,0,0,0,0.0,1,3,0,1,0,0,0,1
1,57.0,0,0.0,0.0,0.0,0.0,0.0,True,6,3608,3,0,3,3,0,1,0,0,0,0,0,0.0,1,3,0,1,0,0,0,1
0,28.0,0,5.0,2052.0,0.0,3340.0,0.0,False,4,3609,1,0,4,2,0,1,0,0,0,0,0,5397.0,0,0,0,1,0,1,0,0
0,27.0,0,0.0,325.0,0.0,8.0,1622.0,False,4,3609,2,0,4,2,0,1,0,0,0,0,0,1955.0,0,0,0,1,0,0,0,1
0,28.0,0,0.0,0.0,0.0,0.0,0.0,True,4,3609,3,0,4,2,0,1,0,0,0,0,0,0.0,1,3,0,1,0,1,0,0
1,26.0,0,0.0,0.0,0.0,0.0,0.0,True,4,3609,4,0,4,2,0,1,0,0,0,0,0,0.0,1,3,0,1,0,1,0,0
1,17.0,0,0.0,0.0,0.0,0.0,0.0,True,2,3610,1,0,2,6,1,0,1,0,0,0,0,0.0,1,3,1,0,0,0,0,1
0,36.0,0,5.0,0.0,896.0,0.0,1.0,True,5,3610,2,0,2,5,1,0,0,1,0,0,0,902.0,0,2,1,0,0,0,0,1
0,24.0,0,1.0,790.0,0.0,0.0,0.0,True,3,3612,1,1,1,4,1,1,0,0,0,0,0,791.0,0,2,1,0,0,0,0,1
0,18.0,0,0.0,733.0,0.0,0.0,0.0,True,2,3613,1,1,1,5,0,0,0,1,0,0,0,733.0,0,2,1,0,0,0,0,1
0,20.0,0,2.0,0.0,7.0,2.0,547.0,False,3,3614,1,1,1,5,0,0,0,1,0,0,0,558.0,0,1,1,0,0,0,0,1
0,10.0,0,0.0,0.0,0.0,0.0,0.0,False,1,3615,1,0,2,6,1,0,1,0,0,0,0,0.0,1,3,1,0,0,1,0,0
0,10.0,0,2.0,753.0,5.0,0.0,0.0,True,1,3615,2,0,2,5,1,0,0,1,0,0,0,760.0,0,2,1,0,0,0,0,1
1,23.0,0,0.0,0.0,0.0,0.0,0.0,True,3,3616,1,1,1,6,1,0,1,0,0,0,0,0.0,1,3,1,0,0,1,0,0
0,36.0,0,43.0,2.0,0.0,14.0,16337.0,False,5,3619,1,1,1,1,0,1,0,0,0,0,0,16396.0,0,0,0,1,0,0,0,1
1,27.0,0,0.0,0.0,0.0,0.0,0.0,True,4,3620,1,1,1,1,0,1,0,0,0,0,0,0.0,1,3,0,1,0,1,0,0
1,54.0,0,0.0,0.0,0.0,0.0,0.0,True,6,3622,1,0,2,2,0,1,0,0,0,0,0,0.0,1,3,0,1,0,1,0,0
0,38.0,0,0.0,3456.0,0.0,1486.0,1157.0,False,5,3622,2,0,2,2,0,1,0,0,0,0,0,6099.0,0,0,0,1,0,1,0,0
0,29.0,0,0.0,0.0,0.0,0.0,0.0,False,4,3624,1,1,1,6,0,0,1,0,0,0,0,0.0,1,3,1,0,0,0,0,1
0,37.0,0,0.0,559.0,366.0,0.0,62.0,True,5,3625,1,1,1,4,0,1,0,0,0,0,0,987.0,0,2,1,0,0,0,0,1
1,36.0,0,0.0,0.0,0.0,0.0,0.0,True,5,3626,1,1,1,6,1,0,1,0,0,0,0,0.0,1,3,1,0,0,0,0,1
0,18.0,0,42.0,103.0,0.0,498.0,0.0,False,2,3628,1,1,1,5,0,0,0,1,0,0,0,643.0,0,1,1,0,0,1,0,0
1,28.0,0,0.0,0.0,0.0,0.0,0.0,True,4,3629,1,1,1,5,0,0,0,1,0,0,0,0.0,1,3,0,0,1,0,0,1
0,61.0,0,0.0,1.0,276.0,410.0,54.0,False,6,3630,1,1,1,5,0,0,0,1,0,0,0,741.0,0,2,1,0,0,0,1,0
0,19.0,0,0.0,0.0,0.0,484.0,344.0,False,3,3631,1,1,1,5,0,0,0,1,0,0,0,828.0,0,2,1,0,0,0,0,1
0,29.0,0,25.0,692.0,0.0,0.0,1.0,True,4,3634,1,1,1,4,1,1,0,0,0,0,0,718.0,0,2,1,0,0,0,0,1
0,37.0,0,1280.0,0.0,1.0,111.0,408.0,False,5,3636,1,1,1,3,0,1,0,0,0,0,0,1800.0,0,0,0,0,1,0,0,1
0,29.0,0,125.0,5151.0,9.0,1.0,1.0,True,4,3639,1,1,1,1,1,1,0,0,0,0,0,5287.0,0,0,0,1,0,0,0,1
0,38.0,0,0.0,695.0,0.0,49.0,876.0,False,5,3640,1,0,2,4,1,1,0,0,0,0,0,1620.0,0,0,1,0,0,1,0,0
1,41.0,0,0.0,0.0,0.0,0.0,0.0,False,5,3640,2,0,2,6,1,0,1,0,0,0,0,0.0,1,3,1,0,0,0,0,1
1,23.0,0,0.0,0.0,0.0,0.0,0.0,True,3,3641,1,0,3,6,0,0,1,0,0,0,0,0.0,1,3,1,0,0,0,1,0
0,48.0,0,0.0,0.0,1.0,0.0,0.0,False,5,3641,2,0,3,6,0,0,1,0,0,0,0,1.0,0,1,1,0,0,0,0,1
0,0.0,0,0.0,0.0,0.0,0.0,0.0,True,0,3641,3,0,3,5,1,0,1,0,0,0,0,0.0,1,3,1,0,0,0,0,1
0,46.0,0,105.0,335.0,0.0,72.0,388.0,False,5,3642,1,1,1,5,0,0,0,1,0,0,0,900.0,0,2,1,0,0,0,0,1
1,36.0,0,0.0,0.0,0.0,0.0,0.0,True,5,3644,1,1,1,5,1,0,0,1,0,0,0,0.0,1,3,0,0,1,0,0,1
1,42.0,0,0.0,0.0,0.0,0.0,0.0,True,5,3645,1,0,5,3,0,1,0,0,0,0,0,0.0,1,3,0,0,1,0,0,1
1,41.0,0,0.0,0.0,0.0,0.0,0.0,True,5,3645,2,0,5,3,0,1,0,0,0,0,0,0.0,1,3,0,0,1,0,0,1
1,16.0,0,0.0,0.0,0.0,0.0,0.0,True,2,3645,3,0,5,3,0,1,0,0,0,0,0,0.0,1,3,0,0,1,0,0,1
1,43.0,0,0.0,0.0,0.0,0.0,0.0,True,5,3645,4,0,5,3,0,1,0,0,0,0,0,0.0,1,3,0,0,1,0,0,1
1,40.0,0,0.0,0.0,0.0,0.0,0.0,True,5,3645,5,0,5,3,0,1,0,0,0,0,0,0.0,1,3,0,0,1,0,0,1
1,22.0,0,0.0,0.0,0.0,0.0,0.0,True,3,3647,1,1,1,2,1,1,0,0,0,0,0,0.0,1,3,0,1,0,1,0,0
0,39.0,0,0.0,0.0,0.0,1144.0,0.0,False,5,3648,1,1,1,5,1,0,0,1,0,0,0,1144.0,0,2,1,0,0,0,1,0
1,37.0,0,0.0,0.0,0.0,0.0,0.0,True,5,3650,1,1,1,6,0,0,1,0,0,0,0,0.0,1,3,1,0,0,0,0,1
1,28.0,0,0.0,0.0,0.0,0.0,0.0,False,4,3652,1,1,1,6,1,0,1,0,0,0,0,0.0,1,3,1,0,0,0,0,1
0,29.0,0,97.0,0.0,444.0,366.0,0.0,False,4,3653,1,1,1,6,1,0,1,0,0,0,0,907.0,0,2,1,0,0,0,0,1
0,14.0,0,1.0,0.0,827.0,0.0,3.0,False,2,3654,1,0,2,5,1,0,0,1,0,0,0,831.0,0,2,1,0,0,1,0,0
0,15.0,0,0.0,398.0,0.0,467.0,0.0,False,2,3654,2,0,2,5,1,0,0,1,0,0,0,865.0,0,2,1,0,0,0,0,1
0,17.0,0,0.0,432.0,0.0,3003.0,0.0,False,2,3655,1,1,1,5,1,0,0,1,0,0,0,3435.0,0,0,1,0,0,0,0,1
1,4.0,0,0.0,0.0,0.0,0.0,0.0,True,0,3658,1,0,2,6,1,0,1,0,0,0,0,0.0,1,3,1,0,0,0,0,1
0,24.0,0,3.0,2053.0,335.0,0.0,4.0,True,3,3658,2,0,2,4,1,1,0,0,0,0,0,2395.0,0,0,1,0,0,0,0,1
0,27.0,0,42.0,0.0,671.0,71.0,0.0,False,5,3660,1,1,1,6,1,0,1,0,0,0,0,784.0,0,2,1,0,0,0,0,1
0,22.0,0,0.0,171.0,2233.0,1.0,800.0,True,3,3662,1,0,2,1,1,1,0,0,0,0,0,3205.0,0,0,0,1,0,1,0,0
1,38.0,0,0.0,0.0,0.0,0.0,0.0,True,5,3662,2,0,2,1,1,1,0,0,0,0,0,0.0,1,3,0,1,0,1,0,0
1,30.0,0,0.0,0.0,0.0,0.0,0.0,True,4,3664,1,1,1,5,1,0,0,1,0,0,0,0.0,1,3,0,0,1,0,0,1
1,29.0,0,0.0,0.0,0.0,0.0,0.0,True,4,3665,1,1,1,6,1,0,1,0,0,0,0,0.0,1,3,1,0,0,1,0,0
1,26.0,0,0.0,0.0,0.0,0.0,0.0,True,4,3667,1,1,1,0,1,1,0,0,0,0,0,0.0,1,3,0,1,0,1,0,0
1,41.0,0,0.0,0.0,0.0,0.0,0.0,True,5,3668,1,1,1,2,0,1,0,0,0,0,0,0.0,1,3,0,1,0,1,0,0
0,50.0,0,43.0,661.0,1.0,85.0,0.0,False,5,3671,1,1,1,4,1,1,0,0,0,0,0,790.0,0,2,1,0,0,0,0,1
0,34.0,0,232.0,457.0,1.0,218.0,0.0,True,5,3674,1,1,1,6,1,0,0,1,0,0,0,908.0,0,2,1,0,0,1,0,0
0,24.0,0,105.0,0.0,37.0,518.0,0.0,False,3,3677,1,1,1,5,1,0,0,1,0,0,0,660.0,0,1,1,0,0,0,1,0
0,24.0,0,0.0,0.0,788.0,0.0,3.0,True,3,3678,1,1,1,4,1,1,0,0,0,0,0,791.0,0,2,1,0,0,0,0,1
0,45.0,0,0.0,0.0,0.0,0.0,0.0,False,5,3679,1,1,1,1,0,1,0,0,0,0,0,0.0,1,3,0,1,0,0,0,1
0,35.0,0,0.0,388.0,0.0,1792.0,2891.0,False,5,3680,1,0,2,2,0,1,0,0,0,0,0,5071.0,0,0,0,1,0,1,0,0
1,23.0,0,0.0,0.0,0.0,0.0,0.0,True,3,3680,2,0,2,2,0,1,0,0,0,0,0,0.0,1,3,0,1,0,1,0,0
1,23.0,0,0.0,0.0,0.0,0.0,0.0,True,3,3681,1,0,2,1,1,1,0,0,0,0,0,0.0,1,3,0,1,0,1,0,0
0,21.0,0,4.0,0.0,137.0,1640.0,455.0,False,3,3681,2,0,2,1,1,1,0,0,0,0,0,2236.0,0,0,0,1,0,0,0,1
1,19.0,0,0.0,0.0,0.0,0.0,0.0,True,3,3682,1,1,1,5,0,0,0,1,0,0,0,0.0,1,3,0,0,1,0,0,1
0,24.0,0,25.0,284.0,0.0,330.0,64.0,False,3,3686,1,1,1,5,1,0,0,1,0,0,0,703.0,0,1,1,0,0,0,0,1
0,2.0,0,0.0,0.0,0.0,0.0,0.0,True,0,3688,1,0,3,5,1,0,0,1,0,0,0,0.0,1,3,0,0,1,1,0,0
0,0.0,0,0.0,0.0,0.0,0.0,0.0,True,0,3688,2,0,3,5,1,0,0,1,0,0,0,0.0,1,3,0,0,1,0,0,1
1,20.0,0,0.0,0.0,0.0,0.0,0.0,True,3,3688,3,0,3,5,1,0,0,1,0,0,0,0.0,1,3,0,0,1,0,0,1
0,35.0,0,0.0,30.0,357.0,435.0,0.0,True,5,3690,1,1,1,5,0,0,0,1,0,0,0,822.0,0,2,1,0,0,0,0,1
0,34.0,0,1404.0,0.0,4.0,359.0,0.0,False,5,3691,1,1,1,5,0,0,0,1,0,0,0,1767.0,0,0,0,0,1,0,0,1
0,26.0,0,808.0,60.0,0.0,16.0,3.0,False,4,3692,1,1,1,6,0,0,1,0,0,0,0,887.0,0,2,1,0,0,0,0,1
1,26.0,0,0.0,0.0,0.0,0.0,0.0,True,4,3693,1,1,1,6,1,0,0,1,0,0,0,0.0,1,3,1,0,0,0,0,1
1,32.0,0,0.0,0.0,0.0,0.0,0.0,True,4,3699,1,0,4,2,0,1,0,0,0,0,0,0.0,1,3,0,1,0,1,0,0
0,25.0,0,0.0,17432.0,0.0,241.0,2102.0,True,3,3699,2,0,4,2,0,1,0,0,0,0,0,19775.0,0,0,0,1,0,1,0,0
1,30.0,0,0.0,0.0,0.0,0.0,0.0,True,4,3699,3,0,4,2,0,1,0,0,0,0,0,0.0,1,3,0,1,0,1,0,0
0,57.0,0,0.0,3859.0,13.0,195.0,3874.0,False,6,3699,4,0,4,2,0,1,0,0,0,0,0,7941.0,0,0,0,1,0,0,0,1
0,23.0,0,58.0,396.0,15.0,0.0,180.0,False,3,3700,1,1,1,5,0,0,0,1,0,0,0,649.0,0,1,1,0,0,0,0,1
1,32.0,0,0.0,0.0,0.0,0.0,0.0,False,4,3702,1,1,1,4,0,1,0,0,0,0,0,0.0,1,3,0,0,1,0,0,1
1,27.0,0,1377.0,0.0,0.0,0.0,0.0,True,4,3703,1,0,2,5,0,0,0,1,0,0,0,0.0,1,3,0,0,1,0,0,1
0,20.0,0,1377.0,267.0,36.0,0.0,0.0,False,3,3703,2,0,2,5,0,0,0,1,0,0,0,1680.0,0,0,0,0,1,0,0,1
0,21.0,0,120.0,235.0,0.0,0.0,0.0,False,3,3704,1,1,1,5,1,0,0,1,0,0,0,355.0,0,1,1,0,0,0,0,1
0,19.0,0,238.0,1.0,28.0,207.0,119.0,False,3,3705,1,1,1,5,0,0,0,1,0,0,0,593.0,0,1,1,0,0,0,0,1
0,16.0,0,424.0,0.0,246.0,370.0,0.0,False,2,3706,1,0,2,5,0,0,0,1,0,0,0,1040.0,0,2,0,0,1,0,0,1
0,18.0,0,131.0,0.0,980.0,1.0,0.0,True,2,3706,2,0,2,5,0,0,0,1,0,0,0,1112.0,0,2,0,0,1,0,0,1
0,18.0,0,622.0,53.0,8.0,47.0,39.0,False,2,3707,1,0,2,6,1,0,0,1,0,0,0,769.0,0,2,1,0,0,0,0,1
0,22.0,0,0.0,0.0,889.0,0.0,0.0,True,3,3707,2,0,2,6,1,0,0,1,0,0,0,889.0,0,2,1,0,0,0,0,1
1,27.0,0,0.0,0.0,0.0,0.0,0.0,True,5,3708,1,1,1,6,0,0,0,1,0,0,0,0.0,1,3,1,0,0,1,0,0
0,35.0,0,432.0,0.0,377.0,0.0,0.0,False,5,3710,1,0,3,6,0,0,0,1,0,0,0,809.0,0,2,1,0,0,1,0,0
0,8.0,0,0.0,0.0,0.0,0.0,0.0,False,1,3710,2,0,3,6,0,0,0,1,0,0,0,0.0,1,3,1,0,0,0,0,1
1,5.0,0,0.0,0.0,0.0,0.0,0.0,False,1,3710,3,0,3,6,0,0,0,1,0,0,0,0.0,1,3,1,0,0,1,0,0
1,40.0,0,0.0,0.0,0.0,0.0,0.0,True,5,3711,1,0,3,5,1,0,0,1,0,0,0,0.0,1,3,0,0,1,0,0,1
0,31.0,0,3471.0,0.0,232.0,0.0,0.0,False,4,3711,2,0,3,5,1,0,0,1,0,0,0,3703.0,0,0,0,0,1,0,0,1
1,9.0,0,0.0,0.0,0.0,0.0,0.0,True,1,3711,3,0,3,5,1,0,0,1,0,0,0,0.0,1,3,0,0,1,0,0,1
1,56.0,0,0.0,0.0,0.0,0.0,0.0,True,6,3713,1,0,3,2,1,1,0,0,0,0,0,0.0,1,3,0,1,0,0,0,1
1,39.0,0,0.0,0.0,0.0,0.0,0.0,True,5,3713,2,0,3,2,1,1,0,0,0,0,0,0.0,1,3,0,1,0,1,0,0
1,18.0,0,0.0,0.0,0.0,0.0,0.0,True,2,3713,3,0,3,2,1,1,0,0,0,0,0,0.0,1,3,0,1,0,0,0,1
0,45.0,0,48.0,1652.0,761.0,138.0,0.0,False,5,3714,1,0,2,5,1,0,0,1,0,0,0,2599.0,0,0,0,0,1,0,0,1
0,33.0,0,33.0,397.0,354.0,138.0,0.0,False,5,3714,2,0,2,3,1,1,0,0,0,0,0,784.0,0,2,0,0,1,0,1,0
1,2.0,0,0.0,0.0,0.0,0.0,0.0,False,0,3715,1,0,4,6,0,0,0,1,0,0,0,0.0,1,3,1,0,0,0,1,0
1,1.0,0,0.0,0.0,0.0,0.0,0.0,False,0,3715,2,0,4,6,0,0,0,1,0,0,0,0.0,1,3,1,0,0,0,0,1
0,2.0,0,0.0,0.0,0.0,0.0,0.0,True,0,3715,3,0,4,6,0,0,0,1,0,0,0,0.0,1,3,1,0,0,0,0,1
1,16.0,0,0.0,0.0,0.0,0.0,0.0,False,2,3715,4,0,4,6,0,0,0,1,0,0,0,0.0,1,3,1,0,0,0,0,1
0,18.0,0,18.0,2.0,1769.0,1.0,2.0,True,2,3716,1,1,1,6,0,0,0,1,0,0,0,1792.0,0,0,1,0,0,0,0,1
0,28.0,1,1193.0,0.0,2509.0,0.0,0.0,False,4,3719,1,0,2,5,1,0,1,0,0,0,0,3702.0,0,0,0,0,1,0,0,1
1,45.0,0,0.0,0.0,0.0,0.0,0.0,True,5,3719,2,0,2,5,1,0,0,1,0,0,0,0.0,1,3,0,0,1,0,0,1
1,24.0,0,0.0,0.0,0.0,0.0,0.0,True,3,3724,1,1,1,6,1,0,0,1,0,0,0,0.0,1,3,1,0,0,0,0,1
1,35.0,0,0.0,0.0,0.0,0.0,0.0,True,5,3726,1,1,1,6,0,0,0,1,0,0,0,0.0,1,3,1,0,0,0,0,1
1,16.0,0,0.0,0.0,0.0,0.0,0.0,True,2,3728,1,1,1,6,1,0,0,1,0,0,0,0.0,1,3,1,0,0,0,1,0
1,40.0,0,0.0,0.0,0.0,0.0,0.0,True,5,3729,1,1,1,6,0,0,0,1,0,0,0,0.0,1,3,1,0,0,0,1,0
1,5.0,0,0.0,0.0,0.0,0.0,0.0,True,1,3732,1,0,4,0,1,1,0,0,0,0,0,0.0,1,3,0,1,0,1,0,0
0,29.0,0,0.0,8444.0,0.0,2989.0,8735.0,False,4,3732,2,0,4,0,1,1,0,0,0,0,0,20168.0,0,0,0,1,0,0,0,1
1,31.0,0,0.0,0.0,0.0,0.0,0.0,True,4,3732,3,0,4,0,1,1,0,0,0,0,0,0.0,1,3,0,1,0,0,0,1
0,27.0,0,3340.0,588.0,0.0,173.0,71.0,False,4,3732,4,0,4,0,1,1,0,0,0,0,0,4172.0,0,0,0,1,0,1,0,0
0,34.0,1,0.0,4.0,0.0,685.0,1779.0,False,5,3733,1,1,1,3,1,1,0,0,0,0,0,2468.0,0,0,0,1,0,0,0,1
1,15.0,0,0.0,0.0,0.0,0.0,0.0,True,2,3734,1,1,1,6,0,0,0,1,0,0,0,0.0,1,3,1,0,0,0,1,0
0,43.0,0,2.0,3846.0,0.0,3.0,346.0,True,5,3735,1,0,2,3,1,1,0,0,0,0,0,4197.0,0,0,0,1,0,0,0,1
0,30.0,0,0.0,787.0,116.0,1924.0,2.0,False,4,3735,2,0,2,3,1,1,0,0,0,0,0,2829.0,0,0,0,1,0,1,0,0
0,61.0,0,328.0,5193.0,0.0,20.0,533.0,True,6,3736,1,1,1,1,1,1,0,0,0,0,0,6074.0,0,0,0,1,0,0,0,1
0,48.0,0,0.0,0.0,632.0,250.0,0.0,False,5,3737,1,0,2,6,1,0,0,1,0,0,0,882.0,0,2,1,0,0,0,0,1
1,17.0,0,0.0,0.0,0.0,0.0,0.0,True,2,3737,2,0,2,6,1,0,0,1,0,0,0,0.0,1,3,1,0,0,1,0,0
0,19.0,0,0.0,312.0,2.0,76.0,418.0,False,3,3739,1,1,1,6,1,0,0,1,0,0,0,808.0,0,2,1,0,0,0,0,1
1,29.0,0,0.0,0.0,0.0,0.0,0.0,True,4,3741,1,1,1,1,0,1,0,0,0,0,0,0.0,1,3,0,1,0,0,0,1
1,2.0,0,0.0,0.0,0.0,0.0,0.0,False,0,3742,1,0,2,6,0,0,0,1,0,0,0,0.0,1,3,1,0,0,1,0,0
1,24.0,0,0.0,0.0,0.0,0.0,0.0,True,3,3742,2,0,2,6,0,0,0,1,0,0,0,0.0,1,3,1,0,0,0,0,1
0,19.0,0,0.0,827.0,5.0,55.0,0.0,False,3,3743,1,1,1,6,1,0,0,1,0,0,0,887.0,0,2,1,0,0,0,0,1
0,34.0,1,0.0,490.0,869.0,0.0,0.0,True,5,3744,1,1,1,4,1,1,0,0,0,0,0,1359.0,0,2,0,0,1,0,1,0
0,19.0,0,0.0,2.0,14.0,755.0,0.0,False,3,3745,1,1,1,6,0,0,0,1,0,0,0,771.0,0,2,1,0,0,0,0,1
0,39.0,0,0.0,2576.0,0.0,234.0,237.0,False,5,3747,1,0,4,1,0,1,0,0,0,0,0,3047.0,0,0,0,1,0,0,0,1
1,26.0,0,0.0,0.0,0.0,0.0,0.0,True,4,3747,2,0,4,1,0,1,0,0,0,0,0,0.0,1,3,0,1,0,0,0,1
1,53.0,0,0.0,3377.0,0.0,193.0,5563.0,False,6,3747,3,0,4,1,0,1,0,0,0,0,0,9133.0,0,0,0,1,0,0,0,1
1,18.0,0,0.0,0.0,0.0,0.0,0.0,True,2,3747,4,0,4,1,0,1,0,0,0,0,0,0.0,1,3,0,1,0,1,0,0
1,27.0,0,0.0,0.0,0.0,0.0,0.0,True,5,3748,1,1,1,5,0,0,0,1,0,0,0,0.0,1,3,0,0,1,0,0,1
1,45.0,0,0.0,0.0,0.0,0.0,0.0,True,5,3749,1,0,2,1,0,1,0,0,0,0,0,0.0,1,3,0,1,0,1,0,0
1,32.0,0,0.0,0.0,0.0,0.0,0.0,True,4,3749,2,0,2,1,0,1,0,0,0,0,0,0.0,1,3,0,1,0,0,0,1
0,18.0,0,64.0,0.0,3.0,3440.0,5.0,False,2,3750,1,0,2,5,0,0,0,1,0,0,0,3512.0,0,0,1,0,0,0,0,1
0,48.0,0,396.0,0.0,3.0,0.0,297.0,False,5,3750,2,0,2,6,0,0,0,1,0,0,0,693.0,0,1,1,0,0,0,0,1
0,24.0,0,0.0,274.0,594.0,35.0,658.0,True,3,3751,1,1,1,5,1,0,1,0,0,0,0,1561.0,0,0,1,0,0,0,0,1
0,52.0,0,0.0,5.0,0.0,108.0,1788.0,False,6,3752,1,1,1,3,1,1,0,0,0,0,0,1901.0,0,0,0,1,0,0,0,1
0,55.0,0,0.0,519.0,131.0,63.0,3.0,False,6,3753,1,1,1,5,0,0,0,1,0,0,0,716.0,0,1,1,0,0,1,0,0
1,43.0,0,0.0,0.0,0.0,0.0,0.0,True,5,3754,1,1,1,6,0,0,0,1,0,0,0,0.0,1,3,1,0,0,0,0,1
1,24.0,0,0.0,0.0,0.0,0.0,0.0,False,3,3755,1,0,2,5,1,0,1,0,0,0,0,0.0,1,3,1,0,0,0,0,1
1,8.0,0,0.0,0.0,0.0,0.0,0.0,False,1,3755,2,0,2,6,0,0,0,1,0,0,0,0.0,1,3,1,0,0,0,1,0
1,18.0,0,0.0,0.0,0.0,0.0,0.0,True,2,3756,1,1,1,5,1,0,0,1,0,0,0,0.0,1,3,0,0,1,0,0,1
1,38.0,0,0.0,0.0,0.0,0.0,0.0,True,5,3757,1,1,1,6,1,0,0,1,0,0,0,0.0,1,3,1,0,0,0,0,1
0,18.0,0,381.0,4.0,0.0,0.0,368.0,False,2,3758,1,0,2,6,1,0,0,1,0,0,0,753.0,0,2,1,0,0,0,0,1
1,23.0,0,0.0,0.0,0.0,0.0,0.0,True,3,3758,2,0,2,6,1,0,0,1,0,0,0,0.0,1,3,1,0,0,0,1,0
1,26.0,0,0.0,0.0,0.0,0.0,0.0,True,4,3759,1,1,1,6,1,0,0,1,0,0,0,0.0,1,3,1,0,0,0,0,1
1,21.0,0,0.0,0.0,0.0,0.0,0.0,True,3,3760,1,1,1,6,0,0,0,1,0,0,0,0.0,1,3,1,0,0,0,1,0
0,45.0,0,824.0,2196.0,385.0,19.0,1113.0,True,5,3761,1,1,1,4,0,1,0,0,0,0,0,4537.0,0,0,1,0,0,1,0,0
1,24.0,0,0.0,0.0,0.0,0.0,0.0,True,3,3765,1,1,1,5,1,0,0,1,0,0,0,0.0,1,3,0,0,1,0,0,1
0,44.0,0,0.0,280.0,112.0,0.0,9244.0,False,5,3767,1,1,1,1,1,1,0,0,0,0,0,9636.0,0,0,0,1,0,1,0,0
0,20.0,0,0.0,0.0,717.0,0.0,0.0,True,3,3768,1,1,1,5,1,0,0,1,0,0,0,717.0,0,2,1,0,0,0,0,1
0,47.0,0,1037.0,0.0,258.0,4.0,0.0,False,5,3769,1,1,1,4,1,1,0,0,0,0,0,1299.0,0,2,0,0,1,0,0,1
1,16.0,0,0.0,0.0,0.0,0.0,0.0,True,2,3770,1,1,1,6,0,0,0,1,0,0,0,0.0,1,3,1,0,0,0,0,1
0,28.0,0,80.0,828.0,0.0,4494.0,4269.0,False,4,3771,1,1,1,1,0,1,0,0,0,0,0,9671.0,0,0,0,1,0,0,0,1
0,8.0,0,0.0,0.0,0.0,0.0,0.0,True,1,3772,1,0,2,6,0,0,0,1,0,0,0,0.0,1,3,1,0,0,1,0,0
0,20.0,0,0.0,0.0,422.0,0.0,0.0,True,3,3772,2,0,2,5,0,0,0,1,0,0,0,422.0,0,1,1,0,0,0,0,1
0,22.0,0,2.0,257.0,348.0,2.0,0.0,True,3,3773,1,0,3,5,1,0,0,1,0,0,0,609.0,0,1,1,0,0,0,1,0
0,42.0,0,55.0,0.0,1503.0,0.0,0.0,True,5,3773,2,0,3,5,1,0,0,1,0,0,0,1558.0,0,0,1,0,0,0,0,1
0,23.0,0,0.0,552.0,44.0,0.0,661.0,True,3,3773,3,0,3,5,1,0,0,1,0,0,0,1257.0,0,2,1,0,0,0,1,0
0,30.0,0,513.0,0.0,0.0,0.0,317.0,False,4,3774,1,0,3,5,0,0,0,1,0,0,0,830.0,0,2,1,0,0,0,0,1
1,18.0,0,0.0,0.0,0.0,0.0,0.0,False,2,3774,2,0,3,6,0,0,0,1,0,0,0,0.0,1,3,1,0,0,0,0,1
0,35.0,0,227.0,117.0,394.0,9.0,56.0,False,5,3774,3,0,3,5,0,0,0,1,0,0,0,803.0,0,2,1,0,0,0,0,1
1,42.0,0,0.0,0.0,0.0,0.0,0.0,True,5,3775,1,0,2,5,1,0,0,1,0,0,0,0.0,1,3,0,0,1,0,0,1
1,46.0,0,0.0,0.0,0.0,0.0,0.0,True,5,3775,2,0,2,5,1,0,0,1,0,0,0,0.0,1,3,0,0,1,0,0,1
0,29.0,0,2.0,407.0,4509.0,1433.0,9.0,True,4,3776,1,1,1,2,1,1,0,0,0,0,0,6360.0,0,0,0,1,0,0,0,1
1,35.0,0,0.0,0.0,0.0,0.0,0.0,True,5,3777,1,1,1,1,1,1,0,0,0,0,0,0.0,1,3,0,1,0,1,0,0
0,48.0,0,0.0,21.0,0.0,0.0,786.0,True,5,3778,1,1,1,5,1,0,0,1,0,0,0,807.0,0,2,1,0,0,0,0,1
0,24.0,0,1.0,677.0,13.0,10.0,0.0,True,3,3779,1,1,1,5,1,0,0,1,0,0,0,701.0,0,1,1,0,0,0,0,1
0,38.0,0,821.0,960.0,0.0,27.0,321.0,False,5,3781,1,1,1,0,1,1,0,0,0,0,0,2129.0,0,0,0,1,0,0,0,1
0,51.0,0,183.0,0.0,1.0,0.0,1103.0,False,6,3783,1,1,1,5,0,0,0,1,0,0,0,1287.0,0,2,1,0,0,1,0,0
0,77.0,0,0.0,0.0,131.0,3981.0,108.0,False,6,3784,1,1,1,6,0,0,0,1,0,0,0,4220.0,0,0,1,0,0,0,0,1
1,22.0,0,0.0,0.0,0.0,0.0,0.0,False,3,3785,1,1,1,6,0,0,0,1,0,0,0,0.0,1,3,1,0,0,0,0,1
0,38.0,1,913.0,0.0,1355.0,0.0,0.0,False,5,3786,1,0,2,4,1,1,0,0,0,0,0,1355.0,0,2,0,0,1,0,0,1
0,42.0,0,913.0,4.0,1.0,1465.0,0.0,False,5,3786,2,0,2,3,1,1,0,0,0,0,0,2383.0,0,0,0,0,1,0,0,1
1,55.0,0,0.0,0.0,0.0,0.0,0.0,True,6,3787,1,0,3,5,1,0,0,1,0,0,0,0.0,1,3,0,0,1,0,0,1
0,7.0,0,0.0,0.0,0.0,0.0,0.0,True,1,3787,2,0,3,5,1,0,0,1,0,0,0,0.0,1,3,0,0,1,0,0,1
0,31.0,0,132.0,75.0,849.0,0.0,0.0,True,1,3787,3,0,3,3,1,1,0,0,0,0,0,1056.0,0,2,0,0,1,0,0,1
0,25.0,0,519.0,0.0,284.0,0.0,0.0,False,3,3788,1,1,1,3,0,1,0,0,0,0,0,803.0,0,2,0,0,1,0,0,1
1,15.0,0,0.0,0.0,0.0,0.0,0.0,True,2,3789,1,1,1,6,1,0,0,1,0,0,0,0.0,1,3,1,0,0,0,0,1
1,13.0,0,0.0,0.0,0.0,0.0,0.0,True,2,3790,1,1,1,6,0,0,0,1,0,0,0,0.0,1,3,1,0,0,0,0,1
1,23.0,0,0.0,0.0,0.0,0.0,0.0,True,3,3793,1,1,1,6,1,0,0,1,0,0,0,0.0,1,3,1,0,0,1,0,0
1,27.0,0,0.0,0.0,0.0,0.0,0.0,True,5,3795,1,1,1,2,1,1,0,0,0,0,0,0.0,1,3,0,1,0,1,0,0
0,33.0,0,90.0,26830.0,0.0,27.0,703.0,True,5,3796,1,1,1,1,0,1,0,0,0,0,0,27650.0,0,0,0,1,0,1,0,0
0,26.0,0,0.0,0.0,0.0,0.0,0.0,False,4,3797,1,1,1,1,0,1,0,0,0,0,0,0.0,1,3,0,1,0,0,0,1
1,67.0,0,0.0,0.0,0.0,0.0,0.0,True,6,3798,1,1,1,4,1,1,0,0,0,0,0,0.0,1,3,0,1,0,0,0,1
0,27.0,0,0.0,0.0,0.0,36.0,437.0,False,4,3801,1,1,1,6,0,0,0,1,0,0,0,473.0,0,1,1,0,0,1,0,0
0,33.0,0,25.0,0.0,1376.0,604.0,0.0,False,5,3803,1,1,1,5,0,0,0,1,0,0,0,2005.0,0,0,0,0,1,0,0,1
0,18.0,0,0.0,17.0,0.0,0.0,784.0,False,2,3804,1,1,1,5,0,0,0,1,0,0,0,801.0,0,2,1,0,0,0,0,1
0,36.0,0,357.0,0.0,114.0,0.0,0.0,False,5,3805,1,1,1,5,0,0,0,1,0,0,0,471.0,0,1,1,0,0,0,0,1
1,18.0,0,0.0,0.0,0.0,0.0,0.0,True,2,3807,1,1,1,6,1,0,0,1,0,0,0,0.0,1,3,1,0,0,0,0,1
0,51.0,0,406.0,0.0,53.0,0.0,350.0,False,6,3810,1,1,1,6,1,0,0,1,0,0,0,809.0,0,2,1,0,0,0,0,1
1,54.0,0,0.0,0.0,0.0,0.0,0.0,True,6,3811,1,0,2,5,0,0,0,1,0,0,0,0.0,1,3,0,0,1,0,0,1
0,33.0,0,3361.0,0.0,13.0,15.0,0.0,False,5,3811,2,0,2,3,0,1,0,0,0,0,0,3389.0,0,0,0,0,1,0,0,1
0,18.0,0,14.0,651.0,11.0,17.0,0.0,False,2,3812,1,1,1,5,1,0,0,1,0,0,0,693.0,0,1,1,0,0,0,0,1
1,57.0,0,0.0,0.0,0.0,0.0,0.0,True,6,3814,1,1,1,3,0,1,0,0,0,0,0,0.0,1,3,0,1,0,0,0,1
0,23.0,0,0.0,0.0,0.0,724.0,80.0,False,3,3815,1,1,1,5,0,0,0,1,0,0,0,804.0,0,2,1,0,0,0,0,1
0,24.0,0,58.0,0.0,4.0,789.0,54.0,False,3,3816,1,1,1,4,0,1,0,0,0,0,0,905.0,0,2,1,0,0,0,0,1
0,20.0,0,984.0,1.0,921.0,0.0,0.0,False,3,3817,1,1,1,4,0,1,0,0,0,0,0,1906.0,0,0,0,0,1,0,0,1
0,32.0,0,0.0,600.0,80.0,0.0,18.0,False,4,3818,1,1,1,5,1,0,1,0,0,0,0,698.0,0,1,1,0,0,0,0,1
1,21.0,0,0.0,0.0,0.0,0.0,0.0,True,3,3820,1,1,1,5,0,0,0,1,0,0,0,0.0,1,3,0,0,1,0,0,1
0,27.0,0,0.0,2.0,0.0,0.0,867.0,False,5,3821,1,1,1,5,1,0,1,0,0,0,0,869.0,0,2,1,0,0,0,1,0
0,41.0,0,0.0,122.0,0.0,104.0,486.0,False,5,3822,1,1,1,5,1,0,0,1,0,0,0,712.0,0,1,1,0,0,0,1,0
0,27.0,0,1192.0,0.0,0.0,0.0,0.0,True,4,3823,1,1,1,5,1,0,0,1,0,0,0,1192.0,0,2,0,0,1,0,0,1
0,49.0,0,0.0,51.0,101.0,50.0,0.0,True,5,3824,1,1,1,6,1,0,0,1,0,0,0,202.0,0,1,1,0,0,0,1,0
0,18.0,0,0.0,0.0,0.0,1565.0,224.0,False,2,3826,1,1,1,6,1,0,0,1,0,0,0,1789.0,0,0,1,0,0,0,0,1
0,34.0,0,71.0,0.0,242.0,393.0,0.0,False,5,3830,1,1,1,6,1,0,0,1,0,0,0,706.0,0,1,1,0,0,1,0,0
0,73.0,0,799.0,0.0,190.0,68.0,0.0,False,6,3831,1,1,1,3,1,1,0,0,0,0,0,1057.0,0,2,0,0,1,0,0,1
0,40.0,0,1387.0,614.0,1564.0,5.0,0.0,False,5,3832,1,1,1,6,0,0,0,1,0,0,0,3570.0,0,0,1,0,0,0,0,1
0,63.0,0,1.0,897.0,0.0,0.0,8.0,False,6,3835,1,1,1,4,1,1,0,0,0,0,0,906.0,0,2,1,0,0,0,1,0
0,21.0,0,1060.0,0.0,91.0,0.0,0.0,True,3,3836,1,1,1,5,1,0,0,1,0,0,0,1151.0,0,2,0,0,1,0,0,1
0,21.0,0,28.0,580.0,0.0,0.0,236.0,True,3,3838,1,1,1,4,0,1,0,0,0,0,0,844.0,0,2,1,0,0,0,0,1
0,23.0,0,418.0,4.0,627.0,0.0,0.0,False,3,3839,1,1,1,4,0,1,0,0,0,0,0,1049.0,0,2,0,0,1,0,0,1
0,31.0,0,1049.0,31.0,227.0,2.0,0.0,False,4,3841,1,1,1,5,0,0,0,1,0,0,0,1309.0,0,2,0,0,1,0,0,1
0,41.0,0,312.0,89.0,44.0,0.0,252.0,False,5,3842,1,1,1,5,0,0,0,1,0,0,0,697.0,0,1,1,0,0,1,0,0
1,15.0,0,0.0,0.0,0.0,0.0,0.0,True,2,3846,1,1,1,6,0,0,0,1,0,0,0,0.0,1,3,1,0,0,0,0,1
0,36.0,0,90.0,2050.0,0.0,15.0,1244.0,False,5,3847,1,1,1,2,0,1,0,0,0,0,0,3399.0,0,0,0,1,0,0,0,1
0,24.0,0,4.0,314.0,0.0,0.0,428.0,False,3,3848,1,1,1,5,0,0,0,1,0,0,0,746.0,0,2,1,0,0,0,0,1
0,27.0,0,0.0,253.0,0.0,79.0,421.0,False,4,3849,1,1,1,6,0,0,0,1,0,0,0,753.0,0,2,1,0,0,0,0,1
0,24.0,0,38.0,257.0,0.0,54.0,4184.0,False,3,3850,1,0,7,2,1,1,0,0,0,0,0,4533.0,0,0,0,1,0,1,0,0
1,19.0,0,0.0,0.0,0.0,0.0,0.0,True,3,3850,2,0,7,2,1,1,0,0,0,0,0,0.0,1,3,0,1,0,1,0,0
0,25.0,0,0.0,6130.0,0.0,36.0,1.0,True,3,3850,3,0,7,2,1,1,0,0,0,0,0,6167.0,0,0,0,1,0,0,0,1
1,39.0,0,0.0,0.0,0.0,0.0,0.0,True,5,3850,4,0,7,2,1,1,0,0,0,0,0,0.0,1,3,0,1,0,1,0,0
1,15.0,0,0.0,0.0,0.0,0.0,0.0,True,2,3850,5,0,7,2,1,1,0,0,0,0,0,0.0,1,3,0,1,0,0,0,1
0,31.0,0,0.0,1565.0,0.0,97.0,1678.0,True,4,3850,6,0,7,2,1,1,0,0,0,0,0,3340.0,0,0,0,1,0,0,0,1
1,25.0,0,0.0,0.0,0.0,0.0,0.0,True,3,3850,7,0,7,2,1,1,0,0,0,0,0,0.0,1,3,0,1,0,1,0,0
0,57.0,0,205.0,4415.0,0.0,1589.0,305.0,False,6,3851,1,1,1,2,0,1,0,0,0,0,0,6514.0,0,0,0,1,0,0,0,1
1,27.0,0,0.0,0.0,0.0,0.0,0.0,True,5,3852,1,1,1,5,0,0,0,1,0,0,0,0.0,1,3,0,0,1,0,0,1
0,18.0,0,16.0,6.0,735.0,0.0,0.0,True,2,3853,1,1,1,5,1,0,0,1,0,0,0,757.0,0,2,1,0,0,0,1,0
1,33.0,0,0.0,0.0,0.0,0.0,0.0,True,5,3854,1,1,1,6,0,0,0,1,0,0,0,0.0,1,3,1,0,0,0,0,1
0,23.0,0,339.0,754.0,7.0,0.0,0.0,True,3,3856,1,1,1,5,1,0,0,1,0,0,0,1100.0,0,2,1,0,0,0,0,1
1,34.0,0,0.0,0.0,0.0,0.0,0.0,True,5,3857,1,1,1,4,0,1,0,0,0,0,0,0.0,1,3,0,1,0,1,0,0
1,38.0,0,0.0,0.0,0.0,0.0,0.0,True,5,3862,1,0,7,5,1,0,0,1,0,0,0,0.0,1,3,0,0,1,1,0,0
0,21.0,0,2627.0,0.0,597.0,0.0,0.0,True,3,3862,2,0,7,4,1,1,0,0,0,0,0,3224.0,0,0,0,0,1,0,0,1
1,31.0,0,0.0,0.0,0.0,0.0,0.0,False,4,3862,3,0,7,4,1,1,0,0,0,0,0,0.0,1,3,0,0,1,0,0,1
0,13.0,0,974.0,0.0,1883.0,0.0,505.0,False,2,3862,4,0,7,3,1,1,0,0,0,0,0,3362.0,0,0,0,0,1,0,0,1
0,54.0,0,149.0,981.0,215.0,0.0,0.0,True,6,3862,5,0,7,5,1,0,0,1,0,0,0,1345.0,0,2,0,0,1,0,0,1
0,13.0,0,1008.0,667.0,8.0,0.0,0.0,False,2,3862,6,0,7,5,1,0,0,1,0,0,0,1683.0,0,0,0,0,1,0,0,1
0,18.0,0,12.0,0.0,1105.0,658.0,16.0,False,2,3862,7,0,7,3,1,1,0,0,0,0,0,1791.0,0,0,0,0,1,0,0,1
1,27.0,0,0.0,0.0,0.0,0.0,0.0,True,5,3864,1,1,1,3,1,1,0,0,0,0,0,0.0,1,3,0,1,0,0,0,1
0,43.0,0,0.0,0.0,7.0,0.0,963.0,False,5,3866,1,1,1,5,0,0,0,1,0,0,0,970.0,0,2,1,0,0,0,0,1
0,56.0,0,3.0,0.0,768.0,0.0,0.0,True,6,3867,1,1,1,5,0,0,0,1,0,0,0,771.0,0,2,1,0,0,0,0,1
0,63.0,0,1540.0,0.0,0.0,0.0,1.0,False,6,3868,1,0,7,5,1,0,0,1,0,0,0,1541.0,0,0,1,0,0,0,0,1
0,9.0,0,0.0,0.0,0.0,0.0,0.0,True,1,3868,2,0,7,6,1,0,0,1,0,0,0,0.0,1,3,1,0,0,0,0,1
0,9.0,0,0.0,0.0,0.0,0.0,0.0,False,1,3868,3,0,7,6,1,0,0,1,0,0,0,0.0,1,3,1,0,0,0,0,1
0,0.0,0,0.0,0.0,0.0,0.0,0.0,True,0,3868,4,0,7,6,1,0,0,1,0,0,0,0.0,1,3,1,0,0,0,0,1
0,16.0,0,0.0,0.0,623.0,40.0,209.0,True,2,3868,5,0,7,5,1,0,0,1,0,0,0,872.0,0,2,1,0,0,1,0,0
1,42.0,0,0.0,0.0,0.0,0.0,0.0,True,5,3868,6,0,7,6,1,0,0,1,0,0,0,0.0,1,3,1,0,0,0,0,1
1,9.0,0,0.0,0.0,0.0,0.0,0.0,False,1,3868,7,0,7,6,1,0,0,1,0,0,0,0.0,1,3,1,0,0,0,0,1
1,22.0,0,0.0,0.0,0.0,0.0,0.0,True,3,3870,1,1,1,1,1,1,0,0,0,0,0,0.0,1,3,0,1,0,1,0,0
1,47.0,0,0.0,0.0,0.0,0.0,0.0,True,5,3871,1,1,1,1,1,1,0,0,0,0,0,0.0,1,3,0,1,0,1,0,0
1,30.0,0,0.0,0.0,0.0,0.0,0.0,True,4,3872,1,1,1,5,0,0,0,1,0,0,0,0.0,1,3,0,0,1,0,0,1
0,29.0,0,2478.0,0.0,31.0,4.0,11.0,False,4,3873,1,1,1,5,0,0,0,1,0,0,0,2524.0,0,0,1,0,0,0,0,1
0,22.0,0,86.0,218.0,0.0,0.0,479.0,False,3,3874,1,0,2,6,1,0,0,1,0,0,0,783.0,0,2,1,0,0,0,0,1
0,22.0,0,158.0,1556.0,1189.0,845.0,96.0,True,3,3874,2,0,2,4,1,1,0,0,0,0,0,3844.0,0,0,1,0,0,0,0,1
0,19.0,0,0.0,0.0,3.0,785.0,0.0,False,3,3875,1,1,1,4,0,1,0,0,0,0,0,788.0,0,2,1,0,0,0,0,1
0,31.0,0,796.0,0.0,70.0,595.0,0.0,False,4,3879,1,1,1,5,0,0,0,1,0,0,0,1461.0,0,0,0,0,1,1,0,0
1,17.0,0,0.0,0.0,0.0,0.0,0.0,True,2,3883,1,0,3,1,1,1,0,0,0,0,0,0.0,1,3,0,1,0,1,0,0
0,38.0,0,0.0,3060.0,0.0,4.0,2325.0,False,5,3883,2,0,3,1,1,1,0,0,0,0,0,5389.0,0,0,0,1,0,0,0,1
1,13.0,0,0.0,0.0,0.0,2.0,0.0,True,2,3883,3,0,3,1,1,1,0,0,0,0,0,0.0,1,3,0,1,0,1,0,0
1,36.0,0,0.0,0.0,0.0,0.0,0.0,True,5,3886,1,1,1,6,0,0,0,1,0,0,0,0.0,1,3,1,0,0,0,1,0
0,0.0,0,0.0,0.0,0.0,0.0,0.0,True,0,3888,1,1,1,6,1,0,0,1,0,0,0,0.0,1,3,1,0,0,0,0,1
1,21.0,0,0.0,0.0,0.0,0.0,0.0,True,3,3890,1,1,1,6,1,0,0,1,0,0,0,0.0,1,3,1,0,0,0,0,1
0,18.0,0,0.0,525.0,0.0,0.0,84.0,True,2,3894,1,1,1,5,1,0,0,1,0,0,0,609.0,0,1,1,0,0,0,1,0
1,36.0,0,0.0,0.0,0.0,0.0,0.0,False,5,3895,1,0,3,4,0,1,0,0,0,0,0,0.0,1,3,0,0,1,0,0,1
0,27.0,0,847.0,0.0,4.0,0.0,1.0,False,4,3895,2,0,3,4,0,1,0,0,0,0,0,852.0,0,2,0,0,1,0,0,1
0,5.0,0,0.0,0.0,0.0,0.0,0.0,True,1,3895,3,0,3,4,0,1,0,0,0,0,0,0.0,1,3,0,0,1,0,0,1
0,18.0,0,0.0,4387.0,0.0,2241.0,0.0,True,2,3896,1,1,1,2,1,1,0,0,0,0,0,6628.0,0,0,1,0,0,1,0,0
1,25.0,0,0.0,0.0,0.0,0.0,0.0,False,3,3897,1,1,1,6,0,0,0,1,0,0,0,0.0,1,3,1,0,0,0,0,1
1,14.0,0,0.0,0.0,0.0,0.0,0.0,True,2,3898,1,1,1,6,1,0,0,1,0,0,0,0.0,1,3,1,0,0,0,0,1
1,23.0,0,0.0,0.0,0.0,0.0,0.0,True,3,3899,1,1,1,4,0,1,0,0,0,0,0,0.0,1,3,0,1,0,0,0,1
0,2.0,0,0.0,0.0,0.0,0.0,0.0,False,0,3903,1,0,6,6,0,0,0,1,0,0,0,0.0,1,3,1,0,0,1,0,0
1,1.0,0,0.0,0.0,0.0,0.0,0.0,False,0,3903,2,0,6,6,0,0,0,1,0,0,0,0.0,1,3,1,0,0,0,0,1
1,7.0,0,0.0,0.0,0.0,0.0,0.0,True,1,3903,3,0,6,6,0,0,0,1,0,0,0,0.0,1,3,1,0,0,1,0,0
0,6.0,0,0.0,0.0,0.0,0.0,0.0,False,1,3903,4,0,6,6,0,0,0,1,0,0,0,0.0,1,3,1,0,0,0,1,0
0,56.0,0,967.0,0.0,0.0,3.0,0.0,False,6,3903,5,0,6,5,0,0,0,1,0,0,0,970.0,0,2,1,0,0,0,0,1
1,4.0,0,0.0,0.0,0.0,0.0,0.0,True,0,3903,6,0,6,6,0,0,0,1,0,0,0,0.0,1,3,1,0,0,1,0,0
0,65.0,0,0.0,0.0,0.0,0.0,909.0,False,6,3904,1,1,1,6,1,0,0,1,0,0,0,909.0,0,2,1,0,0,0,0,1
1,36.0,0,0.0,0.0,0.0,0.0,0.0,True,5,3907,1,1,1,6,1,0,0,1,0,0,0,0.0,1,3,1,0,0,0,0,1
1,25.0,0,0.0,0.0,0.0,0.0,0.0,True,3,3909,1,1,1,2,1,1,0,0,0,0,0,0.0,1,3,0,1,0,0,0,1
0,41.0,0,6.0,1.0,11.0,1046.0,0.0,False,5,3911,1,0,3,5,1,0,0,1,0,0,0,1064.0,0,2,1,0,0,0,0,1
0,20.0,0,9.0,0.0,1462.0,94.0,54.0,True,3,3911,2,0,3,4,1,1,0,0,0,0,0,1619.0,0,0,1,0,0,0,0,1
1,18.0,0,0.0,0.0,0.0,0.0,0.0,True,2,3911,3,0,3,6,1,0,0,1,0,0,0,0.0,1,3,1,0,0,0,1,0
0,15.0,0,309.0,28.0,496.0,20.0,49.0,True,2,3912,1,1,1,5,1,0,0,1,0,0,0,902.0,0,2,1,0,0,0,0,1
0,23.0,0,0.0,93.0,1.0,0.0,542.0,False,3,3913,1,0,2,5,1,0,0,1,0,0,0,636.0,0,1,1,0,0,0,1,0
0,29.0,0,0.0,2.0,553.0,44.0,0.0,False,4,3913,2,0,2,5,1,0,0,1,0,0,0,599.0,0,1,1,0,0,0,1,0
1,33.0,0,0.0,0.0,0.0,0.0,0.0,True,5,3915,1,1,1,6,1,0,0,1,0,0,0,0.0,1,3,1,0,0,0,0,1
0,14.0,0,2.0,881.0,0.0,578.0,214.0,False,2,3916,1,0,2,3,1,1,0,0,0,0,0,1675.0,0,0,0,1,0,0,0,1
1,55.0,0,0.0,0.0,0.0,0.0,0.0,True,6,3916,2,0,2,3,1,1,0,0,0,0,0,0.0,1,3,0,1,0,1,0,0
0,30.0,0,0.0,690.0,0.0,49.0,2264.0,False,4,3917,1,1,1,1,0,1,0,0,0,0,0,3003.0,0,0,0,1,0,0,0,1
0,21.0,0,0.0,0.0,0.0,65.0,480.0,False,3,3919,1,1,1,5,0,0,0,1,0,0,0,545.0,0,1,1,0,0,0,0,1
0,26.0,0,35.0,42.0,711.0,0.0,0.0,True,4,3921,1,1,1,4,1,1,0,0,0,0,0,788.0,0,2,1,0,0,0,0,1
1,33.0,0,0.0,0.0,0.0,0.0,0.0,True,5,3922,1,1,1,6,0,0,0,1,0,0,0,0.0,1,3,1,0,0,0,1,0
0,18.0,0,95.0,0.0,0.0,13.0,622.0,False,2,3923,1,0,3,5,0,0,0,1,0,0,0,730.0,0,2,1,0,0,0,0,1
1,9.0,0,0.0,0.0,0.0,0.0,0.0,True,1,3923,2,0,3,6,0,0,0,1,0,0,0,0.0,1,3,1,0,0,0,0,1
1,0.0,0,0.0,0.0,0.0,0.0,0.0,True,0,3923,3,0,3,6,0,0,0,1,0,0,0,0.0,1,3,1,0,0,1,0,0
0,19.0,0,0.0,47.0,0.0,263.0,384.0,True,3,3924,1,1,1,4,1,1,0,0,0,0,0,694.0,0,1,1,0,0,1,0,0
0,18.0,0,716.0,0.0,0.0,0.0,0.0,False,2,3926,1,1,1,5,0,0,0,1,0,0,0,716.0,0,1,1,0,0,0,0,1
0,38.0,0,55.0,1258.0,0.0,650.0,10786.0,False,5,3927,1,0,2,2,1,1,0,0,0,0,0,12749.0,0,0,0,1,0,1,0,0
0,42.0,0,0.0,1249.0,0.0,1313.0,1148.0,True,5,3927,2,0,2,2,1,1,0,0,0,0,0,3710.0,0,0,0,1,0,1,0,0
0,28.0,0,3.0,1300.0,0.0,1250.0,1148.0,False,4,3928,1,0,2,4,1,1,0,0,0,0,0,3701.0,0,0,0,1,0,1,0,0
1,37.0,0,0.0,0.0,0.0,0.0,0.0,True,5,3928,2,0,2,4,1,1,0,0,0,0,0,0.0,1,3,0,1,0,1,0,0
0,29.0,0,0.0,0.0,0.0,1819.0,1.0,False,4,3930,1,1,1,5,1,0,0,1,0,0,0,1820.0,0,0,1,0,0,1,0,0
0,42.0,0,0.0,218.0,0.0,481.0,2.0,False,5,3931,1,1,1,5,0,0,0,1,0,0,0,701.0,0,1,1,0,0,1,0,0
0,18.0,0,659.0,0.0,2316.0,0.0,23.0,True,2,3932,1,0,2,4,1,1,0,0,0,0,0,2998.0,0,0,0,0,1,0,0,1
0,34.0,0,2.0,0.0,805.0,29.0,0.0,True,5,3932,2,0,2,3,1,1,0,0,0,0,0,836.0,0,2,0,0,1,1,0,0
1,34.0,0,0.0,0.0,0.0,0.0,0.0,True,5,3933,1,1,1,6,1,0,0,1,0,0,0,0.0,1,3,1,0,0,1,0,0
1,18.0,0,0.0,0.0,0.0,0.0,0.0,False,2,3935,1,1,1,6,1,0,0,1,0,0,0,0.0,1,3,1,0,0,0,1,0
0,24.0,0,3537.0,0.0,0.0,0.0,0.0,False,3,3936,1,1,1,6,1,0,0,1,0,0,0,3537.0,0,0,1,0,0,0,0,1
0,24.0,0,45.0,588.0,5.0,7.0,0.0,True,3,3937,1,1,1,5,1,0,0,1,0,0,0,645.0,0,1,1,0,0,0,0,1
1,56.0,0,0.0,0.0,0.0,0.0,0.0,True,6,3938,1,0,3,5,1,0,0,1,0,0,0,0.0,1,3,0,0,1,0,0,1
1,2.0,0,0.0,0.0,0.0,0.0,0.0,True,0,3938,2,0,3,5,1,0,0,1,0,0,0,0.0,1,3,0,0,1,0,0,1
1,12.0,0,0.0,0.0,0.0,0.0,0.0,True,1,3938,3,0,3,5,1,0,0,1,0,0,0,0.0,1,3,0,0,1,0,0,1
0,37.0,0,772.0,0.0,840.0,1.0,5.0,False,5,3939,1,1,1,4,0,1,0,0,0,0,0,1618.0,0,0,1,0,0,0,0,1
0,60.0,1,2739.0,0.0,0.0,0.0,0.0,False,6,3940,1,1,1,3,0,1,0,0,0,0,0,2739.0,0,0,0,0,1,0,0,1
1,55.0,0,0.0,0.0,0.0,0.0,0.0,False,6,3941,1,1,1,6,0,0,0,1,0,0,0,0.0,1,3,1,0,0,0,0,1
1,20.0,0,0.0,0.0,0.0,0.0,0.0,False,3,3942,1,1,1,6,1,0,0,1,0,0,0,0.0,1,3,1,0,0,0,1,0
0,28.0,0,629.0,0.0,659.0,607.0,0.0,False,4,3944,1,1,1,5,1,0,0,1,0,0,0,1895.0,0,0,0,0,1,0,0,1
1,28.0,0,0.0,0.0,0.0,0.0,0.0,False,4,3945,1,1,1,6,0,0,0,1,0,0,0,0.0,1,3,1,0,0,0,0,1
0,37.0,0,14.0,0.0,91.0,1203.0,0.0,False,5,3946,1,1,1,5,0,0,0,1,0,0,0,1308.0,0,2,0,0,1,0,0,1
0,18.0,0,325.0,0.0,477.0,50.0,5.0,False,2,3948,1,1,1,5,0,0,0,1,0,0,0,857.0,0,2,1,0,0,0,0,1
0,14.0,0,781.0,0.0,1.0,4.0,1.0,False,2,3949,1,1,1,4,0,1,0,0,0,0,0,787.0,0,2,1,0,0,0,0,1
0,29.0,0,3478.0,11153.0,15.0,203.0,15.0,True,4,3950,1,1,1,2,1,1,0,0,0,0,0,14864.0,0,0,0,1,0,0,0,1
0,51.0,0,0.0,0.0,0.0,544.0,12.0,False,6,3952,1,1,1,5,1,0,0,1,0,0,0,556.0,0,1,1,0,0,0,0,1
1,45.0,0,0.0,0.0,0.0,0.0,0.0,False,5,3954,1,1,1,6,1,0,0,1,0,0,0,0.0,1,3,1,0,0,0,0,1
1,45.0,0,0.0,0.0,0.0,0.0,0.0,True,5,3955,1,1,1,6,1,0,0,1,0,0,0,0.0,1,3,1,0,0,0,0,1
0,41.0,0,1144.0,12.0,14.0,22.0,0.0,False,5,3958,1,1,1,5,1,0,0,1,0,0,0,1192.0,0,2,0,0,1,0,0,1
0,21.0,0,0.0,80.0,255.0,0.0,5190.0,False,3,3959,1,0,3,6,0,0,0,1,0,0,0,5525.0,0,0,1,0,0,0,0,1
0,28.0,0,653.0,0.0,0.0,0.0,20.0,False,4,3959,2,0,3,5,0,0,0,1,0,0,0,673.0,0,1,1,0,0,0,0,1
1,0.0,0,0.0,0.0,0.0,0.0,0.0,True,0,3959,3,0,3,6,0,0,0,1,0,0,0,0.0,1,3,1,0,0,1,0,0
0,46.0,0,0.0,0.0,0.0,0.0,880.0,False,5,3960,1,1,1,5,1,0,0,1,0,0,0,880.0,0,2,1,0,0,0,0,1
1,41.0,0,0.0,0.0,0.0,0.0,0.0,True,5,3961,1,1,1,5,1,0,0,1,0,0,0,0.0,1,3,0,0,1,0,0,1
0,13.0,0,0.0,0.0,0.0,0.0,0.0,True,2,3962,1,0,2,6,0,0,0,1,0,0,0,0.0,1,3,1,0,0,1,0,0
0,55.0,0,0.0,1203.0,0.0,0.0,446.0,False,6,3962,2,0,2,4,0,1,0,0,0,0,0,1649.0,0,0,1,0,0,0,1,0
0,20.0,0,0.0,0.0,0.0,0.0,0.0,True,3,3963,1,1,1,6,0,0,0,1,0,0,0,0.0,1,3,1,0,0,0,1,0
1,21.0,0,0.0,0.0,0.0,0.0,0.0,True,3,3964,1,1,1,6,1,0,0,1,0,0,0,0.0,1,3,1,0,0,0,0,1
0,49.0,0,324.0,275.0,0.0,0.0,0.0,False,5,3966,1,0,3,5,0,0,0,1,0,0,0,599.0,0,1,1,0,0,0,0,1
0,27.0,0,0.0,0.0,1020.0,0.0,0.0,True,4,3966,2,0,3,6,0,0,0,1,0,0,0,1020.0,0,2,1,0,0,0,0,1
0,0.0,0,0.0,0.0,0.0,0.0,0.0,True,0,3966,3,0,3,6,0,0,0,1,0,0,0,0.0,1,3,1,0,0,0,0,1
0,22.0,0,886.0,55.0,0.0,0.0,0.0,False,3,3967,1,1,1,5,0,0,0,1,0,0,0,941.0,0,2,0,0,1,0,0,1
1,17.0,0,0.0,0.0,0.0,0.0,0.0,False,2,3968,1,1,1,6,0,0,0,1,0,0,0,0.0,1,3,1,0,0,0,0,1
0,23.0,0,355.0,0.0,764.0,0.0,0.0,True,3,3970,1,1,1,5,1,0,0,1,0,0,0,1119.0,0,2,0,0,1,0,0,1
0,44.0,0,39.0,821.0,0.0,7.0,41.0,False,5,3971,1,1,1,6,0,0,0,1,0,0,0,908.0,0,2,1,0,0,0,0,1
1,29.0,0,0.0,0.0,0.0,0.0,0.0,True,4,3973,1,1,1,4,0,1,0,0,0,0,0,0.0,1,3,0,1,0,0,0,1
0,19.0,0,0.0,0.0,5.0,756.0,0.0,True,3,3974,1,0,2,5,1,0,0,1,0,0,0,761.0,0,2,1,0,0,0,0,1
1,3.0,0,0.0,0.0,0.0,0.0,0.0,True,0,3974,2,0,2,6,1,0,0,1,0,0,0,0.0,1,3,1,0,0,0,0,1
0,29.0,0,0.0,7164.0,0.0,58.0,1.0,True,4,3976,1,1,1,5,1,0,1,0,0,0,0,7223.0,0,0,0,1,0,0,0,1
0,19.0,0,46.0,0.0,675.0,0.0,0.0,True,3,3977,1,1,1,4,0,1,0,0,0,0,0,721.0,0,2,1,0,0,0,0,1
1,22.0,0,0.0,0.0,0.0,0.0,0.0,True,3,3980,1,1,1,6,0,0,0,1,0,0,0,0.0,1,3,1,0,0,0,0,1
0,33.0,0,400.0,270.0,33.0,0.0,0.0,False,5,3981,1,1,1,5,1,0,1,0,0,0,0,703.0,0,1,1,0,0,0,1,0
1,27.0,0,0.0,0.0,0.0,0.0,0.0,True,5,3984,1,1,1,6,1,0,0,1,0,0,0,0.0,1,3,1,0,0,0,1,0
0,50.0,0,667.0,0.0,0.0,11.0,170.0,False,5,3985,1,1,1,6,0,0,0,1,0,0,0,848.0,0,2,1,0,0,0,0,1
0,54.0,0,1217.0,0.0,1.0,4.0,0.0,False,6,3986,1,0,2,5,1,0,0,1,0,0,0,1222.0,0,2,0,0,1,0,0,1
0,43.0,0,1448.0,0.0,150.0,0.0,0.0,False,5,3986,2,0,2,5,1,0,0,1,0,0,0,1598.0,0,0,0,0,1,0,0,1
0,17.0,0,103.0,2183.0,0.0,16.0,0.0,True,2,3987,1,1,1,5,0,0,0,1,0,0,0,2302.0,0,0,1,0,0,0,0,1
0,26.0,0,1632.0,0.0,80.0,7.0,0.0,False,4,3988,1,1,1,3,0,1,0,0,0,0,0,1719.0,0,0,0,0,1,0,0,1
0,44.0,0,1258.0,3.0,0.0,1.0,0.0,False,5,3991,1,1,1,5,0,0,0,1,0,0,0,1262.0,0,2,1,0,0,0,0,1
0,51.0,0,0.0,0.0,10.0,1098.0,0.0,False,6,3992,1,1,1,5,1,0,0,1,0,0,0,1108.0,0,2,1,0,0,0,1,0
1,29.0,0,0.0,0.0,0.0,0.0,0.0,True,4,3994,1,1,1,1,1,1,0,0,0,0,0,0.0,1,3,0,1,0,0,0,1
0,4.0,0,0.0,0.0,0.0,0.0,0.0,False,0,3995,1,0,6,6,0,0,0,1,0,0,0,0.0,1,3,1,0,0,0,0,1
0,40.0,0,0.0,0.0,310.0,1.0,421.0,False,5,3995,2,0,6,5,0,0,0,1,0,0,0,732.0,0,2,1,0,0,0,1,0
0,27.0,0,0.0,0.0,2.0,0.0,808.0,False,4,3995,3,0,6,6,0,0,0,1,0,0,0,810.0,0,2,1,0,0,1,0,0
0,8.0,0,0.0,0.0,0.0,0.0,0.0,False,1,3995,4,0,6,6,0,0,0,1,0,0,0,0.0,1,3,1,0,0,0,0,1
0,3.0,0,0.0,0.0,0.0,0.0,0.0,False,0,3995,5,0,6,6,0,0,0,1,0,0,0,0.0,1,3,1,0,0,0,0,1
0,11.0,0,0.0,0.0,0.0,0.0,0.0,True,1,3995,6,0,6,6,0,0,0,1,0,0,0,0.0,1,3,1,0,0,1,0,0
0,24.0,0,16.0,0.0,1136.0,0.0,40.0,True,3,3996,1,1,1,5,0,0,0,1,0,0,0,1192.0,0,2,1,0,0,0,1,0
0,25.0,0,0.0,83.0,0.0,439.0,0.0,False,3,3997,1,1,1,6,1,0,0,1,0,0,0,522.0,0,1,1,0,0,1,0,0
0,28.0,0,89.0,4826.0,0.0,2.0,1598.0,True,4,3998,1,1,1,2,0,1,0,0,0,0,0,6515.0,0,0,0,1,0,1,0,0
0,25.0,0,0.0,1017.0,0.0,0.0,0.0,False,3,3999,1,1,1,6,0,0,0,1,0,0,0,1017.0,0,2,1,0,0,0,0,1
1,27.0,0,0.0,0.0,0.0,0.0,0.0,True,4,4000,1,0,3,6,1,0,0,1,0,0,0,0.0,1,3,1,0,0,0,0,1
0,25.0,0,20.0,0.0,424.0,0.0,359.0,False,3,4000,2,0,3,5,1,0,0,1,0,0,0,803.0,0,2,1,0,0,0,0,1
1,0.0,0,0.0,0.0,0.0,0.0,0.0,True,0,4000,3,0,3,6,1,0,0,1,0,0,0,0.0,1,3,1,0,0,0,0,1
0,58.0,0,0.0,0.0,970.0,0.0,0.0,True,6,4001,1,0,7,5,1,0,0,1,0,0,0,970.0,0,2,1,0,0,0,0,1
1,3.0,0,0.0,0.0,0.0,0.0,0.0,True,0,4001,2,0,7,6,1,0,0,1,0,0,0,0.0,1,3,1,0,0,0,0,1
1,4.0,0,0.0,0.0,0.0,0.0,0.0,True,0,4001,3,0,7,6,1,0,0,1,0,0,0,0.0,1,3,1,0,0,0,1,0
1,2.0,0,0.0,0.0,0.0,0.0,0.0,False,0,4001,4,0,7,6,1,0,0,1,0,0,0,0.0,1,3,1,0,0,1,0,0
0,34.0,0,0.0,847.0,14.0,0.0,0.0,True,5,4001,5,0,7,5,1,0,0,1,0,0,0,861.0,0,2,1,0,0,0,0,1
0,5.0,0,0.0,0.0,0.0,0.0,0.0,True,1,4001,6,0,7,6,1,0,0,1,0,0,0,0.0,1,3,1,0,0,1,0,0
0,3.0,0,0.0,0.0,0.0,0.0,0.0,False,0,4001,7,0,7,6,1,0,0,1,0,0,0,0.0,1,3,1,0,0,0,0,1
1,46.0,0,0.0,0.0,0.0,0.0,0.0,False,5,4002,1,1,1,4,0,1,0,0,0,0,0,0.0,1,3,0,0,1,0,0,1
0,22.0,0,1417.0,0.0,0.0,0.0,0.0,True,3,4003,1,1,1,5,0,0,0,1,0,0,0,1417.0,0,2,1,0,0,0,0,1
0,8.0,0,0.0,0.0,0.0,0.0,0.0,True,1,4005,1,0,8,6,0,0,0,1,0,0,0,0.0,1,3,1,0,0,0,0,1
0,17.0,0,3.0,83.0,927.0,0.0,1.0,True,2,4005,2,0,8,6,0,0,0,1,0,0,0,1014.0,0,2,1,0,0,0,0,1
0,4.0,0,0.0,0.0,0.0,0.0,0.0,False,0,4005,3,0,8,6,0,0,0,1,0,0,0,0.0,1,3,1,0,0,0,0,1
1,12.0,0,0.0,0.0,0.0,0.0,0.0,False,1,4005,4,0,8,5,1,0,1,0,0,0,0,0.0,1,3,1,0,0,0,0,1
1,40.0,0,0.0,0.0,0.0,0.0,0.0,True,5,4005,5,0,8,6,0,0,0,1,0,0,0,0.0,1,3,1,0,0,0,1,0
0,16.0,0,4.0,0.0,2278.0,2.0,0.0,True,2,4005,6,0,8,5,0,0,0,1,0,0,0,2284.0,0,0,1,0,0,0,1,0
1,41.0,0,0.0,0.0,0.0,0.0,0.0,True,5,4005,7,0,8,6,0,0,0,1,0,0,0,0.0,1,3,1,0,0,0,0,1
1,8.0,0,0.0,0.0,0.0,0.0,0.0,False,1,4005,8,0,8,6,0,0,0,1,0,0,0,0.0,1,3,1,0,0,0,0,1
1,14.0,0,0.0,0.0,0.0,0.0,0.0,True,2,4006,1,0,5,6,1,0,0,1,0,0,0,0.0,1,3,1,0,0,1,0,0
1,2.0,0,0.0,0.0,0.0,0.0,0.0,True,0,4006,2,0,5,6,1,0,0,1,0,0,0,0.0,1,3,1,0,0,0,0,1
0,59.0,0,400.0,0.0,126.0,0.0,158.0,True,6,4006,3,0,5,5,1,0,0,1,0,0,0,684.0,0,1,1,0,0,0,1,0
0,45.0,0,1796.0,0.0,4.0,0.0,5.0,False,5,4006,4,0,5,6,1,0,0,1,0,0,0,1805.0,0,0,1,0,0,0,0,1
0,52.0,0,0.0,704.0,0.0,0.0,2.5,True,6,4006,5,0,5,5,1,0,0,1,0,0,0,704.0,0,1,1,0,0,1,0,0
1,33.0,0,0.0,0.0,0.0,0.0,0.0,True,5,4008,1,1,1,5,1,0,0,1,0,0,0,0.0,1,3,0,0,1,0,0,1
0,51.0,0,8.0,0.0,206.0,1247.0,14.0,True,6,4009,1,1,1,5,1,0,1,0,0,0,0,1475.0,0,0,1,0,0,1,0,0
1,38.0,0,0.0,0.0,0.0,0.0,0.0,False,5,4010,1,1,1,6,0,0,0,1,0,0,0,0.0,1,3,1,0,0,0,0,1
0,14.0,0,460.0,0.0,0.0,315.0,172.0,False,2,4013,1,1,1,4,0,1,0,0,0,0,0,947.0,0,2,0,0,1,0,0,1
0,42.0,0,0.0,456.0,1.0,1193.0,3039.0,False,5,4014,1,0,2,1,0,1,0,0,0,0,0,4689.0,0,0,0,1,0,0,0,1
0,28.0,0,0.0,3238.0,0.0,750.0,2368.0,False,4,4014,2,0,2,1,0,1,0,0,0,0,0,6356.0,0,0,0,1,0,1,0,0
0,34.0,0,309.0,542.0,0.0,0.0,55.0,False,5,4016,1,1,1,4,1,1,0,0,0,0,0,906.0,0,2,1,0,0,1,0,0
0,21.0,0,0.0,0.0,0.0,0.0,0.0,False,3,4017,1,0,5,4,1,1,0,0,0,0,0,0.0,1,3,0,0,1,0,0,1
1,30.0,0,0.0,0.0,0.0,0.0,0.0,True,4,4017,2,0,5,5,1,0,0,1,0,0,0,0.0,1,3,0,0,1,0,0,1
1,24.5,0,0.0,0.0,0.0,0.0,0.0,True,3,4017,3,0,5,5,1,0,0,1,0,0,0,0.0,1,3,0,0,1,0,0,1
1,26.0,0,0.0,0.0,0.0,0.0,0.0,False,4,4017,4,0,5,4,1,1,0,0,0,0,0,0.0,1,3,0,0,1,0,0,1
0,23.0,0,931.0,0.0,134.0,0.0,421.0,False,3,4017,5,0,5,5,1,0,0,1,0,0,0,1486.0,0,0,0,0,1,0,0,1
0,20.0,0,0.0,1.0,0.0,20.0,42.0,False,3,4018,1,1,1,5,1,0,0,1,0,0,0,63.0,0,1,1,0,0,0,0,1
0,59.0,0,258.0,377.0,5.0,0.0,0.0,True,6,4019,1,1,1,4,0,1,0,0,0,0,0,640.0,0,1,1,0,0,1,0,0
0,37.0,0,6498.0,1470.0,0.0,416.0,4174.0,False,5,4020,1,1,1,1,0,1,0,0,0,0,0,12558.0,0,0,0,1,0,1,0,0
0,32.0,0,1843.0,0.0,662.0,0.0,0.0,False,4,4021,1,1,1,5,0,0,0,1,0,0,0,2505.0,0,0,0,0,1,0,0,1
0,37.0,0,4.0,0.0,223.0,512.0,1.0,False,5,4022,1,1,1,5,0,0,0,1,0,0,0,740.0,0,2,1,0,0,0,1,0
0,27.0,0,1.0,355.0,757.0,0.0,0.0,False,4,4023,1,1,1,4,0,1,0,0,0,0,0,1113.0,0,2,1,0,0,0,0,1
1,42.0,0,0.0,0.0,0.0,0.0,0.0,True,5,4026,1,1,1,1,1,1,0,0,0,0,0,0.0,1,3,0,1,0,1,0,0
1,29.0,0,0.0,0.0,0.0,0.0,0.0,True,4,4027,1,1,1,6,0,0,0,1,0,0,0,0.0,1,3,1,0,0,0,1,0
0,2.0,0,0.0,0.0,0.0,0.0,0.0,True,0,4030,1,0,5,6,1,0,0,1,0,0,0,0.0,1,3,1,0,0,0,0,1
1,10.0,0,0.0,0.0,0.0,0.0,0.0,False,1,4030,2,0,5,5,1,0,1,0,0,0,0,0.0,1,3,1,0,0,0,0,1
0,0.0,0,0.0,0.0,0.0,0.0,0.0,False,0,4030,3,0,5,6,1,0,0,1,0,0,0,0.0,1,3,1,0,0,0,0,1
1,21.0,0,0.0,0.0,0.0,0.0,0.0,False,3,4030,4,0,5,6,1,0,0,1,0,0,0,0.0,1,3,1,0,0,0,0,1
0,8.0,0,0.0,0.0,0.0,0.0,0.0,False,1,4030,5,0,5,6,1,0,0,1,0,0,0,0.0,1,3,1,0,0,0,0,1
1,27.0,0,0.0,0.0,0.0,0.0,0.0,True,4,4031,1,0,2,2,0,1,0,0,0,0,0,0.0,1,3,0,1,0,1,0,0
1,27.0,0,0.0,0.0,0.0,0.0,0.0,True,4,4031,2,0,2,2,0,1,0,0,0,0,0,0.0,1,3,0,1,0,0,0,1
0,13.0,0,0.0,0.0,0.0,0.0,0.0,True,2,4032,1,1,1,6,0,0,0,1,0,0,0,0.0,1,3,1,0,0,0,1,0
0,49.0,0,2025.0,7167.0,0.0,2456.0,47.0,True,5,4033,1,1,1,2,1,1,0,0,0,0,0,11695.0,0,0,0,1,0,1,0,0
1,38.0,0,0.0,0.0,0.0,0.0,0.0,False,5,4034,1,1,1,4,0,1,0,0,0,0,0,0.0,1,3,0,0,1,0,0,1
1,21.0,0,0.0,0.0,0.0,0.0,0.0,True,3,4035,1,1,1,6,0,0,0,1,0,0,0,0.0,1,3,1,0,0,1,0,0
0,22.0,0,7.0,61.0,110.0,708.0,0.0,False,3,4036,1,1,1,6,1,0,0,1,0,0,0,886.0,0,2,1,0,0,0,0,1
1,14.0,0,0.0,0.0,0.0,0.0,0.0,True,2,4037,1,1,1,6,1,0,0,1,0,0,0,0.0,1,3,1,0,0,0,1,0
1,24.0,0,0.0,0.0,0.0,0.0,0.0,False,3,4038,1,1,1,6,1,0,0,1,0,0,0,0.0,1,3,1,0,0,0,1,0
0,24.0,0,714.0,0.0,4.0,49.0,11.0,False,3,4039,1,1,1,5,1,0,0,1,0,0,0,778.0,0,2,1,0,0,0,0,1
1,34.0,0,0.0,0.0,0.0,0.0,0.0,False,5,4040,1,1,1,6,0,0,0,1,0,0,0,0.0,1,3,1,0,0,0,0,1
0,1.0,0,0.0,0.0,0.0,0.0,0.0,True,0,4042,1,0,3,0,1,1,0,0,0,0,0,0.0,1,3,0,1,0,0,0,1
1,13.5,0,0.0,0.0,0.0,0.0,0.0,True,0,4042,2,0,3,0,1,1,0,0,0,0,0,0.0,1,3,0,1,0,1,0,0
1,26.0,0,0.0,0.0,0.0,0.0,0.0,True,4,4042,3,0,3,0,1,1,0,0,0,0,0,0.0,1,3,0,1,0,1,0,0
0,27.0,0,0.0,0.0,0.0,32.0,1577.0,False,5,4043,1,1,1,4,0,1,0,0,0,0,0,1609.0,0,0,1,0,0,0,0,1
0,32.0,0,536.0,0.0,736.0,118.0,0.0,False,4,4044,1,0,3,5,1,0,0,1,0,0,0,1390.0,0,2,0,0,1,0,0,1
0,2.0,0,0.0,0.0,0.0,0.0,0.0,True,0,4044,2,0,3,5,1,0,0,1,0,0,0,0.0,1,3,0,0,1,0,0,1
1,10.0,0,0.0,0.0,0.0,0.0,0.0,True,1,4044,3,0,3,5,1,0,0,1,0,0,0,0.0,1,3,0,0,1,0,0,1
0,49.0,0,1417.0,0.0,531.0,1348.0,192.0,False,5,4045,1,1,1,3,0,1,0,0,0,0,0,3488.0,0,0,0,0,1,0,0,1
1,14.0,0,0.0,0.0,0.0,0.0,0.0,True,2,4046,1,1,1,6,0,0,0,1,0,0,0,0.0,1,3,1,0,0,0,1,0
1,29.0,0,0.0,0.0,0.0,0.0,0.0,True,4,4047,1,1,1,6,1,0,0,1,0,0,0,0.0,1,3,1,0,0,0,0,1
1,25.0,0,0.0,0.0,0.0,0.0,0.0,False,3,4049,1,1,1,0,1,1,0,0,0,0,0,0.0,1,3,0,1,0,1,0,0
0,36.0,0,0.0,1302.0,0.0,2067.0,10173.0,False,5,4050,1,1,1,0,0,1,0,0,0,0,0,13542.0,0,0,0,1,0,1,0,0
1,22.0,0,0.0,0.0,0.0,0.0,0.0,True,3,4053,1,1,1,6,1,0,0,1,0,0,0,0.0,1,3,1,0,0,0,0,1
0,21.0,0,3.0,34.0,600.0,0.0,8.0,False,3,4055,1,1,1,5,0,0,0,1,0,0,0,645.0,0,1,1,0,0,0,0,1
0,36.0,0,437.0,442.0,0.0,2.0,1.0,False,5,4058,1,1,1,6,1,0,0,1,0,0,0,882.0,0,2,1,0,0,0,0,1
0,54.0,0,880.0,2.0,531.0,2.0,0.0,False,6,4060,1,1,1,5,0,0,0,1,0,0,0,1415.0,0,2,1,0,0,0,0,1
0,30.0,0,1851.0,0.0,378.0,0.0,155.0,False,4,4061,1,0,3,3,1,1,0,0,0,0,0,2384.0,0,0,0,0,1,0,0,1
1,0.0,0,0.0,0.0,0.0,0.0,0.0,True,0,4061,2,0,3,5,1,0,0,1,0,0,0,0.0,1,3,0,0,1,0,0,1
1,1.0,0,0.0,0.0,0.0,0.0,0.0,True,0,4061,3,0,3,5,1,0,0,1,0,0,0,0.0,1,3,0,0,1,0,0,1
1,42.0,0,0.0,0.0,0.0,0.0,0.0,True,5,4063,1,1,1,6,1,0,0,1,0,0,0,0.0,1,3,1,0,0,0,0,1
0,47.0,0,939.0,1477.0,0.0,0.0,0.0,True,5,4064,1,1,1,5,1,0,0,1,0,0,0,2416.0,0,0,1,0,0,0,0,1
0,25.0,0,1339.0,1.0,360.0,0.0,0.0,False,3,4065,1,1,1,6,0,0,0,1,0,0,0,1700.0,0,0,1,0,0,0,0,1
1,18.0,0,0.0,30.0,0.0,67.0,2790.0,False,2,4066,1,0,2,1,1,1,0,0,0,0,0,2887.0,0,0,0,1,0,1,0,0
1,22.0,0,0.0,0.0,0.0,0.0,0.0,True,3,4066,2,0,2,1,1,1,0,0,0,0,0,0.0,1,3,0,1,0,0,0,1
0,27.0,0,0.0,1381.0,0.0,148.0,2181.0,False,4,4068,1,1,1,3,1,1,0,0,0,0,0,3710.0,0,0,0,1,0,0,0,1
0,24.0,0,0.0,0.0,2433.0,0.0,53.0,True,3,4069,1,1,1,5,1,0,0,1,0,0,0,2486.0,0,0,1,0,0,1,0,0
1,22.0,0,0.0,0.0,0.0,0.0,0.0,True,3,4071,1,0,2,1,0,1,0,0,0,0,0,0.0,1,3,0,1,0,1,0,0
1,22.0,0,0.0,0.0,0.0,0.0,0.0,True,3,4071,2,0,2,1,0,1,0,0,0,0,0,0.0,1,3,0,1,0,1,0,0
1,60.0,0,0.0,0.0,0.0,0.0,0.0,True,6,4072,1,1,1,6,1,0,0,1,0,0,0,0.0,1,3,1,0,0,0,0,1
0,38.0,0,1901.0,1276.0,0.0,7561.0,12.0,False,5,4075,1,1,1,2,1,1,0,0,0,0,0,10750.0,0,0,0,1,0,0,0,1
0,23.0,0,1616.0,0.0,1.0,0.0,2.0,False,3,4076,1,1,1,4,0,1,0,0,0,0,0,1619.0,0,0,1,0,0,0,0,1
1,21.0,0,0.0,0.0,0.0,0.0,0.0,False,3,4078,1,1,1,6,0,0,0,1,0,0,0,0.0,1,3,1,0,0,0,0,1
0,55.0,0,1680.0,0.0,1.0,0.0,6.0,False,6,4079,1,1,1,5,1,0,0,1,0,0,0,1687.0,0,0,0,0,1,1,0,0
0,20.0,0,719.0,0.0,10.0,0.0,0.0,False,3,4080,1,1,1,5,0,0,0,1,0,0,0,729.0,0,2,1,0,0,1,0,0
0,50.0,0,451.0,132.0,195.0,31.0,0.0,False,5,4081,1,1,1,6,0,0,0,1,0,0,0,809.0,0,2,1,0,0,1,0,0
0,22.0,0,0.0,0.0,0.0,0.0,0.0,False,3,4082,1,1,1,4,0,1,0,0,0,0,0,0.0,1,3,0,0,1,0,0,1
0,21.0,0,0.0,6190.0,1828.0,7.0,35.0,True,3,4083,1,1,1,2,1,1,0,0,0,0,0,8060.0,0,0,0,1,0,0,0,1
0,26.0,0,0.0,1549.0,0.0,0.0,766.0,True,4,4084,1,1,1,3,1,1,0,0,0,0,0,2315.0,0,0,0,1,0,0,0,1
0,36.0,0,0.0,2177.0,0.0,1097.0,144.0,True,5,4089,1,1,1,0,1,1,0,0,0,0,0,3418.0,0,0,0,1,0,0,0,1
0,46.0,0,227.0,0.0,1546.0,3.0,2.0,True,5,4090,1,1,1,3,1,1,0,0,0,0,0,1778.0,0,0,0,0,1,0,0,1
0,26.0,0,0.0,586.0,1.0,0.0,58.0,True,4,4091,1,1,1,5,1,0,0,1,0,0,0,645.0,0,1,1,0,0,0,0,1
0,24.0,0,0.0,20.0,0.0,14.0,659.0,False,3,4093,1,1,1,5,0,0,0,1,0,0,0,693.0,0,1,1,0,0,0,0,1
0,14.0,0,834.0,1080.0,3.0,183.0,208.0,False,2,4095,1,1,1,6,0,0,0,1,0,0,0,2308.0,0,0,1,0,0,1,0,0
0,46.0,0,949.0,0.0,128.0,3.0,41.0,True,5,4096,1,1,1,5,0,0,0,1,0,0,0,1121.0,0,2,0,0,1,0,0,1
0,15.0,0,0.0,840.0,123.0,0.0,20.0,False,2,4097,1,1,1,4,0,1,0,0,0,0,0,983.0,0,2,1,0,0,0,0,1
1,30.0,0,0.0,0.0,0.0,0.0,0.0,False,4,4098,1,1,1,6,0,0,0,1,0,0,0,0.0,1,3,1,0,0,0,0,1
1,27.0,0,0.0,0.0,0.0,0.0,0.0,True,5,4099,1,1,1,6,0,0,0,1,0,0,0,0.0,1,3,1,0,0,0,0,1
0,38.0,0,1100.0,43.0,163.0,3.0,0.0,False,5,4101,1,1,1,5,1,0,0,1,0,0,0,1309.0,0,2,0,0,1,0,0,1
1,48.0,0,0.0,0.0,0.0,0.0,0.0,True,5,4102,1,1,1,1,0,1,0,0,0,0,0,0.0,1,3,0,1,0,0,0,1
1,31.0,0,0.0,0.0,0.0,0.0,0.0,False,4,4103,1,1,1,6,0,0,0,1,0,0,0,0.0,1,3,1,0,0,0,0,1
0,41.0,0,1025.0,0.0,0.0,0.0,0.0,False,5,4104,1,1,1,6,0,0,0,1,0,0,0,1025.0,0,2,1,0,0,0,0,1
0,43.0,0,0.0,831.0,78.0,0.0,0.0,True,5,4106,1,1,1,6,1,0,0,1,0,0,0,909.0,0,2,1,0,0,0,0,1
0,23.0,0,0.0,0.0,489.0,5.0,276.0,False,3,4107,1,1,1,6,1,0,0,1,0,0,0,770.0,0,2,1,0,0,0,0,1
1,48.0,0,0.0,0.0,0.0,0.0,0.0,True,5,4108,1,0,2,1,1,1,0,0,0,0,0,0.0,1,3,0,1,0,1,0,0
1,47.0,0,27.0,2651.0,538.0,18.0,0.0,True,5,4108,2,0,2,1,1,1,0,0,0,0,0,3234.0,0,0,0,1,0,0,0,1
0,19.0,0,169.0,399.0,0.0,97.0,0.0,True,3,4109,1,1,1,5,0,0,0,1,0,0,0,665.0,0,1,1,0,0,0,0,1
0,25.0,0,0.0,38.0,0.0,847.0,112.0,False,3,4110,1,1,1,4,0,1,0,0,0,0,0,997.0,0,2,1,0,0,0,0,1
1,28.0,0,0.0,0.0,0.0,0.0,0.0,True,4,4112,1,1,1,6,1,0,0,1,0,0,0,0.0,1,3,1,0,0,0,0,1
1,16.0,0,0.0,0.0,0.0,0.0,0.0,True,2,4113,1,0,2,1,0,1,0,0,0,0,0,0.0,1,3,0,1,0,1,0,0
0,45.0,0,0.0,2524.0,0.0,166.0,1.0,True,5,4113,2,0,2,1,0,1,0,0,0,0,0,2691.0,0,0,0,1,0,0,0,1
1,31.0,0,0.0,0.0,0.0,0.0,0.0,True,4,4114,1,1,1,4,1,1,0,0,0,0,0,0.0,1,3,0,0,1,0,0,1
1,19.0,0,0.0,0.0,0.0,0.0,0.0,False,3,4115,1,1,1,6,1,0,0,1,0,0,0,0.0,1,3,1,0,0,0,1,0
0,21.0,0,40.0,0.0,736.0,0.0,0.0,True,3,4116,1,1,1,5,1,0,0,1,0,0,0,776.0,0,2,1,0,0,0,0,1
1,27.0,0,0.0,0.0,0.0,0.0,0.0,False,5,4120,1,1,1,6,1,0,0,1,0,0,0,0.0,1,3,1,0,0,0,1,0
1,22.0,0,0.0,0.0,0.0,0.0,0.0,True,3,4125,1,1,1,6,0,0,0,1,0,0,0,0.0,1,3,1,0,0,0,1,0
0,23.0,0,0.0,0.0,0.0,0.0,0.0,True,3,4127,1,1,1,1,0,1,0,0,0,0,0,0.0,1,3,0,1,0,0,0,1
0,54.0,1,111.0,0.0,1144.0,8.0,23.0,False,6,4128,1,0,3,5,0,0,0,1,0,0,0,1286.0,0,2,0,0,1,0,0,1
0,0.0,0,0.0,0.0,0.0,0.0,0.0,True,0,4128,2,0,3,5,0,0,0,1,0,0,0,0.0,1,3,0,0,1,0,0,1
1,4.0,0,0.0,0.0,0.0,0.0,0.0,True,0,4128,3,0,3,5,0,0,0,1,0,0,0,0.0,1,3,0,0,1,0,0,1
0,23.0,0,15.0,1.0,777.0,3.0,3.0,False,3,4129,1,1,1,5,0,0,0,1,0,0,0,799.0,0,2,1,0,0,0,0,1
1,19.0,0,0.0,0.0,0.0,0.0,0.0,True,3,4130,1,1,1,5,1,0,1,0,0,0,0,0.0,1,3,0,0,1,0,0,1
1,34.0,0,0.0,0.0,0.0,0.0,0.0,True,5,4131,1,1,1,2,1,1,0,0,0,0,0,0.0,1,3,0,1,0,0,0,1
1,18.0,0,0.0,0.0,0.0,0.0,0.0,False,2,4132,1,1,1,6,0,0,0,1,0,0,0,0.0,1,3,1,0,0,1,0,0
1,40.0,0,0.0,0.0,0.0,0.0,0.0,True,5,4134,1,1,1,5,1,0,1,0,0,0,0,0.0,1,3,1,0,0,0,0,1
0,58.0,0,850.0,0.0,22.0,1493.0,0.0,False,6,4135,1,1,1,5,1,0,0,1,0,0,0,2365.0,0,0,0,0,1,0,0,1
0,39.0,0,664.0,0.0,0.0,40.0,0.0,False,5,4137,1,1,1,5,1,0,0,1,0,0,0,704.0,0,1,1,0,0,1,0,0
0,23.0,0,40.0,15.0,30.0,0.0,637.0,False,3,4140,1,1,1,5,0,0,0,1,0,0,0,722.0,0,2,1,0,0,0,1,0
0,11.0,0,0.0,0.0,0.0,0.0,0.0,False,1,4141,1,1,1,6,0,0,0,1,0,0,0,0.0,1,3,1,0,0,0,0,1
1,43.0,0,0.0,0.0,0.0,0.0,0.0,True,5,4142,1,1,1,2,1,1,0,0,0,0,0,0.0,1,3,0,1,0,0,0,1
1,29.0,0,0.0,0.0,0.0,0.0,0.0,False,4,4143,1,1,1,4,0,1,0,0,0,0,0,0.0,1,3,0,0,1,0,0,1
0,36.0,0,19.0,476.0,0.0,5.0,290.0,False,5,4144,1,1,1,4,0,1,0,0,0,0,0,790.0,0,2,1,0,0,0,0,1
0,13.0,0,16.0,0.0,87.0,544.0,0.0,False,2,4145,1,1,1,5,0,0,0,1,0,0,0,647.0,0,1,1,0,0,0,1,0
0,54.0,0,0.0,0.0,0.0,3200.0,0.0,True,6,4147,1,0,2,2,1,1,0,0,0,0,0,3200.0,0,0,0,1,0,0,0,1
1,45.0,0,0.0,0.0,0.0,0.0,0.0,True,5,4147,2,0,2,2,1,1,0,0,0,0,0,0.0,1,3,0,1,0,0,0,1
0,33.0,0,0.0,0.0,589.0,2.0,255.0,True,5,4149,1,1,1,6,0,0,0,1,0,0,0,846.0,0,2,1,0,0,1,0,0
0,46.0,0,0.0,1029.0,0.0,0.0,0.0,True,5,4150,1,1,1,5,1,0,0,1,0,0,0,1029.0,0,2,1,0,0,0,0,1
1,15.0,0,0.0,0.0,0.0,0.0,0.0,True,2,4151,1,1,1,6,0,0,0,1,0,0,0,0.0,1,3,1,0,0,1,0,0
0,35.0,0,89.0,0.0,0.0,545.0,0.0,False,5,4152,1,1,1,5,0,0,0,1,0,0,0,634.0,0,1,1,0,0,0,0,1
1,23.0,0,0.0,0.0,0.0,0.0,0.0,True,3,4154,1,1,1,5,1,0,0,1,0,0,0,0.0,1,3,0,0,1,0,0,1
1,15.0,0,0.0,0.0,0.0,0.0,0.0,False,2,4156,1,1,1,6,0,0,0,1,0,0,0,0.0,1,3,1,0,0,1,0,0
0,27.0,0,0.0,0.0,580.0,211.0,0.0,False,4,4158,1,1,1,4,1,1,0,0,0,0,0,791.0,0,2,1,0,0,0,0,1
0,15.0,0,0.0,2.0,15.0,5.0,842.0,False,2,4159,1,1,1,5,1,0,0,1,0,0,0,864.0,0,2,1,0,0,0,0,1
0,27.0,1,661.0,0.0,991.0,46.0,0.0,True,4,4160,1,1,1,5,1,0,0,1,0,0,0,1698.0,0,0,0,0,1,0,0,1
1,16.0,0,0.0,0.0,0.0,0.0,0.0,True,2,4163,1,1,1,6,1,0,0,1,0,0,0,0.0,1,3,1,0,0,1,0,0
0,37.0,0,246.0,0.0,703.0,5.0,0.0,True,5,4165,1,1,1,6,0,0,0,1,0,0,0,954.0,0,2,1,0,0,0,0,1
1,45.0,0,0.0,0.0,0.0,0.0,0.0,True,5,4166,1,0,2,1,0,1,0,0,0,0,0,0.0,1,3,0,1,0,1,0,0
0,58.0,1,0.0,279.0,3627.0,122.0,30.0,True,6,4166,2,0,2,1,0,1,0,0,0,0,0,4058.0,0,0,0,1,0,1,0,0
0,27.0,0,0.0,440.0,0.0,0.0,334.0,False,5,4167,1,1,1,5,1,0,1,0,0,0,0,774.0,0,2,1,0,0,0,1,0
0,38.0,0,0.0,18.0,30.0,0.0,832.0,False,5,4168,1,0,2,5,0,0,0,1,0,0,0,880.0,0,2,1,0,0,0,0,1
0,28.0,0,0.0,241.0,6.0,0.0,542.0,False,4,4168,2,0,2,4,0,1,0,0,0,0,0,789.0,0,2,1,0,0,0,0,1
1,47.0,0,0.0,0.0,0.0,0.0,0.0,True,5,4169,1,0,2,3,0,1,0,0,0,0,0,0.0,1,3,0,1,0,0,0,1
0,41.0,0,0.0,1562.0,0.0,2.0,16.0,True,5,4169,2,0,2,3,0,1,0,0,0,0,0,1580.0,0,0,0,1,0,0,0,1
1,28.0,0,0.0,0.0,0.0,0.0,0.0,True,4,4170,1,1,1,1,0,1,0,0,0,0,0,0.0,1,3,0,1,0,0,0,1
1,23.0,0,0.0,0.0,0.0,0.0,0.0,False,3,4171,1,1,1,6,0,0,0,1,0,0,0,0.0,1,3,1,0,0,0,0,1
1,24.0,0,0.0,0.0,0.0,0.0,0.0,True,3,4172,1,0,7,5,0,0,0,1,0,0,0,0.0,1,3,0,0,1,0,0,1
0,58.0,0,12.0,0.0,186.0,2436.0,4.0,False,6,4172,2,0,7,5,0,0,0,1,0,0,0,2638.0,0,0,0,0,1,0,0,1
1,36.0,0,0.0,0.0,0.0,0.0,0.0,True,5,4172,3,0,7,5,0,0,0,1,0,0,0,0.0,1,3,0,0,1,0,0,1
0,24.0,0,1363.0,0.0,50.0,0.0,0.0,False,3,4172,4,0,7,5,0,0,0,1,0,0,0,1413.0,0,2,0,0,1,1,0,0
0,56.0,0,128.0,0.0,959.0,0.0,42.0,False,6,4172,5,0,7,5,0,0,0,1,0,0,0,1129.0,0,2,0,0,1,0,0,1
1,15.0,0,0.0,0.0,0.0,0.0,0.0,True,2,4172,6,0,7,5,0,0,0,1,0,0,0,0.0,1,3,0,0,1,0,0,1
0,19.0,0,154.0,170.0,2074.0,0.0,0.0,True,3,4172,7,0,7,3,0,1,0,0,0,0,0,2398.0,0,0,0,0,1,0,0,1
0,27.0,0,0.0,0.0,0.0,658.0,133.0,False,4,4173,1,1,1,4,0,1,0,0,0,0,0,791.0,0,2,1,0,0,0,0,1
0,47.0,0,59.0,1.0,327.0,557.0,0.0,False,5,4174,1,1,1,5,0,0,0,1,0,0,0,944.0,0,2,1,0,0,0,0,1
0,37.0,0,0.0,89.0,15.0,20.0,592.0,False,5,4175,1,1,1,5,0,0,0,1,0,0,0,716.0,0,1,1,0,0,1,0,0
1,39.0,0,0.0,0.0,0.0,0.0,0.0,True,5,4176,1,0,7,5,0,0,0,1,0,0,0,0.0,1,3,0,0,1,0,0,1
1,20.0,0,0.0,0.0,0.0,0.0,0.0,True,3,4176,2,0,7,5,0,0,0,1,0,0,0,0.0,1,3,0,0,1,0,0,1
0,20.0,0,760.0,0.0,742.0,352.0,0.0,True,3,4176,3,0,7,5,0,0,0,1,0,0,0,1854.0,0,0,0,0,1,0,0,1
0,38.0,0,490.0,663.0,358.0,855.0,0.0,False,5,4176,4,0,7,5,0,0,0,1,0,0,0,2366.0,0,0,0,0,1,0,0,1
0,46.0,0,247.0,0.0,418.0,480.0,36.0,False,5,4176,5,0,7,3,0,1,0,0,0,0,0,1181.0,0,2,0,0,1,0,0,1
1,13.0,0,0.0,0.0,0.0,0.0,0.0,True,2,4176,6,0,7,5,0,0,0,1,0,0,0,0.0,1,3,0,0,1,0,0,1
0,24.0,0,612.0,326.0,46.0,87.0,0.0,True,3,4176,7,0,7,5,0,0,0,1,0,0,0,1071.0,0,2,0,0,1,1,0,0
1,32.0,0,0.0,0.0,0.0,0.0,0.0,True,4,4177,1,0,3,1,1,1,0,0,0,0,0,0.0,1,3,0,1,0,0,0,1
1,38.0,0,0.0,0.0,0.0,0.0,0.0,True,4,4177,2,0,3,1,1,1,0,0,0,0,0,0.0,1,3,0,1,0,1,0,0
0,44.0,0,36.0,588.0,0.0,1675.0,3597.0,False,5,4177,3,0,3,1,1,1,0,0,0,0,0,5896.0,0,0,0,1,0,1,0,0
0,19.0,0,0.0,0.0,4.0,6.0,773.0,False,3,4178,1,1,1,6,0,0,0,1,0,0,0,783.0,0,2,1,0,0,0,0,1
0,30.0,1,0.0,1172.0,183.0,91.0,0.0,True,4,4179,1,0,2,0,1,1,0,0,0,0,0,1446.0,0,0,0,1,0,0,0,1
1,23.0,0,0.0,0.0,0.0,0.0,0.0,True,3,4179,2,0,2,0,1,1,0,0,0,0,0,0.0,1,3,0,1,0,0,0,1
0,4.0,0,0.0,0.0,0.0,0.0,0.0,True,0,4181,1,0,6,2,0,1,0,0,0,0,0,0.0,1,3,0,1,0,0,0,1
0,0.0,0,0.0,0.0,0.0,0.0,0.0,True,0,4181,2,0,6,2,0,1,0,0,0,0,0,0.0,1,3,0,1,0,0,0,1
1,17.0,0,0.0,0.0,0.0,0.0,0.0,True,2,4181,3,0,6,5,1,0,1,0,0,0,0,0.0,1,3,0,1,0,0,0,1
1,44.0,0,0.0,0.0,0.0,0.0,0.0,True,5,4181,4,0,6,2,0,1,0,0,0,0,0,0.0,1,3,0,1,0,0,0,1
0,31.0,0,2.0,8747.0,0.0,4840.0,14485.0,False,4,4181,5,0,6,2,0,1,0,0,0,0,0,28074.0,0,0,0,1,0,1,0,0
0,41.0,1,0.0,9463.0,0.0,1022.0,1562.0,True,5,4181,6,0,6,2,0,1,0,0,0,0,0,12047.0,0,0,0,1,0,1,0,0
0,33.0,0,0.0,2020.0,0.0,1817.0,182.0,False,5,4182,1,0,3,0,1,1,0,0,0,0,0,4019.0,0,0,0,1,0,1,0,0
0,43.0,0,0.0,124.0,0.0,3975.0,186.0,False,5,4182,2,0,3,0,1,1,0,0,0,0,0,4285.0,0,0,0,1,0,0,0,1
0,43.0,1,0.0,3172.0,0.0,26.0,4376.0,False,5,4182,3,0,3,0,1,1,0,0,0,0,0,7574.0,0,0,0,1,0,1,0,0
0,36.0,0,1367.0,108.0,0.0,0.0,77.0,False,5,4183,1,1,1,5,1,0,0,1,0,0,0,1552.0,0,0,1,0,0,0,0,1
0,19.0,0,558.0,0.0,353.0,0.0,8.0,False,3,4184,1,1,1,5,0,0,0,1,0,0,0,919.0,0,2,1,0,0,1,0,0
0,24.0,0,0.0,1725.0,0.0,0.0,0.0,True,3,4185,1,1,1,6,0,0,0,1,0,0,0,1725.0,0,0,1,0,0,0,0,1
1,17.0,0,0.0,0.0,0.0,0.0,0.0,True,2,4186,1,1,1,6,1,0,0,1,0,0,0,0.0,1,3,1,0,0,1,0,0
0,23.0,0,1277.0,84.0,0.0,240.0,598.0,True,3,4188,1,1,1,5,0,0,0,1,0,0,0,2199.0,0,0,1,0,0,0,0,1
0,17.0,0,558.0,0.0,3.0,0.0,1226.0,False,2,4189,1,1,1,6,1,0,0,1,0,0,0,1787.0,0,0,1,0,0,1,0,0
0,18.0,0,950.0,1.0,236.0,754.0,0.0,False,2,4191,1,1,1,3,1,1,0,0,0,0,0,1941.0,0,0,0,0,1,0,0,1
1,34.0,0,0.0,0.0,0.0,0.0,0.0,True,5,4194,1,1,1,5,0,0,0,1,0,0,0,0.0,1,3,0,0,1,1,0,0
1,13.0,0,0.0,0.0,0.0,0.0,0.0,True,2,4196,1,1,1,6,1,0,0,1,0,0,0,0.0,1,3,1,0,0,0,0,1
0,66.0,0,610.0,2549.0,0.0,17.0,0.0,True,6,4197,1,0,3,5,1,0,0,1,0,0,0,3176.0,0,0,1,0,0,0,0,1
0,27.0,0,0.0,867.0,0.0,128.0,363.0,True,4,4197,2,0,3,5,1,0,0,1,0,0,0,1358.0,0,2,1,0,0,0,0,1
0,19.0,0,1620.0,0.0,4.0,0.0,82.0,False,3,4197,3,0,3,6,1,0,0,1,0,0,0,1706.0,0,0,1,0,0,0,0,1
0,55.0,0,0.0,198.0,703.0,1.0,0.0,True,6,4199,1,1,1,5,1,0,0,1,0,0,0,902.0,0,2,1,0,0,0,0,1
0,40.0,0,0.0,0.0,1.0,293.0,667.0,False,5,4203,1,1,1,3,0,1,0,0,0,0,0,961.0,0,2,0,0,1,0,0,1
1,23.0,0,0.0,0.0,0.0,0.0,0.0,True,3,4204,1,0,3,6,0,0,0,1,0,0,0,0.0,1,3,1,0,0,0,1,0
0,7.0,0,0.0,0.0,0.0,0.0,0.0,False,1,4204,2,0,3,6,0,0,0,1,0,0,0,0.0,1,3,1,0,0,0,0,1
1,12.0,0,0.0,0.0,0.0,0.0,0.0,True,1,4204,3,0,3,6,0,0,0,1,0,0,0,0.0,1,3,1,0,0,0,0,1
0,37.0,0,0.0,886.0,0.0,58.0,441.0,False,5,4205,1,1,1,5,1,0,0,1,0,0,0,1385.0,0,2,1,0,0,0,0,1
0,22.0,0,0.0,13.0,524.0,7.0,0.0,False,3,4206,1,1,1,5,0,0,0,1,0,0,0,544.0,0,1,1,0,0,0,0,1
1,25.0,0,0.0,0.0,0.0,0.0,0.0,True,3,4207,1,0,2,1,1,1,0,0,0,0,0,0.0,1,3,0,1,0,0,0,1
1,46.0,0,0.0,0.0,0.0,0.0,0.0,True,5,4207,2,0,2,1,1,1,0,0,0,0,0,0.0,1,3,0,1,0,1,0,0
0,37.0,0,326.0,0.0,455.0,2.0,0.0,False,5,4208,1,1,1,3,0,1,0,0,0,0,0,783.0,0,2,0,0,1,1,0,0
1,50.0,0,0.0,0.0,0.0,0.0,0.0,True,5,4210,1,0,2,2,1,1,0,0,0,0,0,0.0,1,3,0,1,0,1,0,0
1,28.0,0,0.0,0.0,0.0,0.0,0.0,True,4,4210,2,0,2,2,1,1,0,0,0,0,0,0.0,1,3,0,1,0,1,0,0
1,26.0,0,0.0,0.0,0.0,0.0,0.0,True,4,4211,1,1,1,2,0,1,0,0,0,0,0,0.0,1,3,0,1,0,0,0,1
1,28.0,0,0.0,0.0,0.0,0.0,0.0,True,4,4212,1,1,1,6,1,0,0,1,0,0,0,0.0,1,3,1,0,0,0,0,1
0,23.0,0,4.0,157.0,142.0,0.0,196.0,False,3,4213,1,1,1,6,1,0,0,1,0,0,0,499.0,0,1,1,0,0,0,1,0
0,23.0,0,3.0,343.0,0.0,4280.0,0.0,False,3,4214,1,1,1,4,0,1,0,0,0,0,0,4626.0,0,0,0,1,0,0,0,1
0,34.0,1,992.0,0.0,14.0,0.0,0.0,False,5,4215,1,1,1,3,0,1,0,0,0,0,0,1006.0,0,2,0,0,1,0,0,1
1,65.0,0,0.0,0.0,0.0,0.0,0.0,True,6,4216,1,0,2,1,0,1,0,0,0,0,0,0.0,1,3,0,1,0,0,0,1
1,20.0,0,0.0,0.0,0.0,0.0,0.0,True,3,4216,2,0,2,1,0,1,0,0,0,0,0,0.0,1,3,0,1,0,0,0,1
1,29.0,0,0.0,0.0,0.0,0.0,0.0,True,4,4218,1,0,2,5,0,0,0,1,0,0,0,0.0,1,3,0,0,1,0,0,1
0,30.0,0,176.0,0.0,2310.0,0.0,0.0,True,4,4218,2,0,2,5,0,0,0,1,0,0,0,2486.0,0,0,0,0,1,0,0,1
1,3.0,0,0.0,0.0,0.0,332.5,0.0,True,0,4219,1,0,3,5,0,0,0,1,0,0,0,0.0,1,3,0,0,1,0,0,1
0,40.0,0,1268.0,0.0,0.0,0.0,0.0,False,5,4219,2,0,3,5,0,0,0,1,0,0,0,1268.0,0,2,0,0,1,0,0,1
0,32.0,0,1331.0,416.0,0.0,665.0,64.0,False,4,4219,3,0,3,5,0,0,0,1,0,0,0,2476.0,0,0,0,0,1,0,0,1
0,31.0,0,553.0,224.0,9.0,1.0,0.0,False,4,4220,1,1,1,4,0,1,0,0,0,0,0,787.0,0,2,1,0,0,0,0,1
0,13.0,0,27.0,81.0,1080.0,0.0,0.0,True,2,4221,1,1,1,5,0,0,0,1,0,0,0,1188.0,0,2,1,0,0,0,0,1
0,29.0,0,37.0,0.0,167.0,608.0,0.0,False,4,4222,1,0,2,6,0,0,0,1,0,0,0,812.0,0,2,1,0,0,0,0,1
0,28.0,0,0.0,53.0,0.0,732.0,6.0,False,4,4222,2,0,2,4,0,1,0,0,0,0,0,791.0,0,2,1,0,0,0,0,1
0,19.0,0,1184.0,88.0,0.0,0.0,334.0,True,3,4223,1,0,2,5,1,0,0,1,0,0,0,1606.0,0,0,0,0,1,1,0,0
0,24.0,0,469.0,0.0,0.0,196.0,0.0,True,3,4223,2,0,2,4,1,1,0,0,0,0,0,665.0,0,1,0,0,1,1,0,0
1,22.0,0,0.0,0.0,0.0,0.0,0.0,False,3,4225,1,1,1,4,0,1,0,0,0,0,0,0.0,1,3,0,0,1,0,0,1
0,13.0,0,406.0,0.0,1670.0,0.0,427.0,False,2,4229,1,1,1,5,0,0,0,1,0,0,0,2503.0,0,0,1,0,0,1,0,0
0,21.0,0,0.0,0.0,23.0,820.0,22.0,False,3,4230,1,1,1,5,0,0,0,1,0,0,0,865.0,0,2,1,0,0,0,0,1
0,24.0,0,0.0,0.0,1435.0,10.0,0.0,True,3,4231,1,1,1,5,1,0,0,1,0,0,0,1445.0,0,0,1,0,0,1,0,0
0,47.0,0,0.0,4983.0,0.0,173.0,43.0,True,5,4232,1,1,1,1,1,1,0,0,0,0,0,5199.0,0,0,0,1,0,0,0,1
0,27.0,0,0.0,144.0,76.0,184.0,3932.0,False,4,4233,1,1,1,1,0,1,0,0,0,0,0,4336.0,0,0,0,1,0,0,0,1
0,18.0,0,0.0,0.0,774.0,0.0,13.0,True,2,4237,1,1,1,4,1,1,0,0,0,0,0,787.0,0,2,1,0,0,0,0,1
1,36.0,0,0.0,0.0,0.0,0.0,0.0,True,5,4238,1,1,1,1,1,1,0,0,0,0,0,0.0,1,3,0,1,0,1,0,0
0,68.0,0,0.0,1.0,223.0,580.0,0.0,False,6,4239,1,1,1,5,0,0,0,1,0,0,0,804.0,0,2,1,0,0,0,0,1
0,31.0,0,0.0,0.0,0.0,0.0,0.0,True,4,4240,1,1,1,2,1,1,0,0,0,0,0,0.0,1,3,0,1,0,0,0,1
1,28.0,0,0.0,0.0,0.0,0.0,0.0,True,4,4242,1,1,1,5,0,0,0,1,0,0,0,0.0,1,3,0,0,1,0,0,1
0,36.0,0,3002.0,21.0,150.0,0.0,0.0,False,5,4243,1,1,1,3,1,1,0,0,0,0,0,3173.0,0,0,0,0,1,0,0,1
0,17.0,0,0.0,628.0,0.0,66.0,449.0,True,2,4244,1,1,1,5,1,0,0,1,0,0,0,1143.0,0,2,1,0,0,0,0,1
1,13.0,0,0.0,0.0,0.0,0.0,0.0,True,2,4245,1,1,1,6,1,0,0,1,0,0,0,0.0,1,3,1,0,0,0,0,1
0,30.0,0,0.0,10.0,0.0,3840.0,329.0,False,4,4246,1,1,1,6,0,0,0,1,0,0,0,4179.0,0,0,1,0,0,0,0,1
0,58.0,0,0.0,2946.0,0.0,101.0,387.0,True,6,4249,1,0,3,1,1,1,0,0,0,0,0,3434.0,0,0,0,1,0,0,0,1
1,43.0,0,0.0,0.0,0.0,0.0,0.0,True,5,4249,2,0,3,1,1,1,0,0,0,0,0,0.0,1,3,0,1,0,0,0,1
0,20.0,0,354.0,1546.0,323.0,284.0,315.0,True,3,4249,3,0,3,1,1,1,0,0,0,0,0,2822.0,0,0,0,1,0,1,0,0
0,29.0,0,715.0,0.0,0.0,698.0,106.0,False,4,4251,1,1,1,5,0,0,0,1,0,0,0,1519.0,0,0,1,0,0,0,0,1
0,15.0,0,156.0,1.0,1132.0,192.0,33.0,True,2,4252,1,1,1,5,1,0,0,1,0,0,0,1514.0,0,0,1,0,0,0,0,1
0,30.0,0,488.0,0.0,242.0,0.0,79.0,False,4,4253,1,1,1,6,0,0,0,1,0,0,0,809.0,0,2,1,0,0,0,0,1
0,33.0,0,5493.0,9401.0,23.0,3013.0,303.0,False,5,4254,1,0,3,1,0,1,0,0,0,0,0,18233.0,0,0,0,1,0,1,0,0
1,25.0,0,0.0,0.0,0.0,0.0,0.0,True,3,4254,2,0,3,1,0,1,0,0,0,0,0,0.0,1,3,0,1,0,0,0,1
0,62.0,0,0.0,22.0,0.0,3314.0,22.0,False,6,4254,3,0,3,1,0,1,0,0,0,0,0,3358.0,0,0,0,1,0,0,0,1
1,41.0,0,0.0,0.0,0.0,0.0,0.0,True,5,4255,1,1,1,6,0,0,0,1,0,0,0,0.0,1,3,1,0,0,0,1,0
0,27.0,0,6.0,0.0,0.0,768.0,1141.0,False,4,4256,1,0,8,5,0,0,0,1,0,0,0,1915.0,0,0,1,0,0,0,0,1
1,18.0,0,0.0,0.0,0.0,0.0,0.0,False,2,4256,2,0,8,6,0,0,0,1,0,0,0,0.0,1,3,1,0,0,0,0,1
1,27.0,0,0.0,0.0,0.0,0.0,0.0,True,4,4256,3,0,8,6,0,0,0,1,0,0,0,0.0,1,3,1,0,0,0,0,1
0,19.0,0,571.0,0.0,0.0,97.0,813.0,True,3,4256,4,0,8,5,0,0,0,1,0,0,0,1481.0,0,0,1,0,0,0,0,1
0,37.0,0,0.0,0.0,115.0,671.0,0.0,False,5,4256,5,0,8,6,0,0,0,1,0,0,0,786.0,0,2,1,0,0,0,0,1
1,24.0,0,0.0,0.0,0.0,0.0,0.0,False,3,4256,6,0,8,6,0,0,0,1,0,0,0,0.0,1,3,1,0,0,0,0,1
0,29.0,0,13.0,0.0,664.0,74.0,101.0,False,4,4256,7,0,8,6,0,0,0,1,0,0,0,852.0,0,2,1,0,0,0,0,1
0,44.0,0,0.0,0.0,608.0,0.0,91.0,False,5,4256,8,0,8,5,0,0,0,1,0,0,0,699.0,0,1,1,0,0,1,0,0
0,19.0,0,0.0,265.0,882.0,2.0,293.0,False,3,4257,1,1,1,5,0,0,0,1,0,0,0,1442.0,0,0,1,0,0,0,0,1
0,39.0,0,0.0,266.0,0.0,1254.0,197.0,False,5,4258,1,0,3,0,0,1,0,0,0,0,0,1717.0,0,0,0,1,0,0,0,1
0,63.0,0,0.0,490.0,1.0,2882.0,18.0,False,6,4258,2,0,3,0,0,1,0,0,0,0,0,3391.0,0,0,0,1,0,0,0,1
0,39.0,0,9.0,1525.0,0.0,0.0,146.0,False,5,4258,3,0,3,0,0,1,0,0,0,0,0,1680.0,0,0,0,1,0,0,0,1
1,41.0,0,0.0,0.0,0.0,0.0,0.0,True,5,4259,1,1,1,5,1,0,0,1,0,0,0,0.0,1,3,0,0,1,0,0,1
1,27.0,0,0.0,0.0,0.0,0.0,0.0,True,4,4260,1,1,1,6,1,0,0,1,0,0,0,0.0,1,3,1,0,0,0,0,1
0,56.0,0,412.0,492.0,9.0,117.0,33.0,True,6,4261,1,1,1,3,1,1,0,0,0,0,0,1063.0,0,2,0,0,1,1,0,0
1,22.0,0,0.0,0.0,0.0,0.0,0.0,True,3,4262,1,0,2,2,0,1,0,0,0,0,0,0.0,1,3,0,1,0,0,0,1
0,26.0,0,1.0,1269.0,4790.0,270.0,5116.0,False,4,4262,2,0,2,2,0,1,0,0,0,0,0,11446.0,0,0,0,1,0,1,0,0
0,24.0,0,0.0,0.0,0.0,0.0,1300.0,False,3,4264,1,1,1,5,1,0,0,1,0,0,0,1300.0,0,2,1,0,0,0,0,1
1,18.0,0,0.0,0.0,0.0,0.0,0.0,True,2,4266,1,1,1,6,1,0,0,1,0,0,0,0.0,1,3,1,0,0,0,1,0
1,13.0,0,0.0,0.0,0.0,0.0,0.0,True,2,4267,1,0,2,6,0,0,0,1,0,0,0,0.0,1,3,1,0,0,0,0,1
0,32.0,0,0.0,0.0,1020.0,0.0,0.0,True,4,4267,2,0,2,5,0,0,0,1,0,0,0,1020.0,0,2,1,0,0,0,0,1
0,30.0,0,24.0,2558.0,98.0,0.0,5361.0,False,4,4270,1,1,1,5,1,0,1,0,0,0,0,8041.0,0,0,0,1,0,1,0,0
1,25.0,0,0.0,0.0,0.0,0.0,0.0,True,3,4271,1,1,1,0,0,1,0,0,0,0,0,0.0,1,3,0,1,0,0,0,1
0,55.0,0,0.0,252.0,1.0,0.0,553.0,True,6,4272,1,1,1,5,1,0,0,1,0,0,0,806.0,0,2,1,0,0,0,0,1
0,19.0,0,0.0,2.0,0.0,669.0,0.0,False,3,4273,1,1,1,5,0,0,0,1,0,0,0,671.0,0,1,1,0,0,0,1,0
0,24.0,0,0.0,717.0,222.0,8.0,1.0,True,3,4274,1,1,1,6,1,0,0,1,0,0,0,948.0,0,2,1,0,0,0,0,1
0,32.0,0,401.0,3724.0,5.0,422.0,62.0,True,4,4278,1,1,1,2,1,1,0,0,0,0,0,4614.0,0,0,0,1,0,0,0,1
0,24.0,0,0.0,0.0,0.0,0.0,0.0,False,3,4280,1,1,1,4,0,1,0,0,0,0,0,0.0,1,3,0,0,1,0,0,1
1,32.0,0,0.0,0.0,0.0,0.0,0.0,True,4,4289,1,1,1,5,0,0,0,1,0,0,0,0.0,1,3,0,0,1,0,0,1
1,36.0,0,0.0,0.0,0.0,0.0,0.0,False,5,4291,1,1,1,6,1,0,0,1,0,0,0,0.0,1,3,1,0,0,0,0,1
0,28.0,0,0.0,31.0,0.0,1283.0,871.0,True,4,4292,1,1,1,0,1,1,0,0,0,0,0,2185.0,0,0,0,1,0,1,0,0
0,52.0,0,0.0,559.0,0.0,0.0,0.0,True,6,4293,1,1,1,5,1,0,0,1,0,0,0,559.0,0,1,1,0,0,0,0,1
0,29.0,0,646.0,91.0,13.0,0.0,0.0,True,4,4294,1,1,1,6,1,0,0,1,0,0,0,750.0,0,2,1,0,0,0,0,1
0,23.0,0,49.0,0.0,2716.0,0.0,0.0,True,3,4295,1,0,2,3,0,1,0,0,0,0,0,2765.0,0,0,0,0,1,1,0,0
1,32.0,0,0.0,0.0,0.0,0.0,0.0,True,4,4295,2,0,2,5,1,0,1,0,0,0,0,0.0,1,3,0,0,1,0,0,1
1,35.0,0,0.0,0.0,0.0,0.0,0.0,False,5,4296,1,1,1,6,1,0,0,1,0,0,0,0.0,1,3,1,0,0,0,0,1
0,41.0,0,14.0,6777.0,81.0,604.0,2936.0,False,5,4297,1,1,1,1,0,1,0,0,0,0,0,10412.0,0,0,0,1,0,1,0,0
1,16.0,0,0.0,0.0,0.0,0.0,0.0,True,2,4300,1,1,1,6,1,0,0,1,0,0,0,0.0,1,3,1,0,0,0,1,0
1,33.0,0,0.0,0.0,0.0,0.0,0.0,True,5,4301,1,1,1,4,0,1,0,0,0,0,0,0.0,1,3,0,1,0,1,0,0
1,6.0,0,0.0,0.0,0.0,0.0,0.0,True,1,4302,1,1,1,6,0,0,0,1,0,0,0,0.0,1,3,1,0,0,1,0,0
0,15.0,0,36.0,841.0,0.0,0.0,0.0,True,2,4303,1,0,2,5,1,0,0,1,0,0,0,877.0,0,2,1,0,0,1,0,0
0,38.0,0,0.0,668.0,84.0,267.0,0.0,False,5,4303,2,0,2,6,1,0,0,1,0,0,0,1019.0,0,2,1,0,0,0,0,1
0,56.0,0,0.0,779.0,12.0,3.0,35.0,False,6,4305,1,0,3,5,0,0,0,1,0,0,0,829.0,0,2,1,0,0,0,0,1
1,4.0,0,0.0,0.0,0.0,0.0,0.0,True,0,4305,2,0,3,6,0,0,0,1,0,0,0,0.0,1,3,1,0,0,0,1,0
1,21.0,0,0.0,0.0,0.0,0.0,0.0,True,3,4305,3,0,3,6,0,0,0,1,0,0,0,0.0,1,3,1,0,0,0,1,0
0,22.0,0,1371.0,0.0,235.0,0.0,0.0,True,3,4306,1,1,1,5,1,0,0,1,0,0,0,1606.0,0,0,0,0,1,1,0,0
0,37.0,0,0.0,0.0,785.0,3.0,0.0,False,5,4309,1,0,2,4,0,1,0,0,0,0,0,788.0,0,2,1,0,0,0,0,1
0,6.0,0,0.0,0.0,0.0,0.0,0.0,True,1,4309,2,0,2,6,0,0,0,1,0,0,0,0.0,1,3,1,0,0,0,0,1
0,22.0,0,563.0,521.0,364.0,0.0,0.0,False,3,4311,1,1,1,5,1,0,0,1,0,0,0,1448.0,0,0,1,0,0,0,0,1
0,26.0,0,0.0,137.0,0.0,0.0,7629.0,False,4,4312,1,1,1,1,0,1,0,0,0,0,0,7766.0,0,0,0,1,0,0,0,1
0,22.0,0,0.0,3.0,486.0,0.0,228.0,True,3,4315,1,0,2,4,0,1,0,0,0,0,0,717.0,0,2,1,0,0,0,0,1
0,20.0,0,0.0,0.0,0.0,0.0,0.0,True,3,4315,2,0,2,6,0,0,0,1,0,0,0,0.0,1,3,1,0,0,0,0,1
0,27.0,0,0.0,22.0,0.0,1156.0,0.0,False,5,4316,1,1,1,5,0,0,0,1,0,0,0,1178.0,0,2,1,0,0,0,1,0
0,24.0,0,439.0,0.0,2140.0,0.0,0.0,True,3,4317,1,1,1,3,1,1,0,0,0,0,0,2579.0,0,0,0,0,1,0,0,1
1,25.0,0,0.0,0.0,0.0,0.0,0.0,True,3,4318,1,1,1,5,1,0,0,1,0,0,0,0.0,1,3,0,0,1,0,0,1
0,48.0,0,2.0,0.0,83.0,589.0,233.0,False,5,4319,1,1,1,6,0,0,0,1,0,0,0,907.0,0,2,1,0,0,0,0,1
0,24.0,0,786.0,0.0,0.0,7.0,0.0,False,3,4320,1,1,1,4,0,1,0,0,0,0,0,793.0,0,2,1,0,0,0,0,1
0,3.0,0,0.0,0.0,0.0,0.0,0.0,True,0,4324,1,0,4,5,1,0,0,1,0,0,0,0.0,1,3,0,0,1,1,0,0
1,24.0,0,0.0,0.0,0.0,0.0,0.0,True,3,4324,2,0,4,5,1,0,0,1,0,0,0,0.0,1,3,0,0,1,0,0,1
0,25.0,0,412.0,0.0,567.0,775.0,0.0,False,3,4324,3,0,4,5,1,0,0,1,0,0,0,1754.0,0,0,0,0,1,0,0,1
1,1.0,0,0.0,0.0,0.0,0.0,0.0,True,0,4324,4,0,4,5,1,0,0,1,0,0,0,0.0,1,3,0,0,1,1,0,0
0,20.0,0,0.0,187.0,712.0,0.0,0.0,True,3,4327,1,1,1,5,1,0,0,1,0,0,0,899.0,0,2,1,0,0,0,0,1
0,22.0,0,39.0,0.0,63.0,3.0,654.0,False,3,4329,1,1,1,5,1,0,0,1,0,0,0,759.0,0,2,1,0,0,0,0,1
0,28.0,0,427.0,0.0,754.0,0.0,0.0,True,4,4330,1,1,1,3,1,1,0,0,0,0,0,1181.0,0,2,0,0,1,1,0,0
1,17.0,0,0.0,0.0,0.0,0.0,0.0,True,2,4332,1,1,1,6,1,0,0,1,0,0,0,0.0,1,3,1,0,0,1,0,0
0,28.0,0,0.0,3345.0,0.0,2143.0,27.0,False,4,4333,1,1,1,1,0,1,0,0,0,0,0,5515.0,0,0,0,1,0,1,0,0
1,47.0,0,0.0,0.0,0.0,0.0,0.0,True,5,4334,1,1,1,0,1,1,0,0,0,0,0,0.0,1,3,0,1,0,0,0,1
1,34.0,0,0.0,0.0,0.0,0.0,0.0,False,5,4335,1,1,1,4,1,1,0,0,0,0,0,0.0,1,3,0,0,1,0,0,1
0,29.0,1,267.0,1418.0,257.0,843.0,0.0,True,4,4336,1,0,4,2,1,1,0,0,0,0,0,2785.0,0,0,0,1,0,0,0,1
1,14.0,0,0.0,0.0,0.0,0.0,0.0,True,2,4336,2,0,4,2,1,1,0,0,0,0,0,0.0,1,3,0,1,0,0,0,1
0,36.0,0,0.0,563.0,0.0,1301.0,830.0,True,5,4336,3,0,4,5,1,0,1,0,0,0,0,2694.0,0,0,0,1,0,0,0,1
0,40.0,0,2320.0,0.0,4874.0,3131.0,498.0,True,5,4336,4,0,4,2,1,1,0,0,0,0,0,10823.0,0,0,0,1,0,1,0,0
0,49.0,0,22.0,0.0,1129.0,0.0,77.0,True,5,4337,1,1,1,5,1,0,0,1,0,0,0,1228.0,0,2,0,0,1,0,0,1
0,51.0,0,0.0,0.0,0.0,0.0,0.0,True,6,4338,1,0,3,2,1,1,0,0,0,0,0,0.0,1,3,0,1,0,0,0,1
0,41.0,0,0.0,545.0,0.0,2740.0,293.0,True,5,4338,2,0,3,2,1,1,0,0,0,0,0,3578.0,0,0,0,1,0,0,0,1
0,44.0,0,0.0,14201.0,0.0,22.0,584.0,True,5,4338,3,0,3,2,1,1,0,0,0,0,0,14807.0,0,0,0,1,0,1,0,0
0,47.0,0,2044.0,0.0,95.0,0.0,120.0,False,5,4339,1,1,1,5,1,0,0,1,0,0,0,2259.0,0,0,0,0,1,0,0,1
0,22.0,0,0.0,0.0,945.0,0.0,4.0,True,3,4340,1,1,1,5,1,0,0,1,0,0,0,949.0,0,2,1,0,0,0,0,1
1,13.0,0,0.0,0.0,0.0,0.0,0.0,True,2,4343,1,1,1,6,1,0,0,1,0,0,0,0.0,1,3,1,0,0,0,1,0
0,18.0,0,0.0,35.0,661.0,0.0,63.0,True,2,4344,1,1,1,5,1,0,0,1,0,0,0,759.0,0,2,1,0,0,0,0,1
0,28.0,0,0.0,1125.0,3.0,562.0,7.0,False,4,4345,1,1,1,6,0,0,0,1,0,0,0,1697.0,0,0,1,0,0,0,0,1
0,22.0,0,429.0,2.0,232.0,0.0,59.0,True,3,4346,1,1,1,4,0,1,0,0,0,0,0,722.0,0,2,1,0,0,1,0,0
0,50.0,0,444.0,0.0,408.0,0.0,0.0,False,5,4347,1,1,1,6,0,0,0,1,0,0,0,852.0,0,2,1,0,0,0,0,1
1,47.0,1,0.0,0.0,0.0,0.0,0.0,True,5,4348,1,1,1,1,0,1,0,0,0,0,0,0.0,1,3,0,1,0,0,0,1
0,55.0,0,802.0,0.0,155.0,4.0,337.0,False,6,4349,1,1,1,4,0,1,0,0,0,0,0,1298.0,0,2,0,0,1,0,0,1
1,21.0,0,0.0,0.0,0.0,0.0,0.0,True,3,4350,1,0,2,6,1,0,0,1,0,0,0,0.0,1,3,1,0,0,0,0,1
0,39.0,0,0.0,0.0,1.0,0.0,2330.0,False,5,4350,2,0,2,6,1,0,0,1,0,0,0,2331.0,0,0,1,0,0,0,1,0
0,21.0,0,641.0,0.0,409.0,0.0,0.0,False,3,4351,1,1,1,5,0,0,0,1,0,0,0,1050.0,0,2,1,0,0,0,0,1
0,37.0,0,33.0,3484.0,17.0,4.0,1384.0,True,5,4352,1,0,2,2,1,1,0,0,0,0,0,4922.0,0,0,0,1,0,0,0,1
0,31.0,0,22.0,10025.0,2.0,124.0,1.0,True,4,4352,2,0,2,2,1,1,0,0,0,0,0,10174.0,0,0,0,1,0,0,0,1
0,23.0,0,115.0,1.0,0.0,0.0,249.0,False,3,4354,1,1,1,4,0,1,0,0,0,0,0,365.0,0,1,1,0,0,0,0,1
1,28.0,0,0.0,0.0,0.0,0.0,0.0,True,4,4356,1,1,1,1,1,1,0,0,0,0,0,0.0,1,3,0,1,0,1,0,0
0,23.0,0,118.0,0.0,949.0,206.0,2071.0,False,3,4357,1,1,1,3,0,1,0,0,0,0,0,3344.0,0,0,0,0,1,0,0,1
0,20.0,0,0.0,272.0,108.0,0.0,230.0,True,3,4358,1,1,1,5,1,0,0,1,0,0,0,610.0,0,1,1,0,0,0,1,0
0,28.0,0,3.0,2127.0,0.0,696.0,10.0,False,4,4359,1,0,3,2,0,1,0,0,0,0,0,2836.0,0,0,0,1,0,0,0,1
0,40.0,0,0.0,17687.0,0.0,425.0,155.0,True,5,4359,2,0,3,2,0,1,0,0,0,0,0,18267.0,0,0,0,1,0,1,0,0
0,54.0,0,0.0,1832.0,0.0,0.0,1768.0,False,6,4359,3,0,3,2,0,1,0,0,0,0,0,3600.0,0,0,0,1,0,1,0,0
1,18.0,0,0.0,0.0,0.0,0.0,0.0,True,2,4360,1,1,1,5,0,0,0,1,0,0,0,0.0,1,3,0,0,1,0,0,1
0,27.0,0,0.0,14.0,0.0,734.0,331.0,True,4,4361,1,1,1,5,1,0,0,1,0,0,0,1079.0,0,2,1,0,0,1,0,0
0,43.0,0,0.0,1947.0,0.0,0.0,1651.0,True,5,4362,1,1,1,1,1,1,0,0,0,0,0,3598.0,0,0,0,1,0,0,0,1
1,25.0,0,0.0,0.0,0.0,0.0,0.0,True,3,4364,1,1,1,6,0,0,0,1,0,0,0,0.0,1,3,1,0,0,0,1,0
0,13.0,0,552.0,247.0,0.0,4.0,0.0,False,2,4365,1,1,1,5,0,0,0,1,0,0,0,803.0,0,2,1,0,0,0,0,1
0,15.0,0,0.0,0.0,873.0,0.0,5.0,True,2,4366,1,1,1,5,0,0,0,1,0,0,0,878.0,0,2,1,0,0,0,1,0
1,37.0,0,0.0,0.0,0.0,0.0,0.0,True,5,4367,1,1,1,6,1,0,0,1,0,0,0,0.0,1,3,1,0,0,1,0,0
1,32.0,0,0.0,0.0,0.0,0.0,0.0,True,4,4368,1,1,1,5,0,0,0,0,1,0,0,0.0,1,3,0,0,1,1,0,0
0,19.0,0,857.0,0.0,0.0,0.0,0.0,False,3,4369,1,1,1,5,1,0,0,1,0,0,0,857.0,0,2,1,0,0,0,0,1
0,21.0,0,3.0,1.0,0.0,1494.0,110.0,False,3,4370,1,1,1,5,1,0,1,0,0,0,0,1608.0,0,0,1,0,0,0,0,1
0,27.0,0,0.0,2717.0,0.0,0.0,986.0,True,4,4371,1,0,5,2,1,1,0,0,0,0,0,3703.0,0,0,0,1,0,0,0,1
0,39.0,0,106.0,243.0,126.0,7.0,4967.0,False,5,4371,2,0,5,2,1,1,0,0,0,0,0,5449.0,0,0,0,1,0,1,0,0
1,22.0,0,0.0,0.0,0.0,0.0,0.0,True,3,4371,3,0,5,2,1,1,0,0,0,0,0,0.0,1,3,0,1,0,0,0,1
0,25.0,0,0.0,4384.0,4285.0,812.0,360.0,True,3,4371,4,0,5,2,1,1,0,0,0,0,0,9841.0,0,0,0,1,0,0,0,1
0,34.0,0,0.0,7221.0,0.0,288.0,2275.0,True,5,4371,5,0,5,2,1,1,0,0,0,0,0,9784.0,0,0,0,1,0,1,0,0
1,54.0,0,0.0,0.0,0.0,0.0,0.0,True,6,4372,1,0,2,5,1,0,0,1,0,0,0,0.0,1,3,0,0,1,0,0,1
0,42.0,0,954.0,0.0,1.0,0.0,0.0,False,5,4372,2,0,2,4,1,1,0,0,0,0,0,955.0,0,2,0,0,1,0,0,1
0,36.0,0,735.0,0.0,2.0,0.0,0.0,False,5,4373,1,1,1,5,1,0,0,1,0,0,0,737.0,0,2,1,0,0,0,1,0
0,43.0,0,0.0,168.0,3.0,0.0,452.0,True,5,4376,1,1,1,4,1,1,0,0,0,0,0,623.0,0,1,1,0,0,0,1,0
0,23.0,0,65.0,94.0,0.0,0.0,445.0,True,3,4382,1,1,1,5,0,0,0,0,1,0,0,604.0,0,1,1,0,0,0,1,0
0,57.0,0,0.0,0.0,0.0,0.0,0.0,True,6,4383,1,1,1,1,1,1,0,0,0,0,0,0.0,1,3,0,1,0,0,0,1
0,54.0,0,0.0,0.0,0.0,0.0,0.0,True,6,4386,1,0,2,1,1,1,0,0,0,0,0,0.0,1,3,0,1,0,0,0,1
0,51.0,0,0.0,16455.0,885.0,0.0,363.0,True,6,4386,2,0,2,1,1,1,0,0,0,0,0,17703.0,0,0,0,1,0,0,0,1
0,32.0,0,192.0,0.0,441.0,18.0,0.0,False,4,4387,1,1,1,5,0,0,0,0,1,0,0,651.0,0,1,0,0,1,0,1,0
0,33.0,0,0.0,0.0,0.0,0.0,0.0,True,5,4388,1,1,1,1,1,1,0,0,0,0,0,0.0,1,3,0,1,0,0,0,1
1,8.0,0,0.0,0.0,0.0,0.0,0.0,True,1,4390,1,0,3,5,0,0,0,0,1,0,0,0.0,1,3,0,0,1,0,0,1
1,44.0,0,0.0,0.0,0.0,0.0,0.0,True,5,4390,2,0,3,5,0,0,0,0,1,0,0,0.0,1,3,0,0,1,0,0,1
0,27.0,0,875.0,0.0,61.0,289.0,0.0,False,4,4390,3,0,3,5,0,0,0,0,1,0,0,1225.0,0,2,0,0,1,0,0,1
0,48.0,0,383.0,0.0,0.0,393.0,10.0,True,5,4391,1,1,1,5,0,0,0,0,1,0,0,786.0,0,2,1,0,0,0,0,1
0,13.0,0,38.0,0.0,0.0,733.0,0.0,False,2,4392,1,1,1,6,1,0,0,1,0,0,0,771.0,0,2,1,0,0,1,0,0
1,5.0,0,0.0,0.0,0.0,0.0,0.0,False,1,4393,1,0,2,6,0,0,0,1,0,0,0,0.0,1,3,1,0,0,0,0,1
0,18.0,0,754.0,0.0,34.0,0.0,0.0,False,2,4393,2,0,2,4,0,1,0,0,0,0,0,788.0,0,2,1,0,0,0,0,1
0,23.0,0,0.0,0.0,206.0,681.0,31.0,False,3,4395,1,1,1,5,0,0,0,0,1,0,0,918.0,0,2,1,0,0,0,0,1
0,23.0,0,0.0,153.0,11.0,646.0,0.0,False,3,4396,1,1,1,6,1,0,0,1,0,0,0,810.0,0,2,1,0,0,0,0,1
1,35.0,0,0.0,0.0,0.0,0.0,0.0,True,5,4397,1,1,1,5,1,0,1,0,0,0,0,0.0,1,3,1,0,0,0,1,0
0,25.0,0,141.0,3.0,640.0,0.0,100.0,False,3,4399,1,1,1,6,0,0,0,1,0,0,0,884.0,0,2,1,0,0,0,0,1
0,32.0,0,689.0,0.0,610.0,0.0,0.0,False,4,4400,1,0,3,4,1,1,0,0,0,0,0,1299.0,0,2,0,0,1,0,0,1
0,0.0,0,0.0,0.0,0.0,0.0,0.0,True,0,4400,2,0,3,5,1,0,0,1,0,0,0,0.0,1,3,0,0,1,1,0,0
1,5.0,0,0.0,0.0,0.0,0.0,0.0,True,1,4400,3,0,3,5,1,0,0,1,0,0,0,0.0,1,3,0,0,1,1,0,0
1,16.0,0,0.0,0.0,0.0,0.0,0.0,True,2,4401,1,0,2,6,1,0,0,1,0,0,0,0.0,1,3,1,0,0,1,0,0
1,18.0,0,0.0,0.0,0.0,0.0,0.0,True,2,4401,2,0,2,6,1,0,0,1,0,0,0,0.0,1,3,1,0,0,0,1,0
1,29.0,0,0.0,0.0,0.0,0.0,0.0,False,4,4402,1,1,1,6,0,0,0,1,0,0,0,0.0,1,3,1,0,0,0,1,0
0,55.0,0,134.0,935.0,0.0,6.0,394.0,False,6,4403,1,0,2,5,1,0,0,1,0,0,0,1469.0,0,0,1,0,0,0,0,1
0,41.0,0,7.0,0.0,297.0,108.0,361.0,False,5,4403,2,0,2,6,1,0,0,1,0,0,0,773.0,0,2,1,0,0,0,0,1
0,38.0,0,0.0,2.0,404.0,121.0,0.0,False,5,4404,1,1,1,6,0,0,0,1,0,0,0,527.0,0,1,1,0,0,0,0,1
1,27.0,0,0.0,0.0,0.0,0.0,0.0,True,4,4405,1,1,1,2,1,1,0,0,0,0,0,0.0,1,3,0,1,0,0,0,1
1,55.0,0,0.0,0.0,0.0,0.0,0.0,True,6,4407,1,1,1,6,1,0,0,1,0,0,0,0.0,1,3,1,0,0,0,0,1
1,75.0,0,0.0,0.0,0.0,0.0,0.0,True,6,4408,1,1,1,5,0,0,0,0,1,0,0,0.0,1,3,0,0,1,0,0,1
0,50.0,0,0.0,817.0,388.0,78.0,693.0,True,5,4409,1,1,1,2,1,1,0,0,0,0,0,1976.0,0,0,0,1,0,0,0,1
0,23.0,0,27.0,0.0,32.0,725.0,0.0,False,3,4410,1,1,1,6,1,0,0,1,0,0,0,784.0,0,2,1,0,0,0,0,1
0,37.0,0,715.0,0.0,54.0,0.0,0.0,True,5,4411,1,1,1,6,1,0,0,1,0,0,0,769.0,0,2,1,0,0,0,1,0
0,33.0,0,0.0,0.0,232.0,0.0,622.0,False,5,4413,1,1,1,6,1,0,0,1,0,0,0,854.0,0,2,1,0,0,0,0,1
0,45.0,0,941.0,281.0,36.0,12.0,39.0,False,5,4415,1,1,1,5,1,0,0,1,0,0,0,1309.0,0,2,0,0,1,0,0,1
1,47.0,0,0.0,0.0,0.0,0.0,0.0,True,5,4416,1,1,1,1,0,1,0,0,0,0,0,0.0,1,3,0,1,0,1,0,0
1,13.0,0,0.0,0.0,0.0,0.0,0.0,True,2,4422,1,0,2,1,1,1,0,0,0,0,0,0.0,1,3,0,1,0,0,0,1
0,29.0,0,0.0,6338.0,0.0,1366.0,89.0,True,4,4422,2,0,2,1,1,1,0,0,0,0,0,7793.0,0,0,0,1,0,0,0,1
0,19.0,0,30.0,0.0,42.0,3565.0,7.0,False,3,4424,1,1,1,4,1,1,0,0,0,0,0,3644.0,0,0,0,0,1,0,0,1
1,30.0,0,0.0,0.0,0.0,0.0,0.0,True,4,4426,1,1,1,5,1,0,0,1,0,0,0,0.0,1,3,0,0,1,0,0,1
0,39.0,0,3.0,83.0,0.0,805.0,2983.0,False,5,4427,1,0,2,3,1,1,0,0,0,0,0,3874.0,0,0,0,1,0,1,0,0
0,31.0,0,0.0,46.0,0.0,209.0,2908.0,False,4,4427,2,0,2,3,1,1,0,0,0,0,0,3163.0,0,0,0,1,0,0,0,1
0,29.0,0,0.0,11417.0,12.0,795.0,402.0,True,4,4428,1,1,1,2,1,1,0,0,0,0,0,12626.0,0,0,0,1,0,1,0,0
0,16.0,0,546.0,90.0,23.0,513.0,0.0,False,2,4429,1,1,1,4,1,1,0,0,0,0,0,1172.0,0,2,0,0,1,0,0,1
0,18.0,0,0.0,2.0,1513.0,0.0,0.0,True,2,4430,1,1,1,5,1,0,0,1,0,0,0,1515.0,0,0,1,0,0,0,1,0
0,38.0,0,8.0,0.0,1414.0,10.0,3.0,False,5,4431,1,1,1,6,0,0,0,1,0,0,0,1435.0,0,2,1,0,0,1,0,0
1,50.0,0,0.0,0.0,0.0,0.0,0.0,False,5,4432,1,1,1,6,0,0,0,1,0,0,0,0.0,1,3,1,0,0,0,0,1
1,21.0,0,0.0,0.0,0.0,0.0,0.0,False,3,4433,1,1,1,6,0,0,0,1,0,0,0,0.0,1,3,1,0,0,0,1,0
1,22.0,0,0.0,0.0,0.0,0.0,0.0,True,3,4436,1,1,1,6,0,0,0,1,0,0,0,0.0,1,3,1,0,0,0,1,0
1,20.0,0,0.0,0.0,0.0,0.0,0.0,True,3,4437,1,1,1,6,1,0,0,1,0,0,0,0.0,1,3,1,0,0,0,0,1
0,36.0,0,721.0,0.0,471.0,0.0,0.0,False,5,4438,1,1,1,5,0,0,0,0,1,0,0,1192.0,0,2,0,0,1,0,0,1
0,23.0,0,0.0,282.0,0.0,0.0,71.0,True,3,4440,1,1,1,5,0,0,0,0,1,0,0,353.0,0,1,1,0,0,0,0,1
1,31.0,1,0.0,0.0,0.0,0.0,0.0,True,4,4441,1,0,3,1,0,1,0,0,0,0,0,0.0,1,3,0,1,0,1,0,0
1,39.0,0,0.0,0.0,0.0,0.0,0.0,True,5,4441,2,0,3,1,0,1,0,0,0,0,0,0.0,1,3,0,1,0,0,0,1
0,50.0,0,0.0,4558.0,0.0,1.0,267.0,True,5,4441,3,0,3,1,0,1,0,0,0,0,0,4826.0,0,0,0,1,0,1,0,0
0,40.0,0,0.0,901.0,0.0,0.0,89.0,False,5,4444,1,1,1,4,1,1,0,0,0,0,0,990.0,0,2,1,0,0,0,0,1
0,28.0,0,8.0,0.0,77.0,560.0,0.0,False,4,4445,1,1,1,5,0,0,0,0,1,0,0,645.0,0,1,1,0,0,0,0,1
0,38.0,0,2.0,114.0,771.0,3094.0,448.0,False,5,4446,1,0,5,1,1,1,0,0,0,0,0,4429.0,0,0,0,1,0,0,0,1
0,37.0,0,0.0,3603.0,33.0,7113.0,1.0,False,5,4446,2,0,5,1,1,1,0,0,0,0,0,10750.0,0,0,0,1,0,0,0,1
1,59.0,0,0.0,0.0,0.0,0.0,0.0,True,6,4446,3,0,5,1,1,1,0,0,0,0,0,0.0,1,3,0,1,0,1,0,0
0,41.0,0,35.0,6103.0,0.0,180.0,160.0,True,5,4446,4,0,5,1,1,1,0,0,0,0,0,6478.0,0,0,0,1,0,1,0,0
0,33.0,0,0.0,4017.0,16.5,1637.0,2260.0,True,5,4446,5,0,5,1,1,1,0,0,0,0,0,6277.0,0,0,0,1,0,0,0,1
1,54.0,0,0.0,0.0,0.0,0.0,0.0,True,6,4447,1,1,1,5,1,0,1,0,0,0,0,0.0,1,3,1,0,0,0,0,1
0,40.0,0,0.0,0.0,2414.0,0.0,0.0,True,5,4448,1,1,1,5,0,0,0,0,1,0,0,2414.0,0,0,1,0,0,0,0,1
0,43.0,0,130.0,0.0,870.0,31.0,26.0,True,5,4449,1,1,1,3,1,1,0,0,0,0,0,1057.0,0,2,0,0,1,0,0,1
1,26.0,0,0.0,0.0,0.0,0.0,0.0,True,4,4450,1,0,4,2,0,1,0,0,0,0,0,0.0,1,3,0,1,0,1,0,0
0,65.0,0,0.0,7194.0,0.0,6.0,0.0,True,6,4450,2,0,4,2,0,1,0,0,0,0,0,7200.0,0,0,0,1,0,1,0,0
1,22.0,0,0.0,0.0,0.0,0.0,0.0,True,3,4450,3,0,4,2,0,1,0,0,0,0,0,0.0,1,3,0,1,0,1,0,0
0,28.0,0,0.0,3627.0,0.0,31.0,3263.0,False,4,4450,4,0,4,2,0,1,0,0,0,0,0,6921.0,0,0,0,1,0,0,0,1
1,35.0,0,0.0,0.0,0.0,0.0,0.0,True,5,4451,1,1,1,5,0,0,0,0,1,0,0,0.0,1,3,1,0,0,0,0,1
1,30.0,0,0.0,0.0,0.0,0.0,0.0,True,4,4452,1,1,1,6,1,0,0,1,0,0,0,0.0,1,3,1,0,0,0,0,1
0,28.0,0,0.0,2560.0,0.0,134.0,307.0,False,4,4453,1,1,1,3,0,1,0,0,0,0,0,3001.0,0,0,0,1,0,0,0,1
0,23.0,0,0.0,10.0,159.0,0.0,125.0,True,3,4456,1,1,1,5,0,0,0,0,1,0,0,294.0,0,1,1,0,0,0,0,1
0,24.0,0,698.0,0.0,51.0,2.0,4.0,True,3,4457,1,1,1,5,0,0,0,0,1,0,0,755.0,0,2,1,0,0,0,0,1
1,16.0,0,0.0,0.0,0.0,0.0,0.0,True,2,4459,1,1,1,6,0,0,0,1,0,0,0,0.0,1,3,1,0,0,0,1,0
1,18.0,0,0.0,0.0,0.0,0.0,0.0,True,2,4461,1,1,1,5,1,0,0,1,0,0,0,0.0,1,3,0,0,1,0,0,1
0,20.0,0,399.0,77.0,311.0,0.0,16.0,False,3,4462,1,1,1,5,0,0,0,0,1,0,0,803.0,0,2,1,0,0,0,0,1
1,29.0,0,0.0,0.0,0.0,0.0,0.0,True,4,4463,1,0,2,1,0,1,0,0,0,0,0,0.0,1,3,0,1,0,0,0,1
1,29.0,0,0.0,0.0,0.0,0.0,0.0,True,4,4463,2,0,2,1,0,1,0,0,0,0,0,0.0,1,3,0,1,0,0,0,1
0,21.0,0,0.0,0.0,0.0,0.0,0.0,False,3,4464,1,1,1,6,1,0,0,1,0,0,0,0.0,1,3,1,0,0,0,0,1
1,2.0,0,0.0,0.0,0.0,0.0,0.0,False,0,4465,1,0,3,0,1,1,0,0,0,0,0,0.0,1,3,0,1,0,0,0,1
0,43.0,0,31.0,76.0,0.0,1353.0,1713.0,False,5,4465,2,0,3,0,1,1,0,0,0,0,0,3173.0,0,0,0,1,0,0,0,1
0,28.0,0,0.0,1883.0,0.0,1.0,4560.0,False,4,4465,3,0,3,0,1,1,0,0,0,0,0,6444.0,0,0,0,1,0,0,0,1
0,31.0,1,0.0,2461.0,0.0,51.0,2141.0,False,4,4466,1,1,1,0,0,1,0,0,0,0,0,4653.0,0,0,0,1,0,1,0,0
0,23.0,0,36.0,18.0,670.0,0.0,32.0,True,3,4467,1,1,1,5,0,0,0,0,1,0,0,756.0,0,2,1,0,0,0,0,1
1,26.0,0,0.0,0.0,0.0,0.0,0.0,True,4,4469,1,0,2,1,0,1,0,0,0,0,0,0.0,1,3,0,1,0,0,0,1
0,43.0,0,0.0,39.0,327.0,4643.0,85.0,False,5,4469,2,0,2,1,0,1,0,0,0,0,0,5094.0,0,0,0,1,0,1,0,0
0,28.0,0,1549.0,0.0,5.0,0.0,0.0,False,4,4470,1,1,1,5,1,0,0,1,0,0,0,1554.0,0,0,1,0,0,0,0,1
0,24.0,0,0.0,266.0,1455.0,59.0,0.0,False,3,4472,1,0,2,6,0,0,0,1,0,0,0,1780.0,0,0,1,0,0,0,1,0
0,27.0,0,110.0,0.0,638.0,0.0,0.0,False,4,4472,2,0,2,5,0,0,0,0,1,0,0,748.0,0,2,1,0,0,0,0,1
0,13.0,0,2244.0,31.0,507.0,0.0,142.0,False,2,4473,1,0,2,5,1,0,0,1,0,0,0,2924.0,0,0,0,0,1,1,0,0
0,27.0,0,994.0,0.0,26.0,1.0,0.0,False,4,4473,2,0,2,4,1,1,0,0,0,0,0,1021.0,0,2,0,0,1,0,0,1
1,2.0,0,0.0,0.0,0.0,0.0,0.0,True,0,4474,1,0,3,6,1,0,0,1,0,0,0,0.0,1,3,1,0,0,0,0,1
1,24.0,0,0.0,0.0,0.0,0.0,0.0,True,3,4474,2,0,3,6,1,0,0,1,0,0,0,0.0,1,3,1,0,0,0,0,1
1,2.0,0,0.0,0.0,0.0,0.0,0.0,True,0,4474,3,0,3,6,1,0,0,1,0,0,0,0.0,1,3,1,0,0,0,0,1
0,50.0,1,13.0,239.0,0.0,161.0,2355.0,False,5,4475,1,0,2,0,1,1,0,0,0,0,0,2768.0,0,0,0,1,0,0,0,1
1,27.0,0,0.0,0.0,0.0,0.0,0.0,True,4,4475,2,0,2,0,1,1,0,0,0,0,0,0.0,1,3,0,1,0,1,0,0
0,26.0,0,1170.0,0.0,0.0,187.0,100.0,False,4,4476,1,1,1,5,0,0,0,0,1,0,0,1457.0,0,0,1,0,0,0,0,1
0,31.0,0,23.0,0.0,0.0,0.0,17.0,False,4,4477,1,1,1,6,1,0,0,1,0,0,0,40.0,0,1,1,0,0,1,0,0
0,28.0,0,3559.0,0.0,0.0,13.0,2.0,False,4,4479,1,1,1,3,0,1,0,0,0,0,0,3574.0,0,0,0,0,1,0,0,1
0,4.0,0,0.0,0.0,0.0,0.0,0.0,False,0,4482,1,0,5,6,1,0,0,1,0,0,0,0.0,1,3,1,0,0,1,0,0
0,9.0,0,0.0,0.0,0.0,0.0,0.0,True,1,4482,2,0,5,6,1,0,0,1,0,0,0,0.0,1,3,1,0,0,0,0,1
0,0.0,0,0.0,0.0,0.0,0.0,0.0,True,0,4482,3,0,5,6,1,0,0,1,0,0,0,0.0,1,3,1,0,0,0,0,1
1,35.0,0,0.0,0.0,0.0,0.0,0.0,False,5,4482,4,0,5,6,1,0,0,1,0,0,0,0.0,1,3,1,0,0,0,0,1
1,3.0,0,0.0,0.0,0.0,0.0,0.0,True,0,4482,5,0,5,6,1,0,0,1,0,0,0,0.0,1,3,1,0,0,0,0,1
0,25.0,0,1956.0,0.0,161.0,239.0,28.0,False,3,4483,1,0,2,3,0,1,0,0,0,0,0,2384.0,0,0,0,0,1,0,0,1
0,63.0,0,3087.0,0.0,60.0,2.0,0.0,False,6,4483,2,0,2,3,0,1,0,0,0,0,0,3149.0,0,0,0,0,1,0,0,1
1,34.0,0,0.0,0.0,0.0,0.0,0.0,True,5,4485,1,0,2,5,0,0,0,0,1,0,0,0.0,1,3,0,0,1,0,0,1
0,35.0,0,1219.0,0.0,1742.0,740.0,0.0,False,5,4485,2,0,2,5,0,0,0,0,1,0,0,3701.0,0,0,0,0,1,0,0,1
1,26.0,0,0.0,0.0,0.0,0.0,0.0,True,4,4486,1,1,1,6,1,0,0,1,0,0,0,0.0,1,3,1,0,0,0,0,1
0,39.0,0,0.0,3.0,0.0,802.0,49.0,False,5,4487,1,1,1,6,0,0,0,1,0,0,0,854.0,0,2,1,0,0,0,0,1
0,34.0,0,0.0,337.0,1339.0,92.0,264.0,False,5,4490,1,1,1,3,1,1,0,0,0,0,0,2032.0,0,0,0,1,0,1,0,0
0,36.0,0,0.0,1013.0,1.0,16.0,2825.0,False,5,4491,1,1,1,1,0,1,0,0,0,0,0,3855.0,0,0,0,1,0,0,0,1
1,46.0,0,0.0,0.0,0.0,0.0,0.0,True,5,4492,1,1,1,6,0,0,0,1,0,0,0,0.0,1,3,1,0,0,0,0,1
0,26.0,0,42.0,65.0,895.0,407.0,0.0,True,4,4493,1,1,1,5,1,0,0,1,0,0,0,1409.0,0,2,1,0,0,0,0,1
1,28.0,0,0.0,0.0,0.0,0.0,0.0,True,4,4494,1,1,1,5,1,0,0,1,0,0,0,0.0,1,3,0,0,1,0,0,1
0,20.0,0,0.0,3080.0,7.0,0.0,67.0,True,3,4496,1,1,1,5,0,0,0,0,1,0,0,3154.0,0,0,1,0,0,1,0,0
1,35.0,0,0.0,0.0,0.0,0.0,0.0,False,5,4497,1,1,1,6,0,0,0,1,0,0,0,0.0,1,3,1,0,0,0,0,1
0,11.0,0,0.0,0.0,0.0,0.0,0.0,False,1,4498,1,0,8,6,1,0,0,1,0,0,0,0.0,1,3,1,0,0,1,0,0
1,14.0,0,0.0,0.0,0.0,0.0,0.0,False,2,4498,2,0,8,6,1,0,0,1,0,0,0,0.0,1,3,1,0,0,0,1,0
1,4.0,0,0.0,0.0,0.0,0.0,0.0,True,0,4498,3,0,8,6,1,0,0,1,0,0,0,0.0,1,3,1,0,0,0,1,0
0,11.0,0,0.0,0.0,0.0,0.0,0.0,False,1,4498,4,0,8,6,1,0,0,1,0,0,0,0.0,1,3,1,0,0,0,0,1
1,31.0,0,0.0,0.0,0.0,0.0,0.0,True,4,4498,5,0,8,6,1,0,0,1,0,0,0,0.0,1,3,1,0,0,0,0,1
0,15.0,0,0.0,893.0,0.0,0.0,0.0,True,2,4498,6,0,8,6,1,0,0,1,0,0,0,893.0,0,2,1,0,0,0,0,1
0,39.0,0,0.0,2.0,0.0,69.0,836.0,False,5,4498,7,0,8,6,1,0,0,1,0,0,0,907.0,0,2,1,0,0,0,0,1
0,7.0,0,0.0,0.0,0.0,0.0,0.0,False,1,4498,8,0,8,6,1,0,0,1,0,0,0,0.0,1,3,1,0,0,0,0,1
0,24.0,0,83.0,0.0,129.0,504.0,0.0,False,3,4500,1,1,1,5,1,0,0,1,0,0,0,716.0,0,1,1,0,0,0,0,1
1,22.0,0,0.0,0.0,0.0,0.0,0.0,True,3,4501,1,1,1,6,1,0,0,1,0,0,0,0.0,1,3,1,0,0,0,0,1
1,26.0,0,0.0,0.0,0.0,0.0,0.0,False,4,4502,1,1,1,4,0,1,0,0,0,0,0,0.0,1,3,0,0,1,0,0,1
0,53.0,0,0.0,864.0,49.0,39.0,2376.0,True,6,4505,1,0,2,2,1,1,0,0,0,0,0,3328.0,0,0,0,1,0,1,0,0
0,40.0,0,2.0,76.0,0.0,201.0,2376.0,False,5,4505,2,0,2,2,1,1,0,0,0,0,0,279.0,0,1,0,1,0,0,0,1
0,19.0,0,160.0,0.0,889.0,0.0,0.0,False,3,4506,1,1,1,4,1,1,0,0,0,0,0,1049.0,0,2,0,0,1,0,0,1
0,54.0,0,433.0,0.0,867.0,19.0,1.0,False,6,4508,1,0,3,5,0,0,0,0,1,0,0,1320.0,0,2,0,0,1,1,0,0
0,21.0,0,572.0,584.0,128.0,14.0,0.0,False,3,4508,2,0,3,4,0,1,0,0,0,0,0,1298.0,0,2,0,0,1,0,0,1
0,25.0,0,1340.0,0.0,8.0,0.0,0.0,False,3,4508,3,0,3,5,0,0,0,0,1,0,0,1348.0,0,2,0,0,1,0,0,1
0,48.0,0,137.0,0.0,877.0,0.0,0.0,True,5,4509,1,0,3,4,1,1,0,0,0,0,0,1014.0,0,2,0,0,1,0,0,1
0,41.0,0,82.0,0.0,1127.0,8.0,0.0,True,5,4509,2,0,3,3,1,1,0,0,0,0,0,1135.0,0,2,0,0,1,0,1,0
0,13.0,0,27.0,0.0,3246.0,0.0,0.0,True,2,4509,3,0,3,3,1,1,0,0,0,0,0,3273.0,0,0,0,0,1,0,0,1
0,57.0,0,0.0,0.0,0.0,0.0,0.0,True,6,4510,1,1,1,1,1,1,0,0,0,0,0,0.0,1,3,0,1,0,0,0,1
1,25.0,0,0.0,0.0,0.0,0.0,0.0,True,3,4511,1,0,2,1,1,1,0,0,0,0,0,0.0,1,3,0,1,0,0,0,1
1,48.0,0,0.0,0.0,0.0,0.0,0.0,True,5,4511,2,0,2,1,1,1,0,0,0,0,0,0.0,1,3,0,1,0,1,0,0
0,34.0,0,849.0,51.0,375.0,0.0,24.0,False,5,4512,1,1,1,4,1,1,0,0,0,0,0,1299.0,0,2,0,0,1,0,0,1
1,16.0,0,0.0,0.0,0.0,0.0,0.0,True,2,4514,1,1,1,6,1,0,0,1,0,0,0,0.0,1,3,1,0,0,0,0,1
0,0.0,0,0.0,0.0,0.0,0.0,0.0,False,0,4515,1,0,2,6,0,0,0,1,0,0,0,0.0,1,3,1,0,0,0,0,1
0,15.0,0,6.0,1740.0,2184.0,0.0,0.0,True,2,4515,2,0,2,6,0,0,0,1,0,0,0,3930.0,0,0,1,0,0,1,0,0
0,37.0,0,426.0,0.0,2.0,194.0,308.0,False,5,4516,1,1,1,5,1,0,0,1,0,0,0,930.0,0,2,1,0,0,1,0,0
0,37.0,0,452.0,0.0,234.0,19.0,1290.0,False,5,4517,1,1,1,5,1,0,0,1,0,0,0,1995.0,0,0,1,0,0,0,0,1
0,49.0,0,820.0,1.0,690.0,292.0,13.0,False,5,4518,1,1,1,6,0,0,0,1,0,0,0,1816.0,0,0,1,0,0,0,0,1
0,18.0,0,1.0,1.0,0.0,0.0,746.0,False,2,4521,1,1,1,5,0,0,0,0,1,0,0,748.0,0,2,1,0,0,0,0,1
0,25.0,0,101.0,32.0,0.0,137.0,633.0,True,3,4522,1,1,1,5,1,0,0,1,0,0,0,903.0,0,2,1,0,0,0,0,1
0,27.0,0,0.0,116.0,2048.0,2.0,0.0,True,5,4524,1,1,1,5,0,0,0,0,1,0,0,2166.0,0,0,1,0,0,0,1,0
0,43.0,0,26.0,132.0,3.0,117.0,555.0,False,5,4529,1,1,1,6,1,0,0,1,0,0,0,833.0,0,2,1,0,0,1,0,0
0,20.0,0,9.0,0.0,157.0,525.0,0.0,False,3,4530,1,1,1,5,0,0,0,0,1,0,0,691.0,0,1,1,0,0,0,0,1
1,54.0,0,0.0,0.0,0.0,0.0,0.0,True,6,4531,1,1,1,2,0,1,0,0,0,0,0,0.0,1,3,0,1,0,0,0,1
1,30.0,0,0.0,0.0,0.0,0.0,0.0,True,4,4532,1,1,1,6,1,0,0,1,0,0,0,0.0,1,3,1,0,0,0,0,1
1,37.0,0,0.0,0.0,0.0,0.0,0.0,True,5,4533,1,1,1,1,0,1,0,0,0,0,0,0.0,1,3,0,1,0,0,0,1
0,30.0,0,60.0,41.0,553.0,1.0,0.0,True,4,4534,1,1,1,5,1,0,0,1,0,0,0,655.0,0,1,1,0,0,1,0,0
0,20.0,0,631.0,93.0,0.0,0.0,0.0,False,3,4535,1,0,2,5,0,0,0,0,1,0,0,724.0,0,2,1,0,0,0,0,1
0,20.0,0,25.0,0.0,796.0,44.0,44.0,False,3,4535,2,0,2,6,0,0,0,1,0,0,0,909.0,0,2,1,0,0,0,0,1
0,24.0,0,0.0,591.0,0.0,0.0,1560.0,False,3,4537,1,1,1,5,1,0,0,1,0,0,0,2151.0,0,0,1,0,0,0,0,1
0,44.0,0,0.0,121.0,0.0,748.0,0.0,False,5,4538,1,1,1,5,0,0,0,0,1,0,0,869.0,0,2,1,0,0,0,0,1
0,0.0,0,0.0,0.0,0.0,0.0,0.0,True,0,4539,1,0,2,6,1,0,0,1,0,0,0,0.0,1,3,1,0,0,1,0,0
1,15.0,0,0.0,0.0,0.0,0.0,0.0,True,2,4539,2,0,2,6,1,0,0,1,0,0,0,0.0,1,3,1,0,0,0,0,1
1,19.0,0,0.0,0.0,0.0,0.0,0.0,True,3,4542,1,0,2,1,0,1,0,0,0,0,0,0.0,1,3,0,1,0,0,0,1
1,20.0,0,0.0,0.0,0.0,0.0,0.0,True,3,4542,2,0,2,1,0,1,0,0,0,0,0,0.0,1,3,0,1,0,1,0,0
0,20.0,1,14.0,0.0,59.0,1777.0,0.0,False,3,4543,1,1,1,5,0,0,0,0,1,0,0,1850.0,0,0,0,0,1,0,1,0
1,34.0,0,0.0,0.0,0.0,0.0,0.0,True,5,4544,1,1,1,6,0,0,0,1,0,0,0,0.0,1,3,1,0,0,0,0,1
0,17.0,0,0.0,0.0,0.0,0.0,0.0,True,2,4546,1,1,1,6,0,0,0,1,0,0,0,0.0,1,3,1,0,0,0,1,0
0,20.0,0,0.0,25.0,0.0,0.0,803.0,True,3,4547,1,1,1,4,1,1,0,0,0,0,0,828.0,0,2,1,0,0,0,0,1
0,42.0,0,0.0,1.0,0.0,17.0,1601.0,False,5,4549,1,1,1,4,1,1,0,0,0,0,0,1619.0,0,0,1,0,0,0,0,1
0,28.0,0,0.0,180.0,516.0,0.0,0.0,True,4,4550,1,1,1,5,1,0,0,1,0,0,0,696.0,0,1,1,0,0,0,0,1
0,43.0,0,375.0,103.0,1990.0,36.0,0.0,True,5,4552,1,1,1,5,0,0,0,0,1,0,0,2504.0,0,0,0,0,1,0,0,1
0,55.0,1,0.0,102.0,0.0,278.0,5353.0,False,6,4553,1,1,1,2,0,1,0,0,0,0,0,5733.0,0,0,0,1,0,0,1,0
0,21.0,0,29.0,27.0,47.0,694.0,11.0,False,3,4555,1,1,1,6,1,0,0,1,0,0,0,808.0,0,2,1,0,0,0,0,1
0,17.0,0,0.0,656.0,295.0,0.0,35.0,False,2,4557,1,1,1,4,0,1,0,0,0,0,0,986.0,0,2,1,0,0,0,0,1
0,54.0,0,0.0,559.0,0.0,15238.0,2799.0,False,6,4558,1,1,1,2,1,1,0,0,0,0,0,18596.0,0,0,0,1,0,1,0,0
0,25.0,0,0.0,205.0,0.0,0.0,549.0,True,3,4559,1,1,1,5,1,0,0,1,0,0,0,754.0,0,2,1,0,0,0,0,1
0,27.0,0,0.0,57.0,851.0,0.0,0.0,True,5,4560,1,1,1,6,1,0,0,1,0,0,0,908.0,0,2,1,0,0,0,0,1
0,45.0,0,0.0,496.0,0.0,1940.0,4195.0,False,5,4561,1,1,1,2,1,1,0,0,0,0,0,6631.0,0,0,0,1,0,1,0,0
1,31.0,0,0.0,0.0,0.0,0.0,0.0,True,4,4562,1,1,1,1,1,1,0,0,0,0,0,0.0,1,3,0,1,0,0,0,1
1,19.0,0,0.0,0.0,0.0,0.0,0.0,True,3,4563,1,1,1,2,1,1,0,0,0,0,0,0.0,1,3,0,1,0,1,0,0
0,30.0,0,0.0,43.0,0.0,0.0,6.0,False,4,4564,1,1,1,6,0,0,0,1,0,0,0,49.0,0,1,1,0,0,0,0,1
0,24.0,0,191.0,497.0,0.0,0.0,16.0,False,3,4565,1,1,1,6,0,0,0,1,0,0,0,704.0,0,1,1,0,0,0,0,1
0,27.0,0,0.0,20.0,38.0,359.0,516.0,False,5,4567,1,1,1,5,0,0,0,0,1,0,0,933.0,0,2,1,0,0,0,0,1
0,42.0,0,4102.0,0.0,36.0,0.0,1825.0,False,5,4568,1,1,1,5,0,0,0,0,1,0,0,5963.0,0,0,0,0,1,0,0,1
1,29.0,0,0.0,0.0,0.0,0.0,0.0,True,4,4569,1,0,2,1,0,1,0,0,0,0,0,0.0,1,3,0,1,0,1,0,0
1,37.0,0,0.0,2235.0,7.0,4098.0,89.0,False,5,4569,2,0,2,1,0,1,0,0,0,0,0,6429.0,0,0,0,1,0,1,0,0
1,64.0,0,0.0,0.0,0.0,0.0,0.0,True,6,4570,1,1,1,2,1,1,0,0,0,0,0,0.0,1,3,0,1,0,0,0,1
1,24.0,0,0.0,0.0,0.0,0.0,0.0,True,3,4571,1,1,1,6,1,0,0,1,0,0,0,0.0,1,3,1,0,0,0,0,1
0,23.0,0,42.0,0.0,0.0,765.0,2.0,False,3,4572,1,1,1,6,1,0,0,1,0,0,0,809.0,0,2,1,0,0,1,0,0
0,22.0,0,686.0,45.0,16.0,7.0,4.0,True,3,4573,1,1,1,5,1,0,0,1,0,0,0,758.0,0,2,1,0,0,0,0,1
0,23.0,0,176.0,493.0,169.0,0.0,1023.0,False,3,4574,1,1,1,5,1,0,0,1,0,0,0,1861.0,0,0,0,0,1,0,0,1
0,21.0,0,3.0,65.0,253.0,475.0,0.0,False,3,4575,1,1,1,5,0,0,0,0,1,0,0,796.0,0,2,1,0,0,0,0,1
0,37.0,0,661.0,876.0,0.0,3.0,13.0,False,5,4576,1,1,1,5,0,0,0,0,1,0,0,1553.0,0,0,1,0,0,0,0,1
0,17.0,0,250.0,0.0,2179.0,0.0,0.0,True,2,4577,1,1,1,5,1,0,0,1,0,0,0,2429.0,0,0,0,0,1,0,0,1
1,35.0,0,0.0,0.0,0.0,0.0,0.0,True,5,4580,1,1,1,5,1,0,0,1,0,0,0,0.0,1,3,0,0,1,0,0,1
0,33.0,0,0.0,4592.0,0.0,209.0,954.0,True,5,4581,1,0,2,1,1,1,0,0,0,0,0,5755.0,0,0,0,1,0,0,0,1
0,37.0,0,0.0,2337.0,0.0,204.0,76.0,True,5,4581,2,0,2,1,1,1,0,0,0,0,0,2617.0,0,0,0,1,0,1,0,0
0,32.0,0,0.0,154.0,0.0,5492.0,1924.0,False,4,4585,1,1,1,1,1,1,0,0,0,0,0,7570.0,0,0,0,1,0,1,0,0
0,31.0,0,22.0,0.0,0.0,1.0,524.0,False,4,4586,1,1,1,5,0,0,0,0,1,0,0,547.0,0,1,0,0,1,1,0,0
0,27.0,0,0.0,4020.0,0.0,1635.0,4899.0,False,5,4587,1,1,1,0,0,1,0,0,0,0,0,10554.0,0,0,0,1,0,0,0,1
1,34.0,0,0.0,0.0,0.0,0.0,0.0,True,5,4591,1,1,1,4,0,1,0,0,0,0,0,0.0,1,3,0,1,0,1,0,0
0,9.0,0,0.0,0.0,0.0,0.0,0.0,True,1,4592,1,0,4,5,1,0,0,1,0,0,0,0.0,1,3,0,0,1,0,0,1
1,25.0,0,0.0,0.0,0.0,0.0,0.0,True,3,4592,2,0,4,5,1,0,0,1,0,0,0,0.0,1,3,0,0,1,0,0,1
1,29.0,0,0.0,0.0,0.0,0.0,0.0,True,4,4592,3,0,4,5,1,0,0,1,0,0,0,0.0,1,3,0,0,1,0,0,1
1,1.0,0,0.0,0.0,0.0,0.0,0.0,True,0,4592,4,0,4,5,1,0,0,1,0,0,0,0.0,1,3,0,0,1,0,0,1
0,30.0,0,1.0,797.0,0.0,10.0,0.0,True,4,4593,1,1,1,6,1,0,0,1,0,0,0,808.0,0,2,1,0,0,0,0,1
0,64.0,0,77.0,2424.0,0.0,3001.0,127.0,False,6,4594,1,0,4,2,0,1,0,0,0,0,0,5629.0,0,0,0,1,0,0,0,1
0,31.0,0,0.0,6670.0,217.0,625.0,20336.0,False,4,4594,2,0,4,2,0,1,0,0,0,0,0,27848.0,0,0,0,1,0,0,0,1
0,27.0,0,267.0,2802.0,0.0,54.0,77.0,True,4,4594,3,0,4,2,0,1,0,0,0,0,0,3200.0,0,0,0,1,0,0,0,1
0,31.0,0,0.0,4516.0,0.0,6167.0,5308.0,False,4,4594,4,0,4,2,0,1,0,0,0,0,0,15991.0,0,0,0,1,0,0,0,1
1,25.0,0,0.0,0.0,0.0,0.0,0.0,True,3,4595,1,1,1,2,0,1,0,0,0,0,0,0.0,1,3,0,1,0,0,0,1
1,28.0,0,0.0,0.0,0.0,0.0,0.0,True,4,4596,1,1,1,6,1,0,0,1,0,0,0,0.0,1,3,1,0,0,0,0,1
1,32.0,0,0.0,0.0,0.0,0.0,0.0,True,4,4597,1,1,1,6,0,0,0,1,0,0,0,0.0,1,3,1,0,0,0,0,1
0,36.0,0,0.0,0.0,0.0,725.0,2.0,False,5,4602,1,1,1,5,0,0,0,0,1,0,0,727.0,0,2,1,0,0,1,0,0
0,26.0,0,0.0,3593.0,47.0,19.0,229.0,True,4,4603,1,0,2,2,1,1,0,0,0,0,0,3888.0,0,0,0,1,0,1,0,0
0,36.0,0,1.0,5234.0,343.0,277.0,12682.0,False,5,4603,2,0,2,2,1,1,0,0,0,0,0,18537.0,0,0,0,1,0,0,0,1
0,37.0,0,374.0,1327.0,10.0,81.0,0.0,False,5,4604,1,1,1,6,1,0,0,1,0,0,0,1792.0,0,0,1,0,0,0,0,1
0,45.0,0,0.0,0.0,0.0,774.0,0.0,False,5,4605,1,1,1,6,0,0,0,1,0,0,0,774.0,0,2,1,0,0,0,0,1
0,22.0,0,165.0,36.0,0.0,3044.0,556.0,False,3,4606,1,0,2,2,1,1,0,0,0,0,0,3801.0,0,0,0,1,0,0,0,1
0,24.0,0,25.0,3291.0,0.0,6075.0,179.0,False,3,4606,2,0,2,2,1,1,0,0,0,0,0,9570.0,0,0,0,1,0,1,0,0
0,23.0,0,0.0,138.0,4.0,412.0,220.0,False,3,4607,1,1,1,6,0,0,0,1,0,0,0,774.0,0,2,1,0,0,0,1,0
0,31.0,0,2.0,20.0,1.0,1026.0,2.0,True,4,4608,1,1,1,5,1,0,0,1,0,0,0,1051.0,0,2,1,0,0,1,0,0
0,37.0,0,1.0,477.0,0.0,0.0,7087.0,False,5,4609,1,1,1,2,1,1,0,0,0,0,0,7565.0,0,0,0,1,0,0,0,1
0,28.0,0,5.0,0.0,0.0,1014.0,0.0,False,4,4610,1,1,1,6,0,0,0,1,0,0,0,1019.0,0,2,1,0,0,0,0,1
1,23.0,0,0.0,0.0,0.0,0.0,0.0,True,3,4611,1,1,1,6,1,0,0,1,0,0,0,0.0,1,3,1,0,0,0,0,1
0,14.0,0,0.0,166.0,603.0,1.0,0.0,True,2,4612,1,1,1,6,1,0,0,1,0,0,0,770.0,0,2,1,0,0,1,0,0
1,40.0,0,0.0,0.0,0.0,0.0,0.0,True,5,4613,1,1,1,1,0,1,0,0,0,0,0,0.0,1,3,0,1,0,0,0,1
0,42.0,0,36.0,0.0,2554.0,0.0,9.0,True,5,4615,1,1,1,5,1,0,0,1,0,0,0,2599.0,0,0,0,0,1,0,0,1
0,53.0,0,19.0,81.0,85.0,768.0,489.0,False,6,4617,1,1,1,5,1,0,0,1,0,0,0,1442.0,0,0,1,0,0,0,0,1
1,46.0,0,0.0,0.0,0.0,0.0,0.0,False,5,4620,1,1,1,6,1,0,0,1,0,0,0,0.0,1,3,1,0,0,0,0,1
0,28.0,0,0.0,79.0,2003.0,0.0,0.0,True,4,4621,1,1,1,4,0,1,0,0,0,0,0,2082.0,0,0,0,0,1,0,0,1
1,25.0,0,0.0,0.0,0.0,0.0,0.0,True,3,4622,1,1,1,6,0,0,0,1,0,0,0,0.0,1,3,1,0,0,1,0,0
0,34.0,1,0.0,0.0,21.0,7.0,16.0,True,5,4623,1,1,1,2,0,1,0,0,0,0,0,44.0,0,1,0,1,0,0,1,0
0,58.0,0,1246.0,0.0,66.0,36.0,0.0,False,6,4624,1,1,1,5,1,0,0,1,0,0,0,1348.0,0,2,0,0,1,0,0,1
0,31.0,0,0.0,2520.0,1.0,1.0,0.0,True,4,4625,1,0,7,1,1,1,0,0,0,0,0,2522.0,0,0,0,1,0,0,0,1
1,24.0,0,0.0,0.0,0.0,0.0,0.0,True,3,4625,2,0,7,1,1,1,0,0,0,0,0,0.0,1,3,0,1,0,1,0,0
0,52.0,0,0.0,3275.0,111.0,51.0,18.0,True,6,4625,3,0,7,5,1,0,1,0,0,0,0,3455.0,0,0,0,1,0,0,0,1
1,25.0,0,0.0,0.0,0.0,0.0,0.0,True,3,4625,4,0,7,1,1,1,0,0,0,0,0,0.0,1,3,0,1,0,1,0,0
1,17.0,0,0.0,0.0,0.0,0.0,0.0,True,2,4625,5,0,7,1,1,1,0,0,0,0,0,0.0,1,3,0,1,0,0,0,1
0,27.0,0,0.0,453.0,137.0,1331.0,1660.0,False,4,4625,6,0,7,1,1,1,0,0,0,0,0,3581.0,0,0,0,1,0,0,0,1
1,29.0,0,0.0,0.0,0.0,0.0,0.0,True,4,4625,7,0,7,1,1,1,0,0,0,0,0,0.0,1,3,0,1,0,1,0,0
0,45.0,0,0.0,7484.0,465.0,14.0,610.0,True,5,4628,1,1,1,2,1,1,0,0,0,0,0,8573.0,0,0,0,1,0,0,0,1
0,28.0,0,0.0,18.0,0.0,0.0,674.0,True,4,4630,1,1,1,5,1,0,0,1,0,0,0,692.0,0,1,1,0,0,0,1,0
1,25.0,0,0.0,0.0,0.0,0.0,0.0,True,3,4631,1,1,1,2,0,1,0,0,0,0,0,0.0,1,3,0,1,0,1,0,0
1,57.0,0,0.0,0.0,0.0,0.0,0.0,True,6,4632,1,0,5,2,1,1,0,0,0,0,0,0.0,1,3,0,1,0,0,0,1
1,68.0,0,0.0,0.0,0.0,0.0,0.0,True,6,4632,2,0,5,2,1,1,0,0,0,0,0,0.0,1,3,0,1,0,0,0,1
0,26.0,0,0.0,431.0,28.0,10941.0,26.0,False,4,4632,3,0,5,2,1,1,0,0,0,0,0,11426.0,0,0,0,1,0,1,0,0
0,52.0,0,2.0,364.0,0.0,2144.0,1804.0,False,6,4632,4,0,5,2,1,1,0,0,0,0,0,4314.0,0,0,0,1,0,0,0,1
0,36.0,0,0.0,551.0,0.0,5270.0,22.0,False,5,4632,5,0,5,2,1,1,0,0,0,0,0,5843.0,0,0,0,1,0,0,0,1
0,41.0,0,454.0,297.0,0.0,2.0,0.0,False,5,4633,1,1,1,6,0,0,0,1,0,0,0,753.0,0,2,1,0,0,0,1,0
0,14.0,0,514.0,0.0,392.0,0.0,0.0,False,2,4634,1,1,1,4,1,1,0,0,0,0,0,906.0,0,2,1,0,0,0,0,1
1,16.0,0,0.0,0.0,0.0,0.0,0.0,True,2,4635,1,1,1,6,0,0,0,1,0,0,0,0.0,1,3,1,0,0,0,1,0
0,24.0,0,672.0,0.0,501.0,0.0,0.0,False,3,4637,1,1,1,5,1,0,1,0,0,0,0,1173.0,0,2,0,0,1,0,0,1
0,62.0,1,0.0,1633.0,0.0,1742.0,0.0,True,6,4638,1,1,1,1,0,1,0,0,0,0,0,3375.0,0,0,0,1,0,0,0,1
0,26.0,0,595.0,84.0,0.0,0.0,131.0,True,4,4640,1,1,1,6,1,0,0,1,0,0,0,810.0,0,2,1,0,0,1,0,0
0,45.0,0,65.0,63.0,3.0,713.0,27.0,False,5,4641,1,1,1,5,1,0,0,1,0,0,0,871.0,0,2,1,0,0,0,0,1
0,41.0,0,0.0,412.0,0.0,4030.0,0.0,False,5,4642,1,1,1,2,1,1,0,0,0,0,0,4442.0,0,0,0,1,0,0,0,1
0,36.0,0,0.0,724.0,0.0,0.0,0.0,True,5,4643,1,1,1,5,0,0,0,0,1,0,0,724.0,0,2,1,0,0,0,0,1
0,13.0,0,8.0,1385.0,1445.0,250.0,8.0,True,2,4644,1,1,1,5,1,0,0,1,0,0,0,3096.0,0,0,1,0,0,1,0,0
0,48.0,0,0.0,9633.0,0.0,1.0,2.0,True,5,4645,1,0,2,1,1,1,0,0,0,0,0,9636.0,0,0,0,1,0,0,0,1
1,48.0,0,0.0,0.0,0.0,0.0,0.0,True,5,4645,2,0,2,1,1,1,0,0,0,0,0,0.0,1,3,0,1,0,0,0,1
0,22.0,0,141.0,16.0,0.0,177.0,336.0,True,3,4646,1,1,1,5,1,0,0,1,0,0,0,670.0,0,1,1,0,0,0,1,0
0,39.0,0,290.0,0.0,84.0,266.0,0.0,True,5,4648,1,1,1,5,1,0,0,1,0,0,0,640.0,0,1,1,0,0,0,0,1
0,45.0,0,1399.0,226.0,0.0,0.0,0.0,False,5,4649,1,1,1,4,0,1,0,0,0,0,0,1625.0,0,0,1,0,0,0,0,1
0,42.0,0,84.0,323.0,0.0,1251.0,120.0,False,5,4650,1,1,1,6,1,0,0,1,0,0,0,1778.0,0,0,1,0,0,0,0,1
0,33.0,0,0.0,7039.0,0.0,902.0,405.0,True,5,4651,1,1,1,2,1,1,0,0,0,0,0,8346.0,0,0,0,1,0,0,0,1
0,27.0,0,0.0,89.0,874.0,34.0,0.0,True,4,4652,1,1,1,5,1,0,1,0,0,0,0,997.0,0,2,1,0,0,0,0,1
0,47.0,0,0.0,370.0,0.0,380.0,38.0,False,5,4653,1,1,1,4,1,0,1,0,0,0,0,788.0,0,2,1,0,0,0,0,1
1,20.0,0,0.0,0.0,0.0,0.0,0.0,True,3,4654,1,1,1,4,0,1,0,0,0,0,0,0.0,1,3,0,1,0,0,0,1
1,32.0,0,0.0,0.0,0.0,0.0,0.0,True,4,4655,1,0,2,1,0,1,0,0,0,0,0,0.0,1,3,0,1,0,1,0,0
1,54.0,0,0.0,0.0,0.0,0.0,0.0,True,6,4655,2,0,2,1,0,1,0,0,0,0,0,0.0,1,3,0,1,0,0,0,1
0,23.0,0,0.0,1125.0,0.0,0.0,993.0,False,3,4656,1,0,2,5,1,0,0,1,0,0,0,2118.0,0,0,1,0,0,0,0,1
0,9.0,0,0.0,0.0,0.0,0.0,0.0,False,1,4656,2,0,2,6,1,0,0,1,0,0,0,0.0,1,3,1,0,0,0,0,1
0,17.0,0,372.0,0.0,477.0,0.0,0.0,False,2,4657,1,1,1,6,0,0,0,1,0,0,0,849.0,0,2,1,0,0,0,0,1
0,26.0,0,0.0,823.0,0.0,1821.0,1508.0,False,4,4658,1,0,2,3,1,1,0,0,0,0,0,4152.0,0,0,0,1,0,0,0,1
0,38.0,0,0.0,93.0,0.0,0.0,7303.0,False,5,4658,2,0,2,3,1,1,0,0,0,0,0,7396.0,0,0,0,1,0,0,0,1
0,24.0,0,703.0,0.0,0.0,0.0,0.0,False,3,4659,1,1,1,5,1,0,0,1,0,0,0,703.0,0,1,1,0,0,0,0,1
0,30.0,0,77.0,2325.0,5.0,117.0,1.0,True,4,4661,1,0,7,5,0,0,0,0,1,0,0,2525.0,0,0,1,0,0,0,0,1
1,2.0,0,0.0,0.0,0.0,0.0,0.0,False,0,4661,2,0,7,6,0,0,0,1,0,0,0,0.0,1,3,1,0,0,1,0,0
1,4.0,0,0.0,0.0,0.0,0.0,0.0,True,0,4661,3,0,7,6,0,0,0,1,0,0,0,0.0,1,3,1,0,0,0,0,1
1,9.0,0,0.0,0.0,0.0,0.0,0.0,False,1,4661,4,0,7,6,0,0,0,1,0,0,0,0.0,1,3,1,0,0,0,0,1
0,30.0,0,0.0,0.0,3.0,3434.0,0.0,False,4,4661,5,0,7,5,0,0,0,0,1,0,0,3437.0,0,0,1,0,0,0,0,1
1,5.0,0,0.0,0.0,0.0,0.0,0.0,False,1,4661,6,0,7,6,0,0,0,1,0,0,0,0.0,1,3,1,0,0,0,0,1
0,2.0,0,0.0,0.0,0.0,0.0,0.0,False,0,4661,7,0,7,6,0,0,0,1,0,0,0,0.0,1,3,1,0,0,0,0,1
0,32.0,0,45.0,985.0,0.0,0.0,6803.0,False,4,4662,1,0,3,2,0,1,0,0,0,0,0,7833.0,0,0,0,1,0,0,0,1
1,53.0,0,0.0,0.0,0.0,0.0,0.0,True,6,4662,2,0,3,2,0,1,0,0,0,0,0,0.0,1,3,0,1,0,0,0,1
0,46.0,0,0.0,3856.0,0.0,1.0,312.0,True,5,4662,3,0,3,5,1,0,1,0,0,0,0,4169.0,0,0,0,1,0,0,0,1
1,2.0,0,0.0,0.0,0.0,0.0,0.0,True,0,4663,1,0,6,6,1,0,0,1,0,0,0,0.0,1,3,1,0,0,0,0,1
1,1.0,0,0.0,0.0,0.0,0.0,0.0,True,0,4663,2,0,6,6,1,0,0,1,0,0,0,0.0,1,3,1,0,0,0,0,1
1,11.0,0,0.0,0.0,0.0,0.0,0.0,True,1,4663,3,0,6,6,1,0,0,1,0,0,0,0.0,1,3,1,0,0,0,0,1
0,3.0,0,0.0,0.0,0.0,0.0,0.0,True,0,4663,4,0,6,6,1,0,0,1,0,0,0,0.0,1,3,1,0,0,1,0,0
1,33.0,0,0.0,0.0,0.0,0.0,0.0,True,5,4663,5,0,6,6,1,0,0,1,0,0,0,0.0,1,3,1,0,0,0,0,1
1,3.0,0,0.0,0.0,0.0,0.0,0.0,True,0,4663,6,0,6,6,1,0,0,1,0,0,0,0.0,1,3,1,0,0,1,0,0
0,38.0,0,182.0,776.0,3.0,33.0,0.0,False,5,4664,1,1,1,4,1,0,1,0,0,0,0,994.0,0,2,1,0,0,0,0,1
1,21.0,0,0.0,0.0,0.0,0.0,0.0,False,3,4665,1,1,1,6,0,0,0,1,0,0,0,0.0,1,3,1,0,0,0,1,0
1,41.0,0,0.0,0.0,0.0,0.0,0.0,True,5,4667,1,1,1,5,1,0,1,0,0,0,0,0.0,1,3,1,0,0,0,0,1
1,64.0,0,0.0,0.0,0.0,0.0,0.0,True,6,4668,1,0,2,2,1,1,0,0,0,0,0,0.0,1,3,0,1,0,1,0,0
1,27.0,1,0.0,0.0,0.0,0.0,0.0,True,4,4668,2,0,2,2,1,1,0,0,0,0,0,0.0,1,3,0,1,0,1,0,0
1,41.0,0,0.0,0.0,0.0,0.0,0.0,False,5,4672,1,1,1,6,0,0,0,1,0,0,0,0.0,1,3,1,0,0,1,0,0
0,19.0,0,35.0,2.0,481.0,121.0,0.0,False,3,4673,1,1,1,5,0,0,0,0,1,0,0,639.0,0,1,1,0,0,0,0,1
0,42.0,0,0.0,0.0,1677.0,65.0,62.0,True,5,4676,1,1,1,6,0,0,0,1,0,0,0,1804.0,0,0,1,0,0,0,0,1
0,30.0,0,0.0,4066.0,0.0,544.0,1272.0,False,4,4677,1,1,1,2,0,1,0,0,0,0,0,5882.0,0,0,0,1,0,1,0,0
0,38.0,0,183.0,203.0,0.0,110.0,374.0,False,5,4678,1,1,1,5,0,0,0,0,1,0,0,870.0,0,2,1,0,0,0,0,1
0,63.0,0,0.0,4579.0,1.0,1006.0,2084.0,True,6,4679,1,1,1,2,1,1,0,0,0,0,0,7670.0,0,0,0,1,0,0,0,1
0,17.0,0,0.0,0.0,38.0,0.0,2.0,False,2,4680,1,0,4,3,0,1,0,0,0,0,0,40.0,0,1,0,0,1,0,0,1
1,2.0,0,0.0,0.0,0.0,0.0,0.0,True,0,4680,2,0,4,5,0,0,0,0,1,0,0,0.0,1,3,0,0,1,0,0,1
0,19.0,0,0.0,0.0,0.0,0.0,0.0,True,3,4680,3,0,4,5,0,0,0,0,1,0,0,0.0,1,3,0,0,1,0,0,1
0,37.0,0,1144.0,4.0,34.0,0.0,0.0,False,5,4680,4,0,4,3,0,1,0,0,0,0,0,1182.0,0,2,0,0,1,0,0,1
0,50.0,0,225.0,0.0,796.0,107.0,0.0,True,5,4684,1,1,1,5,1,0,0,1,0,0,0,1128.0,0,2,0,0,1,0,0,1
0,38.0,0,0.0,172.0,615.0,0.0,0.0,True,5,4686,1,1,1,6,1,0,0,1,0,0,0,787.0,0,2,1,0,0,0,0,1
0,28.0,1,0.0,3119.0,0.0,1404.0,366.0,True,4,4689,1,1,1,2,1,1,0,0,0,0,0,4889.0,0,0,0,1,0,0,0,1
1,35.0,0,0.0,0.0,0.0,0.0,0.0,True,5,4690,1,0,2,1,0,1,0,0,0,0,0,0.0,1,3,0,1,0,0,0,1
0,27.0,0,14327.0,1487.0,0.0,1.0,0.0,False,4,4690,2,0,2,5,1,0,1,0,0,0,0,15815.0,0,0,0,1,0,0,0,1
0,15.0,0,0.0,7.0,0.0,749.0,0.0,False,2,4691,1,1,1,6,1,0,0,1,0,0,0,756.0,0,2,1,0,0,0,0,1
0,29.0,1,0.0,920.0,0.0,2052.0,3687.0,False,4,4693,1,0,2,1,1,1,0,0,0,0,0,6659.0,0,0,0,1,0,0,0,1
1,65.0,0,0.0,0.0,0.0,0.0,0.0,True,6,4693,2,0,2,1,1,1,0,0,0,0,0,0.0,1,3,0,1,0,1,0,0
0,27.0,0,0.0,630.0,0.0,71.0,0.0,True,4,4694,1,1,1,5,1,0,0,1,0,0,0,701.0,0,1,1,0,0,1,0,0
0,0.0,0,0.0,0.0,0.0,0.0,0.0,True,0,4695,1,0,3,5,1,0,0,1,0,0,0,0.0,1,3,0,0,1,0,0,1
0,21.0,0,3148.0,0.0,1.0,0.0,0.0,False,3,4695,2,0,3,5,1,0,0,1,0,0,0,3149.0,0,0,0,0,1,0,0,1
1,19.0,0,0.0,0.0,0.0,0.0,0.0,True,3,4695,3,0,3,5,1,0,0,1,0,0,0,0.0,1,3,0,0,1,0,0,1
1,39.0,0,0.0,0.0,0.0,0.0,0.0,True,5,4696,1,1,1,5,1,0,0,1,0,0,0,0.0,1,3,0,0,1,0,0,1
0,60.0,0,0.0,0.0,0.0,0.0,0.0,False,6,4699,1,1,1,5,0,0,0,0,1,0,0,0.0,1,3,1,0,0,1,0,0
0,30.0,0,818.0,44.0,2.0,2956.0,2311.0,False,4,4704,1,1,1,3,0,1,0,0,0,0,0,6131.0,0,0,0,1,0,1,0,0
1,30.0,0,0.0,0.0,0.0,0.0,0.0,False,4,4706,1,0,2,6,0,0,0,1,0,0,0,0.0,1,3,1,0,0,0,0,1
1,40.0,0,0.0,0.0,0.0,0.0,0.0,True,5,4706,2,0,2,6,0,0,0,1,0,0,0,0.0,1,3,1,0,0,0,0,1
0,26.0,0,0.0,25.0,13.0,11.0,998.0,False,4,4708,1,1,1,4,1,0,1,0,0,0,0,1047.0,0,2,0,0,1,0,0,1
0,38.0,0,2614.0,0.0,103.0,0.0,0.0,False,5,4709,1,1,1,5,0,0,0,0,1,0,0,2717.0,0,0,1,0,0,1,0,0
0,22.0,0,130.0,15.0,2454.0,0.0,0.0,True,3,4710,1,0,2,5,0,0,0,0,1,0,0,2599.0,0,0,0,0,1,0,0,1
0,22.0,0,179.0,0.0,1805.0,131.0,0.0,False,3,4710,2,0,2,4,0,1,0,0,0,0,0,2115.0,0,0,0,0,1,0,0,1
0,65.0,0,1420.0,0.0,84.0,0.0,0.0,False,6,4711,1,1,1,5,0,0,0,0,1,0,0,1504.0,0,0,0,0,1,0,0,1
1,61.0,0,0.0,0.0,0.0,0.0,0.0,True,6,4712,1,1,1,6,0,0,0,1,0,0,0,0.0,1,3,1,0,0,0,1,0
0,20.0,0,0.0,0.0,111.0,39.0,1094.0,False,3,4713,1,1,1,5,1,0,0,1,0,0,0,1244.0,0,2,1,0,0,0,0,1
1,24.0,0,0.0,0.0,0.0,0.0,0.0,False,3,4714,1,1,1,6,0,0,0,1,0,0,0,0.0,1,3,1,0,0,0,0,1
1,16.0,0,0.0,0.0,0.0,0.0,0.0,False,2,4717,1,1,1,6,0,0,0,1,0,0,0,0.0,1,3,1,0,0,0,0,1
1,35.0,0,0.0,0.0,0.0,0.0,0.0,True,5,4719,1,1,1,4,1,0,1,0,0,0,0,0.0,1,3,0,0,1,0,0,1
0,21.0,0,0.0,681.0,51.0,131.0,1.0,True,3,4720,1,1,1,5,1,0,0,1,0,0,0,864.0,0,2,1,0,0,0,0,1
1,23.0,0,0.0,0.0,0.0,0.0,0.0,True,3,4721,1,1,1,6,1,0,0,1,0,0,0,0.0,1,3,1,0,0,0,0,1
0,17.0,0,0.0,262.0,0.0,0.0,502.0,True,2,4723,1,0,2,5,1,0,0,1,0,0,0,764.0,0,2,1,0,0,1,0,0
0,24.0,0,154.0,7.0,241.0,213.0,453.0,False,3,4723,2,0,2,5,1,0,0,1,0,0,0,1068.0,0,2,1,0,0,0,1,0
0,27.0,0,866.0,0.0,0.0,0.0,23.0,False,4,4725,1,1,1,6,0,0,0,1,0,0,0,889.0,0,2,1,0,0,1,0,0
0,26.0,0,0.0,1910.0,0.0,1777.0,2063.5,True,4,4726,1,0,5,2,1,1,0,0,0,0,0,3687.0,0,0,0,1,0,0,0,1
0,26.0,0,0.0,3452.0,0.0,4.0,1960.0,True,4,4726,2,0,5,2,1,1,0,0,0,0,0,5416.0,0,0,0,1,0,1,0,0
0,20.0,0,0.0,3.0,0.0,1271.0,2630.0,True,3,4726,3,0,5,2,1,1,0,0,0,0,0,3904.0,0,0,0,1,0,0,0,1
1,28.0,0,0.0,0.0,0.0,0.0,0.0,True,4,4726,4,0,5,2,1,1,0,0,0,0,0,0.0,1,3,0,1,0,0,0,1
0,37.0,0,8.0,21.0,0.0,56.0,2167.0,True,5,4726,5,0,5,2,1,1,0,0,0,0,0,2252.0,0,0,0,1,0,0,0,1
0,23.0,0,706.0,0.0,0.0,0.0,583.0,False,3,4728,1,0,2,5,1,0,0,1,0,0,0,1289.0,0,2,0,0,1,0,0,1
1,49.0,0,706.0,0.0,0.0,0.0,0.0,True,5,4728,2,0,2,5,1,0,0,1,0,0,0,0.0,1,3,0,0,1,0,0,1
0,50.0,0,0.0,1338.0,0.0,40.0,6178.0,False,5,4730,1,1,1,1,0,1,0,0,0,0,0,7556.0,0,0,0,1,0,0,0,1
1,4.0,0,0.0,0.0,0.0,0.0,0.0,True,0,4732,1,0,3,2,0,1,0,0,0,0,0,0.0,1,3,0,1,0,0,0,1
1,32.0,0,0.0,0.0,0.0,0.0,0.0,True,4,4732,2,0,3,2,0,1,0,0,0,0,0,0.0,1,3,0,1,0,0,0,1
0,44.0,0,0.0,0.0,0.0,0.0,0.0,True,5,4732,3,0,3,2,0,1,0,0,0,0,0,0.0,1,3,0,1,0,0,0,1
0,20.0,0,962.0,0.0,4581.0,105.0,0.0,True,3,4733,1,1,1,4,0,1,0,0,0,0,0,5648.0,0,0,1,0,0,0,0,1
0,30.0,0,531.0,807.0,35.0,200.0,0.0,False,4,4738,1,0,2,5,1,0,0,1,0,0,0,1573.0,0,0,0,0,1,0,0,1
0,29.0,0,574.0,0.0,4940.0,1831.0,2.0,False,4,4738,2,0,2,5,1,0,0,1,0,0,0,7347.0,0,0,0,0,1,0,0,1
0,22.0,0,37.0,3.0,0.0,305.0,581.0,True,3,4739,1,1,1,6,1,0,0,1,0,0,0,926.0,0,2,1,0,0,0,0,1
1,35.0,0,0.0,0.0,0.0,0.0,0.0,True,5,4741,1,0,3,5,0,0,0,0,1,0,0,0.0,1,3,0,0,1,0,0,1
0,0.0,0,0.0,0.0,0.0,0.0,0.0,True,0,4741,2,0,3,5,0,0,0,0,1,0,0,0.0,1,3,0,0,1,1,0,0
0,6.0,0,0.0,0.0,0.0,0.0,0.0,True,1,4741,3,0,3,5,0,0,0,0,1,0,0,0.0,1,3,0,0,1,0,0,1
0,38.0,0,0.0,4504.0,0.0,13.0,302.0,True,5,4743,1,1,1,4,1,0,1,0,0,0,0,4819.0,0,0,0,1,0,0,0,1
0,34.0,0,0.0,48.0,2067.0,3.0,6.0,True,5,4744,1,0,2,2,0,1,0,0,0,0,0,2124.0,0,0,0,1,0,0,0,1
1,34.0,0,0.0,0.0,0.0,0.0,0.0,True,5,4744,2,0,2,2,0,1,0,0,0,0,0,0.0,1,3,0,1,0,1,0,0
0,27.0,0,282.0,8.0,337.0,0.0,0.0,False,5,4746,1,1,1,6,1,0,0,1,0,0,0,627.0,0,1,1,0,0,0,0,1
0,53.0,0,204.0,142.0,380.0,38.0,1.0,False,6,4748,1,1,1,3,1,1,0,0,0,0,0,765.0,0,2,0,0,1,0,0,1
0,28.0,0,0.0,395.0,118.0,14.0,1647.0,False,4,4750,1,0,2,0,1,1,0,0,0,0,0,2174.0,0,0,0,1,0,0,0,1
0,31.0,0,0.0,1382.0,0.0,1795.0,588.0,False,4,4750,2,0,2,0,1,1,0,0,0,0,0,3765.0,0,0,0,1,0,0,0,1
0,56.0,0,233.0,0.0,1356.0,0.0,171.0,False,6,4752,1,1,1,5,0,0,0,0,1,0,0,1760.0,0,0,0,0,1,0,1,0
0,36.0,0,850.0,0.0,454.0,0.0,0.0,False,5,4753,1,1,1,5,1,0,0,1,0,0,0,1304.0,0,2,0,0,1,0,0,1
0,30.0,0,25.0,245.0,198.0,2.0,321.0,False,4,4754,1,1,1,4,1,0,1,0,0,0,0,791.0,0,2,1,0,0,1,0,0
1,32.0,0,0.0,0.0,0.0,0.0,0.0,True,4,4755,1,1,1,5,0,0,0,0,1,0,0,0.0,1,3,0,0,1,0,0,1
1,44.0,0,0.0,0.0,0.0,0.0,0.0,True,5,4756,1,0,2,2,1,1,0,0,0,0,0,0.0,1,3,0,1,0,1,0,0
1,54.0,0,0.0,0.0,0.0,0.0,0.0,True,6,4756,2,0,2,2,1,1,0,0,0,0,0,0.0,1,3,0,1,0,1,0,0
0,24.0,0,185.0,0.0,476.0,1810.0,53.0,False,3,4757,1,1,1,5,1,0,0,1,0,0,0,2524.0,0,0,1,0,0,0,0,1
0,44.0,0,248.0,0.0,0.0,0.0,623.0,False,5,4758,1,1,1,5,0,0,0,0,1,0,0,871.0,0,2,1,0,0,0,0,1
0,25.0,0,0.0,3.0,23.0,693.0,0.0,False,3,4759,1,1,1,5,1,0,0,1,0,0,0,719.0,0,2,1,0,0,0,0,1
1,35.0,0,0.0,0.0,0.0,0.0,0.0,True,5,4762,1,1,1,5,0,0,0,0,1,0,0,0.0,1,3,0,0,1,0,0,1
0,29.0,0,298.0,0.0,888.0,5.0,0.0,True,4,4763,1,1,1,5,0,0,0,0,1,0,0,1191.0,0,2,0,0,1,0,0,1
0,22.0,0,0.0,669.0,121.0,0.0,56.0,True,3,4764,1,1,1,4,1,0,1,0,0,0,0,846.0,0,2,1,0,0,0,0,1
1,22.0,0,0.0,0.0,0.0,0.0,0.0,True,3,4769,1,1,1,6,1,0,0,1,0,0,0,0.0,1,3,1,0,0,0,0,1
0,22.0,0,0.0,509.0,2.0,8.0,74.0,True,3,4770,1,0,2,5,1,0,0,0,1,0,0,593.0,0,1,1,0,0,1,0,0
1,18.0,0,0.0,0.0,0.0,0.0,0.0,True,2,4770,2,0,2,5,1,0,0,0,1,0,0,0.0,1,3,1,0,0,0,1,0
0,22.0,0,256.0,0.0,0.0,0.0,373.0,False,3,4772,1,1,1,5,0,0,0,0,1,0,0,629.0,0,1,1,0,0,1,0,0
0,52.0,0,935.0,779.0,0.0,0.0,0.0,True,6,4773,1,1,1,6,1,0,0,1,0,0,0,1714.0,0,0,1,0,0,0,0,1
1,0.0,0,0.0,0.0,0.0,0.0,0.0,True,0,4774,1,0,4,5,0,0,0,0,1,0,0,0.0,1,3,0,0,1,0,0,1
1,1.0,0,0.0,0.0,0.0,0.0,0.0,True,0,4774,2,0,4,5,0,0,0,0,1,0,0,0.0,1,3,0,0,1,0,0,1
0,34.0,0,2130.0,0.0,1.0,1.0,0.0,False,5,4774,3,0,4,5,0,0,0,0,1,0,0,2132.0,0,0,0,0,1,0,0,1
1,6.0,0,0.0,0.0,0.0,0.0,0.0,True,1,4774,4,0,4,5,0,0,0,0,1,0,0,0.0,1,3,0,0,1,0,0,1
0,22.0,0,123.0,1.0,660.0,0.0,0.0,True,3,4775,1,1,1,6,1,0,0,1,0,0,0,784.0,0,2,1,0,0,0,0,1
1,31.0,0,0.0,0.0,0.0,0.0,0.0,True,4,4777,1,1,1,6,1,0,0,1,0,0,0,0.0,1,3,1,0,0,0,0,1
0,31.0,0,588.0,1261.0,0.0,228.0,6.0,False,4,4778,1,1,1,0,1,1,0,0,0,0,0,2083.0,0,0,0,1,0,0,0,1
0,20.0,0,845.0,0.0,46.0,123.0,0.0,False,3,4780,1,0,2,4,1,0,1,0,0,0,0,1014.0,0,2,0,0,1,0,0,1
1,25.0,0,0.0,0.0,0.0,0.0,0.0,True,3,4780,2,0,2,4,1,0,1,0,0,0,0,0.0,1,3,0,0,1,0,0,1
1,23.0,0,0.0,0.0,0.0,0.0,0.0,True,3,4782,1,0,5,5,1,0,1,0,0,0,0,0.0,1,3,0,1,0,1,0,0
0,53.0,0,50.0,11552.0,0.0,2998.0,4334.0,False,6,4782,2,0,5,2,1,1,0,0,0,0,0,18934.0,0,0,0,1,0,0,0,1
0,32.0,0,0.0,225.0,0.0,3873.0,240.0,False,4,4782,3,0,5,2,1,1,0,0,0,0,0,4338.0,0,0,0,1,0,1,0,0
1,27.0,0,0.0,0.0,0.0,0.0,120.0,True,4,4782,4,0,5,2,1,1,0,0,0,0,0,0.0,1,3,0,1,0,1,0,0
0,48.0,0,0.0,342.0,929.0,10887.0,0.0,False,5,4782,5,0,5,2,1,1,0,0,0,0,0,12158.0,0,0,0,1,0,1,0,0
0,37.0,0,223.0,9495.0,0.0,1318.0,1866.0,True,5,4783,1,1,1,0,0,1,0,0,0,0,0,12902.0,0,0,0,1,0,0,0,1
1,21.0,0,0.0,0.0,0.0,0.0,0.0,True,3,4784,1,1,1,5,1,0,0,0,1,0,0,0.0,1,3,0,0,1,0,0,1
1,29.0,0,0.0,0.0,0.0,0.0,0.0,True,4,4785,1,1,1,1,0,1,0,0,0,0,0,0.0,1,3,0,1,0,1,0,0
1,46.0,1,0.0,0.0,0.0,0.0,0.0,True,5,4786,1,1,1,1,0,1,0,0,0,0,0,0.0,1,3,0,1,0,0,0,1
0,19.0,0,2.0,0.0,0.0,9.0,754.0,False,3,4787,1,1,1,6,1,0,0,1,0,0,0,765.0,0,2,1,0,0,0,0,1
0,22.0,0,0.0,0.0,0.0,778.0,0.0,False,3,4788,1,1,1,5,1,0,0,0,1,0,0,778.0,0,2,1,0,0,0,0,1
0,54.0,1,0.0,2853.0,0.0,0.0,1666.0,False,6,4790,1,1,1,1,1,1,0,0,0,0,0,4519.0,0,0,0,1,0,0,0,1
0,43.0,0,63.0,1339.0,9.0,253.0,42.0,True,5,4791,1,1,1,6,1,0,0,1,0,0,0,1706.0,0,0,1,0,0,0,0,1
1,18.0,0,0.0,0.0,0.0,0.0,0.0,True,2,4792,1,1,1,6,1,0,0,1,0,0,0,0.0,1,3,1,0,0,0,0,1
0,36.0,0,13.0,1480.0,1.0,1439.0,1955.0,False,5,4793,1,0,2,4,1,0,1,0,0,0,0,4888.0,0,0,0,1,0,1,0,0
0,20.0,0,0.0,1131.0,3783.0,161.0,0.0,True,3,4793,2,0,2,4,1,0,1,0,0,0,0,5075.0,0,0,0,1,0,0,0,1
0,63.0,0,0.0,104.0,0.0,599.0,0.0,False,6,4794,1,1,1,5,0,0,0,0,1,0,0,703.0,0,1,1,0,0,0,0,1
0,50.0,0,138.0,706.0,0.0,18.0,40.0,True,5,4795,1,1,1,5,1,0,0,0,1,0,0,902.0,0,2,1,0,0,0,0,1
0,13.0,0,21.0,0.0,1564.0,0.0,1.0,True,2,4796,1,0,2,5,1,0,1,0,0,0,0,1586.0,0,0,0,0,1,0,0,1
1,43.0,0,0.0,0.0,0.0,0.0,0.0,True,5,4796,2,0,2,4,1,0,1,0,0,0,0,0.0,1,3,0,0,1,0,0,1
1,16.0,0,0.0,0.0,0.0,0.0,0.0,True,2,4797,1,1,1,6,1,0,0,1,0,0,0,0.0,1,3,1,0,0,0,1,0
1,31.0,0,0.0,0.0,0.0,0.0,0.0,True,4,4798,1,0,3,5,0,0,0,0,1,0,0,0.0,1,3,0,0,1,0,0,1
1,0.0,0,0.0,0.0,0.0,0.0,0.0,True,0,4798,2,0,3,5,0,0,0,0,1,0,0,0.0,1,3,0,0,1,0,0,1
1,10.0,0,0.0,0.0,0.0,0.0,0.0,True,1,4798,3,0,3,5,0,0,0,0,1,0,0,0.0,1,3,0,0,1,0,0,1
1,10.0,0,0.0,0.0,0.0,0.0,0.0,False,1,4801,1,1,1,6,0,0,0,1,0,0,0,0.0,1,3,1,0,0,0,0,1
0,55.0,0,1028.0,18.0,0.0,0.0,0.0,False,6,4803,1,1,1,5,0,0,0,0,1,0,0,1046.0,0,2,1,0,0,0,0,1
0,18.0,0,211.0,594.0,2.0,493.0,62.0,True,2,4804,1,0,3,5,1,0,0,0,1,0,0,1362.0,0,2,1,0,0,0,0,1
0,7.0,0,0.0,0.0,2.0,0.0,0.0,True,1,4804,2,0,3,6,1,0,0,1,0,0,0,0.0,1,3,1,0,0,0,0,1
1,1.0,0,0.0,0.0,2.0,0.0,0.0,True,0,4804,3,0,3,6,1,0,0,1,0,0,0,0.0,1,3,1,0,0,0,0,1
0,44.0,0,22.0,1.0,0.0,864.0,0.0,False,5,4807,1,1,1,6,0,0,0,1,0,0,0,887.0,0,2,1,0,0,0,0,1
0,27.0,0,665.0,631.0,1.0,0.0,0.0,False,4,4808,1,1,1,4,0,1,0,0,0,0,0,1297.0,0,2,0,0,1,0,0,1
0,20.0,0,30.0,4.0,0.0,321.0,451.0,False,3,4810,1,1,1,5,1,0,1,0,0,0,0,806.0,0,2,1,0,0,0,1,0
0,49.0,0,0.0,7762.0,2.0,0.0,98.0,True,5,4813,1,1,1,2,1,1,0,0,0,0,0,7862.0,0,0,0,1,0,1,0,0
1,22.0,0,0.0,0.0,0.0,0.0,0.0,True,3,4814,1,1,1,6,1,0,0,1,0,0,0,0.0,1,3,1,0,0,1,0,0
0,21.0,0,564.0,9.0,0.0,0.0,30.0,True,3,4815,1,1,1,5,1,0,0,0,1,0,0,603.0,0,1,1,0,0,1,0,0
0,26.0,0,17.0,0.0,746.0,394.0,0.0,False,4,4817,1,1,1,5,0,0,0,0,1,0,0,1157.0,0,2,0,0,1,0,0,1
0,65.0,0,588.0,196.0,272.0,0.0,0.0,True,6,4818,1,1,1,3,1,1,0,0,0,0,0,1056.0,0,2,0,0,1,0,0,1
1,20.0,0,0.0,0.0,0.0,0.0,0.0,True,3,4819,1,1,1,5,0,0,0,0,1,0,0,0.0,1,3,0,0,1,0,0,1
1,0.0,0,0.0,0.0,0.0,0.0,0.0,True,0,4822,1,0,4,5,0,0,0,0,1,0,0,0.0,1,3,0,0,1,1,0,0
1,16.0,0,0.0,0.0,0.0,0.0,0.0,True,2,4822,2,0,4,5,0,0,0,0,1,0,0,0.0,1,3,0,0,1,0,0,1
1,22.0,0,0.0,0.0,0.0,0.0,0.0,True,3,4822,3,0,4,5,0,0,0,0,1,0,0,0.0,1,3,0,0,1,0,0,1
0,0.0,0,0.0,0.0,0.0,0.0,0.0,True,0,4822,4,0,4,5,0,0,0,0,1,0,0,0.0,1,3,0,0,1,0,0,1
0,21.0,0,526.0,0.0,0.0,258.0,0.0,False,3,4823,1,1,1,6,0,0,0,1,0,0,0,784.0,0,2,1,0,0,0,0,1
1,30.0,0,0.0,0.0,0.0,0.0,0.0,True,4,4827,1,1,1,6,1,0,0,1,0,0,0,0.0,1,3,1,0,0,0,1,0
0,14.0,0,363.0,44.0,0.0,0.0,512.0,True,2,4828,1,1,1,6,0,0,0,1,0,0,0,919.0,0,2,1,0,0,1,0,0
0,45.0,0,944.0,292.0,2.0,0.0,0.0,False,5,4829,1,1,1,5,0,0,0,0,1,0,0,1238.0,0,2,0,0,1,0,0,1
0,22.0,0,0.0,0.0,0.0,19.0,785.0,False,3,4830,1,1,1,5,0,0,0,0,1,0,0,804.0,0,2,1,0,0,0,0,1
1,21.0,0,0.0,0.0,0.0,0.0,0.0,True,3,4831,1,1,1,5,0,0,0,0,1,0,0,0.0,1,3,0,0,1,0,0,1
0,37.0,0,542.0,440.0,1.0,0.0,0.0,False,5,4832,1,1,1,4,0,0,1,0,0,0,0,983.0,0,2,1,0,0,0,0,1
1,29.0,0,0.0,0.0,0.0,0.0,0.0,True,4,4836,1,0,2,5,1,0,1,0,0,0,0,0.0,1,3,0,0,1,0,0,1
0,29.0,1,20.0,0.0,1902.0,0.0,3.0,True,4,4836,2,0,2,5,1,0,0,0,1,0,0,1925.0,0,0,0,0,1,0,0,1
0,21.0,0,0.0,198.0,559.0,19.0,44.0,True,3,4837,1,1,1,5,1,0,0,0,1,0,0,820.0,0,2,1,0,0,0,0,1
0,52.0,0,1.0,13.0,3.0,0.0,700.0,False,6,4838,1,1,1,5,1,0,0,0,1,0,0,717.0,0,2,1,0,0,0,0,1
1,36.0,0,0.0,0.0,0.0,0.0,0.0,True,5,4840,1,1,1,5,1,0,0,0,1,0,0,0.0,1,3,1,0,0,0,0,1
1,59.0,0,0.0,0.0,0.0,0.0,0.0,True,6,4841,1,0,3,1,1,1,0,0,0,0,0,0.0,1,3,0,1,0,1,0,0
0,21.0,0,12.0,1855.0,0.0,1381.0,358.0,False,3,4841,2,0,3,1,1,1,0,0,0,0,0,3606.0,0,0,0,1,0,0,0,1
0,25.0,0,21.0,2148.0,0.0,1966.0,12708.0,False,3,4841,3,0,3,1,1,1,0,0,0,0,0,16843.0,0,0,0,1,0,0,0,1
0,23.0,0,2260.0,0.0,152.0,106.0,60.0,False,3,4842,1,1,1,3,1,1,0,0,0,0,0,2578.0,0,0,0,0,1,0,0,1
1,36.0,0,0.0,0.0,0.0,0.0,0.0,True,5,4845,1,1,1,4,0,0,1,0,0,0,0,0.0,1,3,0,1,0,1,0,0
0,38.0,0,161.0,3.0,0.0,624.0,0.0,False,5,4846,1,0,2,4,1,0,1,0,0,0,0,788.0,0,2,1,0,0,0,0,1
1,0.0,0,0.0,0.0,0.0,0.0,0.0,True,0,4846,2,0,2,6,1,0,0,1,0,0,0,0.0,1,3,1,0,0,0,0,1
0,19.0,0,0.0,0.0,699.0,18.0,86.0,True,3,4847,1,1,1,5,1,0,0,0,1,0,0,803.0,0,2,1,0,0,0,0,1
0,30.0,0,148.0,0.0,0.0,619.0,34.0,True,4,4848,1,1,1,5,0,0,0,0,1,0,0,801.0,0,2,1,0,0,0,0,1
0,23.0,0,14.0,0.0,437.0,103.0,333.0,True,3,4850,1,0,2,6,1,0,0,1,0,0,0,887.0,0,2,1,0,0,0,0,1
0,55.0,0,330.0,114.0,0.0,2.0,0.0,True,6,4850,2,0,2,6,1,0,0,1,0,0,0,446.0,0,1,1,0,0,0,0,1
0,44.0,0,0.0,463.0,1.0,172.0,0.0,True,5,4851,1,1,1,5,1,0,0,0,1,0,0,636.0,0,1,1,0,0,0,1,0
0,30.0,0,4531.0,212.0,10.0,157.0,12.0,False,4,4853,1,1,1,2,0,1,0,0,0,0,0,4922.0,0,0,0,1,0,0,0,1
0,39.0,0,12.0,8.0,0.0,4.0,753.0,True,5,4856,1,1,1,5,1,0,0,0,1,0,0,777.0,0,2,1,0,0,0,0,1
0,19.0,0,423.0,0.0,0.0,0.0,0.0,False,3,4857,1,1,1,6,0,0,0,1,0,0,0,423.0,0,1,1,0,0,1,0,0
0,24.0,0,0.0,871.0,17.0,0.0,0.0,False,3,4862,1,1,1,6,0,0,0,1,0,0,0,888.0,0,2,1,0,0,0,0,1
0,37.0,0,1721.0,667.0,0.0,28.0,1362.0,False,5,4863,1,1,1,7,1,1,0,0,0,0,0,3778.0,0,0,0,1,0,0,0,1
0,24.0,0,0.0,0.0,0.0,734.0,21.0,False,3,4864,1,1,1,6,0,0,0,1,0,0,0,755.0,0,2,1,0,0,1,0,0
0,17.0,0,0.0,0.0,1875.0,142.0,2.0,True,2,4866,1,1,1,5,1,0,0,0,1,0,0,2019.0,0,0,1,0,0,0,0,1
0,17.0,0,0.0,775.0,0.0,13.0,0.0,True,2,4868,1,1,1,4,0,0,1,0,0,0,0,788.0,0,2,1,0,0,0,0,1
0,14.0,0,8.0,0.0,0.0,0.0,176.0,False,2,4870,1,1,1,6,0,0,0,1,0,0,0,184.0,0,1,1,0,0,1,0,0
0,13.0,0,0.0,611.0,0.0,0.0,0.0,False,2,4871,1,1,1,5,0,0,0,0,1,0,0,611.0,0,1,1,0,0,0,1,0
0,35.0,0,0.0,1135.0,0.0,0.0,3880.0,True,5,4873,1,1,1,2,1,1,0,0,0,0,0,5015.0,0,0,0,1,0,1,0,0
0,32.0,0,654.0,0.0,655.0,0.0,0.0,True,4,4874,1,0,2,5,1,0,0,0,1,0,0,1309.0,0,2,0,0,1,0,0,1
1,18.0,0,0.0,0.0,0.0,0.0,0.0,True,2,4874,2,0,2,5,1,0,0,0,1,0,0,0.0,1,3,0,0,1,0,0,1
0,21.0,0,529.0,8.0,89.0,21.0,0.0,True,3,4875,1,1,1,5,1,0,0,0,1,0,0,647.0,0,1,1,0,0,0,0,1
0,25.0,0,750.0,0.0,109.0,368.0,0.0,False,3,4876,1,1,1,5,1,0,0,0,1,0,0,1227.0,0,2,0,0,1,0,0,1
0,36.0,0,108.0,0.0,941.0,861.0,0.0,False,5,4878,1,1,1,5,1,0,0,0,1,0,0,1910.0,0,0,0,0,1,0,0,1
0,20.0,0,362.0,0.0,31.0,12.0,483.0,False,3,4879,1,1,1,6,0,0,0,1,0,0,0,888.0,0,2,1,0,0,0,0,1
0,22.0,0,126.0,3.0,0.0,1305.0,0.0,False,3,4880,1,1,1,6,0,0,0,1,0,0,0,1434.0,0,2,1,0,0,1,0,0
1,27.0,0,0.0,0.0,0.0,0.0,0.0,True,4,4881,1,1,1,4,1,0,1,0,0,0,0,0.0,1,3,0,0,1,0,0,1
0,27.0,0,9.0,2031.0,0.0,20.0,1837.0,False,5,4882,1,1,1,1,1,1,0,0,0,0,0,3897.0,0,0,0,1,0,0,0,1
1,38.0,0,0.0,0.0,0.0,0.0,0.0,True,5,4883,1,1,1,6,0,0,0,1,0,0,0,0.0,1,3,1,0,0,0,0,1
1,23.0,0,0.0,0.0,0.0,0.0,0.0,False,3,4884,1,1,1,4,1,0,1,0,0,0,0,0.0,1,3,0,0,1,0,0,1
0,21.0,0,74.0,0.0,713.0,0.0,502.0,True,3,4885,1,1,1,5,1,0,0,0,1,0,0,1289.0,0,2,0,0,1,0,0,1
0,18.0,0,0.0,0.0,1770.0,1284.0,8.0,False,2,4886,1,1,1,5,1,0,0,0,1,0,0,3062.0,0,0,1,0,0,0,0,1
0,20.0,0,0.0,254.0,868.0,405.0,0.0,True,3,4887,1,1,1,5,0,0,0,0,1,0,0,1527.0,0,0,1,0,0,0,0,1
1,28.0,0,0.0,0.0,0.0,0.0,0.0,True,4,4888,1,1,1,2,1,1,0,0,0,0,0,0.0,1,3,0,1,0,0,0,1
0,57.0,0,274.0,8.0,0.0,19.0,466.0,False,6,4889,1,1,1,6,1,0,0,1,0,0,0,767.0,0,2,1,0,0,0,1,0
0,10.0,0,0.0,0.0,0.0,0.0,0.0,True,1,4890,1,0,2,6,1,0,0,1,0,0,0,0.0,1,3,1,0,0,1,0,0
0,23.0,0,0.0,0.0,874.0,0.0,0.0,True,3,4890,2,0,2,5,1,0,0,0,1,0,0,874.0,0,2,1,0,0,0,0,1
1,22.0,0,0.0,0.0,0.0,0.0,0.0,True,3,4891,1,0,2,1,1,1,0,0,0,0,0,0.0,1,3,0,1,0,0,0,1
1,24.0,0,0.0,0.0,0.0,0.0,0.0,True,3,4891,2,0,2,1,1,1,0,0,0,0,0,0.0,1,3,0,1,0,1,0,0
0,52.0,0,44.0,0.0,0.0,42.0,1731.0,False,6,4892,1,1,1,6,1,0,0,1,0,0,0,1817.0,0,0,1,0,0,0,0,1
1,31.0,0,0.0,0.0,0.0,0.0,0.0,True,4,4893,1,1,1,6,1,0,0,1,0,0,0,0.0,1,3,1,0,0,1,0,0
1,15.0,0,0.0,0.0,0.0,0.0,0.0,True,2,4895,1,1,1,6,0,0,0,1,0,0,0,0.0,1,3,1,0,0,1,0,0
0,40.0,0,176.0,932.0,0.0,0.0,0.0,False,5,4896,1,1,1,5,0,0,0,0,1,0,0,1108.0,0,2,1,0,0,0,0,1
0,18.0,0,0.0,0.0,31.0,2121.0,0.0,False,2,4897,1,1,1,5,0,0,0,0,1,0,0,2152.0,0,0,1,0,0,0,0,1
0,28.0,0,647.0,1.0,32.0,71.0,140.0,True,4,4898,1,1,1,5,1,0,0,0,1,0,0,891.0,0,2,1,0,0,0,0,1
1,40.0,0,0.0,0.0,0.0,0.0,0.0,True,5,4899,1,0,2,6,1,0,0,1,0,0,0,0.0,1,3,1,0,0,0,0,1
0,32.0,0,8.0,690.0,3.0,5.0,0.0,True,4,4899,2,0,2,6,1,0,0,1,0,0,0,706.0,0,1,1,0,0,0,1,0
0,35.0,0,0.0,0.0,2.0,672.0,10.0,False,5,4900,1,1,1,5,0,0,0,0,1,0,0,684.0,0,1,1,0,0,0,1,0
0,52.0,0,0.0,837.0,1.0,2.0,8.0,False,6,4901,1,0,2,6,0,0,0,1,0,0,0,848.0,0,2,1,0,0,0,0,1
0,34.0,0,695.0,25.0,276.0,0.0,0.0,False,5,4901,2,0,2,4,0,0,1,0,0,0,0,996.0,0,2,1,0,0,0,0,1
1,46.0,0,0.0,0.0,0.0,0.0,0.0,False,5,4902,1,1,1,6,0,0,0,1,0,0,0,0.0,1,3,1,0,0,0,0,1
0,23.0,0,62.0,0.0,0.0,1.0,2203.0,False,3,4903,1,1,1,5,0,0,0,0,1,0,0,2266.0,0,0,1,0,0,1,0,0
0,44.0,0,2.0,0.0,0.0,788.0,0.0,False,5,4904,1,1,1,4,1,0,1,0,0,0,0,790.0,0,2,1,0,0,0,0,1
0,59.0,0,460.0,139.0,0.0,1.0,0.0,False,6,4909,1,1,1,5,0,0,0,0,1,0,0,600.0,0,1,1,0,0,1,0,0
0,42.0,0,0.0,1330.0,0.0,2711.0,691.0,False,5,4910,1,1,1,4,0,0,1,0,0,0,0,4732.0,0,0,0,1,0,0,0,1
0,18.0,0,0.0,0.0,0.0,702.0,0.0,False,2,4911,1,1,1,5,0,0,0,0,1,0,0,702.0,0,1,1,0,0,0,0,1
0,29.0,0,3284.0,84.0,0.0,0.0,2.0,False,4,4912,1,0,2,3,0,1,0,0,0,0,0,3370.0,0,0,0,0,1,0,0,1
1,15.0,0,0.0,0.0,0.0,0.0,0.0,True,2,4912,2,0,2,5,0,0,0,0,1,0,0,0.0,1,3,0,0,1,0,0,1
0,19.0,0,1301.0,0.0,31.0,1.0,0.0,True,3,4913,1,1,1,5,0,0,0,0,1,0,0,1333.0,0,2,0,0,1,0,0,1
1,49.0,0,0.0,0.0,0.0,0.0,0.0,False,5,4915,1,1,1,6,0,0,0,1,0,0,0,0.0,1,3,1,0,0,0,1,0
1,19.0,0,0.0,0.0,0.0,0.0,0.0,True,3,4916,1,1,1,5,0,0,0,0,1,0,0,0.0,1,3,0,0,1,0,0,1
0,36.0,1,1.0,10029.0,1.0,1679.0,27.0,True,5,4917,1,1,1,1,1,1,0,0,0,0,0,11737.0,0,0,0,1,0,1,0,0
1,59.0,0,0.0,0.0,0.0,0.0,0.0,True,6,4918,1,1,1,6,0,0,0,1,0,0,0,0.0,1,3,1,0,0,1,0,0
1,24.0,0,0.0,0.0,0.0,0.0,0.0,True,3,4920,1,1,1,6,1,0,0,1,0,0,0,0.0,1,3,1,0,0,1,0,0
1,4.0,0,0.0,0.0,0.0,0.0,0.0,True,0,4923,1,0,3,5,1,0,0,0,1,0,0,0.0,1,3,0,0,1,0,0,1
1,20.0,0,0.0,0.0,0.0,0.0,0.0,True,3,4923,2,0,3,5,1,0,0,0,1,0,0,0.0,1,3,0,0,1,0,0,1
0,24.0,0,261.0,0.0,780.0,0.0,0.0,True,3,4923,3,0,3,5,1,0,0,0,1,0,0,1041.0,0,2,0,0,1,0,0,1
0,31.0,0,725.0,0.0,747.0,0.0,0.0,False,4,4924,1,1,1,5,0,0,0,0,1,0,0,1472.0,0,0,0,0,1,1,0,0
0,23.0,0,197.0,76.0,5635.0,7.0,0.0,True,3,4925,1,1,1,5,1,0,0,0,1,0,0,5915.0,0,0,0,0,1,0,0,1
0,3.0,0,0.0,0.0,0.0,0.0,0.0,True,0,4927,1,0,4,5,1,0,0,0,1,0,0,0.0,1,3,0,0,1,0,0,1
1,22.0,0,0.0,0.0,0.0,0.0,0.0,True,3,4927,2,0,4,5,1,0,0,0,1,0,0,0.0,1,3,0,0,1,0,0,1
0,20.0,0,0.0,0.0,0.0,0.0,0.0,True,3,4927,3,0,4,5,1,0,0,0,1,0,0,0.0,1,3,0,0,1,0,0,1
0,0.0,0,0.0,0.0,0.0,0.0,0.0,True,0,4927,4,0,4,5,1,0,0,0,1,0,0,0.0,1,3,0,0,1,0,0,1
1,13.0,0,0.0,0.0,0.0,0.0,0.0,True,2,4929,1,1,1,5,0,0,0,0,1,0,0,0.0,1,3,0,0,1,1,0,0
1,47.0,0,0.0,0.0,0.0,0.0,0.0,True,5,4930,1,0,2,1,0,1,0,0,0,0,0,0.0,1,3,0,1,0,0,0,1
0,51.0,0,0.0,3571.0,106.0,0.0,0.0,True,6,4930,2,0,2,1,0,1,0,0,0,0,0,3677.0,0,0,0,1,0,0,0,1
1,22.0,0,223.0,0.0,630.0,14.0,0.0,True,3,4932,1,0,2,3,0,1,0,0,0,0,0,867.0,0,2,0,0,1,0,0,1
1,3.0,0,0.0,0.0,0.0,0.0,0.0,True,0,4932,2,0,2,5,0,0,0,0,1,0,0,0.0,1,3,0,0,1,1,0,0
0,4.0,0,0.0,0.0,0.0,0.0,0.0,True,0,4933,1,0,4,5,1,0,0,0,1,0,0,0.0,1,3,0,0,1,0,0,1
0,16.0,0,2083.0,0.0,10.0,0.0,0.0,False,2,4933,2,0,4,5,1,0,0,0,1,0,0,2093.0,0,0,0,0,1,0,0,1
0,24.0,0,623.0,0.0,501.0,304.0,776.0,False,3,4933,3,0,4,5,1,0,0,0,1,0,0,2204.0,0,0,0,0,1,0,0,1
1,1.0,0,0.0,0.0,0.0,0.0,0.0,True,0,4933,4,0,4,5,1,0,0,0,1,0,0,0.0,1,3,0,0,1,0,0,1
0,31.0,0,210.0,20.0,0.0,1027.0,199.0,False,4,4934,1,1,1,5,0,0,0,0,1,0,0,1456.0,0,0,1,0,0,0,0,1
0,34.0,0,1242.0,444.0,0.0,22.0,0.0,False,5,4937,1,1,1,6,1,0,0,1,0,0,0,1708.0,0,0,1,0,0,0,0,1
0,20.0,0,0.0,0.0,847.0,0.0,0.0,True,3,4938,1,1,1,6,1,0,0,1,0,0,0,847.0,0,2,1,0,0,1,0,0
0,19.0,0,0.0,2077.0,0.0,0.0,0.0,True,3,4939,1,1,1,5,0,0,0,0,1,0,0,2077.0,0,0,1,0,0,0,0,1
1,19.0,0,0.0,0.0,0.0,0.0,0.0,True,3,4940,1,1,1,6,1,0,0,1,0,0,0,0.0,1,3,1,0,0,0,0,1
0,35.0,0,988.0,0.0,830.0,2.0,0.0,False,5,4941,1,1,1,5,0,0,0,0,1,0,0,1820.0,0,0,0,0,1,0,0,1
1,3.0,0,0.0,0.0,0.0,0.0,0.0,True,0,4942,1,0,2,6,1,0,0,1,0,0,0,0.0,1,3,1,0,0,0,0,1
1,36.0,0,0.0,0.0,0.0,0.0,0.0,True,5,4942,2,0,2,6,1,0,0,1,0,0,0,0.0,1,3,1,0,0,0,0,1
1,20.0,0,0.0,0.0,0.0,0.0,0.0,True,3,4943,1,1,1,5,0,0,0,0,1,0,0,0.0,1,3,0,0,1,0,0,1
0,57.0,0,269.0,2171.0,2.0,2.0,0.0,True,6,4944,1,0,3,0,1,1,0,0,0,0,0,2444.0,0,0,0,1,0,1,0,0
0,58.0,0,0.0,3448.0,0.0,737.0,2193.0,False,6,4944,2,0,3,0,1,1,0,0,0,0,0,6378.0,0,0,0,1,0,1,0,0
0,56.0,0,153.0,1750.0,0.0,334.0,1539.0,False,6,4944,3,0,3,0,1,1,0,0,0,0,0,3776.0,0,0,0,1,0,0,0,1
1,27.0,0,0.0,0.0,0.0,0.0,0.0,True,4,4945,1,1,1,6,0,0,0,1,0,0,0,0.0,1,3,1,0,0,0,1,0
1,25.0,0,0.0,0.0,0.0,0.0,0.0,False,3,4946,1,1,1,6,0,0,0,1,0,0,0,0.0,1,3,1,0,0,0,0,1
1,39.0,0,0.0,0.0,0.0,0.0,0.0,False,5,4950,1,1,1,6,0,0,0,1,0,0,0,0.0,1,3,1,0,0,0,1,0
0,43.0,0,11.0,0.0,1297.0,38.0,0.0,True,5,4951,1,1,1,5,0,0,0,0,1,0,0,1346.0,0,2,0,0,1,0,0,1
1,42.0,0,0.0,0.0,0.0,0.0,0.0,True,5,4952,1,1,1,5,1,0,0,0,1,0,0,0.0,1,3,0,0,1,0,0,1
0,24.0,0,3.0,1018.0,687.0,50.0,0.0,True,3,4954,1,1,1,6,1,0,0,1,0,0,0,1758.0,0,0,1,0,0,0,0,1
1,19.0,0,0.0,0.0,0.0,0.0,0.0,True,3,4956,1,1,1,6,1,0,0,1,0,0,0,0.0,1,3,1,0,0,0,0,1
0,32.0,0,0.0,235.0,0.0,474.0,0.0,False,4,4958,1,1,1,6,1,0,0,1,0,0,0,709.0,0,1,1,0,0,0,0,1
0,32.0,0,1016.0,0.0,307.0,5.0,0.0,True,4,4961,1,1,1,5,1,0,0,0,1,0,0,1328.0,0,2,0,0,1,0,0,1
1,61.0,0,0.0,0.0,0.0,0.0,0.0,True,6,4963,1,1,1,6,1,0,0,1,0,0,0,0.0,1,3,1,0,0,0,0,1
0,64.0,0,2147.0,0.0,191.0,59.0,0.0,False,6,4964,1,1,1,3,1,1,0,0,0,0,0,2397.0,0,0,0,0,1,0,0,1
0,21.0,0,457.0,79.0,1134.0,0.0,0.0,False,3,4965,1,1,1,4,0,0,1,0,0,0,0,1670.0,0,0,1,0,0,0,0,1
0,26.0,0,0.0,9.0,0.0,0.0,1376.0,False,4,4970,1,1,1,5,1,0,0,0,1,0,0,1385.0,0,2,1,0,0,0,1,0
0,35.0,0,87.0,1719.0,2750.0,0.0,79.0,True,5,4972,1,1,1,1,0,1,0,0,0,0,0,4635.0,0,0,0,1,0,1,0,0
0,43.0,0,957.0,0.0,1.0,0.0,39.0,False,5,4973,1,0,2,4,0,0,1,0,0,0,0,997.0,0,2,1,0,0,0,0,1
1,3.0,0,0.0,0.0,0.0,0.0,0.0,True,0,4973,2,0,2,6,0,0,0,1,0,0,0,0.0,1,3,1,0,0,1,0,0
0,56.0,0,0.0,10.0,0.0,9319.0,1225.0,False,6,4974,1,0,2,0,0,1,0,0,0,0,0,10554.0,0,0,0,1,0,0,0,1
1,45.0,0,0.0,0.0,0.0,0.0,1225.0,True,5,4974,2,0,2,5,1,0,1,0,0,0,0,0.0,1,3,0,1,0,1,0,0
1,25.0,0,0.0,0.0,0.0,0.0,0.0,True,3,4975,1,0,3,6,1,0,0,1,0,0,0,0.0,1,3,1,0,0,0,1,0
0,12.0,0,0.0,0.0,0.0,0.0,0.0,True,1,4975,2,0,3,6,1,0,0,1,0,0,0,0.0,1,3,1,0,0,0,0,1
1,2.0,0,0.0,0.0,0.0,0.0,0.0,True,0,4975,3,0,3,6,1,0,0,1,0,0,0,0.0,1,3,1,0,0,0,1,0
0,46.0,0,0.0,4.0,834.0,0.0,32.0,True,5,4977,1,0,2,5,1,0,0,0,1,0,0,870.0,0,2,1,0,0,0,0,1
0,32.0,0,2756.0,125.0,9.0,0.0,103.0,False,4,4977,2,0,2,5,1,0,0,0,1,0,0,2993.0,0,0,1,0,0,0,0,1
0,20.0,0,0.0,358.0,287.0,0.0,0.0,False,3,4978,1,1,1,5,0,0,0,0,1,0,0,645.0,0,1,1,0,0,0,0,1
1,24.0,0,0.0,0.0,0.0,0.0,0.0,False,3,4979,1,1,1,6,0,0,0,1,0,0,0,0.0,1,3,1,0,0,0,1,0
0,28.0,0,0.0,0.0,0.0,882.0,0.0,False,4,4980,1,0,3,6,0,0,0,1,0,0,0,882.0,0,2,1,0,0,0,0,1
0,12.0,0,0.0,0.0,0.0,0.0,0.0,False,1,4980,2,0,3,6,0,0,0,1,0,0,0,0.0,1,3,1,0,0,0,0,1
0,11.0,0,0.0,0.0,0.0,0.0,0.0,False,1,4980,3,0,3,6,0,0,0,1,0,0,0,0.0,1,3,1,0,0,0,0,1
0,16.0,0,0.0,769.0,0.0,0.0,7.0,True,2,4981,1,0,3,5,1,0,0,0,1,0,0,776.0,0,2,1,0,0,0,0,1
0,29.0,0,0.0,0.0,0.0,0.0,0.0,True,4,4981,2,0,3,6,1,0,0,1,0,0,0,0.0,1,3,1,0,0,0,1,0
0,24.0,0,530.0,0.0,0.0,0.0,179.0,False,3,4981,3,0,3,6,1,0,0,1,0,0,0,709.0,0,1,1,0,0,0,0,1
0,22.0,0,61.0,0.0,214.0,445.0,0.0,True,3,4983,1,1,1,5,0,0,0,0,1,0,0,720.0,0,2,1,0,0,0,0,1
0,21.0,0,36.0,162.0,0.0,588.0,0.0,True,3,4987,1,1,1,6,1,0,0,1,0,0,0,786.0,0,2,1,0,0,0,0,1
0,38.0,0,0.0,1.0,0.0,786.0,0.0,False,5,4989,1,1,1,4,0,0,1,0,0,0,0,787.0,0,2,1,0,0,0,0,1
1,35.0,0,0.0,0.0,0.0,0.0,0.0,False,5,4990,1,1,1,1,0,1,0,0,0,0,0,0.0,1,3,0,1,0,0,0,1
0,79.0,0,610.0,0.0,0.0,200.0,5.0,False,6,4991,1,1,1,6,0,0,0,1,0,0,0,815.0,0,2,1,0,0,0,0,1
0,22.0,0,479.0,34.0,0.0,29.0,4.0,False,3,4992,1,1,1,5,0,0,0,0,1,0,0,546.0,0,1,1,0,0,0,1,0
0,42.0,0,642.0,282.0,0.0,0.0,0.0,True,5,4995,1,1,1,6,0,0,0,1,0,0,0,924.0,0,2,1,0,0,1,0,0
1,34.0,0,0.0,0.0,0.0,0.0,0.0,True,5,4996,1,1,1,5,1,0,0,0,1,0,0,0.0,1,3,0,0,1,0,0,1
1,52.0,0,0.0,0.0,0.0,0.0,0.0,True,6,4997,1,1,1,2,0,1,0,0,0,0,0,0.0,1,3,0,1,0,0,0,1
1,43.0,0,0.0,0.0,0.0,0.0,0.0,True,5,4998,1,1,1,6,1,0,0,1,0,0,0,0.0,1,3,1,0,0,0,0,1
0,30.0,0,1120.0,0.0,0.0,0.0,794.0,False,4,4999,1,1,1,5,1,0,0,0,1,0,0,1914.0,0,0,1,0,0,0,0,1
1,35.0,0,0.0,0.0,0.0,0.0,0.0,True,5,5000,1,1,1,6,0,0,0,1,0,0,0,0.0,1,3,1,0,0,0,0,1
1,18.0,0,0.0,0.0,0.0,0.0,0.0,False,2,5003,1,1,1,6,0,0,0,1,0,0,0,0.0,1,3,1,0,0,0,0,1
1,27.0,0,0.0,0.0,0.0,0.0,0.0,True,4,5004,1,1,1,1,0,1,0,0,0,0,0,0.0,1,3,0,1,0,0,0,1
0,46.0,0,819.0,31.0,0.0,49.0,2.0,False,5,5005,1,1,1,5,0,0,0,0,1,0,0,901.0,0,2,1,0,0,0,0,1
1,15.0,0,0.0,0.0,0.0,0.0,0.0,True,2,5006,1,0,3,1,0,1,0,0,0,0,0,0.0,1,3,0,1,0,0,0,1
1,44.0,0,0.0,0.0,0.0,0.0,0.0,True,5,5006,2,0,3,1,0,1,0,0,0,0,0,0.0,1,3,0,1,0,1,0,0
0,20.0,0,0.0,219.0,0.0,5.0,3283.0,False,3,5006,3,0,3,1,0,1,0,0,0,0,0,3507.0,0,0,0,1,0,0,0,1
0,35.0,0,1337.0,49.0,57.0,0.0,0.0,False,5,5007,1,1,1,5,1,0,0,0,1,0,0,1443.0,0,0,0,0,1,0,0,1
1,19.0,0,0.0,0.0,0.0,0.0,0.0,True,3,5008,1,1,1,5,1,0,0,0,1,0,0,0.0,1,3,0,0,1,0,0,1
1,47.0,0,0.0,0.0,0.0,0.0,0.0,True,5,5009,1,1,1,5,0,0,0,0,1,0,0,0.0,1,3,0,0,1,0,0,1
0,26.0,1,1033.0,172.0,26.0,0.0,518.0,False,4,5010,1,1,1,5,0,0,0,0,1,0,0,1749.0,0,0,0,0,1,0,0,1
1,24.0,0,0.0,0.0,0.0,0.0,0.0,True,3,5012,1,1,1,6,0,0,0,1,0,0,0,0.0,1,3,1,0,0,1,0,0
0,23.0,0,0.0,0.0,2102.0,0.0,0.0,True,3,5013,1,1,1,5,1,0,0,0,1,0,0,2102.0,0,0,1,0,0,0,0,1
0,26.0,0,1331.0,0.0,973.0,484.0,0.0,False,4,5014,1,0,2,3,0,1,0,0,0,0,0,2788.0,0,0,0,0,1,0,0,1
1,5.0,0,0.0,0.0,0.0,0.0,0.0,True,1,5014,2,0,2,5,0,0,0,0,1,0,0,0.0,1,3,0,0,1,0,0,1
0,35.0,0,54.0,493.0,12.0,6691.0,253.0,False,5,5015,1,1,1,2,1,1,0,0,0,0,0,7503.0,0,0,0,1,0,1,0,0
0,18.0,0,1092.0,31.0,309.0,0.0,0.0,False,2,5016,1,1,1,5,0,0,0,0,1,0,0,1432.0,0,2,0,0,1,0,0,1
1,32.0,0,0.0,0.0,0.0,0.0,0.0,True,4,5017,1,1,1,5,1,0,0,0,1,0,0,0.0,1,3,0,0,1,0,0,1
1,13.0,0,0.0,0.0,0.0,0.0,0.0,True,2,5018,1,1,1,6,0,0,0,1,0,0,0,0.0,1,3,1,0,0,0,0,1
0,15.0,0,0.0,0.0,19.0,352.0,326.0,False,2,5019,1,1,1,5,1,0,0,0,1,0,0,697.0,0,1,1,0,0,0,0,1
0,18.0,0,648.0,19.0,0.0,0.0,4.0,True,2,5020,1,1,1,5,1,0,0,0,1,0,0,671.0,0,1,1,0,0,0,1,0
0,41.0,0,4.0,4619.0,0.0,251.0,213.0,True,5,5021,1,1,1,1,0,1,0,0,0,0,0,5087.0,0,0,0,1,0,0,0,1
0,36.0,0,0.0,0.0,0.0,474.0,12.0,False,5,5023,1,1,1,6,0,0,0,1,0,0,0,486.0,0,1,1,0,0,1,0,0
0,33.0,0,1042.0,50.0,0.0,9.0,0.0,False,5,5025,1,1,1,5,0,0,0,0,1,0,0,1101.0,0,2,1,0,0,0,0,1
0,41.0,0,4.0,737.0,0.0,51.0,0.0,False,5,5027,1,1,1,4,1,0,1,0,0,0,0,792.0,0,2,1,0,0,1,0,0
0,47.0,0,1904.0,18.0,0.0,89.0,4411.0,False,5,5028,1,1,1,0,1,1,0,0,0,0,0,6422.0,0,0,0,1,0,1,0,0
1,32.0,0,0.0,0.0,0.0,0.0,0.0,True,4,5032,1,1,1,4,1,0,1,0,0,0,0,0.0,1,3,0,1,0,0,0,1
0,36.0,0,0.0,52.0,8.0,0.0,4160.0,False,5,5034,1,1,1,6,1,0,0,1,0,0,0,4220.0,0,0,1,0,0,0,0,1
1,13.0,0,0.0,0.0,0.0,0.0,0.0,True,2,5035,1,1,1,6,1,0,0,1,0,0,0,0.0,1,3,1,0,0,0,0,1
1,34.0,0,0.0,0.0,0.0,0.0,0.0,False,5,5036,1,0,2,6,0,0,0,1,0,0,0,0.0,1,3,1,0,0,0,1,0
0,24.0,0,5.0,1.0,7.0,0.0,895.0,False,3,5036,2,0,2,6,0,0,0,1,0,0,0,908.0,0,2,1,0,0,0,0,1
0,16.0,0,1285.0,0.0,14.0,1386.0,0.0,False,2,5039,1,0,4,5,1,0,0,0,1,0,0,2685.0,0,0,0,0,1,0,0,1
1,12.0,0,0.0,0.0,0.0,0.0,0.0,True,1,5039,2,0,4,5,1,0,0,0,1,0,0,0.0,1,3,0,0,1,0,0,1
0,24.0,0,1157.0,0.0,0.0,131.0,0.0,True,3,5039,3,0,4,5,1,0,0,0,1,0,0,1288.0,0,2,0,0,1,0,0,1
0,35.0,0,1307.0,0.0,0.0,2.0,0.0,False,5,5039,4,0,4,5,1,0,0,0,1,0,0,1309.0,0,2,0,0,1,0,0,1
0,26.0,0,0.0,21.0,10424.0,1373.0,7218.0,False,4,5040,1,0,2,2,1,1,0,0,0,0,0,19036.0,0,0,0,1,0,0,0,1
0,39.0,0,10.0,199.0,0.0,6216.0,101.0,False,5,5040,2,0,2,2,1,1,0,0,0,0,0,6526.0,0,0,0,1,0,1,0,0
0,18.0,0,8.0,1.0,4.0,419.0,304.0,True,2,5042,1,1,1,5,0,0,0,0,1,0,0,736.0,0,2,1,0,0,0,0,1
0,23.0,0,0.0,381.0,142.0,0.0,261.0,False,3,5044,1,0,2,6,1,0,0,1,0,0,0,784.0,0,2,1,0,0,0,0,1
1,29.0,0,0.0,0.0,0.0,0.0,0.0,True,4,5044,2,0,2,6,1,0,0,1,0,0,0,0.0,1,3,1,0,0,0,1,0
0,38.0,0,0.0,0.0,0.0,0.0,0.0,True,5,5048,1,1,1,5,1,0,1,0,0,0,0,0.0,1,3,1,0,0,0,0,1
0,31.0,0,433.0,111.0,238.0,86.0,0.0,False,4,5050,1,1,1,5,0,0,0,0,1,0,0,868.0,0,2,1,0,0,0,0,1
0,49.0,0,1176.0,0.0,20.0,103.0,0.0,False,5,5051,1,1,1,4,1,0,1,0,0,0,0,1299.0,0,2,0,0,1,0,0,1
1,17.0,0,0.0,0.0,0.0,0.0,0.0,True,2,5052,1,0,2,5,1,0,0,0,1,0,0,0.0,1,3,0,0,1,0,0,1
0,23.0,0,228.0,1451.0,912.0,3.0,0.0,True,3,5052,2,0,2,5,1,0,0,0,1,0,0,2594.0,0,0,0,0,1,1,0,0
1,15.0,0,0.0,0.0,0.0,0.0,0.0,True,2,5057,1,1,1,6,0,0,0,1,0,0,0,0.0,1,3,1,0,0,1,0,0
1,11.0,0,300.0,0.0,0.0,0.0,0.0,True,1,5058,1,0,3,5,1,0,0,0,1,0,0,0.0,1,3,0,0,1,0,0,1
0,30.0,1,600.0,31.0,1.0,659.0,191.0,False,4,5058,2,0,3,5,1,0,0,0,1,0,0,1482.0,0,0,0,0,1,0,1,0
1,42.0,0,0.0,0.0,0.0,0.0,0.0,True,5,5058,3,0,3,5,1,0,0,0,1,0,0,0.0,1,3,0,0,1,0,0,1
0,21.0,0,639.0,0.0,0.0,0.0,0.0,False,3,5059,1,1,1,5,0,0,0,0,1,0,0,639.0,0,1,1,0,0,1,0,0
1,41.0,0,0.0,0.0,0.0,0.0,0.0,True,5,5060,1,0,4,2,0,1,0,0,0,0,0,0.0,1,3,0,1,0,1,0,0
1,14.0,0,0.0,0.0,0.0,0.0,0.0,True,2,5060,2,0,4,2,0,1,0,0,0,0,0,0.0,1,3,0,1,0,0,0,1
0,27.0,0,0.0,867.0,0.0,20.0,1371.0,False,4,5060,3,0,4,2,0,1,0,0,0,0,0,2258.0,0,0,0,1,0,1,0,0
0,29.0,1,530.0,418.0,0.0,0.0,9129.0,False,4,5060,4,0,4,2,0,1,0,0,0,0,0,10077.0,0,0,0,1,0,1,0,0
1,25.0,0,0.0,0.0,0.0,0.0,0.0,True,3,5061,1,0,2,2,1,1,0,0,0,0,0,0.0,1,3,0,1,0,0,0,1
0,54.0,0,0.0,8246.0,0.0,56.0,118.0,True,6,5061,2,0,2,2,1,1,0,0,0,0,0,8420.0,0,0,0,1,0,0,0,1
0,46.0,0,971.0,0.0,20.0,0.0,5.0,False,5,5062,1,1,1,4,1,0,1,0,0,0,0,996.0,0,2,1,0,0,0,0,1
0,18.0,0,0.0,794.0,16.0,0.0,0.0,True,2,5063,1,1,1,6,1,0,0,1,0,0,0,810.0,0,2,1,0,0,0,0,1
0,22.0,0,1961.0,82.0,0.0,3025.0,2406.0,False,3,5064,1,1,1,0,1,1,0,0,0,0,0,7474.0,0,0,0,1,0,1,0,0
1,29.0,0,0.0,1080.0,0.0,0.0,0.0,True,4,5065,1,0,2,4,1,0,1,0,0,0,0,0.0,1,3,0,1,0,1,0,0
0,26.0,0,606.0,1080.0,0.0,2011.0,0.0,False,4,5065,2,0,2,4,1,0,1,0,0,0,0,3697.0,0,0,0,1,0,1,0,0
0,36.0,0,0.0,1808.0,0.0,344.0,0.0,True,5,5067,1,1,1,5,1,0,0,0,1,0,0,2152.0,0,0,1,0,0,1,0,0
0,19.0,0,0.0,0.0,0.0,0.0,0.0,True,3,5068,1,1,1,4,0,0,1,0,0,0,0,0.0,1,3,1,0,0,0,0,1
0,56.0,0,1309.0,0.0,69.0,1.0,0.0,False,6,5069,1,1,1,5,1,0,0,0,1,0,0,1379.0,0,2,1,0,0,0,1,0
0,20.0,0,542.0,175.0,0.0,5.0,0.0,True,3,5070,1,1,1,5,1,0,0,0,1,0,0,722.0,0,2,1,0,0,0,0,1
0,10.0,0,0.0,0.0,0.0,0.0,0.0,False,1,5072,1,0,2,6,0,0,0,1,0,0,0,0.0,1,3,1,0,0,0,0,1
1,14.0,0,0.0,0.0,0.0,0.0,0.0,False,2,5072,2,0,2,6,0,0,0,1,0,0,0,0.0,1,3,1,0,0,0,1,0
1,27.0,0,0.0,0.0,0.0,0.0,0.0,True,4,5073,1,1,1,5,0,0,0,0,1,0,0,0.0,1,3,0,0,1,1,0,0
0,35.0,0,4608.0,0.0,926.0,382.0,0.0,False,5,5074,1,1,1,5,1,0,0,0,1,0,0,5916.0,0,0,0,0,1,0,0,1
0,13.0,0,0.0,0.0,60.0,1.0,5147.0,False,2,5076,1,1,1,6,0,0,0,1,0,0,0,5208.0,0,0,1,0,0,0,0,1
0,21.0,0,1.0,0.0,143.0,558.0,1.0,False,3,5080,1,1,1,5,1,0,0,0,1,0,0,703.0,0,1,1,0,0,0,0,1
1,22.0,0,0.0,0.0,0.0,0.0,0.0,False,3,5083,1,1,1,6,0,0,0,1,0,0,0,0.0,1,3,1,0,0,0,0,1
1,29.0,0,0.0,0.0,0.0,0.0,0.0,False,4,5084,1,0,2,4,0,0,1,0,0,0,0,0.0,1,3,0,1,0,0,0,1
0,32.0,0,8151.0,2052.0,1919.0,7352.0,754.0,False,4,5084,2,0,2,4,0,0,1,0,0,0,0,20228.0,0,0,0,1,0,0,0,1
0,20.0,0,0.0,15.0,455.0,95.0,0.0,True,3,5085,1,1,1,5,1,0,0,0,1,0,0,565.0,0,1,1,0,0,0,0,1
0,44.0,0,2575.0,3.0,20.0,0.0,0.0,False,5,5087,1,1,1,5,0,0,0,0,1,0,0,2598.0,0,0,0,0,1,0,0,1
0,22.0,0,0.0,0.0,0.0,1600.0,168.0,True,3,5088,1,1,1,5,1,0,0,0,1,0,0,1768.0,0,0,1,0,0,1,0,0
0,39.0,0,3926.0,2030.0,0.0,1483.0,611.0,False,5,5089,1,0,2,1,0,1,0,0,0,0,0,8050.0,0,0,0,1,0,0,0,1
0,19.0,0,0.0,3750.0,0.0,0.0,41.0,True,3,5089,2,0,2,1,0,1,0,0,0,0,0,3791.0,0,0,0,1,0,0,0,1
0,0.0,0,0.0,0.0,0.0,0.0,0.0,False,0,5090,1,0,6,6,0,0,0,1,0,0,0,0.0,1,3,1,0,0,0,0,1
1,0.0,0,0.0,0.0,0.0,0.0,0.0,False,0,5090,2,0,6,6,0,0,0,1,0,0,0,0.0,1,3,1,0,0,0,0,1
0,12.0,0,0.0,0.0,0.0,0.0,0.0,True,1,5090,3,0,6,6,0,0,0,1,0,0,0,0.0,1,3,1,0,0,0,1,0
1,7.0,0,0.0,0.0,0.0,0.0,0.0,False,1,5090,4,0,6,6,0,0,0,1,0,0,0,0.0,1,3,1,0,0,0,0,1
0,32.0,0,793.0,0.0,0.0,0.0,0.0,False,4,5090,5,0,6,4,0,0,1,0,0,0,0,793.0,0,2,1,0,0,0,1,0
0,11.0,0,0.0,0.0,0.0,0.0,0.0,True,1,5090,6,0,6,6,0,0,0,1,0,0,0,0.0,1,3,1,0,0,0,0,1
0,18.0,0,1471.0,59.0,95.0,1109.0,330.0,False,2,5091,1,1,1,5,1,0,0,0,1,0,0,3064.0,0,0,1,0,0,1,0,0
0,49.0,1,9.0,179.0,0.0,3.0,7865.0,False,5,5093,1,1,1,2,0,1,0,0,0,0,0,8056.0,0,0,0,1,0,1,0,0
1,61.0,0,0.0,0.0,0.0,0.0,0.0,True,6,5095,1,1,1,5,0,0,0,0,1,0,0,0.0,1,3,0,0,1,0,0,1
1,7.0,0,0.0,0.0,0.0,0.0,0.0,True,1,5097,1,0,3,6,0,0,0,1,0,0,0,0.0,1,3,1,0,0,1,0,0
0,25.0,0,0.0,181.0,671.0,0.0,0.0,True,3,5097,2,0,3,6,0,0,0,1,0,0,0,852.0,0,2,1,0,0,0,0,1
0,51.0,0,6.0,0.0,706.0,0.0,0.0,True,6,5097,3,0,3,5,0,0,0,0,1,0,0,712.0,0,1,1,0,0,1,0,0
1,56.0,0,0.0,0.0,0.0,0.0,0.0,True,6,5103,1,1,1,4,0,0,1,0,0,0,0,0.0,1,3,0,1,0,0,0,1
0,31.0,0,25.0,712.0,0.0,16.0,0.0,True,4,5104,1,1,1,6,1,0,0,1,0,0,0,753.0,0,2,1,0,0,0,0,1
1,16.0,0,0.0,0.0,0.0,0.0,0.0,True,2,5105,1,1,1,5,1,0,1,0,0,0,0,0.0,1,3,1,0,0,0,1,0
1,29.0,0,0.0,0.0,0.0,0.0,0.0,True,4,5106,1,1,1,6,1,0,0,1,0,0,0,0.0,1,3,1,0,0,0,0,1
1,17.0,0,0.0,0.0,0.0,0.0,0.0,True,2,5108,1,1,1,6,0,0,0,1,0,0,0,0.0,1,3,1,0,0,0,1,0
0,47.0,0,83.0,1.0,0.0,654.0,3.0,True,5,5109,1,1,1,6,1,0,0,1,0,0,0,741.0,0,2,1,0,0,0,1,0
0,25.0,0,0.0,3.0,0.0,763.0,3541.0,False,3,5111,1,0,3,1,0,1,0,0,0,0,0,4307.0,0,0,0,1,0,0,0,1
0,28.0,0,29.0,394.0,0.0,712.0,4360.0,False,4,5111,2,0,3,1,0,1,0,0,0,0,0,5495.0,0,0,0,1,0,0,0,1
0,32.0,0,0.0,419.0,0.0,1984.0,521.0,False,4,5111,3,0,3,1,0,1,0,0,0,0,0,2924.0,0,0,0,1,0,0,0,1
1,56.0,0,0.0,0.0,0.0,0.0,0.0,True,6,5112,1,0,3,2,1,1,0,0,0,0,0,0.0,1,3,0,1,0,1,0,0
1,25.0,0,0.0,0.0,0.0,0.0,0.0,True,3,5112,2,0,3,2,1,1,0,0,0,0,0,0.0,1,3,0,1,0,1,0,0
1,13.0,0,0.0,0.0,0.0,0.0,0.0,True,2,5112,3,0,3,2,1,1,0,0,0,0,0,0.0,1,3,0,1,0,0,0,1
1,41.0,0,0.0,0.0,0.0,0.0,0.0,True,5,5115,1,0,2,2,1,1,0,0,0,0,0,0.0,1,3,0,1,0,0,0,1
1,28.0,0,0.0,0.0,0.0,0.0,0.0,True,4,5115,2,0,2,2,1,1,0,0,0,0,0,0.0,1,3,0,1,0,1,0,0
1,25.0,0,0.0,0.0,0.0,0.0,0.0,True,3,5116,1,0,2,5,1,0,0,0,1,0,0,0.0,1,3,0,0,1,0,0,1
1,11.0,0,0.0,0.0,0.0,0.0,0.0,True,1,5116,2,0,2,5,1,0,0,0,1,0,0,0.0,1,3,0,0,1,0,0,1
0,20.0,0,0.0,0.0,0.0,0.0,0.0,False,3,5120,1,1,1,4,0,0,1,0,0,0,0,0.0,1,3,0,0,1,0,0,1
0,24.0,0,0.0,464.0,321.0,0.0,90.0,True,3,5122,1,1,1,5,1,0,0,0,1,0,0,875.0,0,2,1,0,0,0,0,1
0,41.0,0,256.0,109.0,0.0,340.0,0.0,False,5,5124,1,1,1,5,0,0,0,0,1,0,0,705.0,0,1,1,0,0,0,0,1
0,29.0,0,0.0,0.0,22.0,738.0,0.0,False,4,5125,1,1,1,5,1,0,0,0,1,0,0,760.0,0,2,1,0,0,1,0,0
1,59.0,0,0.0,0.0,0.0,0.0,0.0,True,6,5126,1,1,1,2,1,1,0,0,0,0,0,0.0,1,3,0,1,0,1,0,0
0,31.0,0,0.0,679.0,0.0,0.0,213.0,True,4,5127,1,0,2,6,1,0,0,1,0,0,0,892.0,0,2,1,0,0,0,0,1
0,16.0,0,43.0,0.0,0.0,1893.0,119.0,False,2,5127,2,0,2,5,1,0,0,0,1,0,0,2055.0,0,0,1,0,0,0,0,1
0,65.0,0,56.0,0.0,1081.0,21.0,0.0,False,6,5128,1,0,2,5,0,0,0,0,1,0,0,1158.0,0,2,0,0,1,0,0,1
0,21.0,0,0.0,1.0,2832.0,0.0,0.0,True,3,5128,2,0,2,5,0,0,0,0,1,0,0,2833.0,0,0,0,0,1,0,0,1
1,27.0,0,0.0,0.0,0.0,0.0,0.0,True,4,5129,1,1,1,6,0,0,0,1,0,0,0,0.0,1,3,1,0,0,0,0,1
1,37.0,0,0.0,0.0,0.0,0.0,0.0,True,5,5130,1,1,1,6,1,0,0,1,0,0,0,0.0,1,3,1,0,0,0,0,1
0,42.0,0,5049.0,477.0,0.0,0.0,0.0,False,5,5132,1,1,1,6,0,0,0,1,0,0,0,5526.0,0,0,1,0,0,0,0,1
0,36.0,0,0.0,0.0,846.0,0.0,0.0,True,5,5133,1,0,8,6,0,0,0,1,0,0,0,846.0,0,2,1,0,0,1,0,0
1,24.0,0,0.0,0.0,0.0,0.0,0.0,False,3,5133,2,0,8,6,0,0,0,1,0,0,0,0.0,1,3,1,0,0,0,1,0
1,26.0,0,0.0,0.0,0.0,0.0,0.0,True,3,5133,3,0,8,6,0,0,0,1,0,0,0,0.0,1,3,1,0,0,0,1,0
0,19.0,0,107.0,0.0,505.0,48.0,0.0,False,3,5133,4,0,8,5,0,0,0,0,1,0,0,660.0,0,1,1,0,0,1,0,0
0,26.0,0,0.0,910.0,13.0,10.0,15.0,False,4,5133,5,0,8,5,0,0,0,0,1,0,0,948.0,0,2,1,0,0,0,0,1
1,19.0,0,0.0,0.0,0.0,0.0,0.0,True,3,5133,6,0,8,6,0,0,0,1,0,0,0,0.0,1,3,1,0,0,1,0,0
0,26.0,0,1528.0,1.0,0.0,0.0,0.0,False,4,5133,7,0,8,5,0,0,0,0,1,0,0,1529.0,0,0,1,0,0,0,0,1
0,35.0,0,0.0,116.0,51.0,0.0,701.0,False,5,5133,8,0,8,5,0,0,0,0,1,0,0,868.0,0,2,1,0,0,0,0,1
0,24.0,0,0.0,0.0,0.0,704.0,0.0,False,3,5136,1,1,1,5,1,0,0,0,1,0,0,704.0,0,1,1,0,0,1,0,0
0,9.0,0,0.0,0.0,0.0,0.0,0.0,True,1,5137,1,1,1,6,1,0,0,1,0,0,0,0.0,1,3,1,0,0,0,0,1
0,40.0,0,0.0,3815.0,0.0,322.0,0.0,True,5,5138,1,1,1,0,0,1,0,0,0,0,0,4137.0,0,0,0,1,0,1,0,0
1,23.0,0,0.0,0.0,0.0,0.0,0.0,True,3,5140,1,1,1,6,1,0,0,1,0,0,0,0.0,1,3,1,0,0,0,1,0
0,4.0,0,0.0,0.0,0.0,0.0,0.0,True,0,5142,1,0,4,5,0,0,0,0,1,0,0,0.0,1,3,0,0,1,0,0,1
0,20.0,0,859.0,3.0,0.0,939.0,0.0,False,3,5142,2,0,4,5,0,0,0,0,1,0,0,1801.0,0,0,0,0,1,0,0,1
1,21.0,0,0.0,0.0,0.0,0.0,0.0,True,3,5142,3,0,4,5,0,0,0,0,1,0,0,0.0,1,3,0,0,1,0,0,1
0,4.0,0,0.0,0.0,0.0,0.0,0.0,True,0,5142,4,0,4,5,0,0,0,0,1,0,0,0.0,1,3,0,0,1,0,0,1
1,19.0,0,0.0,0.0,0.0,0.0,0.0,True,3,5144,1,1,1,6,0,0,0,1,0,0,0,0.0,1,3,1,0,0,0,0,1
1,18.0,0,0.0,0.0,0.0,0.0,0.0,True,2,5145,1,1,1,6,1,0,0,1,0,0,0,0.0,1,3,1,0,0,0,0,1
0,26.0,0,7.0,751.0,0.0,38.0,0.0,True,4,5146,1,1,1,5,1,0,0,0,1,0,0,796.0,0,2,1,0,0,1,0,0
0,13.0,0,0.0,63.0,54.0,20.0,916.0,False,2,5148,1,0,2,5,0,0,0,0,1,0,0,1053.0,0,2,1,0,0,0,0,1
1,16.0,0,0.0,0.0,0.0,0.0,0.0,True,2,5148,2,0,2,6,0,0,0,1,0,0,0,0.0,1,3,1,0,0,0,0,1
1,14.0,0,0.0,0.0,0.0,0.0,0.0,True,2,5151,1,1,1,5,0,0,0,0,1,0,0,0.0,1,3,0,0,1,0,0,1
0,40.0,0,0.0,553.0,10.0,2787.0,52.0,False,5,5152,1,1,1,1,1,1,0,0,0,0,0,3402.0,0,0,0,1,0,0,0,1
0,34.0,1,38.0,0.0,606.0,0.0,404.0,False,5,5154,1,1,1,4,0,0,1,0,0,0,0,1048.0,0,2,0,0,1,0,0,1
1,21.0,0,0.0,0.0,0.0,0.0,0.0,True,3,5156,1,0,2,1,1,1,0,0,0,0,0,0.0,1,3,0,1,0,1,0,0
0,29.0,0,0.0,4198.0,227.0,1.0,1415.0,True,4,5156,2,0,2,1,1,1,0,0,0,0,0,5841.0,0,0,0,1,0,0,0,1
0,40.0,0,814.0,12.0,2.0,0.0,79.0,True,5,5157,1,1,1,6,1,0,0,1,0,0,0,907.0,0,2,1,0,0,0,0,1
0,16.0,0,0.0,1.0,0.0,0.0,61.0,False,2,5158,1,1,1,5,0,0,0,0,1,0,0,62.0,0,1,1,0,0,0,0,1
0,37.0,0,732.0,0.0,0.0,156.0,0.0,False,5,5160,1,1,1,6,0,0,0,1,0,0,0,888.0,0,2,1,0,0,0,0,1
1,41.0,0,0.0,0.0,0.0,0.0,0.0,True,5,5161,1,1,1,3,1,1,0,0,0,0,0,0.0,1,3,0,0,1,1,0,0
1,16.0,0,0.0,0.0,0.0,0.0,0.0,True,2,5162,1,0,2,5,1,0,0,0,1,0,0,0.0,1,3,0,0,1,1,0,0
0,39.0,0,98.0,0.0,125.0,0.0,1082.0,False,5,5162,2,0,2,5,1,0,0,0,1,0,0,1305.0,0,2,0,0,1,1,0,0
1,30.0,0,0.0,0.0,0.0,0.0,0.0,True,4,5163,1,0,2,4,0,0,1,0,0,0,0,0.0,1,3,1,0,0,0,0,1
0,40.0,0,151.0,0.0,713.0,0.0,0.0,True,5,5163,2,0,2,4,0,0,1,0,0,0,0,864.0,0,2,1,0,0,0,0,1
0,63.0,0,0.0,281.0,94.0,0.0,270.0,True,6,5165,1,1,1,5,1,0,0,0,1,0,0,645.0,0,1,1,0,0,0,0,1
0,32.0,0,382.0,0.0,477.0,22.0,2.0,True,4,5166,1,1,1,3,0,1,0,0,0,0,0,883.0,0,2,0,0,1,0,0,1
0,47.0,0,1.0,17.0,0.0,1069.0,0.0,False,5,5167,1,1,1,5,1,0,0,0,1,0,0,1087.0,0,2,1,0,0,0,0,1
0,23.0,0,0.0,306.0,392.0,9.0,13.0,False,3,5170,1,1,1,5,0,0,0,0,1,0,0,720.0,0,2,1,0,0,1,0,0
0,23.0,0,0.0,7.0,0.0,190.0,501.0,False,3,5171,1,1,1,5,1,0,0,0,1,0,0,698.0,0,1,1,0,0,0,0,1
1,19.0,0,0.0,0.0,0.0,0.0,0.0,True,3,5173,1,1,1,5,0,0,0,0,1,0,0,0.0,1,3,0,0,1,0,0,1
1,44.0,0,0.0,0.0,0.0,0.0,0.0,True,5,5174,1,0,2,2,0,1,0,0,0,0,0,0.0,1,3,0,1,0,1,0,0
0,29.0,0,6.0,5.0,0.0,6235.0,434.0,False,4,5174,2,0,2,2,0,1,0,0,0,0,0,6680.0,0,0,0,1,0,0,0,1
0,21.0,0,582.0,0.0,0.0,148.0,53.0,False,3,5175,1,1,1,6,0,0,0,1,0,0,0,783.0,0,2,1,0,0,0,0,1
0,23.0,0,576.0,207.0,0.0,0.0,9.0,False,3,5176,1,1,1,4,0,0,1,0,0,0,0,792.0,0,2,1,0,0,0,0,1
0,26.0,1,0.0,0.0,0.0,0.0,0.0,True,4,5177,1,1,1,1,1,1,0,0,0,0,0,0.0,1,3,0,1,0,0,0,1
1,47.0,0,0.0,0.0,0.0,0.0,0.0,True,5,5179,1,1,1,2,0,1,0,0,0,0,0,0.0,1,3,0,1,0,1,0,0
1,20.0,0,0.0,0.0,0.0,0.0,0.0,True,3,5180,1,1,1,6,0,0,0,1,0,0,0,0.0,1,3,1,0,0,0,1,0
0,48.0,0,0.0,0.0,0.0,0.0,0.0,True,5,5181,1,1,1,1,0,1,0,0,0,0,0,0.0,1,3,0,1,0,0,0,1
1,4.0,0,0.0,0.0,0.0,0.0,0.0,True,0,5182,1,0,2,6,0,0,0,1,0,0,0,0.0,1,3,1,0,0,0,0,1
0,25.0,0,322.0,0.0,81.0,3.0,298.0,True,3,5182,2,0,2,6,0,0,0,1,0,0,0,704.0,0,1,1,0,0,0,0,1
0,0.0,0,0.0,0.0,0.0,0.0,0.0,True,0,5184,1,1,1,6,0,0,0,1,0,0,0,0.0,1,3,1,0,0,0,0,1
0,29.0,0,523.0,0.0,21.0,4.0,811.0,False,4,5185,1,1,1,4,1,0,1,0,0,0,0,1359.0,0,2,0,0,1,0,0,1
0,21.0,0,41.0,651.0,2.0,29.0,0.0,False,3,5186,1,1,1,5,0,0,0,0,1,0,0,723.0,0,2,1,0,0,0,0,1
0,20.0,0,949.0,0.0,0.0,5.0,0.0,False,3,5187,1,1,1,4,0,0,1,0,0,0,0,954.0,0,2,1,0,0,0,0,1
0,34.0,0,0.0,160.0,0.0,611.0,44.0,False,5,5188,1,0,3,6,0,0,0,1,0,0,0,815.0,0,2,1,0,0,0,0,1
1,9.0,0,0.0,0.0,0.0,0.0,0.0,True,1,5188,2,0,3,6,0,0,0,1,0,0,0,0.0,1,3,1,0,0,0,0,1
1,12.0,0,0.0,0.0,0.0,0.0,0.0,False,1,5188,3,0,3,6,0,0,0,1,0,0,0,0.0,1,3,1,0,0,0,0,1
0,13.0,0,0.0,0.0,0.0,0.0,1513.0,False,2,5190,1,1,1,5,1,0,0,0,1,0,0,1513.0,0,0,1,0,0,0,0,1
1,27.0,0,0.0,0.0,0.0,0.0,0.0,True,4,5192,1,1,1,5,1,0,0,0,1,0,0,0.0,1,3,0,0,1,0,0,1
0,34.0,0,0.0,914.0,0.0,2433.0,647.0,True,5,5193,1,1,1,2,1,1,0,0,0,0,0,3994.0,0,0,0,1,0,0,0,1
1,18.0,0,0.0,0.0,0.0,0.0,0.0,True,2,5194,1,0,2,1,0,1,0,0,0,0,0,0.0,1,3,0,1,0,0,0,1
1,16.0,0,0.0,0.0,0.0,0.0,0.0,True,2,5194,2,0,2,1,0,1,0,0,0,0,0,0.0,1,3,0,1,0,1,0,0
1,43.0,0,0.0,0.0,0.0,0.0,0.0,True,5,5196,1,0,2,6,0,0,0,1,0,0,0,0.0,1,3,1,0,0,0,0,1
1,0.0,0,0.0,0.0,0.0,0.0,0.0,False,0,5196,2,0,2,6,0,0,0,1,0,0,0,0.0,1,3,1,0,0,0,0,1
0,20.0,0,0.0,4.0,761.0,22.0,1.0,True,3,5197,1,1,1,4,0,0,1,0,0,0,0,788.0,0,2,1,0,0,0,0,1
0,45.0,0,878.0,0.0,430.0,0.0,0.0,False,5,5198,1,1,1,5,0,0,0,0,1,0,0,1308.0,0,2,0,0,1,0,0,1
0,35.0,0,0.0,725.0,3415.0,0.0,1.0,False,5,5199,1,1,1,3,1,1,0,0,0,0,0,4141.0,0,0,0,1,0,0,0,1
0,21.0,0,1961.0,96.0,0.0,54.0,40.0,False,3,5201,1,1,1,5,0,0,0,0,1,0,0,2151.0,0,0,1,0,0,0,0,1
1,14.0,0,0.0,0.0,0.0,0.0,0.0,True,2,5202,1,1,1,6,0,0,0,1,0,0,0,0.0,1,3,1,0,0,0,0,1
0,46.0,0,0.0,153.0,0.0,0.0,397.0,False,5,5204,1,1,1,5,0,0,0,0,1,0,0,550.0,0,1,1,0,0,0,1,0
0,22.0,0,261.0,0.0,0.0,107.0,1132.0,False,3,5205,1,0,3,5,1,0,0,0,1,0,0,1500.0,0,0,1,0,0,0,0,1
0,2.0,0,0.0,0.0,0.0,0.0,0.0,True,0,5205,2,0,3,6,1,0,0,1,0,0,0,0.0,1,3,1,0,0,0,0,1
0,3.0,0,0.0,0.0,0.0,0.0,0.0,True,0,5205,3,0,3,6,1,0,0,1,0,0,0,0.0,1,3,1,0,0,0,0,1
1,28.0,0,0.0,0.0,0.0,0.0,0.0,True,4,5206,1,0,3,6,0,0,0,1,0,0,0,0.0,1,3,1,0,0,1,0,0
0,60.0,0,0.0,0.0,789.0,283.0,3.0,False,6,5206,2,0,3,5,0,0,0,0,1,0,0,1075.0,0,2,1,0,0,0,1,0
0,48.0,0,0.0,2.0,72.0,554.0,143.0,False,5,5206,3,0,3,6,0,0,0,1,0,0,0,771.0,0,2,1,0,0,0,1,0
0,18.0,0,51.0,339.0,1.0,0.0,436.0,True,2,5207,1,0,2,4,1,0,1,0,0,0,0,827.0,0,2,1,0,0,1,0,0
0,31.0,0,1364.0,0.0,0.0,0.0,21.0,False,4,5207,2,0,2,5,1,0,0,0,1,0,0,1385.0,0,2,1,0,0,0,0,1
1,26.0,0,0.0,0.0,0.0,0.0,0.0,True,4,5208,1,0,2,2,0,1,0,0,0,0,0,0.0,1,3,0,1,0,1,0,0
0,41.0,0,717.0,641.0,2.0,1559.0,4828.0,False,5,5208,2,0,2,2,0,1,0,0,0,0,0,7747.0,0,0,0,1,0,1,0,0
0,26.0,0,168.0,0.0,382.0,166.0,0.0,True,4,5209,1,1,1,5,1,0,0,0,1,0,0,716.0,0,1,1,0,0,0,0,1
0,29.0,0,0.0,43.0,693.0,0.0,0.0,True,4,5210,1,1,1,5,0,0,0,0,1,0,0,736.0,0,2,1,0,0,0,0,1
0,24.0,0,666.0,938.0,1.0,0.0,0.0,False,3,5211,1,1,1,4,1,0,1,0,0,0,0,1605.0,0,0,1,0,0,0,0,1
0,25.0,0,10.0,0.0,908.0,5.0,0.0,True,3,5213,1,1,1,5,0,0,0,0,1,0,0,923.0,0,2,1,0,0,0,0,1
0,0.0,0,0.0,0.0,0.0,0.0,0.0,False,0,5214,1,1,1,6,0,0,0,1,0,0,0,0.0,1,3,1,0,0,1,0,0
1,30.0,0,0.0,0.0,0.0,0.0,0.0,False,4,5216,1,1,1,6,0,0,0,1,0,0,0,0.0,1,3,1,0,0,0,0,1
1,18.0,0,0.0,0.0,0.0,0.0,0.0,True,2,5217,1,0,2,1,0,1,0,0,0,0,0,0.0,1,3,0,1,0,1,0,0
1,32.0,0,0.0,0.0,0.0,0.0,0.0,True,4,5217,2,0,2,1,0,1,0,0,0,0,0,0.0,1,3,0,1,0,1,0,0
0,28.0,0,0.0,0.0,0.0,525.0,1889.0,False,4,5218,1,1,1,5,1,0,0,0,1,0,0,2414.0,0,0,1,0,0,0,0,1
0,21.0,0,2206.0,0.0,353.0,0.0,19.0,False,3,5220,1,1,1,3,0,1,0,0,0,0,0,2578.0,0,0,0,0,1,0,0,1
0,25.0,0,0.0,528.0,8.0,153.0,0.0,False,3,5221,1,1,1,5,0,0,0,0,1,0,0,689.0,0,1,1,0,0,0,0,1
0,47.0,0,275.0,0.0,0.0,24.0,0.0,True,5,5223,1,0,3,5,1,0,0,0,1,0,0,299.0,0,1,0,0,1,1,0,0
1,27.5,0,0.0,0.0,0.0,0.0,0.0,True,1,5223,2,0,3,5,1,0,0,0,1,0,0,0.0,1,3,0,0,1,0,1,0
1,8.0,0,0.0,0.0,0.0,0.0,0.0,True,1,5223,3,0,3,5,1,0,0,0,1,0,0,0.0,1,3,0,0,1,0,0,1
0,24.0,0,0.0,0.0,56.0,564.0,880.0,False,3,5224,1,1,1,5,1,0,0,0,1,0,0,1500.0,0,0,1,0,0,0,0,1
1,30.0,0,0.0,0.0,0.0,0.0,0.0,True,4,5225,1,1,1,4,1,0,1,0,0,0,0,0.0,1,3,0,0,1,0,0,1
1,24.0,0,0.0,0.0,0.0,0.0,0.0,True,3,5226,1,1,1,6,1,0,0,1,0,0,0,0.0,1,3,1,0,0,0,1,0
1,13.0,0,0.0,0.0,0.0,0.0,0.0,True,2,5227,1,1,1,6,1,0,0,1,0,0,0,0.0,1,3,1,0,0,0,0,1
0,16.0,0,0.0,0.0,19.0,971.0,0.0,False,2,5229,1,1,1,4,1,0,1,0,0,0,0,990.0,0,2,1,0,0,0,0,1
0,23.0,0,263.0,0.0,1548.0,44.0,0.0,True,3,5230,1,1,1,5,1,0,0,0,1,0,0,1855.0,0,0,0,0,1,0,0,1
0,16.0,0,271.0,0.0,2251.0,117.0,0.0,True,2,5234,1,1,1,5,0,0,0,0,1,0,0,2639.0,0,0,0,0,1,0,0,1
0,29.0,0,30.0,0.0,605.0,267.0,6.0,False,4,5235,1,1,1,6,0,0,0,1,0,0,0,908.0,0,2,1,0,0,0,0,1
0,46.0,0,1.0,0.0,898.0,0.0,96.0,True,5,5236,1,1,1,4,0,0,1,0,0,0,0,995.0,0,2,1,0,0,0,0,1
1,13.0,0,0.0,0.0,0.0,0.0,0.0,False,2,5238,1,1,1,6,0,0,0,1,0,0,0,0.0,1,3,1,0,0,0,1,0
1,22.0,0,0.0,0.0,0.0,0.0,0.0,True,3,5239,1,1,1,6,1,0,0,1,0,0,0,0.0,1,3,1,0,0,0,0,1
1,29.0,0,0.0,0.0,0.0,0.0,0.0,True,4,5240,1,1,1,6,1,0,0,1,0,0,0,0.0,1,3,1,0,0,0,0,1
1,46.0,0,0.0,0.0,0.0,0.0,0.0,True,5,5242,1,1,1,6,1,0,0,1,0,0,0,0.0,1,3,1,0,0,0,0,1
0,24.0,0,1231.0,0.0,0.0,1.0,3.0,True,3,5243,1,0,2,5,1,0,0,0,1,0,0,1235.0,0,2,1,0,0,0,0,1
1,33.0,0,0.0,0.0,0.0,0.0,0.0,True,5,5243,2,0,2,6,1,0,0,1,0,0,0,0.0,1,3,1,0,0,0,0,1
0,38.0,0,218.0,0.0,586.0,770.0,0.0,False,5,5244,1,1,1,5,1,0,0,0,1,0,0,1574.0,0,0,0,0,1,0,0,1
1,57.0,0,0.0,0.0,0.0,0.0,0.0,True,6,5246,1,0,2,6,0,0,0,1,0,0,0,0.0,1,3,1,0,0,0,0,1
0,57.0,0,0.0,13.0,643.0,47.0,0.0,True,6,5246,2,0,2,5,0,0,0,0,1,0,0,703.0,0,1,1,0,0,0,0,1
0,38.0,0,6.0,2324.0,0.0,0.0,0.0,True,5,5247,1,1,1,6,0,0,0,1,0,0,0,2330.0,0,0,1,0,0,0,0,1
0,28.0,0,607.0,0.0,0.0,227.0,0.0,True,4,5248,1,1,1,6,1,0,0,1,0,0,0,834.0,0,2,1,0,0,0,0,1
0,25.0,0,922.0,0.0,1.0,91.0,0.0,False,3,5249,1,1,1,4,0,0,1,0,0,0,0,1014.0,0,2,0,0,1,0,0,1
1,22.0,0,0.0,0.0,0.0,0.0,0.0,True,3,5250,1,1,1,5,1,0,0,0,1,0,0,0.0,1,3,0,0,1,0,0,1
0,33.0,0,705.0,0.0,1905.0,13.0,0.0,True,5,5251,1,1,1,5,0,0,0,0,1,0,0,2623.0,0,0,0,0,1,0,0,1
0,35.0,0,202.0,1309.0,60.0,0.0,0.0,True,5,5252,1,1,1,5,1,0,0,0,1,0,0,1571.0,0,0,1,0,0,0,0,1
0,24.0,0,290.0,64.0,413.0,35.0,0.0,True,3,5253,1,1,1,5,1,0,0,0,1,0,0,802.0,0,2,1,0,0,0,0,1
1,31.0,0,0.0,0.0,0.0,0.0,0.0,True,4,5254,1,0,4,1,1,1,0,0,0,0,0,0.0,1,3,0,1,0,0,0,1
1,16.0,0,0.0,0.0,0.0,0.0,0.0,True,2,5254,2,0,4,1,1,1,0,0,0,0,0,0.0,1,3,0,1,0,0,0,1
1,28.0,0,0.0,0.0,0.0,0.0,0.0,True,4,5254,3,0,4,5,1,0,1,0,0,0,0,0.0,1,3,0,1,0,0,0,1
0,8.0,0,0.0,0.0,0.0,0.0,0.0,True,1,5254,4,0,4,1,1,1,0,0,0,0,0,0.0,1,3,0,1,0,1,0,0
1,20.0,0,0.0,0.0,0.0,0.0,0.0,True,3,5255,1,1,1,5,1,0,0,0,1,0,0,0.0,1,3,0,0,1,0,0,1
0,26.0,0,41.0,0.0,444.0,572.0,0.0,False,4,5256,1,1,1,3,1,1,0,0,0,0,0,1057.0,0,2,0,0,1,0,0,1
0,43.0,0,0.0,1001.0,0.0,2393.0,0.0,False,5,5257,1,1,1,1,0,1,0,0,0,0,0,3394.0,0,0,0,1,0,1,0,0
0,70.0,0,241.0,1065.0,0.0,2290.0,2.0,True,6,5258,1,1,1,2,1,1,0,0,0,0,0,3598.0,0,0,0,1,0,0,0,1
1,17.0,0,0.0,0.0,0.0,0.0,0.0,True,2,5260,1,1,1,6,0,0,0,1,0,0,0,0.0,1,3,1,0,0,1,0,0
1,14.0,0,0.0,0.0,0.0,0.0,0.0,True,2,5262,1,1,1,6,0,0,0,1,0,0,0,0.0,1,3,1,0,0,0,0,1
1,21.0,0,0.0,0.0,0.0,0.0,0.0,True,3,5264,1,0,2,6,1,0,0,1,0,0,0,0.0,1,3,1,0,0,0,0,1
0,37.0,0,0.0,0.0,163.0,0.0,486.0,True,5,5264,2,0,2,5,1,0,0,0,1,0,0,649.0,0,1,1,0,0,1,0,0
0,15.0,0,0.0,400.0,0.0,0.0,702.0,False,2,5265,1,1,1,5,0,0,0,0,1,0,0,1102.0,0,2,1,0,0,0,0,1
0,20.0,0,0.0,290.0,0.0,1866.0,217.0,False,3,5266,1,0,2,0,1,1,0,0,0,0,0,2373.0,0,0,0,1,0,1,0,0
0,36.0,1,13.0,196.0,3.0,0.0,12323.0,False,5,5266,2,0,2,2,1,1,0,0,0,0,0,12535.0,0,0,0,1,0,1,0,0
0,14.0,0,0.0,56.0,0.0,0.0,2.0,True,2,5268,1,1,1,5,1,0,0,0,1,0,0,58.0,0,1,1,0,0,0,0,1
0,21.0,0,38.0,1.0,591.0,1.0,31.0,True,3,5269,1,1,1,4,1,0,1,0,0,0,0,662.0,0,1,1,0,0,0,0,1
0,28.0,0,89.0,3.0,571.0,258.0,0.0,False,4,5271,1,1,1,5,0,0,0,0,1,0,0,921.0,0,2,1,0,0,0,0,1
1,20.0,0,0.0,0.0,0.0,0.0,0.0,True,3,5272,1,1,1,5,0,0,0,0,1,0,0,0.0,1,3,0,0,1,0,0,1
0,26.0,0,0.0,0.0,827.0,1.0,0.0,False,4,5273,1,1,1,5,0,0,0,0,1,0,0,828.0,0,2,1,0,0,0,0,1
0,25.0,0,662.0,34.0,0.0,79.0,148.0,False,3,5274,1,1,1,5,0,0,0,0,1,0,0,923.0,0,2,1,0,0,0,0,1
0,29.0,0,0.0,10.0,0.0,594.0,120.0,False,4,5275,1,1,1,5,1,0,0,0,1,0,0,724.0,0,2,1,0,0,0,0,1
0,39.0,1,0.0,2868.0,0.0,5.0,1968.0,True,5,5276,1,1,1,1,0,1,0,0,0,0,0,4841.0,0,0,0,1,0,1,0,0
0,18.0,0,0.0,0.0,0.0,87.0,1232.0,True,2,5277,1,1,1,5,0,0,0,0,1,0,0,1319.0,0,2,1,0,0,0,0,1
1,37.0,0,0.0,0.0,0.0,0.0,0.0,True,5,5278,1,1,1,1,1,1,0,0,0,0,0,0.0,1,3,0,1,0,1,0,0
0,28.0,0,467.0,0.0,0.0,0.0,307.0,False,4,5279,1,1,1,6,0,0,0,1,0,0,0,774.0,0,2,1,0,0,0,0,1
0,18.0,0,0.0,0.0,2728.0,0.0,0.0,True,2,5280,1,1,1,5,1,0,0,0,1,0,0,2728.0,0,0,1,0,0,0,0,1
0,30.0,0,0.0,6.0,621.0,0.0,433.0,False,4,5281,1,1,1,5,0,0,0,0,1,0,0,1060.0,0,2,1,0,0,0,0,1
0,35.0,0,35.0,0.0,14.0,0.0,816.0,True,5,5282,1,0,3,4,1,0,1,0,0,0,0,865.0,0,2,1,0,0,0,0,1
0,26.0,0,0.0,196.0,0.0,0.0,487.0,True,4,5282,2,0,3,5,1,0,0,0,1,0,0,683.0,0,1,1,0,0,0,0,1
1,0.0,0,0.0,0.0,0.0,0.0,0.0,True,0,5282,3,0,3,6,1,0,0,1,0,0,0,0.0,1,3,1,0,0,1,0,0
0,42.0,0,0.0,0.0,0.0,214.0,50.0,True,5,5287,1,1,1,6,1,0,0,1,0,0,0,264.0,0,1,1,0,0,0,1,0
0,36.0,0,1.0,716.0,3.0,0.0,57.0,True,5,5288,1,1,1,5,0,0,0,0,1,0,0,777.0,0,2,1,0,0,0,0,1
0,31.0,0,1177.0,2.0,0.0,0.0,1.0,False,4,5290,1,1,1,5,0,0,0,0,1,0,0,1180.0,0,2,1,0,0,0,0,1
0,27.0,0,3905.0,7.0,0.0,4.0,53.0,False,4,5291,1,1,1,6,0,0,0,1,0,0,0,3969.0,0,0,1,0,0,1,0,0
0,25.0,0,0.0,4313.0,0.0,175.0,60.0,True,3,5292,1,1,1,2,1,1,0,0,0,0,0,4548.0,0,0,0,1,0,0,0,1
1,32.0,0,0.0,0.0,0.0,0.0,0.0,True,4,5297,1,1,1,6,0,0,0,1,0,0,0,0.0,1,3,1,0,0,0,0,1
1,14.0,0,0.0,0.0,0.0,0.0,0.0,True,2,5298,1,1,1,6,1,0,0,1,0,0,0,0.0,1,3,1,0,0,0,0,1
1,16.0,0,0.0,0.0,0.0,0.0,0.0,True,2,5299,1,1,1,6,1,0,0,1,0,0,0,0.0,1,3,1,0,0,0,0,1
1,51.0,0,0.0,0.0,0.0,0.0,0.0,True,6,5300,1,1,1,6,1,0,0,1,0,0,0,0.0,1,3,1,0,0,1,0,0
1,21.0,0,0.0,0.0,0.0,0.0,0.0,True,3,5301,1,0,2,1,0,1,0,0,0,0,0,0.0,1,3,0,1,0,0,0,1
1,31.0,0,0.0,0.0,0.0,0.0,0.0,True,4,5301,2,0,2,1,0,1,0,0,0,0,0,0.0,1,3,0,1,0,1,0,0
0,9.0,0,0.0,0.0,0.0,0.0,0.0,False,1,5303,1,0,5,5,1,0,1,0,0,0,0,0.0,1,3,1,0,0,0,0,1
0,7.0,0,0.0,0.0,0.0,0.0,0.0,True,1,5303,2,0,5,6,0,0,0,1,0,0,0,0.0,1,3,1,0,0,0,0,1
0,3.0,0,0.0,0.0,0.0,0.0,0.0,True,0,5303,3,0,5,6,0,0,0,1,0,0,0,0.0,1,3,1,0,0,0,0,1
1,2.0,0,0.0,0.0,0.0,0.0,0.0,True,0,5303,4,0,5,6,0,0,0,1,0,0,0,0.0,1,3,1,0,0,0,0,1
0,7.0,0,0.0,0.0,0.0,0.0,0.0,False,1,5303,5,0,5,6,0,0,0,1,0,0,0,0.0,1,3,1,0,0,1,0,0
0,18.0,0,1744.0,0.0,8.0,8.0,0.0,False,2,5304,1,0,2,5,1,0,0,0,1,0,0,1760.0,0,0,0,0,1,0,0,1
1,33.0,0,0.0,0.0,0.0,0.0,0.0,True,5,5304,2,0,2,5,1,0,0,0,1,0,0,0.0,1,3,0,0,1,0,0,1
0,23.0,0,0.0,2891.0,0.0,6.0,0.0,True,3,5305,1,1,1,5,0,0,0,0,1,0,0,2897.0,0,0,1,0,0,0,0,1
1,13.0,0,0.0,0.0,0.0,0.0,0.0,True,2,5307,1,1,1,1,1,1,0,0,0,0,0,0.0,1,3,0,1,0,0,0,1
0,32.0,0,4702.0,0.0,449.0,190.0,0.0,False,4,5310,1,1,1,5,1,0,0,0,1,0,0,5341.0,0,0,0,0,1,0,0,1
1,27.0,0,0.0,0.0,0.0,0.0,0.0,True,4,5312,1,1,1,1,0,1,0,0,0,0,0,0.0,1,3,0,1,0,0,0,1
0,23.0,0,0.0,491.0,0.0,61.0,0.0,True,3,5313,1,1,1,5,0,0,0,0,1,0,0,552.0,0,1,1,0,0,0,0,1
0,25.0,0,0.0,3625.0,0.0,0.0,168.0,True,3,5314,1,1,1,2,1,1,0,0,0,0,0,3793.0,0,0,0,1,0,0,0,1
0,18.0,0,454.0,0.0,0.0,324.0,0.0,False,2,5315,1,1,1,5,0,0,0,0,1,0,0,778.0,0,2,1,0,0,0,0,1
1,23.0,0,0.0,0.0,0.0,0.0,0.0,True,3,5316,1,1,1,5,0,0,0,0,1,0,0,0.0,1,3,0,0,1,1,0,0
1,31.0,0,0.0,0.0,0.0,0.0,0.0,True,4,5320,1,0,2,4,0,0,1,0,0,0,0,0.0,1,3,0,1,0,1,0,0
0,32.0,0,0.0,1301.0,0.0,94.0,356.0,False,4,5320,2,0,2,4,0,0,1,0,0,0,0,1751.0,0,0,0,1,0,0,0,1
1,22.0,0,0.0,0.0,0.0,0.0,0.0,True,3,5322,1,1,1,5,0,0,0,0,1,0,0,0.0,1,3,0,0,1,0,0,1
1,38.0,0,0.0,0.0,0.0,0.0,0.0,True,5,5323,1,1,1,5,0,0,0,0,1,0,0,0.0,1,3,0,0,1,0,0,1
0,21.0,0,751.0,5.0,0.0,1.0,0.0,True,3,5325,1,1,1,5,1,0,0,0,1,0,0,757.0,0,2,1,0,0,0,1,0
1,28.0,0,0.0,0.0,0.0,0.0,0.0,True,4,5326,1,1,1,5,0,0,0,0,1,0,0,0.0,1,3,0,0,1,0,0,1
0,38.0,0,0.0,0.0,0.0,0.0,0.0,False,5,5327,1,1,1,1,0,1,0,0,0,0,0,0.0,1,3,0,1,0,0,0,1
0,20.0,0,0.0,0.0,708.0,101.0,0.0,True,3,5330,1,1,1,5,0,0,0,0,1,0,0,809.0,0,2,1,0,0,0,0,1
0,23.0,0,0.0,1.0,292.0,0.0,340.0,False,3,5331,1,1,1,5,0,0,0,0,1,0,0,633.0,0,1,1,0,0,0,0,1
0,48.0,0,456.0,0.0,39.0,0.0,5.0,True,5,5333,1,1,1,6,0,0,0,1,0,0,0,500.0,0,1,1,0,0,0,0,1
1,15.0,0,0.0,0.0,0.0,0.0,0.0,True,2,5334,1,0,2,6,1,0,0,1,0,0,0,0.0,1,3,1,0,0,1,0,0
0,30.0,0,0.0,674.0,39.0,0.0,10.0,True,4,5334,2,0,2,6,1,0,0,1,0,0,0,723.0,0,2,1,0,0,0,0,1
0,40.0,0,286.0,0.0,2299.0,12.0,0.0,True,5,5337,1,1,1,5,1,0,0,0,1,0,0,2597.0,0,0,0,0,1,0,0,1
0,36.0,0,0.0,0.0,33.0,677.0,0.0,False,5,5340,1,1,1,6,1,0,0,1,0,0,0,710.0,0,1,1,0,0,0,0,1
1,20.0,0,0.0,0.0,0.0,0.0,0.0,True,3,5341,1,1,1,6,1,0,0,1,0,0,0,0.0,1,3,1,0,0,0,0,1
0,17.0,0,13.0,0.0,565.0,367.0,1.0,False,2,5343,1,1,1,4,0,0,1,0,0,0,0,946.0,0,2,0,0,1,0,0,1
0,38.0,0,0.0,439.0,0.0,434.0,10074.0,False,5,5344,1,0,2,2,0,1,0,0,0,0,0,10947.0,0,0,0,1,0,1,0,0
1,38.0,0,0.0,0.0,0.0,0.0,0.0,True,5,5344,2,0,2,2,0,1,0,0,0,0,0,0.0,1,3,0,1,0,1,0,0
0,14.0,0,809.0,0.0,59.0,0.0,0.0,False,2,5345,1,0,2,3,0,1,0,0,0,0,0,868.0,0,2,0,0,1,0,0,1
0,14.0,0,134.0,0.0,6.0,1450.0,0.0,False,2,5345,2,0,2,4,0,0,1,0,0,0,0,1590.0,0,0,0,0,1,0,0,1
0,21.0,0,37.0,0.0,31.0,696.0,63.0,True,3,5346,1,1,1,4,0,0,1,0,0,0,0,827.0,0,2,1,0,0,0,0,1
0,18.0,0,0.0,3770.0,0.0,287.0,3491.0,False,2,5347,1,1,1,2,0,1,0,0,0,0,0,7548.0,0,0,0,1,0,0,0,1
0,26.0,0,164.0,0.0,853.0,0.0,39.0,True,4,5348,1,1,1,3,0,1,0,0,0,0,0,1056.0,0,2,0,0,1,0,0,1
0,35.0,0,25.0,866.0,0.0,3198.0,459.0,False,5,5350,1,1,1,2,0,1,0,0,0,0,0,4548.0,0,0,0,1,0,0,0,1
0,46.0,0,1082.0,80.0,1177.0,0.0,323.0,False,5,5351,1,1,1,5,1,0,0,0,1,0,0,2662.0,0,0,0,0,1,1,0,0
1,13.0,0,0.0,0.0,0.0,0.0,0.0,True,2,5353,1,0,2,1,1,1,0,0,0,0,0,0.0,1,3,0,1,0,1,0,0
0,39.0,0,43.0,9365.0,144.0,0.0,118.0,True,5,5353,2,0,2,1,1,1,0,0,0,0,0,9670.0,0,0,0,1,0,0,0,1
0,49.0,0,1690.0,0.0,85.0,0.0,0.0,False,5,5354,1,0,2,3,1,1,0,0,0,0,0,1775.0,0,0,0,0,1,0,1,0
0,28.0,0,0.0,0.0,0.0,0.0,0.0,False,4,5354,2,0,2,4,1,0,1,0,0,0,0,0.0,1,3,0,0,1,0,0,1
0,27.0,0,0.0,686.0,0.0,101.0,9.0,True,4,5355,1,0,2,5,0,0,0,0,1,0,0,796.0,0,2,1,0,0,0,0,1
1,21.0,0,0.0,0.0,0.0,0.0,0.0,True,3,5355,2,0,2,6,0,0,0,1,0,0,0,0.0,1,3,1,0,0,0,0,1
0,29.0,0,0.0,32.0,0.0,4517.0,0.0,False,4,5356,1,1,1,4,1,0,1,0,0,0,0,4549.0,0,0,1,0,0,0,0,1
0,27.0,0,0.0,45.0,225.0,14.0,519.0,False,4,5359,1,1,1,5,0,0,0,0,1,0,0,803.0,0,2,1,0,0,0,0,1
1,38.0,0,0.0,0.0,0.0,0.0,0.0,True,5,5360,1,1,1,5,0,0,0,0,1,0,0,0.0,1,3,0,0,1,0,0,1
0,18.0,0,0.0,0.0,0.0,150.0,0.0,True,2,5361,1,1,1,5,0,0,0,0,1,0,0,150.0,0,1,1,0,0,0,1,0
1,35.0,0,0.0,0.0,0.0,0.0,0.0,True,5,5362,1,1,1,4,0,0,1,0,0,0,0,0.0,1,3,0,1,0,1,0,0
1,37.0,0,0.0,0.0,0.0,0.0,0.0,True,5,5363,1,1,1,5,0,0,0,0,1,0,0,0.0,1,3,0,0,1,0,0,1
0,60.0,0,943.0,53.0,0.0,0.0,0.0,False,6,5365,1,1,1,4,0,0,1,0,0,0,0,996.0,0,2,1,0,0,0,0,1
1,31.0,0,0.0,0.0,0.0,0.0,0.0,True,4,5366,1,1,1,4,0,0,1,0,0,0,0,0.0,1,3,0,1,0,0,0,1
1,4.0,0,0.0,0.0,0.0,0.0,0.0,True,0,5367,1,0,3,2,1,1,0,0,0,0,0,0.0,1,3,0,1,0,0,0,1
0,34.0,0,0.0,3195.0,0.0,102.0,1469.0,True,5,5367,2,0,3,2,1,1,0,0,0,0,0,4766.0,0,0,0,1,0,0,0,1
0,46.0,0,0.0,8221.0,0.0,1010.0,160.0,True,5,5367,3,0,3,2,1,1,0,0,0,0,0,9391.0,0,0,0,1,0,1,0,0
0,18.0,0,0.0,0.0,55.0,2288.0,1.0,False,2,5368,1,1,1,6,1,0,0,1,0,0,0,2344.0,0,0,1,0,0,0,0,1
0,38.0,0,0.0,0.0,363.0,7.0,3.0,False,5,5372,1,1,1,4,1,0,1,0,0,0,0,373.0,0,1,0,0,1,0,0,1
0,29.0,0,0.0,61.0,942.0,2.0,0.0,True,4,5374,1,1,1,5,1,0,0,0,1,0,0,1005.0,0,2,1,0,0,0,0,1
1,13.0,0,0.0,0.0,0.0,0.0,0.0,True,2,5375,1,0,2,2,1,1,0,0,0,0,0,0.0,1,3,0,1,0,0,0,1
1,26.0,0,0.0,0.0,0.0,0.0,0.0,True,4,5375,2,0,2,2,1,1,0,0,0,0,0,0.0,1,3,0,1,0,0,0,1
0,30.0,0,0.0,95.0,0.0,1202.0,5558.0,False,4,5378,1,1,1,2,0,1,0,0,0,0,0,6855.0,0,0,0,1,0,0,0,1
0,42.0,0,0.0,0.0,8.0,3409.0,0.0,False,5,5379,1,1,1,5,1,0,0,0,1,0,0,3417.0,0,0,1,0,0,0,0,1
0,36.0,0,386.0,0.0,756.0,6.0,0.0,False,5,5380,1,1,1,5,0,0,0,0,1,0,0,1148.0,0,2,0,0,1,0,0,1
0,23.0,0,253.0,0.0,1175.0,3.0,0.0,False,3,5383,1,1,1,5,0,0,0,0,1,0,0,1431.0,0,2,1,0,0,1,0,0
0,34.0,1,0.0,5210.0,0.0,1332.0,2.0,True,5,5384,1,0,2,0,1,1,0,0,0,0,0,6544.0,0,0,0,1,0,0,0,1
0,26.0,0,0.0,4894.0,0.0,62.0,85.0,True,4,5384,2,0,2,0,1,1,0,0,0,0,0,5041.0,0,0,0,1,0,0,0,1
0,31.0,0,2048.0,0.0,1040.0,136.0,0.0,False,4,5385,1,1,1,3,0,1,0,0,0,0,0,3224.0,0,0,0,0,1,0,0,1
0,48.0,0,581.0,6.0,1.0,158.0,0.0,False,5,5387,1,1,1,3,0,1,0,0,0,0,0,746.0,0,2,0,0,1,0,0,1
1,10.0,0,0.0,0.0,0.0,0.0,0.0,True,1,5388,1,1,1,6,1,0,0,1,0,0,0,0.0,1,3,1,0,0,0,0,1
0,27.0,0,2.0,0.0,1320.0,0.0,26.0,True,4,5389,1,0,2,5,0,0,0,0,1,0,0,1348.0,0,2,0,0,1,0,0,1
0,32.0,0,2497.0,0.0,101.0,0.0,0.0,False,4,5389,2,0,2,5,0,0,0,0,1,0,0,2598.0,0,0,0,0,1,0,0,1
1,24.0,0,0.0,0.0,0.0,0.0,0.0,True,3,5390,1,0,3,6,1,0,0,1,0,0,0,0.0,1,3,1,0,0,0,0,1
1,20.0,0,0.0,0.0,0.0,0.0,0.0,True,3,5390,2,0,3,6,1,0,0,1,0,0,0,0.0,1,3,1,0,0,0,1,0
0,48.0,0,83.0,110.0,0.0,690.0,8.0,True,5,5390,3,0,3,5,1,0,0,0,1,0,0,891.0,0,2,1,0,0,0,0,1
0,35.0,1,628.0,6.0,528.0,136.0,0.0,False,5,5392,1,1,1,4,1,0,1,0,0,0,0,1298.0,0,2,0,0,1,0,0,1
0,14.0,0,246.0,0.0,2153.0,0.0,0.0,True,2,5394,1,1,1,3,0,1,0,0,0,0,0,2399.0,0,0,0,0,1,0,0,1
0,28.0,0,4.0,0.0,2574.0,0.0,0.0,True,4,5395,1,1,1,3,0,1,0,0,0,0,0,2578.0,0,0,0,0,1,0,0,1
0,27.0,0,743.0,378.0,8.0,0.0,0.0,False,5,5396,1,1,1,5,0,0,0,0,1,0,0,1129.0,0,2,0,0,1,0,0,1
1,42.0,0,0.0,0.0,0.0,0.0,0.0,True,5,5397,1,0,3,3,1,1,0,0,0,0,0,0.0,1,3,0,0,1,0,0,1
1,8.0,0,0.0,0.0,0.0,0.0,0.0,True,1,5397,2,0,3,3,1,1,0,0,0,0,0,0.0,1,3,0,0,1,0,0,1
1,30.0,0,0.0,0.0,0.0,0.0,0.0,True,4,5397,3,0,3,3,1,1,0,0,0,0,0,0.0,1,3,0,0,1,1,0,0
0,44.0,0,0.0,0.0,5.0,30.0,777.0,False,5,5401,1,1,1,6,0,0,0,1,0,0,0,812.0,0,2,1,0,0,0,0,1
0,40.0,0,1269.0,0.0,75.0,0.0,4.0,False,5,5402,1,1,1,5,1,0,0,0,1,0,0,1348.0,0,2,0,0,1,0,0,1
0,38.0,0,766.0,38.0,0.0,0.0,0.0,False,5,5404,1,1,1,5,0,0,0,0,1,0,0,804.0,0,2,1,0,0,0,0,1
0,22.0,0,2.0,46.0,0.0,483.0,67.0,False,3,5406,1,1,1,5,1,0,0,0,1,0,0,598.0,0,1,1,0,0,0,1,0
0,32.0,0,1781.0,0.0,654.0,580.0,0.0,False,4,5408,1,0,2,3,0,1,0,0,0,0,0,3015.0,0,0,0,0,1,0,0,1
0,16.0,0,2116.0,0.0,350.0,0.0,901.0,False,2,5408,2,0,2,3,0,1,0,0,0,0,0,3367.0,0,0,0,0,1,0,0,1
0,33.0,0,748.0,130.0,1047.0,458.0,0.0,False,5,5410,1,1,1,3,1,1,0,0,0,0,0,2383.0,0,0,0,0,1,0,0,1
0,38.0,0,20.0,3960.0,153.0,280.0,1674.0,False,5,5411,1,1,1,1,1,1,0,0,0,0,0,6087.0,0,0,0,1,0,0,0,1
0,23.0,0,0.0,806.0,0.0,2.0,0.0,True,3,5412,1,1,1,6,0,0,0,1,0,0,0,808.0,0,2,1,0,0,0,0,1
0,16.0,0,3.0,595.0,0.0,9.0,321.0,True,2,5413,1,1,1,6,0,0,0,1,0,0,0,928.0,0,2,1,0,0,0,0,1
0,16.0,0,481.0,0.0,166.0,0.0,122.0,False,2,5414,1,0,5,6,0,0,0,1,0,0,0,769.0,0,2,1,0,0,0,1,0
0,11.0,0,0.0,0.0,0.0,0.0,0.0,False,1,5414,2,0,5,6,0,0,0,1,0,0,0,0.0,1,3,1,0,0,0,0,1
0,22.0,0,0.0,824.0,0.0,0.0,411.0,False,3,5414,3,0,5,5,0,0,0,0,1,0,0,1235.0,0,2,1,0,0,0,0,1
0,43.0,0,0.0,0.0,0.0,0.0,1544.0,False,5,5414,4,0,5,5,0,0,0,0,1,0,0,1544.0,0,0,1,0,0,0,0,1
1,20.0,0,0.0,0.0,0.0,0.0,0.0,True,3,5414,5,0,5,6,0,0,0,1,0,0,0,0.0,1,3,1,0,0,0,1,0
0,22.0,0,0.0,747.0,8.0,0.0,314.0,False,3,5415,1,1,1,5,0,0,0,0,1,0,0,1069.0,0,2,1,0,0,0,0,1
0,0.0,0,0.0,0.0,0.0,0.0,0.0,True,0,5416,1,0,4,5,0,0,0,0,1,0,0,0.0,1,3,0,0,1,0,0,1
0,30.0,0,138.0,0.0,208.0,952.0,0.0,False,4,5416,2,0,4,4,0,0,1,0,0,0,0,1298.0,0,2,0,0,1,0,0,1
1,18.0,0,0.0,0.0,0.0,0.0,0.0,True,2,5416,3,0,4,5,0,0,0,0,1,0,0,0.0,1,3,0,0,1,0,0,1
0,0.0,0,0.0,0.0,0.0,0.0,0.0,True,0,5416,4,0,4,5,0,0,0,0,1,0,0,0.0,1,3,0,0,1,1,0,0
0,41.0,0,164.0,0.0,1115.0,1.0,18.0,False,5,5418,1,1,1,4,1,0,1,0,0,0,0,1298.0,0,2,0,0,1,0,0,1
0,39.0,0,0.0,829.0,0.0,1.0,0.0,True,5,5420,1,1,1,5,1,0,0,0,1,0,0,830.0,0,2,1,0,0,0,0,1
0,37.0,0,389.0,0.0,1.0,3369.0,3.0,False,5,5421,1,1,1,6,1,0,0,1,0,0,0,3762.0,0,0,1,0,0,0,0,1
1,26.0,0,0.0,0.0,0.0,0.0,0.0,True,4,5422,1,1,1,3,1,1,0,0,0,0,0,0.0,1,3,0,1,0,1,0,0
0,49.0,0,552.0,0.0,7.0,0.0,183.0,False,5,5423,1,0,2,5,0,0,0,0,1,0,0,742.0,0,2,0,0,1,0,0,1
0,28.0,0,142.0,0.0,1878.0,62.0,0.0,True,4,5423,2,0,2,4,0,0,1,0,0,0,0,2082.0,0,0,0,0,1,0,0,1
0,13.0,0,358.0,65.0,599.0,676.0,0.0,False,2,5424,1,0,2,5,0,0,0,0,1,0,0,1698.0,0,0,0,0,1,0,1,0
0,64.0,0,469.0,700.0,2.0,1.0,0.0,False,6,5424,2,0,2,4,0,0,1,0,0,0,0,1172.0,0,2,0,0,1,0,0,1
0,24.0,0,1.0,0.0,11.0,0.0,734.0,False,3,5425,1,1,1,5,1,0,0,0,1,0,0,746.0,0,2,1,0,0,0,1,0
1,18.0,0,0.0,0.0,0.0,0.0,0.0,True,2,5427,1,0,3,5,0,0,0,0,1,0,0,0.0,1,3,0,0,1,0,0,1
0,18.0,0,3458.0,0.0,216.0,0.0,0.0,False,2,5427,2,0,3,5,0,0,0,0,1,0,0,3674.0,0,0,0,0,1,0,0,1
0,25.0,0,948.0,0.0,1.0,170.0,0.0,False,3,5427,3,0,3,5,0,0,0,0,1,0,0,1119.0,0,2,0,0,1,0,0,1
1,19.0,0,0.0,0.0,0.0,0.0,0.0,False,3,5430,1,1,1,6,0,0,0,1,0,0,0,0.0,1,3,1,0,0,0,0,1
0,33.0,0,2.0,0.0,0.0,0.0,720.0,True,5,5431,1,1,1,4,1,0,1,0,0,0,0,722.0,0,2,1,0,0,1,0,0
1,27.0,0,0.0,0.0,0.0,0.0,0.0,True,5,5434,1,1,1,6,0,0,0,1,0,0,0,0.0,1,3,1,0,0,0,0,1
0,50.0,0,846.0,0.0,280.0,280.0,0.0,False,5,5435,1,1,1,5,0,0,0,0,1,0,0,1406.0,0,2,0,0,1,0,0,1
0,30.0,0,0.0,0.0,0.0,2.0,827.0,False,4,5436,1,1,1,5,1,0,1,0,0,0,0,829.0,0,2,1,0,0,0,0,1
0,44.0,0,1267.0,18.0,0.0,3.0,0.0,True,5,5437,1,1,1,5,0,0,0,0,1,0,0,1288.0,0,2,0,0,1,0,0,1
1,52.0,0,0.0,0.0,0.0,0.0,0.0,False,6,5438,1,1,1,6,0,0,0,1,0,0,0,0.0,1,3,1,0,0,0,1,0
1,7.0,0,0.0,0.0,0.0,0.0,0.0,True,1,5440,1,0,3,6,1,0,0,1,0,0,0,0.0,1,3,1,0,0,0,0,1
0,30.0,0,0.0,59.0,18.0,639.0,0.0,False,4,5440,2,0,3,5,1,0,0,0,1,0,0,716.0,0,1,1,0,0,1,0,0
0,27.0,0,1109.0,0.0,0.0,0.0,0.0,False,4,5440,3,0,3,5,1,0,0,0,1,0,0,1109.0,0,2,1,0,0,0,0,1
1,24.0,0,0.0,0.0,0.0,0.0,0.0,True,3,5441,1,1,1,1,1,1,0,0,0,0,0,0.0,1,3,0,1,0,1,0,0
0,13.0,0,4.0,99.0,1.0,0.0,595.0,False,2,5443,1,1,1,5,0,0,0,0,1,0,0,699.0,0,1,1,0,0,1,0,0
0,61.0,0,0.0,53.0,813.0,3.0,0.0,False,6,5445,1,1,1,5,0,0,0,0,1,0,0,869.0,0,2,1,0,0,0,0,1
1,32.0,0,0.0,0.0,0.0,0.0,0.0,True,4,5446,1,1,1,6,0,0,0,1,0,0,0,0.0,1,3,1,0,0,0,0,1
1,17.0,0,0.0,0.0,0.0,0.0,0.0,True,2,5447,1,0,2,5,0,0,0,0,1,0,0,0.0,1,3,0,0,1,1,0,0
1,36.0,0,0.0,0.0,0.0,0.0,0.0,True,5,5447,2,0,2,5,0,0,0,0,1,0,0,0.0,1,3,0,0,1,0,0,1
1,16.0,0,0.0,0.0,0.0,0.0,0.0,True,2,5450,1,1,1,6,0,0,0,1,0,0,0,0.0,1,3,1,0,0,0,1,0
0,21.0,0,0.0,697.0,0.0,0.0,0.0,True,3,5451,1,1,1,5,0,0,0,0,1,0,0,697.0,0,1,1,0,0,0,1,0
0,24.0,0,0.0,0.0,0.0,0.0,0.0,True,3,5452,1,1,1,2,1,1,0,0,0,0,0,0.0,1,3,0,1,0,0,0,1
0,28.0,0,0.0,9.0,0.0,1114.0,5.0,False,4,5453,1,1,1,5,1,0,0,0,1,0,0,1128.0,0,2,1,0,0,1,0,0
0,27.0,0,848.0,1497.0,2.0,0.0,0.0,False,5,5454,1,1,1,4,0,0,1,0,0,0,0,2347.0,0,0,0,0,1,0,0,1
0,13.0,0,9920.0,0.0,180.0,130.0,571.0,False,2,5455,1,1,1,4,0,0,1,0,0,0,0,10801.0,0,0,0,0,1,1,0,0
0,39.0,0,0.0,1.0,0.0,739.0,0.0,False,5,5457,1,1,1,5,0,0,0,0,1,0,0,740.0,0,2,1,0,0,0,0,1
0,24.0,0,0.0,0.0,980.0,7.0,0.0,False,3,5458,1,1,1,4,1,0,1,0,0,0,0,987.0,0,2,1,0,0,0,0,1
0,38.0,0,0.0,347.0,0.0,1545.0,2187.0,False,5,5459,1,1,1,2,1,1,0,0,0,0,0,4079.0,0,0,0,1,0,0,0,1
0,20.0,0,489.0,126.0,663.0,214.0,0.0,False,3,5462,1,1,1,5,0,0,0,0,1,0,0,1492.0,0,0,0,0,1,0,0,1
0,21.0,0,724.0,0.0,0.0,0.0,0.0,True,3,5463,1,1,1,5,1,0,0,0,1,0,0,724.0,0,2,1,0,0,0,0,1
0,27.0,0,1.0,1.0,2196.0,372.0,0.0,False,4,5465,1,0,3,5,0,0,0,0,1,0,0,2570.0,0,0,0,0,1,0,0,1
0,49.0,0,226.0,11.0,2.0,1580.0,0.0,False,5,5465,2,0,3,5,0,0,0,0,1,0,0,1819.0,0,0,0,0,1,0,0,1
1,6.0,0,0.0,0.0,0.0,0.0,0.0,True,1,5465,3,0,3,5,0,0,0,0,1,0,0,0.0,1,3,0,0,1,0,0,1
1,41.0,0,0.0,0.0,0.0,0.0,0.0,True,5,5466,1,0,5,1,0,1,0,0,0,0,0,0.0,1,3,0,1,0,1,0,0
0,33.0,1,0.0,1473.0,1089.0,5700.0,1466.0,False,5,5466,2,0,5,1,0,1,0,0,0,0,0,9728.0,0,0,0,1,0,1,0,0
0,6.0,0,0.0,0.0,0.0,0.0,0.0,True,1,5466,3,0,5,1,0,1,0,0,0,0,0,0.0,1,3,0,1,0,0,0,1
0,35.0,0,0.0,4618.0,0.0,324.0,12061.0,False,5,5466,4,0,5,1,0,1,0,0,0,0,0,17003.0,0,0,0,1,0,1,0,0
0,46.0,0,0.0,4524.0,0.0,243.0,7730.0,False,5,5466,5,0,5,1,0,1,0,0,0,0,0,12497.0,0,0,0,1,0,0,0,1
0,31.0,0,2703.0,21.0,0.0,0.0,1.0,False,4,5467,1,1,1,5,1,0,0,0,1,0,0,2725.0,0,0,1,0,0,0,0,1
1,32.0,0,0.0,0.0,0.0,0.0,0.0,True,4,5468,1,1,1,1,1,1,0,0,0,0,0,0.0,1,3,0,1,0,0,0,1
1,31.0,0,0.0,0.0,0.0,0.0,0.0,True,4,5469,1,1,1,0,0,1,0,0,0,0,0,0.0,1,3,0,1,0,1,0,0
1,20.0,0,0.0,0.0,0.0,0.0,0.0,False,3,5470,1,1,1,6,0,0,0,1,0,0,0,0.0,1,3,1,0,0,0,0,1
0,57.0,0,685.0,0.0,0.0,0.0,0.0,False,6,5471,1,1,1,6,1,0,0,1,0,0,0,685.0,0,1,1,0,0,0,0,1
0,37.0,0,0.0,0.0,559.0,11.0,0.0,True,5,5472,1,1,1,5,1,0,0,0,1,0,0,570.0,0,1,1,0,0,0,1,0
1,21.0,0,0.0,0.0,0.0,0.0,0.0,True,3,5474,1,1,1,5,1,0,1,0,0,0,0,0.0,1,3,1,0,0,0,0,1
0,43.0,0,0.0,0.0,1.0,0.0,0.0,False,5,5475,1,1,1,5,0,0,0,0,1,0,0,1.0,0,1,1,0,0,0,0,1
0,49.0,0,1020.0,0.0,2.0,2.0,0.0,True,5,5476,1,1,1,6,1,0,0,1,0,0,0,1024.0,0,2,1,0,0,0,0,1
0,17.0,0,0.0,150.0,166.0,570.0,0.0,True,2,5477,1,1,1,6,1,0,0,1,0,0,0,886.0,0,2,1,0,0,0,0,1
0,29.0,0,518.0,0.0,10.0,1245.0,0.0,False,4,5478,1,1,1,5,1,0,0,0,1,0,0,1773.0,0,0,0,0,1,0,0,1
1,36.0,0,0.0,0.0,0.0,0.0,0.0,True,5,5479,1,1,1,6,1,0,0,1,0,0,0,0.0,1,3,1,0,0,1,0,0
0,37.0,0,31.0,9307.0,0.0,904.0,11213.0,False,5,5480,1,1,1,5,1,0,1,0,0,0,0,21455.0,0,0,0,1,0,0,0,1
0,17.0,0,2.0,0.0,0.0,0.0,681.0,False,2,5483,1,1,1,5,0,0,0,0,1,0,0,683.0,0,1,1,0,0,0,1,0
1,45.0,0,0.0,0.0,0.0,0.0,0.0,True,5,5484,1,1,1,5,1,0,0,0,1,0,0,0.0,1,3,0,0,1,1,0,0
0,20.0,0,0.0,9.0,82.0,14.0,704.0,False,3,5485,1,1,1,6,0,0,0,1,0,0,0,809.0,0,2,1,0,0,0,0,1
1,24.0,0,0.0,0.0,0.0,0.0,0.0,True,3,5487,1,1,1,5,0,0,0,0,1,0,0,0.0,1,3,0,0,1,0,0,1
1,28.0,0,0.0,0.0,0.0,0.0,0.0,True,4,5488,1,0,4,1,0,1,0,0,0,0,0,0.0,1,3,0,1,0,0,0,1
0,15.0,0,0.0,22.0,6805.0,0.0,531.0,True,2,5488,2,0,4,1,0,1,0,0,0,0,0,7358.0,0,0,0,1,0,0,0,1
0,53.0,0,0.0,6634.0,0.0,5047.0,108.0,False,6,5488,3,0,4,1,0,1,0,0,0,0,0,11789.0,0,0,0,1,0,0,0,1
1,51.0,0,0.0,0.0,0.0,0.0,0.0,True,6,5488,4,0,4,1,0,1,0,0,0,0,0,0.0,1,3,0,1,0,0,0,1
1,14.0,0,0.0,0.0,0.0,0.0,0.0,True,2,5489,1,0,2,6,0,0,0,1,0,0,0,0.0,1,3,1,0,0,0,0,1
1,1.0,0,0.0,0.0,0.0,0.0,0.0,False,0,5489,2,0,2,6,0,0,0,1,0,0,0,0.0,1,3,1,0,0,0,0,1
0,26.0,0,665.0,76.0,0.0,1478.0,0.0,False,4,5490,1,1,1,5,0,0,0,0,1,0,0,2219.0,0,0,0,0,1,0,0,1
0,20.0,0,0.0,0.0,499.0,285.0,103.0,False,3,5491,1,1,1,6,1,0,0,1,0,0,0,887.0,0,2,1,0,0,0,0,1
0,23.0,0,0.0,551.0,59.0,720.0,14.0,False,3,5492,1,1,1,5,1,0,0,0,1,0,0,1344.0,0,2,1,0,0,0,0,1
0,22.0,0,658.0,0.0,0.0,161.0,3.0,True,3,5494,1,1,1,5,1,0,0,0,1,0,0,822.0,0,2,1,0,0,0,0,1
1,22.0,0,0.0,0.0,0.0,0.0,0.0,True,3,5496,1,1,1,6,0,0,0,1,0,0,0,0.0,1,3,1,0,0,1,0,0
1,13.0,0,0.0,0.0,0.0,0.0,0.0,True,2,5497,1,0,2,1,1,1,0,0,0,0,0,0.0,1,3,0,1,0,0,0,1
0,28.0,0,0.0,0.0,0.0,0.0,0.0,True,4,5497,2,0,2,1,1,1,0,0,0,0,0,0.0,1,3,0,1,0,0,0,1
1,40.0,0,0.0,0.0,0.0,0.0,0.0,True,5,5499,1,1,1,6,1,0,0,1,0,0,0,0.0,1,3,1,0,0,0,0,1
0,21.0,0,4027.0,0.0,47.0,83.0,0.0,False,3,5500,1,1,1,3,0,1,0,0,0,0,0,4157.0,0,0,0,0,1,1,0,0
0,35.0,0,702.0,104.0,5.0,76.0,0.0,True,5,5501,1,1,1,6,1,0,0,1,0,0,0,887.0,0,2,1,0,0,0,0,1
0,22.0,0,142.0,1307.0,0.0,0.0,0.0,False,3,5504,1,1,1,5,0,0,0,0,1,0,0,1449.0,0,0,1,0,0,0,0,1
1,37.0,0,0.0,0.0,0.0,0.0,0.0,True,5,5506,1,1,1,3,1,1,0,0,0,0,0,0.0,1,3,0,1,0,0,0,1
0,21.0,0,0.0,0.0,0.0,0.0,0.0,False,3,5507,1,1,1,4,1,0,1,0,0,0,0,0.0,1,3,0,0,1,0,0,1
0,50.0,0,0.0,358.0,0.0,620.0,4.0,False,5,5508,1,1,1,5,1,0,1,0,0,0,0,982.0,0,2,1,0,0,0,0,1
0,27.0,0,0.0,0.0,800.0,0.0,0.0,True,4,5509,1,1,1,5,1,0,0,0,1,0,0,800.0,0,2,1,0,0,0,0,1
1,20.0,0,0.0,0.0,0.0,0.0,0.0,True,3,5510,1,1,1,6,1,0,0,1,0,0,0,0.0,1,3,1,0,0,0,0,1
1,15.0,0,0.0,0.0,0.0,0.0,0.0,True,2,5511,1,0,2,6,0,0,0,1,0,0,0,0.0,1,3,1,0,0,0,0,1
0,25.0,0,39.0,0.0,169.0,20.0,1403.0,False,3,5511,2,0,2,4,0,0,1,0,0,0,0,1631.0,0,0,1,0,0,0,1,0
0,31.0,0,0.0,225.0,0.0,301.0,4090.0,False,4,5512,1,0,2,0,1,1,0,0,0,0,0,4616.0,0,0,0,1,0,1,0,0
0,31.0,0,0.0,8162.0,1044.0,699.0,46.0,True,4,5512,2,0,2,1,1,1,0,0,0,0,0,9951.0,0,0,0,1,0,1,0,0
1,18.0,0,0.0,0.0,0.0,0.0,0.0,True,2,5514,1,0,4,6,1,0,0,1,0,0,0,0.0,1,3,1,0,0,0,0,1
1,2.0,0,0.0,0.0,0.0,0.0,0.0,True,0,5514,2,0,4,6,1,0,0,1,0,0,0,0.0,1,3,1,0,0,0,1,0
0,27.0,0,0.0,6.0,0.0,814.0,107.0,True,4,5514,3,0,4,6,1,0,0,1,0,0,0,927.0,0,2,1,0,0,0,0,1
0,0.0,0,0.0,0.0,0.0,0.0,0.0,True,0,5514,4,0,4,6,1,0,0,1,0,0,0,0.0,1,3,1,0,0,0,0,1
0,22.0,0,758.0,0.0,46.0,0.0,0.0,False,3,5515,1,1,1,5,0,0,0,0,1,0,0,804.0,0,2,1,0,0,0,0,1
0,27.0,0,0.0,0.0,0.0,0.0,0.0,False,5,5517,1,1,1,4,1,0,1,0,0,0,0,0.0,1,3,0,0,1,0,0,1
0,56.0,0,0.0,4.0,778.0,0.0,0.0,True,6,5520,1,1,1,6,1,0,0,1,0,0,0,782.0,0,2,1,0,0,0,0,1
0,28.0,0,0.0,0.0,0.0,676.0,124.0,False,4,5521,1,1,1,5,1,0,0,0,1,0,0,800.0,0,2,1,0,0,0,0,1
0,42.0,0,31.0,0.0,0.0,635.0,0.0,True,5,5522,1,0,3,4,1,0,1,0,0,0,0,666.0,0,1,1,0,0,1,0,0
0,20.0,0,0.0,0.0,0.0,703.0,0.0,True,3,5522,2,0,3,5,1,0,0,0,1,0,0,703.0,0,1,1,0,0,0,0,1
0,27.0,0,508.0,585.0,9.0,669.0,0.0,True,4,5522,3,0,3,5,1,0,0,0,1,0,0,1102.0,0,2,1,0,0,0,0,1
0,29.0,0,0.0,0.0,20.0,0.0,402.0,False,4,5523,1,1,1,6,0,0,0,1,0,0,0,422.0,0,1,1,0,0,0,1,0
0,36.0,0,85.0,0.0,545.0,15.0,0.0,True,5,5524,1,1,1,5,1,0,0,0,1,0,0,645.0,0,1,1,0,0,1,0,0
0,23.0,0,0.0,0.0,4.0,145.0,0.0,False,3,5526,1,0,2,5,1,0,0,0,1,0,0,149.0,0,1,1,0,0,0,0,1
1,64.0,0,0.0,0.0,0.0,0.0,0.0,True,6,5526,2,0,2,6,1,0,0,1,0,0,0,0.0,1,3,1,0,0,0,0,1
0,19.0,0,1.0,1.0,0.0,0.0,1755.0,False,3,5527,1,0,4,6,0,0,0,1,0,0,0,1757.0,0,0,1,0,0,0,0,1
1,1.0,0,0.0,0.0,0.0,0.0,0.0,False,0,5527,2,0,4,6,0,0,0,1,0,0,0,0.0,1,3,1,0,0,1,0,0
1,49.0,0,0.0,0.0,0.0,0.0,0.0,False,5,5527,3,0,4,6,0,0,0,1,0,0,0,0.0,1,3,1,0,0,0,0,1
1,0.0,0,0.0,0.0,0.0,0.0,0.0,True,0,5527,4,0,4,6,0,0,0,1,0,0,0,0.0,1,3,1,0,0,1,0,0
0,18.0,0,0.0,288.0,35.0,0.0,435.0,False,2,5528,1,1,1,5,0,0,0,0,1,0,0,758.0,0,2,1,0,0,0,0,1
0,39.0,0,5645.0,132.0,0.0,1.0,1814.0,False,5,5529,1,1,1,2,0,1,0,0,0,0,0,7592.0,0,0,0,1,0,1,0,0
0,37.0,0,10.0,20.0,868.0,115.0,0.0,False,5,5530,1,0,2,4,0,0,1,0,0,0,0,1013.0,0,2,0,0,1,0,0,1
1,44.0,0,0.0,0.0,0.0,0.0,0.0,True,5,5530,2,0,2,5,0,0,0,0,1,0,0,0.0,1,3,0,0,1,0,0,1
0,43.0,0,817.0,0.0,617.0,0.0,0.0,False,5,5531,1,0,2,5,0,0,0,0,1,0,0,1434.0,0,2,0,0,1,0,1,0
1,33.0,0,0.0,0.0,0.0,0.0,0.0,True,5,5531,2,0,2,5,0,0,0,0,1,0,0,0.0,1,3,0,0,1,0,0,1
0,20.0,0,41.0,222.0,0.0,43.0,601.0,True,3,5535,1,0,3,6,1,0,0,1,0,0,0,907.0,0,2,1,0,0,0,0,1
0,0.0,0,0.0,0.0,0.0,0.0,0.0,True,0,5535,2,0,3,6,1,0,0,1,0,0,0,0.0,1,3,1,0,0,0,0,1
0,4.0,0,0.0,0.0,0.0,0.0,0.0,True,0,5535,3,0,3,6,1,0,0,1,0,0,0,0.0,1,3,1,0,0,1,0,0
1,20.0,0,0.0,0.0,0.0,0.0,0.0,True,3,5536,1,1,1,5,1,0,0,0,1,0,0,0.0,1,3,0,0,1,0,0,1
0,50.0,0,690.0,0.0,30.0,762.0,428.0,False,5,5537,1,1,1,5,1,0,0,0,1,0,0,1910.0,0,0,0,0,1,0,0,1
1,47.0,0,0.0,0.0,0.0,0.0,0.0,True,5,5538,1,0,2,5,0,0,0,0,1,0,0,0.0,1,3,0,0,1,0,0,1
1,17.0,0,0.0,0.0,0.0,0.0,0.0,True,2,5538,2,0,2,5,0,0,0,0,1,0,0,0.0,1,3,0,0,1,0,0,1
0,26.0,0,0.0,1583.0,0.0,232.0,8040.0,False,4,5539,1,1,1,1,0,1,0,0,0,0,0,9855.0,0,0,0,1,0,0,0,1
0,21.0,0,39.0,360.0,0.0,0.0,0.0,True,3,5540,1,1,1,4,1,0,1,0,0,0,0,399.0,0,1,1,0,0,0,0,1
1,20.0,0,0.0,0.0,0.0,0.0,0.0,True,3,5541,1,1,1,5,0,0,0,0,1,0,0,0.0,1,3,0,0,1,0,0,1
1,26.0,0,0.0,0.0,0.0,0.0,0.0,True,4,5543,1,1,1,2,0,1,0,0,0,0,0,0.0,1,3,0,1,0,0,0,1
0,27.0,1,1565.0,0.0,0.0,0.0,145.0,False,5,5544,1,1,1,5,0,0,0,0,1,0,0,1710.0,0,0,0,0,1,0,0,1
0,34.0,0,0.0,0.0,693.0,3.0,77.0,True,5,5545,1,0,3,6,1,0,0,1,0,0,0,773.0,0,2,1,0,0,0,1,0
1,11.0,0,0.0,0.0,0.0,0.0,0.0,True,1,5545,2,0,3,6,1,0,0,1,0,0,0,0.0,1,3,1,0,0,0,0,1
1,0.0,0,0.0,0.0,0.0,0.0,0.0,True,0,5545,3,0,3,6,1,0,0,1,0,0,0,0.0,1,3,1,0,0,0,0,1
0,28.0,0,550.0,5203.0,0.0,2244.0,1624.0,False,4,5546,1,1,1,3,0,1,0,0,0,0,0,9621.0,0,0,0,1,0,1,0,0
0,33.0,0,127.0,745.0,9.0,0.0,0.0,True,5,5550,1,1,1,6,1,0,0,1,0,0,0,881.0,0,2,1,0,0,0,0,1
1,22.0,0,0.0,0.0,0.0,0.0,0.0,True,3,5551,1,1,1,6,0,0,0,1,0,0,0,0.0,1,3,1,0,0,0,0,1
0,28.0,0,0.0,0.0,0.0,0.0,0.0,False,4,5552,1,0,3,5,0,0,0,0,1,0,0,0.0,1,3,0,0,1,0,0,1
1,11.0,0,0.0,0.0,0.0,0.0,0.0,True,1,5552,2,0,3,5,0,0,0,0,1,0,0,0.0,1,3,0,0,1,0,0,1
0,60.0,0,51.0,10.0,754.0,1412.0,137.0,False,6,5552,3,0,3,5,0,0,0,0,1,0,0,2364.0,0,0,0,0,1,0,0,1
0,43.0,0,1.0,0.0,213.0,7.0,701.0,True,5,5555,1,1,1,6,1,0,0,1,0,0,0,922.0,0,2,1,0,0,0,0,1
0,27.0,0,0.0,1.0,667.0,897.0,43.0,False,4,5556,1,1,1,4,1,0,1,0,0,0,0,1608.0,0,0,1,0,0,0,0,1
1,37.0,0,0.0,0.0,0.0,0.0,0.0,True,5,5557,1,1,1,6,0,0,0,1,0,0,0,0.0,1,3,1,0,0,0,0,1
1,23.0,0,0.0,0.0,0.0,0.0,0.0,True,3,5559,1,1,1,6,1,0,0,1,0,0,0,0.0,1,3,1,0,0,1,0,0
0,57.0,0,1696.0,0.0,1006.0,0.0,27.0,False,6,5560,1,1,1,3,1,1,0,0,0,0,0,2729.0,0,0,0,0,1,0,0,1
1,29.0,0,0.0,0.0,0.0,0.0,0.0,True,4,5561,1,0,4,0,0,1,0,0,0,0,0,0.0,1,3,0,1,0,0,0,1
0,28.0,0,0.0,175.0,0.0,214.0,7461.0,False,4,5561,2,0,4,0,0,1,0,0,0,0,0,7850.0,0,0,0,1,0,0,0,1
0,42.0,0,0.0,890.0,2929.0,352.0,4898.0,False,5,5561,3,0,4,0,0,1,0,0,0,0,0,9069.0,0,0,0,1,0,0,0,1
0,43.0,0,7.0,494.0,2473.0,443.0,71.0,False,5,5561,4,0,4,0,0,1,0,0,0,0,0,3488.0,0,0,0,1,0,0,0,1
1,26.0,0,0.0,0.0,0.0,0.0,0.0,True,4,5563,1,1,1,2,0,1,0,0,0,0,0,0.0,1,3,0,1,0,0,0,1
0,72.0,0,2445.0,3023.0,0.0,704.0,20.0,False,6,5566,1,1,1,4,0,0,1,0,0,0,0,6192.0,0,0,0,1,0,1,0,0
0,49.0,0,0.0,3991.0,298.0,289.0,2740.0,False,5,5568,1,0,2,1,0,1,0,0,0,0,0,7318.0,0,0,0,1,0,0,0,1
1,29.0,1,0.0,0.0,0.0,0.0,0.0,True,4,5568,2,0,2,1,0,1,0,0,0,0,0,0.0,1,3,0,1,0,1,0,0
1,18.0,0,0.0,0.0,0.0,0.0,0.0,False,2,5569,1,1,1,6,0,0,0,1,0,0,0,0.0,1,3,1,0,0,0,0,1
0,26.0,0,0.0,406.0,0.0,0.0,503.0,True,4,5571,1,1,1,6,1,0,0,0,1,0,0,909.0,0,2,1,0,0,1,0,0
1,19.0,0,0.0,0.0,0.0,0.0,0.0,True,3,5572,1,1,1,5,0,0,0,0,1,0,0,0.0,1,3,0,0,1,1,0,0
0,18.0,0,749.0,0.0,74.0,0.0,0.0,False,2,5573,1,1,1,5,0,0,0,0,1,0,0,823.0,0,2,1,0,0,1,0,0
0,14.0,0,714.0,237.0,0.0,587.0,1.0,False,2,5574,1,1,1,5,0,0,0,0,1,0,0,1539.0,0,0,1,0,0,1,0,0
0,44.0,0,583.0,0.0,222.0,0.0,1560.0,False,5,5575,1,0,2,5,0,0,0,0,1,0,0,2365.0,0,0,0,0,1,0,0,1
1,34.0,0,0.0,0.0,0.0,0.0,0.0,True,5,5575,2,0,2,5,0,0,0,0,1,0,0,0.0,1,3,0,0,1,0,0,1
1,18.0,0,0.0,0.0,0.0,0.0,0.0,True,2,5578,1,1,1,6,0,0,0,1,0,0,0,0.0,1,3,1,0,0,1,0,0
1,36.0,0,0.0,0.0,0.0,0.0,0.0,True,5,5580,1,1,1,6,1,0,0,0,1,0,0,0.0,1,3,1,0,0,0,1,0
1,27.0,0,0.0,0.0,0.0,0.0,0.0,True,4,5581,1,1,1,1,1,1,0,0,0,0,0,0.0,1,3,0,1,0,1,0,0
0,35.0,0,753.0,335.0,1.0,348.0,0.0,False,5,5582,1,1,1,6,0,0,0,1,0,0,0,1437.0,0,2,1,0,0,0,0,1
0,52.0,0,5.0,3514.0,31.0,601.0,13.0,True,6,5583,1,1,1,3,1,1,0,0,0,0,0,4164.0,0,0,0,1,0,0,0,1
0,22.0,0,688.0,5.0,80.0,0.0,0.0,False,3,5585,1,0,2,6,0,0,0,1,0,0,0,773.0,0,2,1,0,0,0,1,0
0,34.0,0,245.0,0.0,542.0,0.0,19.0,True,5,5585,2,0,2,5,0,0,0,0,1,0,0,806.0,0,2,1,0,0,0,0,1
0,37.0,0,0.0,0.0,6.0,746.0,1.0,False,5,5586,1,1,1,6,0,0,0,1,0,0,0,753.0,0,2,1,0,0,0,1,0
0,22.0,0,654.0,2.0,83.0,0.0,0.0,False,3,5587,1,1,1,5,0,0,0,0,1,0,0,739.0,0,2,1,0,0,1,0,0
0,26.0,0,0.0,786.0,0.0,11.0,83.0,True,4,5589,1,1,1,5,0,0,0,0,1,0,0,880.0,0,2,1,0,0,0,0,1
0,14.0,0,590.0,9.0,0.0,0.0,192.0,False,2,5591,1,1,1,4,1,0,1,0,0,0,0,791.0,0,2,1,0,0,1,0,0
1,53.0,0,0.0,0.0,0.0,0.0,0.0,True,6,5592,1,1,1,5,0,0,0,0,1,0,0,0.0,1,3,0,0,1,1,0,0
0,17.0,0,0.0,823.0,0.0,1168.0,14.0,False,2,5594,1,1,1,5,0,0,0,0,1,0,0,2005.0,0,0,1,0,0,0,0,1
0,30.0,0,0.0,1.0,0.0,870.0,0.0,False,4,5595,1,1,1,5,1,0,0,0,1,0,0,871.0,0,2,1,0,0,0,0,1
0,65.0,0,0.0,722.0,302.0,103.0,2659.0,False,6,5596,1,1,1,3,0,1,0,0,0,0,0,3786.0,0,0,0,1,0,0,0,1
0,19.0,0,0.0,0.0,500.0,2.0,208.0,True,3,5598,1,1,1,6,1,0,0,0,1,0,0,710.0,0,1,1,0,0,0,0,1
0,36.0,0,380.0,686.0,0.0,295.0,1247.0,False,5,5599,1,1,1,4,1,0,1,0,0,0,0,2608.0,0,0,0,1,0,1,0,0
1,3.0,0,0.0,0.0,0.0,0.0,0.0,True,0,5601,1,0,5,6,1,0,0,0,1,0,0,0.0,1,3,1,0,0,0,0,1
0,6.0,0,0.0,0.0,0.0,0.0,0.0,True,1,5601,2,0,5,6,1,0,0,0,1,0,0,0.0,1,3,1,0,0,0,0,1
0,4.0,0,0.0,0.0,0.0,0.0,0.0,True,0,5601,3,0,5,5,1,0,1,0,0,0,0,0.0,1,3,1,0,0,1,0,0
0,21.0,0,958.0,1668.0,82.0,0.0,78.0,True,3,5601,4,0,5,5,1,0,0,0,1,0,0,2786.0,0,0,1,0,0,0,0,1
1,8.0,0,0.0,0.0,0.0,0.0,0.0,True,1,5601,5,0,5,6,1,0,0,0,1,0,0,0.0,1,3,1,0,0,1,0,0
1,35.0,0,0.0,0.0,0.0,0.0,0.0,True,5,5602,1,0,2,1,0,1,0,0,0,0,0,0.0,1,3,0,1,0,0,0,1
0,18.0,0,0.0,3268.0,0.0,436.0,342.0,True,2,5602,2,0,2,1,0,1,0,0,0,0,0,4046.0,0,0,0,1,0,1,0,0
0,34.0,0,170.0,1256.0,0.0,3926.0,7121.0,False,5,5603,1,1,1,4,1,0,1,0,0,0,0,12473.0,0,0,1,0,0,0,0,1
1,45.0,0,0.0,0.0,0.0,0.0,0.0,True,5,5606,1,0,2,1,1,1,0,0,0,0,0,0.0,1,3,0,1,0,1,0,0
0,31.0,0,0.0,1219.0,7.0,104.0,1082.0,True,4,5606,2,0,2,1,1,1,0,0,0,0,0,2412.0,0,0,0,1,0,0,0,1
0,14.0,0,30.0,757.0,115.0,0.0,0.0,True,2,5608,1,1,1,5,0,0,0,0,1,0,0,902.0,0,2,1,0,0,0,0,1
0,23.0,0,765.0,5.0,0.0,0.0,0.0,False,3,5609,1,1,1,6,0,0,0,1,0,0,0,770.0,0,2,1,0,0,0,0,1
1,61.0,0,0.0,0.0,0.0,0.0,0.0,True,6,5610,1,0,2,1,1,1,0,0,0,0,0,0.0,1,3,0,1,0,0,0,1
0,54.0,1,0.0,7996.0,0.0,4549.0,10206.0,False,6,5610,2,0,2,1,1,1,0,0,0,0,0,22751.0,0,0,0,1,0,1,0,0
1,28.0,0,0.0,0.0,0.0,0.0,0.0,True,4,5611,1,0,2,3,1,1,0,0,0,0,0,0.0,1,3,0,1,0,0,0,1
0,46.0,0,0.0,3477.0,0.0,1.0,5543.0,False,5,5611,2,0,2,3,1,1,0,0,0,0,0,9021.0,0,0,0,1,0,0,0,1
0,32.0,0,125.0,874.0,0.0,180.0,1.0,True,4,5613,1,1,1,5,1,0,0,0,1,0,0,1180.0,0,2,1,0,0,0,0,1
1,49.0,0,0.0,0.0,0.0,0.0,0.0,True,5,5614,1,1,1,6,1,0,0,0,1,0,0,0.0,1,3,1,0,0,1,0,0
1,20.0,0,0.0,0.0,0.0,0.0,0.0,True,3,5615,1,1,1,6,1,0,0,0,1,0,0,0.0,1,3,1,0,0,1,0,0
0,25.0,0,458.0,240.0,0.0,239.0,0.0,True,3,5616,1,1,1,5,1,0,0,0,1,0,0,937.0,0,2,1,0,0,0,1,0
0,19.0,0,0.0,785.0,0.0,0.0,19.0,True,3,5618,1,1,1,5,1,0,0,0,1,0,0,804.0,0,2,1,0,0,0,0,1
1,28.0,0,0.0,0.0,0.0,0.0,0.0,True,4,5619,1,1,1,6,1,0,0,0,1,0,0,0.0,1,3,1,0,0,1,0,0
0,68.0,0,0.0,0.0,970.0,0.0,0.0,True,6,5622,1,1,1,5,1,0,0,0,1,0,0,970.0,0,2,1,0,0,0,0,1
1,16.0,0,0.0,0.0,0.0,0.0,0.0,True,2,5623,1,1,1,6,0,0,0,1,0,0,0,0.0,1,3,1,0,0,0,0,1
1,19.0,0,0.0,0.0,0.0,0.0,0.0,False,3,5625,1,0,5,4,0,0,1,0,0,0,0,0.0,1,3,0,0,1,0,0,1
0,49.0,0,0.0,0.0,0.0,0.0,0.0,False,5,5625,2,0,5,4,0,0,1,0,0,0,0,0.0,1,3,0,0,1,0,1,0
0,15.0,0,890.0,9.0,0.0,1250.0,57.0,False,2,5625,3,0,5,4,0,0,1,0,0,0,0,2206.0,0,0,0,0,1,0,0,1
1,26.0,0,0.0,0.0,0.0,0.0,0.0,True,4,5625,4,0,5,4,0,0,1,0,0,0,0,0.0,1,3,0,0,1,0,0,1
0,22.0,0,804.0,0.0,378.0,0.0,0.0,False,3,5625,5,0,5,4,0,0,1,0,0,0,0,1182.0,0,2,0,0,1,0,0,1
1,23.0,0,0.0,0.0,0.0,0.0,0.0,True,3,5626,1,1,1,6,1,0,0,0,1,0,0,0.0,1,3,1,0,0,0,1,0
0,31.0,0,0.0,0.0,0.0,0.0,0.0,False,4,5627,1,1,1,6,0,0,0,1,0,0,0,0.0,1,3,1,0,0,0,0,1
1,27.0,0,0.0,0.0,0.0,0.0,0.0,False,4,5628,1,1,1,6,0,0,0,0,1,0,0,0.0,1,3,1,0,0,0,0,1
1,28.0,0,0.0,0.0,0.0,0.0,0.0,True,4,5629,1,1,1,6,0,0,0,0,1,0,0,0.0,1,3,1,0,0,0,0,1
0,20.0,0,47.0,0.0,0.0,0.0,2711.0,False,3,5631,1,1,1,5,0,0,0,0,1,0,0,2758.0,0,0,1,0,0,0,0,1
0,43.0,0,1.0,8.0,0.0,0.0,715.0,False,5,5637,1,1,1,5,0,0,0,0,1,0,0,724.0,0,2,1,0,0,0,0,1
0,22.0,0,19.0,9.0,0.0,0.0,594.0,True,3,5639,1,1,1,6,1,0,0,0,1,0,0,622.0,0,1,1,0,0,0,0,1
1,27.0,0,0.0,0.0,0.0,0.0,0.0,True,4,5640,1,1,1,4,1,0,1,0,0,0,0,0.0,1,3,0,1,0,0,0,1
1,35.0,0,0.0,0.0,0.0,0.0,0.0,True,5,5642,1,0,2,1,1,1,0,0,0,0,0,0.0,1,3,0,1,0,1,0,0
1,37.0,0,0.0,0.0,0.0,0.0,0.0,True,5,5642,2,0,2,5,1,0,1,0,0,0,0,0.0,1,3,0,1,0,1,0,0
0,24.0,0,158.0,0.0,1594.0,1.0,0.0,True,3,5643,1,0,3,5,1,0,0,0,1,0,0,1753.0,0,0,0,0,1,0,0,1
0,18.0,0,2803.0,0.0,17.0,0.0,0.0,False,2,5643,2,0,3,5,1,0,0,0,1,0,0,2820.0,0,0,0,0,1,1,0,0
0,15.0,0,643.0,0.0,45.0,0.0,10.0,False,2,5643,3,0,3,5,1,0,0,0,1,0,0,698.0,0,1,0,0,1,0,0,1
0,28.0,0,1909.0,0.0,0.0,0.0,6.0,False,4,5644,1,1,1,5,0,0,0,0,1,0,0,1915.0,0,0,0,0,1,0,0,1
0,24.0,0,0.0,117.0,2134.0,0.0,0.0,True,3,5645,1,1,1,5,1,0,0,0,1,0,0,2251.0,0,0,1,0,0,0,0,1
1,39.0,0,0.0,0.0,0.0,0.0,0.0,True,5,5646,1,1,1,5,1,0,0,0,1,0,0,0.0,1,3,0,0,1,1,0,0
1,35.0,0,0.0,1425.0,0.0,0.0,1399.0,True,5,5647,1,0,3,2,0,1,0,0,0,0,0,0.0,1,3,0,1,0,0,0,1
0,52.0,0,0.0,1425.0,31.0,0.0,1320.0,True,6,5647,2,0,3,2,0,1,0,0,0,0,0,2776.0,0,0,0,1,0,1,0,0
0,48.0,0,0.0,1425.0,0.0,2851.0,1478.0,False,5,5647,3,0,3,2,0,1,0,0,0,0,0,4329.0,0,0,0,1,0,0,0,1
0,27.0,0,332.0,918.0,0.0,5.0,4817.0,False,4,5648,1,0,2,2,0,1,0,0,0,0,0,6072.0,0,0,0,1,0,1,0,0
0,50.0,0,0.0,103.0,0.0,240.0,8221.0,False,5,5648,2,0,2,2,0,1,0,0,0,0,0,8564.0,0,0,0,1,0,1,0,0
0,24.0,0,56.0,22.0,285.0,1453.0,0.0,False,3,5650,1,1,1,6,0,0,0,0,1,0,0,1816.0,0,0,1,0,0,0,0,1
0,26.0,0,807.0,0.0,0.0,0.0,40.0,True,4,5651,1,1,1,6,1,0,0,0,1,0,0,847.0,0,2,1,0,0,0,1,0
0,24.0,0,215.0,0.0,0.0,0.0,350.0,False,3,5652,1,1,1,5,0,0,0,0,1,0,0,565.0,0,1,1,0,0,0,0,1
1,15.0,0,0.0,0.0,0.0,0.0,0.0,False,2,5653,1,1,1,6,0,0,0,0,1,0,0,0.0,1,3,1,0,0,0,0,1
0,42.0,0,1188.0,39.0,3.0,3.0,0.0,False,5,5655,1,1,1,5,0,0,0,0,1,0,0,1233.0,0,2,1,0,0,0,1,0
0,51.0,0,0.0,0.0,0.0,0.0,880.0,False,6,5659,1,1,1,5,0,0,0,0,1,0,0,880.0,0,2,1,0,0,0,0,1
0,43.0,0,635.0,53.0,0.0,3.0,0.0,True,5,5661,1,0,2,4,0,0,1,0,0,0,0,691.0,0,1,1,0,0,0,1,0
1,31.0,0,0.0,0.0,0.0,0.0,0.0,False,4,5661,2,0,2,6,0,0,0,0,1,0,0,0.0,1,3,1,0,0,1,0,0
1,14.0,0,0.0,0.0,0.0,0.0,0.0,True,2,5662,1,0,2,6,1,0,0,0,1,0,0,0.0,1,3,1,0,0,0,0,1
0,31.0,0,13.0,0.0,0.0,679.0,0.0,False,4,5662,2,0,2,5,1,0,0,0,1,0,0,692.0,0,1,1,0,0,0,0,1
0,33.0,0,0.0,1513.0,5.0,63.0,144.0,True,5,5663,1,1,1,0,1,1,0,0,0,0,0,1725.0,0,0,0,1,0,0,0,1
0,21.0,0,0.0,496.0,0.0,3867.0,30.0,False,3,5667,1,1,1,6,0,0,0,0,1,0,0,4393.0,0,0,1,0,0,1,0,0
0,13.0,0,56.0,1706.0,15.0,0.0,23.0,False,2,5671,1,1,1,6,0,0,0,0,1,0,0,1800.0,0,0,1,0,0,0,0,1
0,29.0,0,286.0,545.0,0.0,0.0,0.0,True,4,5673,1,1,1,5,1,0,0,0,1,0,0,831.0,0,2,1,0,0,0,0,1
0,22.0,0,0.0,11594.0,0.0,10247.0,1.0,False,3,5674,1,1,1,1,1,1,0,0,0,0,0,21842.0,0,0,0,1,0,0,0,1
0,22.0,0,1035.0,0.0,264.0,0.0,0.0,False,3,5677,1,1,1,4,0,0,1,0,0,0,0,1299.0,0,2,0,0,1,0,0,1
1,18.0,0,0.0,0.0,0.0,0.0,0.0,True,2,5679,1,0,3,6,1,0,0,0,1,0,0,0.0,1,3,1,0,0,0,1,0
1,35.0,0,0.0,0.0,0.0,0.0,0.0,True,5,5679,2,0,3,6,1,0,0,0,1,0,0,0.0,1,3,1,0,0,1,0,0
1,20.0,0,0.0,0.0,0.0,0.0,0.0,True,3,5679,3,0,3,6,1,0,0,0,1,0,0,0.0,1,3,1,0,0,0,0,1
0,18.0,0,0.0,0.0,1609.0,0.0,0.0,True,2,5680,1,1,1,4,0,0,1,0,0,0,0,1609.0,0,0,1,0,0,0,0,1
1,66.0,0,0.0,0.0,0.0,0.0,0.0,True,6,5681,1,1,1,6,1,0,0,0,1,0,0,0.0,1,3,1,0,0,0,0,1
1,33.0,0,0.0,0.0,0.0,0.0,0.0,True,5,5684,1,0,4,1,1,1,0,0,0,0,0,0.0,1,3,0,1,0,0,0,1
1,48.0,0,0.0,0.0,0.0,0.0,0.0,True,5,5684,2,0,4,1,1,1,0,0,0,0,0,0.0,1,3,0,1,0,1,0,0
0,38.0,0,0.0,1198.0,48.0,278.0,1244.0,False,5,5684,3,0,4,1,1,1,0,0,0,0,0,2768.0,0,0,0,1,0,1,0,0
1,62.0,0,0.0,0.0,0.0,0.0,0.0,True,6,5684,4,0,4,1,1,1,0,0,0,0,0,0.0,1,3,0,1,0,0,0,1
1,19.0,0,0.0,0.0,0.0,0.0,0.0,False,3,5685,1,1,1,6,0,0,0,0,1,0,0,0.0,1,3,1,0,0,0,0,1
0,44.0,0,2267.0,0.0,107.0,0.0,0.0,False,5,5686,1,0,2,5,1,0,1,0,0,0,0,2374.0,0,0,0,0,1,1,0,0
0,25.0,0,1410.0,123.0,26.0,9.0,812.0,False,3,5686,2,0,2,3,0,1,0,0,0,0,0,2380.0,0,0,0,0,1,1,0,0
0,15.0,0,348.0,1627.0,0.0,0.0,0.0,False,2,5687,1,1,1,5,0,0,0,0,1,0,0,1975.0,0,0,1,0,0,0,0,1
0,20.0,0,12.0,177.0,1110.0,0.0,0.0,True,3,5688,1,1,1,5,1,0,0,0,1,0,0,1299.0,0,2,1,0,0,0,0,1
0,34.0,0,233.0,0.0,0.0,1054.0,156.0,False,5,5689,1,1,1,5,0,0,0,0,1,0,0,1443.0,0,0,1,0,0,0,0,1
0,23.0,0,821.0,0.0,863.0,664.0,0.0,False,3,5692,1,1,1,4,0,0,1,0,0,0,0,2348.0,0,0,0,0,1,0,0,1
0,45.0,0,0.0,0.0,2332.0,84.0,0.0,True,5,5693,1,1,1,5,1,0,0,0,1,0,0,2416.0,0,0,1,0,0,0,0,1
1,39.0,0,0.0,0.0,0.0,0.0,0.0,True,5,5695,1,1,1,6,1,0,0,0,1,0,0,0.0,1,3,1,0,0,0,0,1
1,33.0,0,0.0,0.0,0.0,0.0,0.0,True,5,5696,1,1,1,6,0,0,0,0,1,0,0,0.0,1,3,1,0,0,0,1,0
0,14.0,0,0.0,0.0,325.0,247.0,305.0,False,2,5698,1,0,2,5,1,0,0,0,1,0,0,877.0,0,2,1,0,0,0,0,1
0,26.0,0,178.0,0.0,3.0,0.0,704.0,True,4,5698,2,0,2,6,1,0,0,0,1,0,0,885.0,0,2,1,0,0,0,0,1
1,47.0,0,0.0,0.0,0.0,0.0,0.0,True,5,5700,1,1,1,6,1,0,0,0,1,0,0,0.0,1,3,1,0,0,0,0,1
1,27.0,0,0.0,0.0,0.0,0.0,0.0,True,5,5701,1,1,1,3,1,1,0,0,0,0,0,0.0,1,3,0,0,1,0,0,1
1,28.0,0,0.0,0.0,0.0,0.0,0.0,True,4,5702,1,1,1,6,0,0,0,0,1,0,0,0.0,1,3,1,0,0,1,0,0
1,22.0,0,0.0,0.0,0.0,0.0,0.0,True,3,5704,1,1,1,6,0,0,0,0,1,0,0,0.0,1,3,1,0,0,0,0,1
1,17.0,0,0.0,0.0,0.0,0.0,0.0,True,2,5705,1,1,1,6,1,0,0,0,1,0,0,0.0,1,3,1,0,0,0,0,1
0,16.0,0,0.0,458.0,725.0,0.0,0.0,True,2,5706,1,0,2,5,1,0,0,0,1,0,0,1183.0,0,2,1,0,0,0,0,1
0,9.0,0,0.0,0.0,0.0,0.0,0.0,True,1,5706,2,0,2,6,1,0,0,0,1,0,0,0.0,1,3,1,0,0,0,0,1
0,15.0,0,0.0,0.0,973.0,29.0,0.0,True,2,5707,1,1,1,5,1,0,0,0,1,0,0,1002.0,0,2,1,0,0,0,0,1
0,33.0,0,0.0,4372.0,0.0,4103.0,0.0,True,5,5709,1,1,1,2,1,1,0,0,0,0,0,8475.0,0,0,0,1,0,0,0,1
0,61.0,0,0.0,166.0,1080.0,0.0,16.0,True,6,5710,1,1,1,5,1,0,0,0,1,0,0,1262.0,0,2,1,0,0,0,0,1
0,19.0,0,0.0,0.0,0.0,692.0,164.0,False,3,5711,1,1,1,5,0,0,0,0,1,0,0,856.0,0,2,1,0,0,0,0,1
1,61.0,0,0.0,0.0,0.0,0.0,0.0,True,6,5712,1,1,1,4,1,0,1,0,0,0,0,0.0,1,3,0,1,0,0,0,1
0,42.0,0,0.0,29.0,317.0,434.0,45.0,True,5,5713,1,1,1,6,0,0,0,0,1,0,0,825.0,0,2,1,0,0,0,0,1
0,4.0,0,0.0,0.0,0.0,0.0,0.0,False,0,5714,1,0,5,6,0,0,0,0,1,0,0,0.0,1,3,1,0,0,0,0,1
0,12.0,0,0.0,0.0,0.0,0.0,0.0,True,1,5714,2,0,5,6,0,0,0,0,1,0,0,0.0,1,3,1,0,0,0,0,1
0,0.0,0,0.0,0.0,0.0,0.0,0.0,True,0,5714,3,0,5,6,0,0,0,0,1,0,0,0.0,1,3,1,0,0,0,0,1
1,19.0,0,0.0,0.0,0.0,0.0,0.0,True,3,5714,4,0,5,6,0,0,0,0,1,0,0,0.0,1,3,1,0,0,0,0,1
1,8.0,0,0.0,0.0,0.0,0.0,0.0,True,0,5714,5,0,5,6,0,0,0,0,1,0,0,0.0,1,3,1,0,0,0,0,1
0,29.0,0,0.0,173.0,0.0,0.0,1155.0,True,4,5716,1,1,1,5,1,0,0,0,1,0,0,1328.0,0,2,1,0,0,0,1,0
0,59.0,0,0.0,664.0,0.0,144.0,141.0,True,6,5717,1,1,1,6,0,0,0,0,1,0,0,949.0,0,2,1,0,0,0,0,1
1,20.0,0,0.0,0.0,0.0,0.0,0.0,True,3,5718,1,1,1,6,1,0,0,0,1,0,0,0.0,1,3,1,0,0,0,0,1
0,70.0,0,390.0,0.0,0.0,0.0,518.0,True,6,5719,1,0,2,6,0,0,0,0,1,0,0,908.0,0,2,1,0,0,0,0,1
1,3.0,0,0.0,0.0,0.0,0.0,0.0,False,0,5719,2,0,2,6,0,0,0,0,1,0,0,0.0,1,3,1,0,0,0,0,1
1,37.0,0,0.0,0.0,0.0,0.0,0.0,True,5,5721,1,0,2,1,1,1,0,0,0,0,0,0.0,1,3,0,1,0,0,0,1
0,58.0,0,0.0,1975.0,598.0,7.0,3726.0,False,6,5721,2,0,2,1,1,1,0,0,0,0,0,6306.0,0,0,0,1,0,0,0,1
0,44.0,0,69.0,0.0,17.0,176.0,2105.0,False,5,5722,1,1,1,6,1,0,0,0,1,0,0,2367.0,0,0,1,0,0,0,0,1
1,24.0,0,0.0,0.0,0.0,0.0,0.0,False,3,5723,1,1,1,4,1,0,1,0,0,0,0,0.0,1,3,0,0,1,0,0,1
1,20.0,0,0.0,0.0,0.0,0.0,0.0,True,3,5724,1,1,1,6,0,0,0,0,1,0,0,0.0,1,3,1,0,0,0,1,0
0,24.0,0,156.0,0.0,364.0,489.0,383.0,True,3,5725,1,1,1,5,1,0,0,0,1,0,0,1392.0,0,2,1,0,0,0,0,1
1,27.0,0,0.0,0.0,0.0,0.0,0.0,True,4,5726,1,1,1,1,0,1,0,0,0,0,0,0.0,1,3,0,1,0,1,0,0
0,28.0,0,0.0,0.0,0.0,711.0,0.0,False,4,5727,1,1,1,6,0,0,0,0,1,0,0,711.0,0,1,1,0,0,1,0,0
0,24.0,0,0.0,217.0,0.0,77.0,510.0,False,3,5728,1,1,1,5,0,0,0,0,1,0,0,804.0,0,2,1,0,0,0,0,1
1,29.0,0,0.0,0.0,0.0,0.0,0.0,True,4,5729,1,1,1,5,0,0,0,0,1,0,0,0.0,1,3,0,0,1,0,0,1
0,25.0,0,2029.0,1.0,0.0,0.0,121.0,False,3,5730,1,1,1,5,0,0,0,0,1,0,0,2151.0,0,0,1,0,0,0,0,1
0,20.0,0,0.0,0.0,53.0,2.0,754.0,False,3,5732,1,1,1,6,0,0,0,0,1,0,0,809.0,0,2,1,0,0,0,0,1
0,34.0,0,0.0,1745.0,6.0,5.0,37.0,True,5,5733,1,0,2,6,0,0,0,0,1,0,0,1793.0,0,0,1,0,0,1,0,0
0,28.0,0,0.0,0.0,0.0,1191.0,109.0,False,4,5733,2,0,2,5,0,0,0,0,1,0,0,1300.0,0,2,1,0,0,1,0,0
1,27.0,0,0.0,0.0,0.0,0.0,0.0,True,5,5735,1,1,1,4,0,0,1,0,0,0,0,0.0,1,3,1,0,0,0,0,1
0,23.0,0,1.0,0.0,1.0,0.0,618.0,False,3,5736,1,1,1,5,0,0,0,0,1,0,0,620.0,0,1,1,0,0,0,0,1
0,39.0,0,0.0,11856.0,13.0,39.0,3.0,True,5,5737,1,0,2,2,1,1,0,0,0,0,0,11911.0,0,0,0,1,0,0,0,1
0,35.0,0,0.0,7636.0,0.0,353.0,705.0,True,5,5737,2,0,2,2,1,1,0,0,0,0,0,8694.0,0,0,0,1,0,0,0,1
1,18.0,0,0.0,0.0,0.0,0.0,0.0,True,2,5738,1,1,1,6,1,0,0,0,1,0,0,0.0,1,3,1,0,0,0,0,1
1,20.0,0,0.0,0.0,0.0,0.0,0.0,True,3,5739,1,1,1,6,1,0,0,0,1,0,0,0.0,1,3,1,0,0,0,0,1
0,42.0,0,0.0,16.0,0.0,144.0,7492.0,False,5,5740,1,0,2,0,0,1,0,0,0,0,0,7652.0,0,0,0,1,0,0,0,1
0,32.0,0,70.0,764.0,724.0,547.0,1297.0,False,4,5740,2,0,2,0,0,1,0,0,0,0,0,3402.0,0,0,0,1,0,1,0,0
0,50.0,0,57.0,29.0,0.0,0.0,643.0,False,5,5742,1,1,1,5,1,0,0,0,1,0,0,729.0,0,2,1,0,0,1,0,0
0,23.0,0,0.0,37.0,859.0,9.0,1.0,True,3,5744,1,1,1,6,1,0,0,0,1,0,0,906.0,0,2,1,0,0,0,0,1
0,19.0,0,0.0,0.0,0.0,5381.0,139.0,False,3,5746,1,1,1,6,1,0,0,0,1,0,0,5520.0,0,0,1,0,0,0,0,1
0,29.0,0,715.0,47.0,0.0,0.0,0.0,False,4,5747,1,1,1,5,0,0,0,0,1,0,0,762.0,0,2,1,0,0,0,0,1
0,35.0,1,247.0,436.0,459.0,1.0,1984.0,False,5,5748,1,1,1,0,0,1,0,0,0,0,0,3127.0,0,0,0,1,0,0,0,1
0,18.0,0,0.0,625.0,0.0,0.0,356.0,False,2,5750,1,1,1,4,0,0,1,0,0,0,0,981.0,0,2,1,0,0,0,0,1
0,24.0,0,160.0,20.0,39.0,552.0,1.0,False,3,5751,1,1,1,6,0,0,0,0,1,0,0,772.0,0,2,1,0,0,0,1,0
0,23.0,0,88.0,0.0,586.0,0.0,0.0,True,3,5755,1,1,1,6,1,0,0,0,1,0,0,674.0,0,1,1,0,0,0,0,1
0,51.0,0,542.0,0.0,360.0,0.0,0.0,False,6,5756,1,0,8,5,0,0,0,0,1,0,0,902.0,0,2,1,0,0,0,0,1
0,42.0,0,439.0,0.0,0.0,0.0,254.0,False,5,5756,2,0,8,5,0,0,0,0,1,0,0,693.0,0,1,1,0,0,0,0,1
0,19.0,0,5.0,0.0,0.0,716.0,0.0,False,3,5756,3,0,8,5,0,0,0,0,1,0,0,721.0,0,2,1,0,0,0,1,0
0,23.0,0,0.0,0.0,0.0,0.0,0.0,False,3,5756,4,0,8,5,0,0,0,0,1,0,0,0.0,1,3,1,0,0,0,0,1
1,19.0,0,0.0,0.0,0.0,0.0,0.0,True,3,5756,5,0,8,5,0,0,0,0,1,0,0,0.0,1,3,1,0,0,0,0,1
0,22.0,0,158.0,0.0,476.0,0.0,26.0,False,3,5756,6,0,8,5,0,0,0,0,1,0,0,660.0,0,1,1,0,0,0,1,0
0,25.0,0,12.0,6.0,2817.0,342.0,0.0,False,3,5756,7,0,8,5,1,0,1,0,0,0,0,3177.0,0,0,1,0,0,0,0,1
0,31.0,0,11.0,0.0,0.0,1912.0,1120.0,False,4,5756,8,0,8,5,0,0,0,0,1,0,0,3043.0,0,0,1,0,0,0,1,0
0,23.0,0,0.0,0.0,0.0,558.0,1.0,False,3,5757,1,1,1,5,0,0,0,0,1,0,0,559.0,0,1,1,0,0,0,0,1
1,22.0,0,0.0,0.0,0.0,0.0,0.0,True,3,5758,1,1,1,6,1,0,0,0,1,0,0,0.0,1,3,1,0,0,0,0,1
1,55.0,0,0.0,0.0,0.0,0.0,0.0,True,6,5761,1,1,1,1,1,1,0,0,0,0,0,0.0,1,3,0,1,0,0,0,1
0,40.0,0,0.0,0.0,56.0,1.0,642.0,False,5,5763,1,0,2,5,1,0,0,0,1,0,0,699.0,0,1,1,0,0,0,0,1
0,24.0,0,0.0,0.0,0.0,838.0,193.0,False,3,5763,2,0,2,5,1,0,0,0,1,0,0,1031.0,0,2,1,0,0,0,0,1
0,25.0,0,0.0,0.0,1037.0,8.0,1.0,True,3,5764,1,1,1,5,1,0,0,0,1,0,0,1046.0,0,2,1,0,0,0,0,1
0,42.0,0,0.0,1871.0,0.0,570.0,199.0,False,5,5765,1,1,1,2,0,1,0,0,0,0,0,2640.0,0,0,0,1,0,0,0,1
1,33.0,0,0.0,0.0,0.0,0.0,0.0,True,5,5767,1,1,1,6,1,0,0,0,1,0,0,0.0,1,3,1,0,0,0,1,0
1,54.0,0,0.0,0.0,0.0,0.0,0.0,True,6,5768,1,0,2,1,0,1,0,0,0,0,0,0.0,1,3,0,1,0,0,0,1
1,22.0,0,0.0,0.0,0.0,0.0,0.0,True,3,5768,2,0,2,1,0,1,0,0,0,0,0,0.0,1,3,0,1,0,1,0,0
1,22.0,0,0.0,0.0,0.0,0.0,0.0,True,3,5769,1,0,2,1,0,1,0,0,0,0,0,0.0,1,3,0,1,0,0,0,1
1,19.0,0,0.0,0.0,0.0,0.0,0.0,True,3,5769,2,0,2,1,0,1,0,0,0,0,0,0.0,1,3,0,1,0,1,0,0
0,47.0,0,0.0,868.0,0.0,4.0,0.0,True,5,5771,1,1,1,6,1,0,0,0,1,0,0,872.0,0,2,1,0,0,0,0,1
0,23.0,0,610.0,858.0,75.0,1358.0,0.0,False,3,5772,1,1,1,5,0,0,0,0,1,0,0,2901.0,0,0,0,0,1,1,0,0
1,61.0,0,0.0,0.0,0.0,0.0,0.0,True,6,5773,1,1,1,2,1,1,0,0,0,0,0,0.0,1,3,0,1,0,1,0,0
0,21.0,0,0.0,128.0,209.0,4.0,383.0,False,3,5776,1,1,1,5,1,0,0,0,1,0,0,724.0,0,2,1,0,0,0,0,1
0,46.0,0,559.0,25.0,0.0,22.0,765.0,False,5,5777,1,1,1,5,0,0,0,0,1,0,0,1371.0,0,2,1,0,0,0,1,0
0,36.0,0,0.0,0.0,0.0,0.0,907.0,False,5,5778,1,1,1,6,0,0,0,0,1,0,0,907.0,0,2,1,0,0,0,0,1
0,15.0,0,0.0,706.0,0.0,0.0,0.0,True,2,5779,1,1,1,6,1,0,0,0,1,0,0,706.0,0,1,1,0,0,0,0,1
0,33.0,0,2233.0,6408.0,0.0,23.0,273.0,True,5,5780,1,0,3,1,0,1,0,0,0,0,0,8937.0,0,0,0,1,0,0,0,1
1,35.0,0,0.0,0.0,0.0,0.0,0.0,True,5,5780,2,0,3,1,0,1,0,0,0,0,0,0.0,1,3,0,1,0,0,0,1
1,21.0,0,0.0,0.0,0.0,0.0,0.0,True,3,5780,3,0,3,1,0,1,0,0,0,0,0,0.0,1,3,0,1,0,1,0,0
0,21.0,0,0.0,0.0,0.0,1.0,594.0,False,3,5781,1,1,1,5,0,0,0,0,0,1,0,595.0,0,1,1,0,0,1,0,0
0,43.0,0,0.0,1197.0,0.0,223.0,1.0,True,5,5783,1,1,1,5,0,0,0,0,0,1,0,1421.0,0,2,1,0,0,1,0,0
0,34.0,0,571.0,0.0,0.0,0.0,0.0,False,5,5785,1,1,1,5,1,0,0,0,1,0,0,571.0,0,1,1,0,0,0,1,0
0,47.0,0,14.0,3.0,0.0,1720.0,0.0,False,5,5786,1,1,1,6,0,0,0,0,1,0,0,1737.0,0,0,1,0,0,0,1,0
0,27.0,0,850.0,0.0,681.0,1.0,0.0,True,4,5788,1,1,1,5,1,0,0,0,1,0,0,1532.0,0,0,0,0,1,0,0,1
0,46.0,0,0.0,1068.0,945.0,2587.0,811.0,False,5,5790,1,1,1,2,1,1,0,0,0,0,0,5411.0,0,0,0,1,0,0,0,1
0,46.0,0,183.0,7.0,637.0,182.0,5.0,True,5,5791,1,1,1,6,1,0,0,0,1,0,0,1014.0,0,2,1,0,0,0,0,1
0,40.0,0,0.0,3338.0,0.0,6344.0,199.0,False,5,5792,1,1,1,1,0,1,0,0,0,0,0,9881.0,0,0,0,1,0,1,0,0
1,59.0,0,0.0,0.0,0.0,0.0,0.0,True,6,5793,1,1,1,4,1,0,1,0,0,0,0,0.0,1,3,0,1,0,1,0,0
0,45.0,0,0.0,1202.0,149.0,1472.0,3379.0,False,5,5794,1,1,1,3,0,1,0,0,0,0,0,6202.0,0,0,0,1,0,0,0,1
0,19.0,0,0.0,95.0,595.0,0.0,0.0,True,3,5795,1,1,1,5,1,0,0,0,1,0,0,690.0,0,1,1,0,0,0,1,0
0,32.0,0,6769.0,0.0,0.0,113.0,1.0,False,4,5796,1,1,1,5,1,0,0,0,1,0,0,6883.0,0,0,0,0,1,0,0,1
1,39.0,0,0.0,0.0,0.0,0.0,0.0,True,5,5799,1,1,1,5,1,0,0,0,1,0,0,0.0,1,3,1,0,0,1,0,0
0,40.0,0,661.0,0.0,830.0,0.0,6.0,False,5,5800,1,1,1,5,0,0,0,0,0,1,0,1497.0,0,0,1,0,0,0,0,1
0,44.0,0,815.0,219.0,22.0,0.0,0.0,True,5,5802,1,1,1,3,1,1,0,0,0,0,0,1056.0,0,2,0,0,1,0,0,1
1,26.0,0,0.0,0.0,0.0,0.0,0.0,False,4,5804,1,1,1,6,0,0,0,0,1,0,0,0.0,1,3,1,0,0,0,0,1
0,22.0,0,514.0,0.0,2.0,129.0,583.0,False,3,5806,1,1,1,5,1,0,0,0,1,0,0,1228.0,0,2,1,0,0,0,0,1
0,2.0,0,0.0,0.0,0.0,0.0,0.0,False,0,5808,1,0,3,6,0,0,0,0,1,0,0,0.0,1,3,1,0,0,0,0,1
0,18.0,0,0.0,3.0,41.0,359.0,393.0,False,2,5808,2,0,3,5,0,0,0,0,0,1,0,796.0,0,2,1,0,0,0,0,1
0,53.0,0,751.0,0.0,20.5,7.0,0.0,False,6,5808,3,0,3,5,0,0,0,0,0,1,0,758.0,0,2,1,0,0,0,0,1
0,22.0,0,104.0,511.0,254.0,425.0,4.0,False,3,5809,1,0,2,5,0,0,0,0,0,1,0,1298.0,0,2,1,0,0,0,0,1
0,46.0,0,0.0,98.0,2077.0,0.0,0.0,True,5,5809,2,0,2,5,0,0,0,0,0,1,0,2175.0,0,0,1,0,0,0,0,1
1,28.0,0,0.0,0.0,0.0,0.0,0.0,True,4,5810,1,0,2,6,0,0,0,0,1,0,0,0.0,1,3,1,0,0,0,0,1
0,31.0,0,0.0,1489.0,68.0,6.0,0.0,True,4,5810,2,0,2,4,0,0,1,0,0,0,0,1563.0,0,0,1,0,0,0,0,1
0,36.0,0,1.0,4058.0,95.0,0.0,2109.0,False,5,5811,1,0,2,0,0,1,0,0,0,0,0,6263.0,0,0,0,1,0,1,0,0
0,46.0,0,35.0,3953.0,0.0,2108.0,0.0,True,5,5811,2,0,2,0,0,1,0,0,0,0,0,6096.0,0,0,0,1,0,1,0,0
1,0.0,0,0.0,0.0,0.0,0.0,0.0,True,0,5812,1,0,6,6,1,0,0,0,1,0,0,0.0,1,3,1,0,0,0,0,1
0,3.0,0,0.0,0.0,0.0,0.0,0.0,True,0,5812,2,0,6,6,1,0,0,0,1,0,0,0.0,1,3,1,0,0,0,0,1
1,12.0,0,0.0,0.0,0.0,0.0,0.0,True,1,5812,3,0,6,6,1,0,0,0,1,0,0,0.0,1,3,1,0,0,0,0,1
1,2.0,0,0.0,0.0,0.0,0.0,0.0,True,0,5812,4,0,6,6,1,0,0,0,1,0,0,0.0,1,3,1,0,0,0,0,1
1,41.0,0,0.0,0.0,0.0,0.0,0.0,True,5,5812,5,0,6,6,1,0,0,0,1,0,0,0.0,1,3,1,0,0,0,0,1
1,11.0,0,0.0,0.0,0.0,0.0,0.0,True,1,5812,6,0,6,6,1,0,0,0,1,0,0,0.0,1,3,1,0,0,1,0,0
1,41.0,0,0.0,0.0,0.0,0.0,0.0,True,5,5813,1,1,1,6,0,0,0,0,1,0,0,0.0,1,3,1,0,0,0,0,1
0,17.0,0,513.0,0.0,669.0,0.0,0.0,False,2,5814,1,0,7,3,1,1,0,0,0,0,0,1182.0,0,2,0,0,1,0,0,1
1,21.0,0,0.0,0.0,0.0,0.0,0.0,True,3,5814,2,0,7,3,1,1,0,0,0,0,0,0.0,1,3,0,0,1,1,0,0
1,21.0,0,0.0,0.0,0.0,0.0,0.0,True,3,5814,3,0,7,3,1,1,0,0,0,0,0,0.0,1,3,0,0,1,1,0,0
0,27.0,0,89.0,888.0,51.0,5.0,0.0,True,4,5814,4,0,7,3,1,1,0,0,0,0,0,1033.0,0,2,0,0,1,0,0,1
1,54.0,0,0.0,0.0,0.0,0.0,0.0,True,6,5814,5,0,7,3,1,1,0,0,0,0,0,0.0,1,3,0,0,1,0,0,1
0,15.0,0,2309.0,0.0,1142.0,1.0,10.0,False,2,5814,6,0,7,3,1,1,0,0,0,0,0,3462.0,0,0,0,0,1,0,0,1
1,39.0,0,0.0,0.0,0.0,0.0,0.0,True,5,5814,7,0,7,3,1,1,0,0,0,0,0,0.0,1,3,0,0,1,0,0,1
0,31.0,0,1.0,0.0,7.0,0.0,387.0,True,4,5816,1,1,1,6,0,0,0,0,1,0,0,395.0,0,1,1,0,0,0,0,1
1,28.0,0,0.0,0.0,0.0,0.0,0.0,True,4,5817,1,1,1,5,1,0,0,0,1,0,0,0.0,1,3,0,0,1,0,0,1
0,21.0,0,3553.0,5.0,0.0,0.0,2.0,False,3,5818,1,1,1,6,0,0,0,0,1,0,0,3560.0,0,0,1,0,0,0,0,1
1,29.0,0,0.0,0.0,0.0,0.0,0.0,True,4,5819,1,1,1,1,1,1,0,0,0,0,0,0.0,1,3,0,1,0,0,0,1
0,45.0,0,112.0,406.0,198.0,0.0,0.0,True,5,5820,1,1,1,5,1,0,0,0,1,0,0,716.0,0,1,1,0,0,0,0,1
0,44.0,0,0.0,496.0,99.0,317.0,5615.0,False,5,5821,1,1,1,2,0,1,0,0,0,0,0,6527.0,0,0,0,1,0,1,0,0
1,12.0,0,0.0,0.0,0.0,0.0,0.0,True,1,5822,1,1,1,6,0,0,0,0,1,0,0,0.0,1,3,1,0,0,0,0,1
1,18.0,0,0.0,0.0,0.0,0.0,0.0,True,2,5823,1,1,1,6,1,0,0,0,1,0,0,0.0,1,3,1,0,0,1,0,0
1,20.0,0,0.0,0.0,0.0,0.0,0.0,True,3,5824,1,1,1,6,0,0,0,0,1,0,0,0.0,1,3,1,0,0,1,0,0
0,43.0,0,0.0,8808.0,0.0,580.0,0.0,True,5,5825,1,1,1,1,0,1,0,0,0,0,0,9388.0,0,0,0,1,0,0,0,1
1,46.0,0,0.0,0.0,0.0,0.0,0.0,True,5,5826,1,1,1,4,0,0,1,0,0,0,0,0.0,1,3,1,0,0,1,0,0
0,53.0,0,0.0,68.0,0.0,920.0,4.0,True,6,5827,1,1,1,6,1,0,0,0,1,0,0,992.0,0,2,1,0,0,0,0,1
0,21.0,0,621.0,0.0,0.0,0.0,0.0,False,3,5828,1,1,1,6,0,0,0,0,1,0,0,621.0,0,1,1,0,0,0,0,1
0,23.0,0,0.0,21.0,0.0,0.0,716.0,False,3,5829,1,1,1,5,1,0,0,0,1,0,0,737.0,0,2,1,0,0,0,0,1
0,9.0,0,0.0,0.0,0.0,0.0,0.0,False,1,5831,1,1,1,5,1,0,1,0,0,0,0,0.0,1,3,1,0,0,1,0,0
0,19.0,0,546.0,11.0,0.0,325.0,218.0,False,3,5834,1,1,1,5,0,0,0,0,0,1,0,1100.0,0,2,1,0,0,0,0,1
1,52.0,0,0.0,0.0,0.0,0.0,0.0,True,6,5835,1,1,1,6,1,0,0,0,1,0,0,0.0,1,3,1,0,0,0,1,0
1,31.0,0,0.0,0.0,0.0,0.0,0.0,True,4,5836,1,1,1,1,1,1,0,0,0,0,0,0.0,1,3,0,1,0,1,0,0
0,62.0,0,761.0,15.0,0.0,0.0,0.0,False,6,5837,1,1,1,5,1,0,0,0,1,0,0,776.0,0,2,1,0,0,0,0,1
1,27.0,0,0.0,0.0,0.0,0.0,0.0,True,4,5839,1,1,1,2,1,1,0,0,0,0,0,0.0,1,3,0,1,0,0,0,1
1,23.0,0,0.0,0.0,0.0,0.0,0.0,False,3,5840,1,1,1,6,0,0,0,0,1,0,0,0.0,1,3,1,0,0,0,0,1
1,28.0,0,0.0,0.0,0.0,0.0,0.0,True,4,5842,1,0,2,2,1,1,0,0,0,0,0,0.0,1,3,0,1,0,1,0,0
1,27.0,0,0.0,0.0,0.0,0.0,0.0,True,4,5842,2,0,2,2,1,1,0,0,0,0,0,0.0,1,3,0,1,0,1,0,0
1,58.0,0,0.0,0.0,0.0,0.0,0.0,True,6,5843,1,1,1,6,1,0,0,0,1,0,0,0.0,1,3,1,0,0,0,0,1
0,24.0,0,0.0,30.0,835.0,0.0,0.0,True,3,5844,1,1,1,4,0,0,1,0,0,0,0,865.0,0,2,1,0,0,1,0,0
0,27.0,1,149.0,0.0,890.0,9.0,0.0,False,4,5846,1,1,1,4,1,0,1,0,0,0,0,1048.0,0,2,0,0,1,0,0,1
0,33.0,0,36.0,0.0,0.0,1415.0,0.0,False,5,5847,1,1,1,5,1,0,0,0,1,0,0,1451.0,0,0,1,0,0,0,0,1
0,28.0,0,229.0,761.0,0.0,0.0,6.0,True,4,5848,1,1,1,4,1,0,1,0,0,0,0,996.0,0,2,1,0,0,0,0,1
0,39.0,0,0.0,0.0,0.0,0.0,1104.0,False,5,5849,1,1,1,5,0,0,0,0,0,1,0,1104.0,0,2,1,0,0,0,0,1
0,27.0,0,0.0,0.0,0.0,727.0,260.0,False,4,5852,1,1,1,4,0,0,1,0,0,0,0,987.0,0,2,1,0,0,0,0,1
0,36.0,0,0.0,75.0,106.0,0.0,1903.0,True,5,5854,1,1,1,5,1,0,0,0,1,0,0,2084.0,0,0,1,0,0,0,0,1
0,64.0,0,0.0,623.0,1827.0,0.0,0.0,True,6,5855,1,0,2,5,0,0,0,0,0,1,0,2450.0,0,0,1,0,0,0,0,1
0,41.0,0,0.0,0.0,687.0,0.0,65.0,True,5,5855,2,0,2,6,0,0,0,0,1,0,0,752.0,0,2,1,0,0,0,1,0
1,27.0,0,0.0,0.0,0.0,0.0,0.0,True,4,5856,1,0,2,1,0,1,0,0,0,0,0,0.0,1,3,0,1,0,1,0,0
1,27.0,0,0.0,0.0,0.0,0.0,0.0,True,4,5856,2,0,2,1,0,1,0,0,0,0,0,0.0,1,3,0,1,0,0,0,1
0,27.0,0,0.0,2.0,64.0,139.0,3831.0,False,5,5857,1,1,1,4,1,0,1,0,0,0,0,4036.0,0,0,0,1,0,0,0,1
0,22.0,0,483.0,0.0,0.0,304.0,21.0,True,3,5858,1,1,1,6,1,0,0,0,1,0,0,808.0,0,2,1,0,0,1,0,0
0,23.0,0,0.0,456.0,2624.0,912.0,8.0,True,3,5859,1,1,1,4,0,0,1,0,0,0,0,4000.0,0,0,1,0,0,0,0,1
0,40.0,0,7.0,0.0,6.0,1206.0,88.0,False,5,5860,1,0,3,5,1,0,0,0,1,0,0,1307.0,0,2,0,0,1,0,0,1
1,2.0,0,0.0,0.0,0.0,0.0,0.0,True,0,5860,2,0,3,5,1,0,0,0,1,0,0,0.0,1,3,0,0,1,0,0,1
0,0.0,0,0.0,0.0,0.0,0.0,0.0,True,0,5860,3,0,3,5,1,0,0,0,1,0,0,0.0,1,3,0,0,1,0,0,1
0,27.0,0,0.0,1774.0,0.0,17.0,13.0,True,4,5861,1,1,1,6,1,0,0,0,1,0,0,1804.0,0,0,1,0,0,0,0,1
0,0.0,0,0.0,0.0,0.0,0.0,0.0,True,0,5863,1,0,2,6,0,0,0,0,1,0,0,0.0,1,3,1,0,0,1,0,0
0,17.0,0,0.0,566.0,18.0,318.0,0.0,False,2,5863,2,0,2,5,0,0,0,0,0,1,0,902.0,0,2,1,0,0,0,0,1
0,45.0,0,0.0,0.0,0.0,1501.0,24.0,False,5,5867,1,1,1,5,0,0,0,0,0,1,0,1525.0,0,0,1,0,0,0,0,1
0,62.0,0,104.0,53.0,194.0,436.0,0.0,False,6,5868,1,1,1,4,1,0,1,0,0,0,0,787.0,0,2,1,0,0,0,0,1
1,14.0,0,0.0,0.0,0.0,0.0,0.0,True,2,5869,1,1,1,6,1,0,0,0,1,0,0,0.0,1,3,1,0,0,1,0,0
0,24.0,0,0.0,1369.0,848.0,0.0,0.0,True,3,5871,1,1,1,5,1,0,0,0,1,0,0,2217.0,0,0,1,0,0,1,0,0
1,51.0,0,0.0,0.0,0.0,0.0,0.0,True,6,5874,1,1,1,6,1,0,0,0,1,0,0,0.0,1,3,1,0,0,0,1,0
0,49.0,0,20.0,0.0,0.0,769.0,0.0,False,5,5875,1,1,1,4,1,0,1,0,0,0,0,789.0,0,2,1,0,0,0,0,1
0,52.0,0,1364.0,131.0,444.0,0.0,0.0,True,6,5876,1,0,3,3,0,1,0,0,0,0,0,1939.0,0,0,0,0,1,0,0,1
1,35.0,0,0.0,0.0,0.0,0.0,0.0,True,5,5876,2,0,3,5,0,0,0,0,0,1,0,0.0,1,3,0,0,1,1,0,0
1,22.0,0,0.0,0.0,0.0,0.0,0.0,True,3,5876,3,0,3,5,0,0,0,0,0,1,0,0.0,1,3,0,0,1,0,0,1
0,17.0,0,0.0,0.0,1552.0,0.0,0.0,False,2,5877,1,1,1,5,1,0,0,0,1,0,0,1552.0,0,0,1,0,0,0,0,1
1,47.0,0,0.0,0.0,0.0,0.0,0.0,True,5,5878,1,1,1,1,1,1,0,0,0,0,0,0.0,1,3,0,1,0,1,0,0
1,25.0,0,0.0,0.0,0.0,0.0,0.0,True,3,5879,1,1,1,5,1,0,0,0,1,0,0,0.0,1,3,0,0,1,0,0,1
1,11.0,0,0.0,0.0,0.0,0.0,0.0,True,1,5880,1,1,1,6,0,0,0,0,1,0,0,0.0,1,3,1,0,0,0,0,1
0,17.0,0,18.0,10.0,73.0,0.0,1049.0,False,2,5882,1,1,1,5,0,0,0,0,0,1,0,1150.0,0,2,1,0,0,0,0,1
0,41.0,0,8.0,532.0,0.0,0.0,100.0,True,5,5885,1,0,8,5,1,0,0,0,1,0,0,640.0,0,1,1,0,0,0,0,1
0,55.0,0,0.0,0.0,0.0,507.0,909.0,True,6,5885,2,0,8,5,1,0,0,0,1,0,0,1416.0,0,2,1,0,0,0,0,1
0,29.0,0,0.0,2395.0,7.0,20.0,6.0,True,4,5885,3,0,8,5,1,0,0,0,1,0,0,2428.0,0,0,1,0,0,0,0,1
0,19.0,0,0.0,0.0,0.0,888.0,0.0,False,3,5885,4,0,8,6,1,0,0,0,1,0,0,888.0,0,2,1,0,0,0,0,1
1,23.0,0,0.0,0.0,0.0,0.0,0.0,True,3,5885,5,0,8,6,1,0,0,0,1,0,0,0.0,1,3,1,0,0,1,0,0
0,32.0,0,4518.0,914.0,0.0,93.0,0.0,False,4,5885,6,0,8,6,1,0,0,0,1,0,0,5525.0,0,0,1,0,0,0,0,1
0,27.0,0,0.0,0.0,0.0,0.0,1818.0,False,4,5885,7,0,8,6,1,0,0,0,1,0,0,1818.0,0,0,1,0,0,0,0,1
0,25.0,0,0.0,0.0,892.0,0.0,0.0,True,3,5885,8,0,8,6,1,0,0,0,1,0,0,892.0,0,2,1,0,0,0,0,1
0,24.0,0,10.0,49.0,0.0,1497.0,10.0,False,3,5886,1,0,2,5,0,0,0,0,0,1,0,1566.0,0,0,0,0,1,0,0,1
1,30.0,0,0.0,0.0,0.0,0.0,0.0,False,4,5886,2,0,2,4,0,0,1,0,0,0,0,0.0,1,3,0,0,1,0,0,1
0,50.0,0,781.0,2.0,0.0,61.0,0.0,True,5,5887,1,0,2,4,0,0,1,0,0,0,0,844.0,0,2,1,0,0,0,1,0
0,51.0,0,201.0,574.0,40.0,0.0,11.0,False,6,5887,2,0,2,5,0,0,0,0,0,1,0,826.0,0,2,1,0,0,0,1,0
0,27.0,0,1331.0,0.0,0.0,0.0,0.0,False,4,5888,1,0,2,5,0,0,0,0,0,1,0,1331.0,0,2,0,0,1,1,0,0
0,35.0,0,750.0,0.0,0.0,0.0,1065.0,False,5,5888,2,0,2,5,0,0,0,0,0,1,0,1815.0,0,0,0,0,1,0,0,1
0,48.0,0,0.0,0.0,790.0,2368.0,1292.0,False,5,5889,1,1,1,6,0,0,0,0,1,0,0,4450.0,0,0,1,0,0,0,0,1
1,27.0,0,0.0,0.0,0.0,0.0,0.0,True,4,5890,1,1,1,6,1,0,0,0,1,0,0,0.0,1,3,1,0,0,0,0,1
1,19.0,0,0.0,0.0,0.0,0.0,0.0,True,3,5891,1,1,1,6,0,0,0,0,1,0,0,0.0,1,3,1,0,0,0,1,0
1,18.0,0,0.0,0.0,0.0,0.0,0.0,True,2,5894,1,1,1,6,1,0,0,0,1,0,0,0.0,1,3,1,0,0,0,1,0
0,25.0,0,0.0,0.0,0.0,0.0,0.0,True,3,5897,1,1,1,2,1,1,0,0,0,0,0,0.0,1,3,0,1,0,1,0,0
1,41.0,0,0.0,0.0,0.0,0.0,0.0,True,5,5898,1,1,1,6,1,0,0,0,1,0,0,0.0,1,3,1,0,0,1,0,0
1,62.0,0,0.0,0.0,0.0,0.0,0.0,True,6,5900,1,0,3,5,0,0,0,0,0,1,0,0.0,1,3,0,0,1,0,0,1
1,30.0,0,0.0,0.0,0.0,0.0,0.0,True,4,5900,2,0,3,5,0,0,0,0,0,1,0,0.0,1,3,0,0,1,0,0,1
1,6.0,0,0.0,0.0,0.0,0.0,0.0,True,1,5900,3,0,3,5,0,0,0,0,0,1,0,0.0,1,3,0,0,1,0,0,1
0,15.0,0,0.0,40.0,0.0,0.0,839.0,False,2,5901,1,1,1,5,0,0,0,0,0,1,0,879.0,0,2,1,0,0,1,0,0
0,34.0,0,162.0,0.0,690.0,28.0,0.0,False,5,5902,1,1,1,3,1,1,0,0,0,0,0,880.0,0,2,0,0,1,0,1,0
0,34.0,0,223.0,0.0,13.0,514.0,41.0,False,5,5903,1,1,1,4,0,0,1,0,0,0,0,791.0,0,2,1,0,0,0,0,1
0,23.0,0,16.0,687.0,1.0,1.0,0.0,True,3,5905,1,1,1,6,1,0,0,0,1,0,0,705.0,0,1,1,0,0,0,0,1
0,51.0,0,0.0,0.0,207.0,347.0,262.0,False,6,5906,1,1,1,6,0,0,0,0,1,0,0,816.0,0,2,1,0,0,0,0,1
1,63.0,0,0.0,0.0,0.0,0.0,0.0,True,6,5907,1,1,1,6,1,0,0,0,1,0,0,0.0,1,3,1,0,0,0,1,0
0,42.0,0,84.0,392.0,300.0,0.0,0.0,True,5,5908,1,1,1,5,1,0,0,0,1,0,0,776.0,0,2,1,0,0,0,0,1
0,19.0,0,0.0,716.0,0.0,0.0,0.0,True,3,5909,1,0,3,5,1,0,0,0,1,0,0,716.0,0,1,1,0,0,1,0,0
1,5.0,0,0.0,0.0,0.0,0.0,0.0,True,1,5909,2,0,3,6,1,0,0,0,1,0,0,0.0,1,3,1,0,0,0,0,1
1,2.0,0,0.0,0.0,0.0,0.0,0.0,True,0,5909,3,0,3,6,1,0,0,0,1,0,0,0.0,1,3,1,0,0,1,0,0
1,15.0,0,0.0,0.0,0.0,0.0,0.0,True,2,5912,1,1,1,6,1,0,0,0,1,0,0,0.0,1,3,1,0,0,0,0,1
0,36.0,0,0.0,6.0,0.0,1.0,1407.0,False,5,5913,1,1,1,3,0,1,0,0,0,0,0,1414.0,0,2,0,1,0,0,0,1
0,32.0,0,0.0,0.0,39.0,0.0,749.0,False,4,5915,1,1,1,4,1,0,1,0,0,0,0,788.0,0,2,1,0,0,0,0,1
0,19.0,0,2.0,3.0,450.0,204.0,0.0,True,3,5916,1,1,1,4,1,0,1,0,0,0,0,659.0,0,1,1,0,0,0,0,1
0,26.0,0,0.0,2427.0,15.0,5.0,0.0,True,4,5919,1,1,1,0,0,1,0,0,0,0,0,2447.0,0,0,0,1,0,1,0,0
0,33.0,0,48.0,94.0,756.0,308.0,0.0,False,5,5920,1,1,1,5,0,0,0,0,0,1,0,1206.0,0,2,1,0,0,0,0,1
1,38.0,0,0.0,0.0,0.0,0.0,0.0,True,5,5921,1,0,2,6,0,0,0,0,1,0,0,0.0,1,3,1,0,0,0,0,1
0,22.0,0,0.0,0.0,859.0,62.0,0.0,False,3,5921,2,0,2,5,0,0,0,0,0,1,0,921.0,0,2,1,0,0,0,0,1
0,32.0,0,0.0,0.0,0.0,0.0,0.0,False,4,5922,1,1,1,6,0,0,0,0,1,0,0,0.0,1,3,1,0,0,0,0,1
1,30.0,0,0.0,0.0,0.0,0.0,0.0,True,4,5923,1,1,1,5,1,0,0,0,1,0,0,0.0,1,3,0,0,1,1,0,0
0,51.0,0,152.0,55.0,25.0,74.0,289.0,False,6,5924,1,1,1,5,0,0,0,0,0,1,0,595.0,0,1,1,0,0,0,0,1
0,29.0,0,0.0,1644.0,0.0,0.0,3780.0,False,4,5925,1,0,3,1,1,1,0,0,0,0,0,5424.0,0,0,0,1,0,0,0,1
0,16.0,0,0.0,2002.0,0.0,96.0,69.0,True,2,5925,2,0,3,1,1,1,0,0,0,0,0,2167.0,0,0,0,1,0,0,0,1
0,32.0,0,0.0,0.0,0.0,241.0,4757.0,False,4,5925,3,0,3,1,1,1,0,0,0,0,0,4998.0,0,0,0,1,0,0,0,1
0,24.0,0,0.0,2421.0,0.0,725.0,2300.0,False,3,5927,1,0,7,1,0,1,0,0,0,0,0,5446.0,0,0,0,1,0,1,0,0
0,23.0,0,0.0,109.0,0.0,4810.0,25.0,False,3,5927,2,0,7,1,0,1,0,0,0,0,0,4944.0,0,0,0,1,0,1,0,0
1,46.0,0,0.0,0.0,0.0,0.0,0.0,True,5,5927,3,0,7,1,0,1,0,0,0,0,0,0.0,1,3,0,1,0,1,0,0
0,49.0,0,0.0,1264.0,0.0,5474.0,104.0,False,5,5927,4,0,7,1,0,1,0,0,0,0,0,6842.0,0,0,0,1,0,1,0,0
1,17.0,0,0.0,0.0,0.0,0.0,0.0,True,2,5927,5,0,7,1,0,1,0,0,0,0,0,0.0,1,3,0,1,0,0,0,1
0,35.0,0,4.0,3857.0,324.0,899.0,375.0,False,5,5927,6,0,7,1,0,1,0,0,0,0,0,5459.0,0,0,0,1,0,1,0,0
0,43.0,0,0.0,1706.0,0.0,274.0,2056.0,False,5,5927,7,0,7,1,0,1,0,0,0,0,0,4036.0,0,0,0,1,0,1,0,0
0,20.0,0,149.0,25.0,559.0,21.0,33.0,True,3,5928,1,1,1,4,0,0,1,0,0,0,0,787.0,0,2,1,0,0,0,0,1
1,24.0,0,0.0,0.0,0.0,0.0,0.0,True,3,5930,1,0,3,1,1,1,0,0,0,0,0,0.0,1,3,0,1,0,1,0,0
0,28.0,0,0.0,1014.0,0.0,2463.0,517.0,False,4,5930,2,0,3,1,1,1,0,0,0,0,0,3994.0,0,0,0,1,0,0,0,1
1,19.0,0,0.0,0.0,0.0,0.0,0.0,True,3,5930,3,0,3,1,1,1,0,0,0,0,0,0.0,1,3,0,1,0,1,0,0
0,39.0,0,0.0,0.0,0.0,1854.0,171.0,False,5,5931,1,1,1,0,0,1,0,0,0,0,0,2025.0,0,0,0,1,0,1,0,0
0,34.0,0,1547.0,485.0,97.0,59.0,0.0,False,5,5933,1,1,1,5,1,0,0,0,1,0,0,2188.0,0,0,0,0,1,0,0,1
0,29.0,0,89.0,1725.0,0.0,0.0,3.0,True,4,5934,1,1,1,6,0,0,0,0,1,0,0,1817.0,0,0,1,0,0,0,0,1
0,14.0,0,0.0,0.0,52.0,0.0,0.0,True,2,5938,1,0,2,4,1,0,1,0,0,0,0,52.0,0,1,1,0,0,1,0,0
1,14.0,0,0.0,0.0,0.0,0.0,0.0,True,2,5938,2,0,2,6,1,0,0,0,1,0,0,0.0,1,3,1,0,0,0,0,1
0,30.0,0,628.0,0.0,544.0,0.0,126.0,False,4,5939,1,1,1,4,1,0,1,0,0,0,0,1298.0,0,2,1,0,0,0,0,1
0,27.0,0,72.0,914.0,0.0,0.0,7.0,True,5,5941,1,1,1,4,1,0,1,0,0,0,0,993.0,0,2,1,0,0,0,0,1
1,32.0,0,0.0,0.0,0.0,0.0,0.0,True,4,5944,1,1,1,6,1,0,0,0,1,0,0,0.0,1,3,1,0,0,0,1,0
1,7.0,0,0.0,0.0,0.0,0.0,0.0,True,1,5945,1,0,3,6,1,0,0,0,1,0,0,0.0,1,3,1,0,0,0,0,1
1,34.0,0,0.0,0.0,0.0,0.0,0.0,True,5,5945,2,0,3,6,1,0,0,0,1,0,0,0.0,1,3,1,0,0,1,0,0
0,47.0,0,163.0,2.0,11.0,593.0,0.0,True,5,5945,3,0,3,6,1,0,0,0,1,0,0,769.0,0,2,1,0,0,0,1,0
0,19.0,0,300.0,5.0,642.0,0.0,0.0,False,3,5946,1,1,1,4,1,0,1,0,0,0,0,947.0,0,2,0,0,1,0,0,1
1,52.0,0,0.0,0.0,0.0,0.0,0.0,True,6,5947,1,1,1,4,1,0,1,0,0,0,0,0.0,1,3,0,1,0,0,0,1
0,19.0,0,758.0,425.0,0.0,0.0,0.0,False,3,5949,1,0,2,3,1,1,0,0,0,0,0,1183.0,0,2,0,0,1,0,0,1
1,18.0,0,0.0,0.0,0.0,0.0,0.0,True,2,5949,2,0,2,5,1,0,0,0,1,0,0,0.0,1,3,0,0,1,0,0,1
0,32.0,0,0.0,5.0,0.0,64.0,0.0,False,4,5950,1,1,1,4,0,0,1,0,0,0,0,69.0,0,1,1,0,0,0,0,1
0,21.0,0,423.0,0.0,172.0,0.0,0.0,False,3,5951,1,1,1,5,1,0,0,0,1,0,0,595.0,0,1,1,0,0,1,0,0
0,22.0,0,0.0,0.0,0.0,0.0,0.0,True,3,5952,1,1,1,5,1,0,0,0,1,0,0,0.0,1,3,0,0,1,1,0,0
0,13.0,0,157.0,0.0,1199.0,0.0,14.0,False,2,5953,1,1,1,4,1,0,1,0,0,0,0,1370.0,0,2,0,0,1,0,0,1
0,25.0,0,2093.0,0.0,6.0,0.0,0.0,False,3,5954,1,1,1,4,1,0,1,0,0,0,0,2099.0,0,0,0,0,1,0,0,1
0,33.0,0,836.0,0.0,155.0,31.0,0.0,False,5,5955,1,0,2,4,1,0,1,0,0,0,0,1022.0,0,2,0,0,1,0,0,1
0,27.0,0,1379.0,0.0,414.0,0.0,805.0,False,4,5955,2,0,2,5,1,0,0,0,1,0,0,2598.0,0,0,0,0,1,0,0,1
0,21.0,0,12.0,0.0,0.0,1658.0,0.0,False,3,5956,1,1,1,4,0,0,1,0,0,0,0,1670.0,0,0,1,0,0,0,0,1
1,17.0,0,0.0,0.0,0.0,0.0,0.0,True,2,5957,1,0,3,1,0,1,0,0,0,0,0,0.0,1,3,0,1,0,1,0,0
1,15.0,0,0.0,0.0,0.0,0.0,0.0,True,2,5957,2,0,3,1,0,1,0,0,0,0,0,0.0,1,3,0,1,0,1,0,0
0,58.0,1,2.0,3862.0,0.0,1482.0,73.0,False,6,5957,3,0,3,1,0,1,0,0,0,0,0,5419.0,0,0,0,1,0,1,0,0
0,29.0,0,1.0,2809.0,97.0,61.0,1227.0,False,4,5959,1,0,2,3,1,1,0,0,0,0,0,4195.0,0,0,0,1,0,0,0,1
1,34.0,0,0.0,0.0,0.0,0.0,0.0,True,5,5959,2,0,2,3,1,1,0,0,0,0,0,0.0,1,3,0,1,0,0,0,1
0,28.0,0,0.0,4780.0,1761.0,1.0,247.0,True,4,5960,1,0,3,2,1,1,0,0,0,0,0,6789.0,0,0,0,1,0,0,0,1
0,29.0,0,3215.0,1211.0,4.0,7.0,417.0,True,4,5960,2,0,3,2,1,1,0,0,0,0,0,4854.0,0,0,0,1,0,0,0,1
1,25.0,0,0.0,0.0,0.0,0.0,0.0,True,3,5960,3,0,3,2,1,1,0,0,0,0,0,0.0,1,3,0,1,0,1,0,0
0,23.0,0,112.0,1184.0,143.0,2.0,585.0,False,3,5963,1,1,1,5,0,0,0,0,0,1,0,2026.0,0,0,0,0,1,1,0,0
0,22.0,0,0.0,40.0,689.0,0.0,79.0,True,3,5965,1,1,1,6,0,0,0,0,1,0,0,808.0,0,2,1,0,0,0,0,1
1,38.0,0,0.0,0.0,0.0,0.0,0.0,True,5,5967,1,0,3,6,0,0,0,0,1,0,0,0.0,1,3,1,0,0,1,0,0
0,38.0,0,0.0,784.0,0.0,0.0,0.0,True,5,5967,2,0,3,6,0,0,0,0,1,0,0,784.0,0,2,1,0,0,0,0,1
0,0.0,0,0.0,0.0,0.0,0.0,0.0,False,0,5967,3,0,3,6,0,0,0,0,1,0,0,0.0,1,3,1,0,0,0,0,1
0,27.0,0,17.0,0.0,0.0,49.0,867.0,False,5,5968,1,1,1,5,0,0,0,0,0,1,0,933.0,0,2,1,0,0,0,0,1
1,0.0,0,0.0,0.0,0.0,0.0,0.0,True,0,5969,1,0,3,6,1,0,0,0,1,0,0,0.0,1,3,1,0,0,0,0,1
0,37.0,0,0.0,698.0,0.0,0.0,6.0,False,5,5969,2,0,3,5,1,0,0,0,1,0,0,704.0,0,1,1,0,0,1,0,0
0,2.0,0,0.0,0.0,0.0,0.0,0.0,True,0,5969,3,0,3,6,1,0,0,0,1,0,0,0.0,1,3,1,0,0,0,0,1
1,40.0,0,0.0,0.0,0.0,0.0,0.0,True,5,5970,1,1,1,1,1,1,0,0,0,0,0,0.0,1,3,0,1,0,1,0,0
0,47.0,0,448.0,0.0,891.0,0.0,235.0,False,5,5971,1,1,1,5,0,0,0,0,0,1,0,1574.0,0,0,0,0,1,0,0,1
0,34.0,0,0.0,11.0,610.0,591.0,769.0,True,5,5972,1,1,1,5,1,0,0,0,1,0,0,1981.0,0,0,1,0,0,0,0,1
0,43.0,0,1086.0,4.0,202.0,401.0,0.0,False,5,5973,1,1,1,5,1,0,0,0,1,0,0,1693.0,0,0,0,0,1,0,0,1
1,21.0,0,0.0,0.0,0.0,0.0,0.0,True,3,5974,1,1,1,3,0,1,0,0,0,0,0,0.0,1,3,0,0,1,1,0,0
1,43.0,0,0.0,0.0,0.0,0.0,0.0,True,5,5975,1,1,1,4,0,0,1,0,0,0,0,0.0,1,3,0,1,0,1,0,0
0,33.0,0,3090.0,0.0,808.0,0.0,0.0,False,5,5976,1,1,1,3,1,1,0,0,0,0,0,3898.0,0,0,0,0,1,0,0,1
0,28.0,0,0.0,0.0,0.0,0.0,0.0,True,4,5977,1,0,4,1,1,1,0,0,0,0,0,0.0,1,3,0,1,0,0,0,1
0,57.0,0,200.0,9.0,0.0,0.0,24133.0,False,6,5977,2,0,4,1,1,1,0,0,0,0,0,24342.0,0,0,0,1,0,1,0,0
0,46.0,0,0.0,0.0,0.0,0.0,0.0,True,4,5977,3,0,4,1,1,1,0,0,0,0,0,0.0,1,3,0,1,0,0,0,1
0,46.0,0,0.0,3259.0,761.0,4423.0,0.0,False,5,5977,4,0,4,1,1,1,0,0,0,0,0,8443.0,0,0,0,1,0,0,0,1
0,19.0,0,0.0,0.0,0.0,2.0,9.0,True,3,5980,1,1,1,2,1,1,0,0,0,0,0,11.0,0,1,0,1,0,1,0,0
0,27.0,0,441.0,0.0,397.0,471.0,0.0,False,4,5981,1,0,3,5,1,0,0,0,1,0,0,1309.0,0,2,0,0,1,0,0,1
0,2.0,0,0.0,0.0,0.0,0.0,0.0,True,0,5981,2,0,3,5,1,0,0,0,1,0,0,0.0,1,3,0,0,1,0,0,1
0,0.0,0,0.0,0.0,0.0,0.0,0.0,True,0,5981,3,0,3,5,1,0,0,0,1,0,0,0.0,1,3,0,0,1,0,0,1
0,25.0,1,1442.0,0.0,0.0,0.0,13.0,False,3,5983,1,0,2,5,0,0,0,0,0,1,0,1455.0,0,0,0,0,1,0,0,1
1,47.0,0,0.0,0.0,0.0,0.0,0.0,True,5,5983,2,0,2,5,0,0,0,0,0,1,0,0.0,1,3,0,0,1,0,0,1
0,38.0,0,1208.0,0.0,13.0,38.0,0.0,True,5,5984,1,0,2,3,0,1,0,0,0,0,0,1259.0,0,2,0,0,1,0,1,0
0,24.0,0,555.0,0.0,618.0,0.0,0.0,False,3,5984,2,0,2,4,0,0,1,0,0,0,0,1173.0,0,2,0,0,1,0,0,1
0,24.0,0,276.0,0.0,0.0,0.0,489.0,True,3,5985,1,1,1,5,0,0,0,0,0,1,0,765.0,0,2,1,0,0,0,0,1
0,25.0,0,0.0,0.0,0.0,0.0,0.0,True,3,5986,1,1,1,3,0,1,0,0,0,0,0,0.0,1,3,0,1,0,0,0,1
0,29.0,0,0.0,5.0,6.0,0.0,0.0,True,4,5987,1,1,1,6,1,0,0,0,1,0,0,11.0,0,1,1,0,0,0,0,1
0,44.0,0,2956.0,0.0,10.0,12.0,692.0,False,5,5988,1,1,1,5,0,0,0,0,0,1,0,3670.0,0,0,0,0,1,1,0,0
0,20.0,0,0.0,0.0,0.0,703.0,0.0,False,3,5989,1,1,1,5,1,0,0,0,1,0,0,703.0,0,1,1,0,0,0,0,1
1,23.0,0,0.0,0.0,0.0,0.0,0.0,True,3,5990,1,1,1,6,1,0,0,0,1,0,0,0.0,1,3,1,0,0,0,0,1
0,26.0,0,0.0,9641.0,51.0,224.0,2428.0,True,4,5991,1,1,1,2,1,1,0,0,0,0,0,12344.0,0,0,0,1,0,1,0,0
1,20.0,0,0.0,0.0,0.0,0.0,0.0,True,3,5992,1,1,1,6,1,0,0,0,1,0,0,0.0,1,3,1,0,0,0,1,0
1,27.0,0,0.0,0.0,0.0,0.0,0.0,True,4,5993,1,1,1,4,1,0,1,0,0,0,0,0.0,1,3,0,0,1,0,0,1
0,23.0,0,94.0,132.0,0.0,967.0,5.0,False,3,5994,1,1,1,5,0,0,0,0,0,1,0,1198.0,0,2,1,0,0,1,0,0
1,33.0,0,0.0,0.0,0.0,0.0,0.0,True,5,5995,1,1,1,6,0,0,0,0,1,0,0,0.0,1,3,1,0,0,0,1,0
0,30.0,0,477.0,0.0,8.0,0.0,323.0,True,4,5998,1,1,1,6,1,0,0,0,1,0,0,808.0,0,2,1,0,0,0,0,1
0,32.0,0,0.0,104.0,2.0,0.0,801.0,True,4,5999,1,1,1,6,0,0,0,0,1,0,0,907.0,0,2,1,0,0,0,0,1
0,19.0,0,781.0,0.0,295.0,613.0,0.0,False,3,6000,1,0,2,5,1,0,1,0,0,0,0,1689.0,0,0,0,0,1,0,0,1
0,41.0,0,1.0,0.0,808.0,0.0,0.0,False,5,6000,2,0,2,3,0,1,0,0,0,0,0,809.0,0,2,0,0,1,0,0,1
1,50.0,0,0.0,0.0,0.0,0.0,0.0,False,5,6001,1,1,1,6,0,0,0,0,1,0,0,0.0,1,3,1,0,0,0,0,1
0,36.0,0,9.0,247.0,0.0,482.0,16.0,False,5,6003,1,1,1,6,0,0,0,0,1,0,0,754.0,0,2,1,0,0,0,0,1
1,21.0,0,0.0,0.0,0.0,0.0,0.0,True,3,6004,1,1,1,5,1,0,0,0,1,0,0,0.0,1,3,0,0,1,0,0,1
0,45.0,1,1017.0,3863.0,0.0,601.0,3999.0,False,5,6006,1,0,2,3,0,1,0,0,0,0,0,9480.0,0,0,0,1,0,1,0,0
1,26.0,0,0.0,0.0,0.0,0.0,0.0,True,4,6006,2,0,2,3,0,1,0,0,0,0,0,0.0,1,3,0,1,0,1,0,0
1,44.0,0,0.0,0.0,0.0,0.0,0.0,True,5,6007,1,1,1,6,0,0,0,0,1,0,0,0.0,1,3,1,0,0,0,0,1
0,24.0,0,0.0,73.0,617.0,0.0,0.0,True,3,6008,1,1,1,5,0,0,0,0,0,1,0,690.0,0,1,1,0,0,0,1,0
1,15.0,0,0.0,0.0,0.0,0.0,0.0,True,2,6010,1,1,1,6,1,0,0,0,1,0,0,0.0,1,3,1,0,0,1,0,0
0,58.0,0,0.0,0.0,0.0,1989.0,18.0,False,6,6011,1,1,1,5,0,0,0,0,0,1,0,2007.0,0,0,1,0,0,0,0,1
0,13.0,0,28.0,396.0,367.0,0.0,0.0,False,2,6014,1,1,1,4,1,0,1,0,0,0,0,791.0,0,2,1,0,0,0,0,1
1,19.0,0,0.0,0.0,0.0,0.0,0.0,True,3,6015,1,0,2,1,1,1,0,0,0,0,0,0.0,1,3,0,1,0,0,0,1
0,25.0,0,140.0,4451.0,0.0,0.0,2050.0,True,3,6015,2,0,2,1,1,1,0,0,0,0,0,6641.0,0,0,0,1,0,1,0,0
0,24.0,0,718.0,0.0,265.0,302.0,384.0,False,3,6016,1,0,2,4,0,0,1,0,0,0,0,1669.0,0,0,1,0,0,0,0,1
0,20.0,0,3.0,0.0,0.0,806.0,0.0,False,3,6016,2,0,2,6,0,0,0,0,1,0,0,809.0,0,2,1,0,0,0,0,1
1,34.0,0,0.0,0.0,0.0,0.0,0.0,True,5,6017,1,0,2,5,1,0,0,0,1,0,0,0.0,1,3,0,0,1,0,0,1
1,13.0,0,0.0,0.0,0.0,0.0,0.0,True,2,6017,2,0,2,5,1,0,0,0,1,0,0,0.0,1,3,0,0,1,0,0,1
0,27.0,0,0.0,839.0,0.0,36.0,5.0,True,5,6019,1,1,1,5,1,0,0,0,1,0,0,880.0,0,2,1,0,0,0,0,1
1,39.0,0,0.0,0.0,0.0,0.0,0.0,False,5,6020,1,0,7,6,0,0,0,0,1,0,0,0.0,1,3,1,0,0,1,0,0
1,0.0,0,0.0,0.0,0.0,0.0,0.0,False,0,6020,2,0,7,6,0,0,0,0,1,0,0,0.0,1,3,1,0,0,0,0,1
0,10.0,0,0.0,0.0,0.0,0.0,0.0,False,1,6020,3,0,7,6,0,0,0,0,1,0,0,0.0,1,3,1,0,0,0,0,1
1,9.0,0,0.0,0.0,0.0,0.0,0.0,False,1,6020,4,0,7,6,0,0,0,0,1,0,0,0.0,1,3,1,0,0,0,0,1
0,34.0,0,0.0,968.0,273.0,0.0,283.0,False,5,6020,5,0,7,5,0,0,0,0,0,1,0,1524.0,0,0,1,0,0,1,0,0
0,11.0,0,0.0,0.0,0.0,0.0,0.0,False,1,6020,6,0,7,6,0,0,0,0,1,0,0,0.0,1,3,1,0,0,0,0,1
1,0.0,0,0.0,0.0,0.0,0.0,0.0,False,0,6020,7,0,7,6,0,0,0,0,1,0,0,0.0,1,3,1,0,0,0,0,1
0,24.0,0,0.0,0.0,0.0,14.0,631.0,False,3,6022,1,1,1,5,0,0,0,0,0,1,0,645.0,0,1,1,0,0,0,0,1
1,16.0,0,0.0,0.0,0.0,0.0,0.0,True,2,6024,1,1,1,6,0,0,0,0,1,0,0,0.0,1,3,1,0,0,0,1,0
0,42.0,0,0.0,420.0,0.0,1.0,175.0,False,5,6025,1,1,1,5,0,0,0,0,0,1,0,596.0,0,1,1,0,0,0,0,1
0,41.0,0,982.0,64.0,380.0,0.0,0.0,True,5,6026,1,1,1,5,0,0,0,0,0,1,0,1426.0,0,2,0,0,1,0,0,1
0,36.0,0,0.0,1828.0,9058.0,1.0,2.0,True,5,6027,1,1,1,1,1,1,0,0,0,0,0,10889.0,0,0,0,1,0,0,0,1
0,27.0,0,0.0,1801.0,0.0,304.0,1393.0,False,4,6028,1,0,5,0,0,1,0,0,0,0,0,3498.0,0,0,0,1,0,1,0,0
0,32.0,1,0.0,792.0,0.0,1.0,1335.0,False,4,6028,2,0,5,0,0,1,0,0,0,0,0,2128.0,0,0,0,1,0,0,0,1
0,11.0,0,0.0,0.0,0.0,0.0,0.0,True,1,6028,3,0,5,0,0,1,0,0,0,0,0,0.0,1,3,0,1,0,1,0,0
0,26.0,1,0.0,3638.0,0.0,1043.0,0.0,True,4,6028,4,0,5,5,1,0,1,0,0,0,0,4681.0,0,0,0,1,0,0,0,1
0,28.0,0,0.0,6921.0,0.0,29.0,45.0,True,4,6028,5,0,5,0,0,1,0,0,0,0,0,6995.0,0,0,0,1,0,0,0,1
0,25.0,0,0.0,30.0,20.0,0.0,941.0,False,3,6029,1,1,1,4,1,0,1,0,0,0,0,991.0,0,2,1,0,0,0,0,1
0,5.0,0,0.0,0.0,0.0,0.0,0.0,True,1,6030,1,0,7,6,1,0,0,0,1,0,0,0.0,1,3,1,0,0,0,0,1
1,14.0,0,0.0,0.0,0.0,0.0,0.0,True,2,6030,2,0,7,6,1,0,0,0,1,0,0,0.0,1,3,1,0,0,0,0,1
0,13.0,0,852.0,147.0,7.0,0.0,1.0,True,2,6030,3,0,7,6,1,0,0,0,1,0,0,1007.0,0,2,1,0,0,0,0,1
0,30.0,0,0.0,0.0,47.0,703.0,4.0,True,4,6030,4,0,7,6,1,0,0,0,1,0,0,754.0,0,2,1,0,0,0,0,1
1,15.0,0,0.0,0.0,0.0,0.0,0.0,True,2,6030,5,0,7,6,1,0,0,0,1,0,0,0.0,1,3,1,0,0,0,0,1
1,0.0,0,0.0,0.0,0.0,0.0,0.0,True,0,6030,6,0,7,6,1,0,0,0,1,0,0,0.0,1,3,1,0,0,0,0,1
0,49.0,0,0.0,0.0,0.0,0.0,0.0,True,5,6030,7,0,7,6,1,0,0,0,1,0,0,0.0,1,3,1,0,0,0,0,1
0,52.0,0,0.0,645.0,0.0,0.0,395.0,True,6,6031,1,1,1,5,1,0,0,0,1,0,0,1040.0,0,2,1,0,0,0,0,1
1,15.0,0,0.0,0.0,0.0,0.0,0.0,True,2,6032,1,0,3,6,1,0,0,0,1,0,0,0.0,1,3,1,0,0,0,0,1
0,40.0,0,521.0,4.0,53.0,70.0,141.0,False,5,6032,2,0,3,4,1,0,1,0,0,0,0,789.0,0,2,1,0,0,0,0,1
1,0.0,0,0.0,0.0,0.0,0.0,0.0,True,0,6032,3,0,3,6,1,0,0,0,1,0,0,0.0,1,3,1,0,0,1,0,0
0,32.0,0,158.0,0.0,139.0,752.0,0.0,False,4,6033,1,0,2,4,0,0,1,0,0,0,0,1049.0,0,2,0,0,1,0,0,1
1,15.0,0,0.0,0.0,0.0,0.0,0.0,True,2,6033,2,0,2,5,0,0,0,0,0,1,0,0.0,1,3,0,0,1,1,0,0
0,26.0,0,2042.0,0.0,2387.0,10.0,0.0,True,4,6034,1,0,3,4,0,0,1,0,0,0,0,4439.0,0,0,0,0,1,0,1,0
1,31.0,0,0.0,0.0,0.0,0.0,0.0,False,4,6034,2,0,3,4,0,0,1,0,0,0,0,0.0,1,3,0,0,1,0,1,0
0,8.0,0,0.0,0.0,0.0,0.0,0.0,True,1,6034,3,0,3,4,0,0,1,0,0,0,0,0.0,1,3,0,0,1,0,0,1
0,18.0,0,0.0,0.0,0.0,1.0,827.0,True,2,6035,1,0,2,4,0,0,1,0,0,0,0,828.0,0,2,1,0,0,0,0,1
0,3.0,0,0.0,0.0,0.0,0.0,0.0,False,0,6035,2,0,2,6,0,0,0,0,1,0,0,0.0,1,3,1,0,0,0,0,1
0,44.0,0,0.0,1289.0,1224.0,514.0,1674.0,True,5,6036,1,0,3,2,1,1,0,0,0,0,0,4701.0,0,0,0,1,0,0,0,1
0,15.0,0,0.0,677.0,0.0,179.0,3186.0,True,2,6036,2,0,3,2,1,1,0,0,0,0,0,4042.0,0,0,0,1,0,0,0,1
0,27.0,0,0.0,1857.0,0.0,778.0,587.0,True,4,6036,3,0,3,2,1,1,0,0,0,0,0,3222.0,0,0,0,1,0,0,0,1
0,22.0,0,2413.0,0.0,53.0,1.0,0.0,False,3,6038,1,1,1,5,1,0,0,0,1,0,0,2467.0,0,0,0,0,1,0,0,1
0,2.0,0,0.0,0.0,0.0,0.0,0.0,True,0,6039,1,0,2,6,1,0,0,0,1,0,0,0.0,1,3,1,0,0,0,0,1
0,32.0,0,3.0,0.0,0.0,0.0,757.0,False,4,6039,2,0,2,5,1,0,0,0,1,0,0,760.0,0,2,1,0,0,0,0,1
0,16.0,0,805.0,4.0,0.0,0.0,0.0,True,2,6040,1,1,1,6,1,0,0,0,1,0,0,809.0,0,2,1,0,0,0,0,1
0,34.0,0,419.0,0.0,15.0,0.0,0.0,False,5,6041,1,1,1,5,0,0,0,0,0,1,0,434.0,0,1,0,0,1,0,0,1
0,32.0,0,1946.0,0.0,653.0,0.0,0.0,False,4,6042,1,1,1,5,0,0,0,0,0,1,0,2599.0,0,0,0,0,1,0,0,1
0,28.0,0,0.0,292.0,1039.0,1.0,489.0,False,4,6043,1,1,1,6,0,0,0,0,1,0,0,1821.0,0,0,1,0,0,0,0,1
0,27.0,0,0.0,21.0,0.0,8126.0,4.0,False,4,6045,1,1,1,1,1,1,0,0,0,0,0,8151.0,0,0,0,1,0,0,0,1
0,35.0,0,508.0,0.0,0.0,57.0,243.0,True,5,6047,1,1,1,6,1,0,0,0,1,0,0,808.0,0,2,1,0,0,0,1,0
1,25.0,0,0.0,0.0,0.0,0.0,0.0,False,3,6048,1,1,1,5,1,0,1,0,0,0,0,0.0,1,3,0,0,1,0,0,1
0,24.0,0,178.0,0.0,235.0,0.0,396.0,True,3,6049,1,1,1,6,1,0,0,0,1,0,0,809.0,0,2,1,0,0,0,0,1
1,61.0,0,0.0,0.0,0.0,0.0,0.0,False,6,6052,1,1,1,6,0,0,0,0,1,0,0,0.0,1,3,1,0,0,0,0,1
1,28.0,0,0.0,0.0,0.0,0.0,0.0,True,4,6054,1,1,1,5,1,0,0,0,1,0,0,0.0,1,3,0,0,1,0,0,1
0,29.0,1,3.0,1849.0,0.0,3104.0,1652.0,False,4,6055,1,0,3,2,0,1,0,0,0,0,0,6608.0,0,0,0,1,0,0,1,0
1,41.0,0,0.0,0.0,0.0,0.0,0.0,True,5,6055,2,0,3,2,0,1,0,0,0,0,0,0.0,1,3,0,1,0,0,0,1
0,20.0,0,1883.0,0.0,0.0,8810.0,0.0,False,3,6055,3,0,3,2,0,1,0,0,0,0,0,10693.0,0,0,0,1,0,0,0,1
0,18.0,0,2904.0,5.0,50.0,0.0,9.0,False,2,6058,1,1,1,5,0,0,0,0,0,1,0,2968.0,0,0,0,0,1,1,0,0
0,28.0,0,8.0,0.0,3949.0,0.0,9.0,True,4,6059,1,1,1,6,0,0,0,0,1,0,0,3966.0,0,0,1,0,0,0,0,1
0,18.0,0,33.0,0.0,455.0,167.0,48.0,True,2,6061,1,1,1,5,1,0,0,0,1,0,0,703.0,0,1,1,0,0,0,0,1
0,33.0,0,301.0,0.0,501.0,0.0,1013.0,False,5,6062,1,0,2,5,0,0,0,0,0,1,0,1815.0,0,0,0,0,1,0,0,1
0,35.0,0,0.0,0.0,0.0,0.0,0.0,False,5,6062,2,0,2,4,0,0,1,0,0,0,0,0.0,1,3,0,0,1,0,0,1
0,68.0,0,125.0,13437.0,0.0,22408.0,17.0,False,6,6064,1,1,1,2,0,1,0,0,0,0,0,35987.0,0,0,0,1,0,1,0,0
0,19.0,0,3.0,785.0,0.0,0.0,0.0,True,3,6065,1,1,1,4,1,0,1,0,0,0,0,788.0,0,2,1,0,0,0,0,1
0,33.0,0,0.0,357.0,2366.0,1612.0,2137.0,False,5,6066,1,0,3,2,1,1,0,0,0,0,0,6472.0,0,0,0,1,0,0,0,1
0,55.0,0,8142.0,8.0,0.0,1481.0,0.0,False,6,6066,2,0,3,2,1,1,0,0,0,0,0,9631.0,0,0,0,1,0,1,0,0
0,15.0,0,0.0,0.0,0.0,0.0,0.0,True,2,6066,3,0,3,2,1,1,0,0,0,0,0,0.0,1,3,0,1,0,0,0,1
0,23.0,0,0.0,0.0,0.0,44.0,1721.0,False,3,6067,1,1,1,6,0,0,0,0,1,0,0,1765.0,0,0,1,0,0,0,0,1
0,23.0,0,0.0,723.0,1.0,0.0,0.0,True,3,6068,1,1,1,5,1,0,0,0,1,0,0,724.0,0,2,1,0,0,0,0,1
0,15.0,0,3811.0,0.0,109.0,236.0,0.0,False,2,6069,1,1,1,3,1,1,0,0,0,0,0,4156.0,0,0,0,0,1,1,0,0
0,49.0,0,2209.0,42.0,109.0,23.0,0.0,False,5,6070,1,1,1,3,1,1,0,0,0,0,0,2383.0,0,0,0,0,1,0,0,1
0,33.0,0,41.0,417.0,0.0,42.0,308.0,True,5,6071,1,1,1,6,1,0,0,0,1,0,0,808.0,0,2,1,0,0,0,0,1
1,26.0,0,0.0,0.0,0.0,0.0,0.0,True,4,6073,1,1,1,5,1,0,0,0,1,0,0,0.0,1,3,0,0,1,1,0,0
1,26.0,0,0.0,0.0,0.0,0.0,0.0,True,4,6075,1,1,1,1,0,1,0,0,0,0,0,0.0,1,3,0,1,0,0,0,1
0,18.0,0,14.0,2.0,144.0,610.0,0.0,True,2,6076,1,1,1,6,1,0,0,0,1,0,0,770.0,0,2,1,0,0,0,0,1
1,17.0,0,0.0,0.0,0.0,0.0,0.0,True,2,6077,1,1,1,6,0,0,0,0,1,0,0,0.0,1,3,1,0,0,0,0,1
0,39.0,0,657.0,225.0,0.0,0.0,0.0,True,5,6080,1,1,1,6,1,0,0,0,1,0,0,882.0,0,2,1,0,0,0,0,1
0,8.0,0,0.0,0.0,0.0,0.0,0.0,False,1,6082,1,1,1,6,0,0,0,0,1,0,0,0.0,1,3,1,0,0,0,0,1
0,46.0,0,0.0,0.0,868.0,0.0,3.0,True,5,6085,1,1,1,5,0,0,0,0,0,1,0,871.0,0,2,1,0,0,0,0,1
0,32.0,0,0.0,4176.0,0.0,183.0,6.0,True,4,6086,1,1,1,0,1,1,0,0,0,0,0,4365.0,0,0,0,1,0,1,0,0
0,19.0,0,605.0,0.0,24.0,1.0,86.0,False,3,6087,1,1,1,5,1,0,0,0,1,0,0,716.0,0,1,1,0,0,0,0,1
1,36.0,0,0.0,0.0,0.0,0.0,0.0,True,5,6090,1,1,1,5,0,0,0,0,0,1,0,0.0,1,3,0,0,1,0,0,1
1,28.0,0,0.0,0.0,0.0,0.0,0.0,True,4,6091,1,0,2,6,0,0,0,0,1,0,0,0.0,1,3,1,0,0,0,0,1
0,39.0,0,0.0,29.0,291.0,13.0,527.0,False,5,6091,2,0,2,5,0,0,0,0,0,1,0,860.0,0,2,1,0,0,0,0,1
0,16.0,0,0.0,0.0,641.0,33.0,29.0,True,2,6092,1,0,3,5,1,0,0,0,1,0,0,703.0,0,1,1,0,0,0,0,1
1,7.0,0,0.0,0.0,0.0,0.0,0.0,True,1,6092,2,0,3,6,1,0,0,0,1,0,0,0.0,1,3,1,0,0,0,1,0
0,1.0,0,0.0,0.0,0.0,0.0,0.0,True,0,6092,3,0,3,6,1,0,0,0,1,0,0,0.0,1,3,1,0,0,0,0,1
1,30.0,0,0.0,0.0,0.0,0.0,0.0,True,4,6094,1,0,3,2,1,1,0,0,0,0,0,0.0,1,3,0,1,0,1,0,0
1,44.0,0,0.0,0.0,0.0,0.0,0.0,True,5,6094,2,0,3,2,1,1,0,0,0,0,0,0.0,1,3,0,1,0,1,0,0
1,28.0,0,0.0,0.0,0.0,0.0,0.0,True,4,6094,3,0,3,2,1,1,0,0,0,0,0,0.0,1,3,0,1,0,1,0,0
0,29.0,0,3564.0,0.0,802.0,0.0,0.0,False,4,6095,1,1,1,3,0,1,0,0,0,0,0,4366.0,0,0,0,0,1,0,0,1
0,41.0,0,239.0,1.0,1048.0,0.0,0.0,True,5,6096,1,0,3,5,1,0,0,0,1,0,0,1288.0,0,2,0,0,1,0,0,1
0,13.0,0,1119.0,11.0,1326.0,0.0,0.0,True,2,6096,2,0,3,5,1,0,0,0,1,0,0,2456.0,0,0,0,0,1,0,0,1
0,18.0,0,4397.0,610.0,1437.0,4.0,0.0,False,2,6096,3,0,3,5,1,0,0,0,1,0,0,6448.0,0,0,0,0,1,0,0,1
0,27.0,0,0.0,0.0,0.0,2725.0,73.0,False,4,6098,1,1,1,5,1,0,0,0,1,0,0,2798.0,0,0,1,0,0,1,0,0
1,26.0,0,0.0,0.0,0.0,0.0,0.0,True,4,6099,1,1,1,6,1,0,0,0,1,0,0,0.0,1,3,1,0,0,0,0,1
0,24.0,0,13.0,0.0,2.0,673.0,3.0,False,3,6101,1,1,1,5,0,0,0,0,0,1,0,691.0,0,1,1,0,0,1,0,0
0,26.0,0,104.0,0.0,0.0,280.0,216.0,False,4,6102,1,1,1,5,1,0,0,0,1,0,0,600.0,0,1,1,0,0,0,1,0
1,27.0,0,0.0,0.0,0.0,0.0,0.0,True,4,6103,1,1,1,6,0,0,0,0,1,0,0,0.0,1,3,1,0,0,0,1,0
0,58.0,0,0.0,1012.0,0.0,1120.0,20.0,False,6,6105,1,1,1,4,1,0,1,0,0,0,0,2152.0,0,0,0,1,0,0,0,1
1,54.0,0,0.0,0.0,0.0,0.0,0.0,True,6,6106,1,1,1,2,1,1,0,0,0,0,0,0.0,1,3,0,1,0,1,0,0
0,18.0,0,0.0,0.0,0.0,63.0,525.0,True,2,6107,1,1,1,5,0,0,0,0,0,1,0,588.0,0,1,1,0,0,1,0,0
0,13.0,0,206.0,28.0,0.0,1.0,629.0,False,2,6108,1,1,1,5,1,0,0,0,1,0,0,864.0,0,2,1,0,0,0,0,1
0,13.0,0,0.0,9.0,0.0,0.0,5648.0,False,2,6109,1,0,2,2,0,1,0,0,0,0,0,5657.0,0,0,0,1,0,0,0,1
1,28.0,0,0.0,9.0,0.0,0.0,0.0,True,4,6109,2,0,2,2,0,1,0,0,0,0,0,0.0,1,3,0,1,0,0,0,1
0,57.0,0,0.0,0.0,0.0,0.0,642.0,True,6,6110,1,1,1,4,0,0,1,0,0,0,0,642.0,0,1,1,0,0,1,0,0
1,32.0,0,0.0,0.0,0.0,0.0,0.0,True,4,6111,1,0,5,0,0,1,0,0,0,0,0,0.0,1,3,0,1,0,0,0,1
0,32.0,0,0.0,0.0,0.0,4588.0,0.0,False,4,6111,2,0,5,0,0,1,0,0,0,0,0,4588.0,0,0,0,1,0,0,0,1
1,21.0,0,0.0,0.0,0.0,0.0,0.0,True,3,6111,3,0,5,5,1,0,1,0,0,0,0,0.0,1,3,0,1,0,1,0,0
1,34.0,0,0.0,0.0,0.0,0.0,0.0,True,5,6111,4,0,5,0,0,1,0,0,0,0,0,0.0,1,3,0,1,0,1,0,0
0,33.0,0,0.0,2110.0,0.0,773.0,10.0,True,5,6111,5,0,5,0,0,1,0,0,0,0,0,2893.0,0,0,0,1,0,0,0,1
1,36.0,0,0.0,0.0,0.0,0.0,0.0,True,5,6112,1,1,1,5,0,0,0,0,0,1,0,0.0,1,3,0,0,1,0,0,1
0,50.0,0,513.0,0.0,0.0,764.0,21.0,False,5,6115,1,1,1,4,0,0,1,0,0,0,0,1298.0,0,2,0,0,1,0,0,1
0,28.0,0,828.0,0.0,72.0,6.0,0.0,False,4,6116,1,1,1,5,1,0,0,0,1,0,0,906.0,0,2,0,0,1,0,0,1
0,56.0,0,679.0,1126.0,0.0,33.0,3230.0,False,6,6117,1,1,1,1,1,1,0,0,0,0,0,5068.0,0,0,0,1,0,0,0,1
0,42.0,0,1156.0,0.0,1.0,305.0,0.0,False,5,6118,1,0,2,5,0,0,0,0,0,1,0,1462.0,0,0,0,0,1,1,0,0
1,39.0,0,0.0,0.0,0.0,0.0,0.0,False,5,6118,2,0,2,4,0,0,1,0,0,0,0,0.0,1,3,0,0,1,0,0,1
0,13.0,0,0.0,1180.0,0.0,0.0,0.0,True,2,6120,1,1,1,5,1,0,0,0,1,0,0,1180.0,0,2,1,0,0,0,1,0
0,28.0,0,0.0,4585.0,0.0,2.0,35.0,True,4,6121,1,0,2,2,1,1,0,0,0,0,0,4622.0,0,0,0,1,0,0,0,1
0,55.0,0,916.0,1056.0,0.0,1677.0,593.0,False,6,6121,2,0,2,2,1,1,0,0,0,0,0,4242.0,0,0,0,1,0,0,0,1
0,36.0,0,0.0,0.0,700.0,0.0,0.0,True,5,6122,1,1,1,5,0,0,0,0,0,1,0,700.0,0,1,1,0,0,1,0,0
1,27.0,0,0.0,0.0,0.0,0.0,0.0,True,5,6123,1,1,1,5,0,0,0,0,0,1,0,0.0,1,3,0,0,1,0,0,1
0,37.0,0,0.0,0.0,834.0,0.0,8.0,True,5,6124,1,1,1,6,0,0,0,0,1,0,0,842.0,0,2,1,0,0,0,1,0
1,50.0,0,0.0,0.0,0.0,0.0,0.0,True,5,6126,1,1,1,2,0,1,0,0,0,0,0,0.0,1,3,0,1,0,1,0,0
0,27.0,0,551.0,1436.0,0.0,462.0,309.0,False,4,6127,1,1,1,4,1,0,1,0,0,0,0,2758.0,0,0,0,1,0,0,0,1
1,23.0,0,0.0,0.0,0.0,0.0,0.0,False,3,6128,1,0,2,6,0,0,0,0,1,0,0,0.0,1,3,1,0,0,0,0,1
0,16.0,0,7.0,0.0,311.0,0.0,683.0,False,2,6128,2,0,2,5,0,0,0,0,0,1,0,1001.0,0,2,1,0,0,0,0,1
0,33.0,1,0.0,3095.0,0.0,197.0,40.0,True,5,6130,1,1,1,2,0,1,0,0,0,0,0,3332.0,0,0,0,1,0,1,0,0
1,46.0,0,0.0,0.0,0.0,0.0,0.0,True,5,6132,1,1,1,5,1,0,0,0,1,0,0,0.0,1,3,0,0,1,0,0,1
1,26.0,0,0.0,0.0,0.0,0.0,0.0,True,4,6133,1,1,1,6,1,0,0,0,1,0,0,0.0,1,3,1,0,0,0,1,0
0,24.0,0,270.0,0.0,534.0,0.0,0.0,False,3,6135,1,1,1,5,0,0,0,0,0,1,0,804.0,0,2,1,0,0,0,0,1
0,26.0,0,0.0,0.0,0.0,213.0,1078.0,False,4,6136,1,1,1,5,1,0,0,0,1,0,0,1291.0,0,2,1,0,0,0,0,1
0,2.0,0,0.0,0.0,0.0,0.0,0.0,True,0,6137,1,0,6,6,1,0,0,0,1,0,0,0.0,1,3,1,0,0,0,0,1
0,33.0,0,457.0,0.0,0.0,0.0,445.0,False,5,6137,2,0,6,5,1,0,0,0,1,0,0,902.0,0,2,1,0,0,0,0,1
1,32.0,0,0.0,0.0,0.0,0.0,0.0,True,4,6137,3,0,6,6,1,0,0,0,1,0,0,0.0,1,3,1,0,0,0,0,1
1,3.0,0,0.0,0.0,0.0,0.0,0.0,True,0,6137,4,0,6,6,1,0,0,0,1,0,0,0.0,1,3,1,0,0,0,0,1
1,2.0,0,0.0,0.0,0.0,0.0,0.0,True,0,6137,5,0,6,6,1,0,0,0,1,0,0,0.0,1,3,1,0,0,0,0,1
0,6.0,0,0.0,0.0,0.0,0.0,0.0,True,1,6137,6,0,6,6,1,0,0,0,1,0,0,0.0,1,3,1,0,0,0,0,1
0,27.0,0,236.0,699.0,332.0,31.0,0.0,True,5,6138,1,1,1,4,1,0,1,0,0,0,0,1298.0,0,2,0,0,1,0,0,1
1,0.0,0,0.0,0.0,0.0,0.0,0.0,True,0,6139,1,0,6,2,1,1,0,0,0,0,0,0.0,1,3,0,1,0,0,0,1
1,4.0,0,0.0,0.0,0.0,0.0,0.0,True,0,6139,2,0,6,2,1,1,0,0,0,0,0,0.0,1,3,0,1,0,0,0,1
0,58.0,0,0.0,1073.0,0.0,803.0,988.0,True,6,6139,3,0,6,2,1,1,0,0,0,0,0,2864.0,0,0,0,1,0,0,0,1
1,22.0,0,0.0,0.0,0.0,0.0,0.0,True,3,6139,4,0,6,2,1,1,0,0,0,0,0,0.0,1,3,0,1,0,0,0,1
1,51.0,0,0.0,0.0,0.0,0.0,0.0,True,6,6139,5,0,6,2,1,1,0,0,0,0,0,0.0,1,3,0,1,0,1,0,0
1,37.0,0,0.0,0.0,0.0,0.0,0.0,True,5,6139,6,0,6,2,1,1,0,0,0,0,0,0.0,1,3,0,1,0,1,0,0
0,17.0,0,0.0,20.0,0.0,14.0,884.0,False,2,6141,1,0,2,5,1,0,0,0,1,0,0,918.0,0,2,1,0,0,0,1,0
0,21.0,0,28.0,0.0,0.0,662.0,0.0,False,3,6141,2,0,2,5,1,0,1,0,0,0,0,690.0,0,1,1,0,0,0,1,0
0,27.0,0,3.0,791.0,0.0,362.0,0.0,True,5,6143,1,1,1,5,1,0,0,0,1,0,0,1156.0,0,2,1,0,0,0,0,1
0,27.0,0,3478.0,10.0,0.0,105.0,2383.0,False,5,6145,1,1,1,2,1,1,0,0,0,0,0,5976.0,0,0,0,1,0,1,0,0
0,31.0,0,0.0,0.0,0.0,0.0,0.0,False,4,6146,1,1,1,1,0,1,0,0,0,0,0,0.0,1,3,0,1,0,0,0,1
1,43.0,0,0.0,0.0,0.0,0.0,0.0,True,5,6148,1,0,2,5,1,0,0,0,1,0,0,0.0,1,3,0,0,1,0,0,1
1,43.0,0,0.0,0.0,0.0,0.0,0.0,True,5,6148,2,0,2,5,1,0,0,0,1,0,0,0.0,1,3,0,0,1,0,0,1
0,15.0,0,1682.0,103.0,0.0,0.0,3.0,True,2,6149,1,1,1,6,1,0,0,0,1,0,0,1788.0,0,0,1,0,0,0,0,1
0,18.0,0,0.0,784.0,8.0,11.0,0.0,True,2,6150,1,1,1,5,1,0,0,0,1,0,0,803.0,0,2,1,0,0,0,0,1
1,33.0,0,0.0,53.0,0.0,0.0,0.0,True,5,6152,1,0,2,1,1,1,0,0,0,0,0,0.0,1,3,0,1,0,0,0,1
0,31.0,0,0.0,53.0,0.0,2963.0,1017.0,False,4,6152,2,0,2,1,1,1,0,0,0,0,0,4033.0,0,0,0,1,0,0,0,1
1,41.0,0,0.0,0.0,0.0,0.0,0.0,True,5,6153,1,1,1,1,1,1,0,0,0,0,0,0.0,1,3,0,1,0,1,0,0
0,22.0,0,1.0,0.0,10.0,625.0,0.0,False,3,6155,1,1,1,5,1,0,0,0,1,0,0,636.0,0,1,1,0,0,0,0,1
0,40.0,0,0.0,1.0,0.0,888.0,80.0,False,5,6156,1,1,1,5,1,0,0,0,1,0,0,969.0,0,2,1,0,0,0,0,1
0,49.0,0,460.0,86.0,92.0,659.0,0.0,False,5,6157,1,1,1,4,1,0,1,0,0,0,0,1297.0,0,2,0,0,1,0,0,1
1,14.0,0,0.0,0.0,0.0,0.0,0.0,True,2,6158,1,1,1,6,1,0,0,0,1,0,0,0.0,1,3,1,0,0,0,1,0
0,22.0,0,0.0,0.0,1.0,575.0,0.0,False,3,6162,1,1,1,5,1,0,0,0,1,0,0,576.0,0,1,1,0,0,1,0,0
0,22.0,0,0.0,32.0,33.0,429.0,1174.0,False,3,6163,1,1,1,4,1,0,1,0,0,0,0,1668.0,0,0,1,0,0,0,0,1
0,25.0,0,980.0,0.0,3.0,0.0,0.0,False,3,6166,1,1,1,4,0,0,1,0,0,0,0,983.0,0,2,1,0,0,0,0,1
1,42.0,0,0.0,0.0,0.0,0.0,0.0,True,5,6167,1,1,1,6,1,0,0,0,1,0,0,0.0,1,3,1,0,0,0,1,0
1,16.0,0,0.0,0.0,0.0,0.0,0.0,True,2,6168,1,0,2,6,1,0,0,0,1,0,0,0.0,1,3,1,0,0,0,1,0
0,12.0,0,0.0,0.0,0.0,0.0,0.0,True,1,6168,2,0,2,6,1,0,0,0,1,0,0,0.0,1,3,1,0,0,1,0,0
0,18.0,0,382.0,10.0,291.0,90.0,9.0,True,2,6169,1,1,1,6,1,0,0,0,1,0,0,782.0,0,2,1,0,0,0,0,1
0,33.0,0,0.0,2.0,0.0,0.0,807.0,False,5,6170,1,1,1,6,0,0,0,0,1,0,0,809.0,0,2,1,0,0,0,0,1
0,14.0,0,5.0,0.0,479.0,297.0,9.0,False,2,6171,1,1,1,4,1,0,1,0,0,0,0,790.0,0,2,1,0,0,0,0,1
1,36.0,0,0.0,0.0,0.0,0.0,0.0,True,5,6172,1,1,1,6,1,0,0,0,1,0,0,0.0,1,3,1,0,0,0,0,1
1,23.0,0,0.0,0.0,0.0,0.0,0.0,True,3,6173,1,1,1,1,0,1,0,0,0,0,0,0.0,1,3,0,1,0,0,0,1
0,24.0,0,0.0,479.0,116.0,1.0,37.0,False,3,6174,1,0,3,5,0,0,0,0,0,1,0,633.0,0,1,1,0,0,1,0,0
1,4.0,0,0.0,0.0,0.0,0.0,0.0,True,0,6174,2,0,3,6,0,0,0,0,1,0,0,0.0,1,3,1,0,0,0,1,0
1,14.0,0,0.0,0.0,0.0,0.0,0.0,False,0,6174,3,0,3,6,0,0,0,0,1,0,0,0.0,1,3,1,0,0,0,0,1
0,18.0,0,628.0,0.0,0.0,31.0,150.0,False,2,6175,1,0,3,6,0,0,0,0,1,0,0,809.0,0,2,1,0,0,0,0,1
1,21.0,0,0.0,0.0,0.0,0.0,0.0,True,3,6175,2,0,3,6,0,0,0,0,1,0,0,0.0,1,3,1,0,0,0,0,1
0,27.0,0,12.0,0.0,0.0,873.0,0.0,False,4,6175,3,0,3,6,0,0,0,0,1,0,0,885.0,0,2,1,0,0,0,0,1
1,34.0,0,0.0,0.0,0.0,0.0,0.0,True,5,6176,1,1,1,5,0,0,0,0,0,1,0,0.0,1,3,0,0,1,0,0,1
1,28.0,0,0.0,0.0,0.0,0.0,0.0,False,4,6178,1,1,1,6,0,0,0,0,1,0,0,0.0,1,3,1,0,0,0,1,0
1,35.0,0,0.0,0.0,0.0,0.0,0.0,True,5,6179,1,1,1,1,0,1,0,0,0,0,0,0.0,1,3,0,1,0,0,0,1
1,16.0,0,0.0,0.0,0.0,0.0,0.0,True,2,6180,1,1,1,6,1,0,0,0,1,0,0,0.0,1,3,1,0,0,0,1,0
0,36.0,0,0.0,2624.0,1657.0,2799.0,1.0,False,5,6181,1,1,1,2,0,1,0,0,0,0,0,7081.0,0,0,0,1,0,0,0,1
1,30.0,0,0.0,0.0,0.0,0.0,0.0,False,4,6182,1,1,1,6,0,0,0,0,1,0,0,0.0,1,3,1,0,0,0,0,1
1,4.0,0,0.0,0.0,0.0,0.0,0.0,True,0,6184,1,1,1,6,1,0,0,0,1,0,0,0.0,1,3,1,0,0,0,1,0
0,19.0,1,61.0,783.0,110.0,0.0,0.0,True,3,6186,1,1,1,4,0,0,1,0,0,0,0,954.0,0,2,0,0,1,0,0,1
0,3.0,0,0.0,0.0,0.0,0.0,0.0,True,0,6189,1,1,1,6,0,0,0,0,1,0,0,0.0,1,3,1,0,0,0,0,1
1,51.0,0,0.0,0.0,0.0,0.0,0.0,True,6,6191,1,0,4,0,0,1,0,0,0,0,0,0.0,1,3,0,1,0,0,0,1
1,45.0,0,0.0,0.0,0.0,0.0,0.0,True,2,6191,2,0,4,0,0,1,0,0,0,0,0,0.0,1,3,0,1,0,0,0,1
1,45.0,0,0.0,0.0,0.0,0.0,0.0,True,5,6191,3,0,4,0,0,1,0,0,0,0,0,0.0,1,3,0,1,0,0,0,1
1,18.0,0,0.0,0.0,0.0,0.0,0.0,True,2,6191,4,0,4,0,0,1,0,0,0,0,0,0.0,1,3,0,1,0,0,0,1
0,23.0,0,0.0,126.0,403.0,0.0,21.0,True,3,6192,1,1,1,5,1,0,0,0,1,0,0,550.0,0,1,1,0,0,0,1,0
0,15.0,0,1042.0,0.0,36.0,0.0,0.0,False,2,6194,1,1,1,5,1,0,0,0,1,0,0,1078.0,0,2,1,0,0,0,0,1
1,34.0,0,0.0,0.0,0.0,0.0,0.0,True,5,6199,1,0,2,4,1,0,1,0,0,0,0,0.0,1,3,0,0,1,0,0,1
0,47.0,0,5.0,1027.0,0.0,24.0,0.0,True,5,6199,2,0,2,3,1,1,0,0,0,0,0,1056.0,0,2,0,0,1,0,0,1
0,27.0,0,3.0,4654.0,0.0,657.0,214.0,True,4,6200,1,0,3,1,1,1,0,0,0,0,0,5528.0,0,0,0,1,0,0,0,1
0,26.0,0,0.0,9.0,0.0,3.0,2047.0,False,4,6200,2,0,3,1,1,1,0,0,0,0,0,2059.0,0,0,0,1,0,0,0,1
0,25.0,0,2026.0,4929.0,0.0,1179.0,10270.0,False,3,6200,3,0,3,1,1,1,0,0,0,0,0,18404.0,0,0,0,1,0,1,0,0
0,34.0,1,0.0,1174.0,0.0,130.0,1141.0,False,5,6201,1,1,1,0,0,1,0,0,0,0,0,2445.0,0,0,0,1,0,1,0,0
0,27.0,1,55.0,0.0,50.0,1849.0,1.0,False,4,6205,1,1,1,3,1,1,0,0,0,0,0,1955.0,0,0,0,0,1,0,0,1
0,39.0,0,0.0,176.0,43.0,660.0,0.0,False,5,6206,1,1,1,5,1,0,0,0,1,0,0,879.0,0,2,1,0,0,0,0,1
0,31.0,0,915.0,0.0,1313.0,370.0,0.0,False,4,6207,1,0,3,5,0,0,0,0,0,1,0,2598.0,0,0,0,0,1,0,0,1
0,4.0,0,457.5,0.0,0.0,0.0,0.0,True,0,6207,2,0,3,5,0,0,0,0,0,1,0,0.0,1,3,0,0,1,0,0,1
0,19.0,0,0.0,0.0,0.0,0.0,0.0,False,3,6207,3,0,3,4,0,0,1,0,0,0,0,0.0,1,3,0,0,1,0,0,1
1,59.0,0,0.0,0.0,0.0,0.0,0.0,True,6,6208,1,1,1,5,0,0,0,0,0,1,0,0.0,1,3,0,0,1,1,0,0
0,19.0,0,2006.0,0.0,0.0,0.0,0.0,True,3,6211,1,1,1,3,0,1,0,0,0,0,0,2006.0,0,0,0,0,1,0,0,1
0,25.0,0,258.0,0.0,306.0,311.0,24.0,True,3,6213,1,1,1,5,0,0,0,0,0,1,0,899.0,0,2,1,0,0,1,0,0
0,28.0,0,0.0,809.0,0.0,2043.0,72.0,True,4,6215,1,0,2,1,1,1,0,0,0,0,0,2924.0,0,0,0,1,0,1,0,0
0,37.0,0,0.0,90.0,0.0,3282.0,11.0,False,5,6215,2,0,2,1,1,1,0,0,0,0,0,3383.0,0,0,0,1,0,1,0,0
0,43.0,0,24.0,1.0,1167.0,0.0,0.0,True,5,6216,1,1,1,5,0,0,0,0,0,1,0,1192.0,0,2,0,0,1,0,0,1
0,18.0,0,425.0,779.0,0.0,0.0,74.0,False,2,6218,1,0,2,5,1,0,0,0,1,0,0,1278.0,0,2,1,0,0,1,0,0
0,36.0,0,1603.0,0.0,2.0,87.0,0.0,False,5,6218,2,0,2,4,1,0,1,0,0,0,0,1692.0,0,0,1,0,0,0,0,1
0,14.0,0,71.0,0.0,0.0,0.0,0.0,False,2,6219,1,1,1,5,0,0,0,0,0,1,0,71.0,0,1,1,0,0,0,0,1
0,42.0,0,0.0,168.0,0.0,113.0,461.0,False,5,6220,1,1,1,5,0,0,0,0,0,1,0,742.0,0,2,1,0,0,0,1,0
0,29.0,0,25.0,0.0,2.0,0.0,657.0,False,4,6222,1,1,1,5,1,0,0,0,1,0,0,684.0,0,1,1,0,0,0,1,0
0,23.0,0,1696.0,46.0,82.0,235.0,17.0,False,3,6223,1,1,1,4,0,0,1,0,0,0,0,2076.0,0,0,0,0,1,0,0,1
0,16.0,0,0.0,0.0,60.0,0.0,1963.0,False,2,6224,1,0,2,5,1,0,0,0,1,0,0,2023.0,0,0,1,0,0,0,0,1
0,8.0,0,0.0,0.0,0.0,0.0,0.0,True,1,6224,2,0,2,6,1,0,0,0,1,0,0,0.0,1,3,1,0,0,1,0,0
0,20.0,0,1.0,0.0,0.0,32.0,875.0,False,3,6225,1,1,1,6,0,0,0,0,1,0,0,908.0,0,2,1,0,0,0,0,1
0,50.0,0,199.0,0.0,182.0,0.0,0.0,False,5,6227,1,1,1,5,1,0,0,0,1,0,0,381.0,0,1,1,0,0,0,1,0
0,38.0,0,0.0,709.0,39.0,62.0,0.0,True,5,6228,1,1,1,6,1,0,0,0,1,0,0,810.0,0,2,1,0,0,0,0,1
1,39.0,0,0.0,0.0,0.0,0.0,0.0,True,5,6229,1,1,1,5,0,0,0,0,0,1,0,0.0,1,3,0,0,1,0,0,1
0,33.0,0,559.0,0.0,145.0,594.0,0.0,False,5,6230,1,1,1,4,1,0,1,0,0,0,0,1298.0,0,2,0,0,1,0,0,1
1,30.0,0,0.0,0.0,0.0,0.0,0.0,True,4,6232,1,1,1,1,1,1,0,0,0,0,0,0.0,1,3,0,1,0,1,0,0
0,40.0,1,301.0,0.0,1310.0,4.0,0.0,True,5,6234,1,1,1,5,0,0,0,0,0,1,0,1615.0,0,0,0,0,1,0,1,0
0,22.0,0,395.0,0.0,0.0,300.0,125.0,False,3,6236,1,1,1,5,1,0,0,0,1,0,0,820.0,0,2,1,0,0,0,0,1
1,52.0,0,0.0,0.0,0.0,0.0,0.0,True,6,6237,1,1,1,5,1,0,0,0,1,0,0,0.0,1,3,0,0,1,0,0,1
1,26.0,0,0.0,0.0,0.0,0.0,0.0,True,4,6238,1,1,1,5,1,0,0,0,1,0,0,0.0,1,3,0,0,1,0,0,1
0,19.0,0,2044.0,0.0,13.0,1.0,0.0,False,3,6239,1,1,1,5,1,0,0,0,1,0,0,2058.0,0,0,1,0,0,0,0,1
0,33.0,0,6.0,0.0,0.0,0.0,950.0,False,5,6241,1,1,1,5,1,0,0,0,1,0,0,956.0,0,2,1,0,0,0,0,1
1,33.0,0,0.0,0.0,0.0,0.0,0.0,True,5,6243,1,1,1,6,1,0,0,0,1,0,0,0.0,1,3,1,0,0,0,1,0
0,20.0,0,0.0,0.0,841.0,5.0,0.0,True,3,6245,1,1,1,6,1,0,0,0,1,0,0,846.0,0,2,1,0,0,0,0,1
0,28.0,0,0.0,0.0,129.0,0.0,0.0,False,4,6246,1,1,1,5,1,0,0,0,1,0,0,129.0,0,1,0,0,1,0,0,1
1,10.0,0,0.0,0.0,0.0,0.0,0.0,True,1,6248,1,1,1,6,1,0,0,0,1,0,0,0.0,1,3,1,0,0,1,0,0
0,23.0,0,0.0,1.0,908.0,0.0,0.0,True,3,6249,1,1,1,6,0,0,0,0,1,0,0,909.0,0,2,1,0,0,0,0,1
0,28.0,0,0.0,0.0,887.0,0.0,0.0,True,4,6250,1,1,1,6,1,0,0,0,1,0,0,887.0,0,2,1,0,0,0,0,1
0,23.0,0,2189.0,0.0,0.0,0.0,0.0,True,3,6251,1,1,1,5,1,0,0,0,0,1,0,2189.0,0,0,1,0,0,0,0,1
0,54.0,0,630.0,298.0,418.0,312.0,0.0,False,6,6252,1,1,1,5,1,0,0,0,0,1,0,1658.0,0,0,0,0,1,0,0,1
0,57.0,0,368.0,0.0,636.0,1082.0,512.0,False,6,6253,1,0,2,5,0,0,0,0,0,1,0,2598.0,0,0,0,0,1,0,0,1
0,24.0,0,737.0,293.0,301.0,0.0,0.0,False,3,6253,2,0,2,5,0,0,0,0,0,1,0,1331.0,0,2,0,0,1,1,0,0
1,37.0,0,0.0,0.0,0.0,0.0,0.0,True,5,6254,1,0,2,1,1,1,0,0,0,0,0,0.0,1,3,0,1,0,0,0,1
1,59.0,0,0.0,0.0,0.0,0.0,0.0,True,6,6254,2,0,2,1,1,1,0,0,0,0,0,0.0,1,3,0,1,0,0,0,1
1,53.0,0,0.0,0.0,0.0,0.0,0.0,True,6,6256,1,1,1,6,0,0,0,0,1,0,0,0.0,1,3,1,0,0,0,0,1
1,22.0,0,0.0,0.0,0.0,0.0,0.0,True,3,6262,1,0,2,5,0,0,0,0,0,1,0,0.0,1,3,0,0,1,0,0,1
0,18.0,0,102.0,3.0,186.0,2287.0,0.0,False,2,6262,2,0,2,3,0,1,0,0,0,0,0,2578.0,0,0,0,0,1,0,0,1
1,17.0,0,0.0,0.0,0.0,0.0,0.0,True,2,6263,1,0,2,1,0,1,0,0,0,0,0,0.0,1,3,0,1,0,1,0,0
0,25.0,0,0.0,1674.0,3.0,9.0,3554.0,False,3,6263,2,0,2,1,0,1,0,0,0,0,0,5240.0,0,0,0,1,0,1,0,0
0,18.0,0,108.0,2.0,11.0,0.0,680.0,False,2,6264,1,1,1,5,0,0,0,0,0,1,0,801.0,0,2,1,0,0,0,0,1
0,20.0,0,379.0,0.0,29.0,39.0,91.0,False,3,6265,1,1,1,5,1,0,1,0,0,0,0,538.0,0,1,1,0,0,0,0,1
0,24.0,0,0.0,2680.0,0.0,2.0,45.0,True,3,6266,1,1,1,5,0,0,0,0,0,1,0,2727.0,0,0,1,0,0,0,0,1
1,33.0,0,0.0,0.0,0.0,0.0,0.0,True,5,6268,1,1,1,5,1,0,0,0,0,1,0,0.0,1,3,0,0,1,0,0,1
0,34.0,0,124.0,0.0,0.0,679.0,0.0,False,5,6270,1,0,2,5,0,0,0,0,0,1,0,803.0,0,2,1,0,0,0,0,1
0,24.0,0,0.0,254.0,13.0,0.0,477.0,False,3,6270,2,0,2,5,0,0,0,0,0,1,0,744.0,0,2,1,0,0,1,0,0
0,37.0,0,0.0,0.0,0.0,0.0,0.0,True,5,6271,1,1,1,0,0,1,0,0,0,0,0,0.0,1,3,0,1,0,0,0,1
0,23.0,0,690.0,0.0,0.0,292.0,1596.0,False,3,6273,1,0,2,3,0,1,0,0,0,0,0,2578.0,0,0,0,0,1,0,0,1
0,32.0,0,2031.0,0.0,28.0,519.0,0.0,False,4,6273,2,0,2,3,0,1,0,0,0,0,0,2578.0,0,0,0,0,1,0,0,1
1,13.0,0,0.0,0.0,0.0,0.0,0.0,True,2,6274,1,1,1,5,1,0,0,0,0,1,0,0.0,1,3,0,0,1,0,0,1
1,23.0,0,0.0,0.0,0.0,0.0,0.0,True,3,6276,1,1,1,6,0,0,0,0,1,0,0,0.0,1,3,1,0,0,1,0,0
1,23.0,0,0.0,0.0,0.0,0.0,0.0,True,3,6277,1,1,1,6,1,0,0,0,1,0,0,0.0,1,3,1,0,0,0,0,1
0,27.0,0,135.0,3103.0,9.0,424.0,629.0,False,4,6279,1,1,1,0,1,1,0,0,0,0,0,4300.0,0,0,0,1,0,0,0,1
1,47.0,0,0.0,0.0,0.0,0.0,0.0,True,5,6280,1,1,1,6,0,0,0,0,1,0,0,0.0,1,3,1,0,0,0,0,1
0,38.0,0,20.0,0.0,751.0,0.0,2.0,True,5,6281,1,1,1,6,1,0,0,0,1,0,0,773.0,0,2,1,0,0,0,0,1
0,28.0,0,158.0,0.0,0.0,465.0,0.0,False,4,6282,1,1,1,5,1,0,0,0,0,1,0,623.0,0,1,0,0,1,0,0,1
0,21.0,0,0.0,296.0,2.0,0.0,1543.0,False,3,6283,1,0,2,5,1,0,0,0,0,1,0,1841.0,0,0,1,0,0,0,0,1
0,21.0,0,2.0,3.0,93.0,6.0,540.0,False,3,6283,2,0,2,5,1,0,0,0,0,1,0,644.0,0,1,1,0,0,0,0,1
0,64.0,0,0.0,0.0,0.0,0.0,0.0,True,6,6285,1,0,2,1,1,1,0,0,0,0,0,0.0,1,3,0,1,0,1,0,0
0,43.0,0,2.0,5329.0,0.0,7.0,0.0,True,5,6285,2,0,2,1,1,1,0,0,0,0,0,5338.0,0,0,0,1,0,0,0,1
0,21.0,0,0.0,0.0,28.0,508.0,272.0,True,3,6289,1,1,1,6,1,0,0,0,1,0,0,808.0,0,2,1,0,0,0,0,1
0,36.0,0,78.0,9.0,0.0,0.0,841.0,True,5,6290,1,1,1,6,0,0,0,0,1,0,0,928.0,0,2,1,0,0,0,0,1
0,22.0,0,0.0,0.0,0.0,48.0,653.0,True,3,6292,1,1,1,6,1,0,0,0,1,0,0,701.0,0,1,1,0,0,0,1,0
0,24.0,0,0.0,1049.0,1.0,0.0,0.0,False,3,6293,1,1,1,5,0,0,0,0,0,1,0,1050.0,0,2,1,0,0,0,0,1
1,21.0,0,0.0,0.0,0.0,0.0,0.0,True,3,6296,1,1,1,1,1,1,0,0,0,0,0,0.0,1,3,0,1,0,0,0,1
0,57.0,0,0.0,1409.0,29.0,0.0,0.0,True,6,6297,1,1,1,6,0,0,0,0,1,0,0,1438.0,0,2,1,0,0,0,0,1
0,46.0,0,0.0,8943.0,0.0,0.0,159.0,True,5,6299,1,1,1,2,0,1,0,0,0,0,0,9102.0,0,0,0,1,0,1,0,0
1,42.0,0,0.0,0.0,0.0,0.0,0.0,True,5,6300,1,1,1,5,0,0,0,0,0,1,0,0.0,1,3,0,0,1,0,0,1
0,16.0,0,17.0,0.0,0.0,537.0,173.0,False,2,6301,1,1,1,5,0,0,0,0,0,1,0,727.0,0,2,1,0,0,0,0,1
0,40.0,0,0.0,175.0,0.0,11.0,537.0,False,5,6302,1,0,7,5,0,0,0,0,0,1,0,723.0,0,2,1,0,0,0,0,1
0,3.0,0,0.0,0.0,0.0,0.0,0.0,False,0,6302,2,0,7,6,0,0,0,0,1,0,0,0.0,1,3,1,0,0,0,0,1
0,8.0,0,0.0,0.0,0.0,0.0,0.0,True,1,6302,3,0,7,6,0,0,0,0,1,0,0,0.0,1,3,1,0,0,0,0,1
1,3.0,0,0.0,0.0,0.0,0.0,0.0,True,0,6302,4,0,7,5,1,0,1,0,0,0,0,0.0,1,3,1,0,0,0,1,0
0,35.0,0,1669.0,0.0,7.0,0.0,90.0,False,5,6302,5,0,7,6,0,0,0,0,1,0,0,1766.0,0,0,1,0,0,1,0,0
0,12.0,0,0.0,0.0,0.0,0.0,0.0,True,1,6302,6,0,7,6,0,0,0,0,1,0,0,0.0,1,3,1,0,0,1,0,0
1,10.0,0,0.0,0.0,0.0,0.0,0.0,True,0,6302,7,0,7,6,0,0,0,0,1,0,0,0.0,1,3,1,0,0,0,0,1
0,47.0,1,0.0,2225.0,1573.0,201.0,23.0,True,5,6304,1,1,1,2,0,1,0,0,0,0,0,4022.0,0,0,0,1,0,1,0,0
1,19.0,0,0.0,0.0,0.0,0.0,0.0,True,3,6305,1,0,2,1,1,1,0,0,0,0,0,0.0,1,3,0,1,0,1,0,0
0,46.0,0,3616.0,564.0,0.0,15.0,3303.0,False,5,6305,2,0,2,1,1,1,0,0,0,0,0,7498.0,0,0,0,1,0,0,0,1
0,28.0,0,0.0,152.0,215.0,30.0,510.0,False,4,6308,1,1,1,6,0,0,0,0,1,0,0,907.0,0,2,1,0,0,0,0,1
0,5.0,0,0.0,0.0,0.0,0.0,0.0,True,1,6309,1,0,5,6,1,0,0,0,1,0,0,0.0,1,3,1,0,0,0,0,1
0,7.0,0,0.0,0.0,0.0,0.0,0.0,True,1,6309,2,0,5,6,1,0,0,0,1,0,0,0.0,1,3,1,0,0,0,0,1
1,3.0,0,0.0,0.0,0.0,0.0,0.0,True,0,6309,3,0,5,6,1,0,0,0,1,0,0,0.0,1,3,1,0,0,0,0,1
0,1.0,0,0.0,0.0,0.0,0.0,0.0,True,0,6309,4,0,5,6,1,0,0,0,1,0,0,0.0,1,3,1,0,0,0,0,1
0,7.0,0,0.0,0.0,0.0,0.0,0.0,True,1,6309,5,0,5,6,1,0,0,0,1,0,0,0.0,1,3,1,0,0,1,0,0
0,60.0,0,0.0,190.0,3.0,1964.0,30.0,False,6,6313,1,0,2,3,1,1,0,0,0,0,0,2187.0,0,0,0,1,0,0,0,1
0,34.0,0,6.0,878.0,0.0,10.0,2203.0,False,5,6313,2,0,2,3,1,1,0,0,0,0,0,3097.0,0,0,0,1,0,0,0,1
0,28.0,0,0.0,0.0,0.0,6.0,9837.0,False,4,6315,1,1,1,2,1,1,0,0,0,0,0,9843.0,0,0,0,1,0,0,0,1
0,64.0,0,0.0,316.0,2.0,673.0,0.0,False,6,6316,1,1,1,4,0,0,1,0,0,0,0,991.0,0,2,1,0,0,1,0,0
0,13.0,0,898.0,0.0,0.0,0.0,24.0,False,2,6317,1,1,1,5,1,0,0,0,0,1,0,922.0,0,2,1,0,0,0,0,1
1,15.0,0,0.0,0.0,0.0,0.0,0.0,True,2,6318,1,1,1,6,0,0,0,0,1,0,0,0.0,1,3,1,0,0,0,0,1
0,65.0,0,458.0,0.0,555.0,0.0,0.0,False,6,6319,1,1,1,6,0,0,0,0,1,0,0,1013.0,0,2,1,0,0,0,0,1
0,53.0,0,78.0,85.0,859.0,0.0,0.0,True,6,6320,1,1,1,4,1,0,1,0,0,0,0,1022.0,0,2,0,0,1,0,0,1
1,58.0,0,0.0,0.0,0.0,0.0,0.0,True,6,6321,1,0,3,2,0,1,0,0,0,0,0,0.0,1,3,0,1,0,1,0,0
0,19.0,0,0.0,1234.0,0.0,1956.0,0.0,False,3,6321,2,0,3,2,0,1,0,0,0,0,0,3190.0,0,0,0,1,0,0,0,1
1,38.5,0,0.0,0.0,0.0,0.0,0.0,True,3,6321,3,0,3,2,0,1,0,0,0,0,0,0.0,1,3,0,1,0,1,0,0
0,16.0,0,0.0,68.0,1541.0,0.0,0.0,True,2,6322,1,1,1,4,1,0,1,0,0,0,0,1609.0,0,0,1,0,0,0,0,1
0,48.0,0,3.0,4089.0,0.0,4368.0,147.0,False,5,6323,1,0,2,2,1,1,0,0,0,0,0,8607.0,0,0,0,1,0,1,0,0
0,33.0,0,2.0,4742.0,0.0,34.0,0.0,True,5,6323,2,0,2,2,1,1,0,0,0,0,0,4778.0,0,0,0,1,0,0,0,1
0,31.0,0,19.0,509.0,0.0,0.0,177.0,False,4,6324,1,0,3,4,1,0,1,0,0,0,0,705.0,0,1,1,0,0,1,0,0
0,44.0,0,0.0,0.0,0.0,0.0,0.0,True,5,6324,2,0,3,6,1,0,0,0,1,0,0,0.0,1,3,1,0,0,1,0,0
0,40.0,0,1.0,0.0,895.0,10.0,0.0,True,5,6324,3,0,3,6,1,0,0,0,1,0,0,906.0,0,2,1,0,0,0,0,1
1,34.0,0,0.0,0.0,0.0,0.0,0.0,True,5,6325,1,0,2,6,1,0,0,0,1,0,0,0.0,1,3,1,0,0,0,0,1
0,21.0,0,0.0,541.0,0.0,143.0,0.0,False,3,6325,2,0,2,5,1,0,0,0,0,1,0,684.0,0,1,1,0,0,0,0,1
0,20.0,0,0.0,20.0,1.0,696.0,0.0,False,3,6326,1,1,1,5,0,0,0,0,0,1,0,717.0,0,2,1,0,0,0,0,1
1,9.0,0,0.0,0.0,0.0,0.0,0.0,True,1,6327,1,1,1,5,0,0,0,0,0,1,0,0.0,1,3,0,0,1,0,0,1
1,33.0,0,0.0,0.0,0.0,0.0,0.0,False,5,6328,1,0,4,6,0,0,0,0,1,0,0,0.0,1,3,1,0,0,0,0,1
1,2.0,0,0.0,0.0,0.0,0.0,0.0,False,0,6328,2,0,4,6,0,0,0,0,1,0,0,0.0,1,3,1,0,0,0,1,0
0,53.0,0,627.0,32.0,0.0,0.0,37.0,False,6,6328,3,0,4,5,0,0,0,0,0,1,0,696.0,0,1,1,0,0,0,0,1
0,0.0,0,0.0,0.0,0.0,0.0,0.0,True,0,6328,4,0,4,6,0,0,0,0,1,0,0,0.0,1,3,1,0,0,1,0,0
1,38.0,0,0.0,0.0,0.0,0.0,0.0,True,5,6330,1,1,1,6,1,0,0,0,1,0,0,0.0,1,3,1,0,0,0,1,0
1,21.0,0,0.0,0.0,0.0,0.0,0.0,True,3,6331,1,1,1,2,1,1,0,0,0,0,0,0.0,1,3,0,1,0,1,0,0
1,31.0,0,0.0,0.0,0.0,0.0,0.0,True,4,6334,1,0,7,6,1,0,0,0,1,0,0,0.0,1,3,1,0,0,0,0,1
1,7.0,0,0.0,0.0,0.0,0.0,0.0,True,1,6334,2,0,7,6,1,0,0,0,1,0,0,0.0,1,3,1,0,0,0,1,0
0,12.0,0,0.0,0.0,0.0,0.0,0.0,True,1,6334,3,0,7,6,1,0,0,0,1,0,0,0.0,1,3,1,0,0,1,0,0
1,0.0,0,0.0,0.0,0.0,0.0,0.0,True,0,6334,4,0,7,6,1,0,0,0,1,0,0,0.0,1,3,1,0,0,0,1,0
0,17.0,0,5.0,0.0,1317.0,287.0,0.0,True,2,6334,5,0,7,4,1,0,1,0,0,0,0,1609.0,0,0,1,0,0,0,0,1
0,55.0,0,0.0,242.0,0.0,479.0,3.0,False,6,6334,6,0,7,5,1,0,0,0,0,1,0,724.0,0,2,1,0,0,0,0,1
0,2.0,0,0.0,0.0,0.0,0.0,0.0,True,0,6334,7,0,7,6,1,0,0,0,1,0,0,0.0,1,3,1,0,0,1,0,0
0,32.0,0,18.0,0.0,0.0,1382.0,0.0,False,4,6335,1,1,1,5,0,0,0,0,0,1,0,1400.0,0,2,1,0,0,0,0,1
0,16.0,0,0.0,0.0,694.0,0.0,102.0,False,2,6338,1,1,1,5,0,0,0,0,0,1,0,796.0,0,2,1,0,0,1,0,0
0,0.0,0,0.0,0.0,0.0,0.0,0.0,False,0,6339,1,1,1,6,0,0,0,0,1,0,0,0.0,1,3,1,0,0,0,0,1
0,29.0,0,0.0,584.0,5468.0,7.0,661.0,True,4,6340,1,0,2,2,0,1,0,0,0,0,0,6720.0,0,0,0,1,0,0,0,1
0,25.0,0,484.0,11441.0,0.0,4.0,5477.0,False,3,6340,2,0,2,2,0,1,0,0,0,0,0,17406.0,0,0,0,1,0,1,0,0
0,39.0,0,1884.0,0.0,1435.0,5.0,469.0,False,5,6341,1,1,1,3,1,1,0,0,0,0,0,3793.0,0,0,0,0,1,1,0,0
1,42.0,0,0.0,0.0,0.0,0.0,0.0,True,5,6343,1,1,1,4,1,0,1,0,0,0,0,0.0,1,3,0,0,1,0,0,1
0,0.0,0,0.0,0.0,0.0,0.0,0.0,True,0,6344,1,0,2,6,0,0,0,0,1,0,0,0.0,1,3,1,0,0,1,0,0
1,14.0,0,0.0,0.0,0.0,0.0,0.0,True,2,6344,2,0,2,6,0,0,0,0,1,0,0,0.0,1,3,1,0,0,0,0,1
0,29.0,0,2223.0,0.0,0.0,0.0,0.0,False,4,6346,1,0,2,5,1,0,0,0,0,1,0,2223.0,0,0,0,0,1,0,0,1
0,54.0,0,676.0,0.0,231.0,379.0,0.0,False,6,6346,2,0,2,5,1,0,0,0,0,1,0,1286.0,0,2,0,0,1,0,0,1
1,35.0,0,0.0,0.0,0.0,0.0,0.0,True,5,6347,1,1,1,6,1,0,0,0,1,0,0,0.0,1,3,1,0,0,0,0,1
0,27.0,0,49.0,13342.0,0.0,1885.0,6985.0,False,5,6348,1,1,1,2,1,1,0,0,0,0,0,22261.0,0,0,0,1,0,1,0,0
0,18.0,0,593.0,0.0,508.0,0.0,12.0,True,2,6349,1,1,1,5,0,0,0,0,0,1,0,1113.0,0,2,0,0,1,0,0,1
0,14.0,0,0.0,973.0,0.0,1.0,0.0,True,2,6351,1,1,1,4,0,0,1,0,0,0,0,974.0,0,2,1,0,0,1,0,0
1,53.0,0,0.0,0.0,0.0,0.0,0.0,True,6,6353,1,1,1,3,0,1,0,0,0,0,0,0.0,1,3,0,1,0,0,0,1
0,48.0,0,410.0,2108.0,0.0,0.0,0.0,True,5,6354,1,1,1,5,0,0,0,0,0,1,0,2518.0,0,0,1,0,0,0,0,1
0,21.0,0,0.0,641.0,0.0,0.0,0.0,True,3,6355,1,1,1,5,1,0,0,0,0,1,0,641.0,0,1,1,0,0,1,0,0
0,44.0,0,0.0,0.0,0.0,729.0,397.0,True,5,6356,1,1,1,5,0,0,0,0,0,1,0,1126.0,0,2,1,0,0,0,0,1
0,25.0,0,106.0,0.0,0.0,0.0,925.0,False,3,6357,1,1,1,5,1,0,0,0,0,1,0,1031.0,0,2,1,0,0,0,0,1
0,0.0,0,0.0,0.0,0.0,0.0,0.0,True,0,6360,1,0,3,0,1,1,0,0,0,0,0,0.0,1,3,0,1,0,0,0,1
1,27.0,0,0.0,0.0,0.0,0.0,0.0,True,4,6360,2,0,3,0,1,1,0,0,0,0,0,0.0,1,3,0,1,0,0,0,1
1,40.0,0,0.0,0.0,0.0,0.0,0.0,True,5,6360,3,0,3,0,1,1,0,0,0,0,0,0.0,1,3,0,1,0,0,0,1
0,44.0,0,0.0,509.0,129.0,246.0,0.0,True,5,6361,1,1,1,6,1,0,0,0,1,0,0,884.0,0,2,1,0,0,0,0,1
1,36.0,0,0.0,0.0,0.0,0.0,0.0,False,5,6363,1,0,7,5,1,0,1,0,0,0,0,0.0,1,3,1,0,0,0,0,1
1,3.0,0,0.0,0.0,0.0,0.0,0.0,True,0,6363,2,0,7,6,0,0,0,0,1,0,0,0.0,1,3,1,0,0,1,0,0
1,9.0,0,0.0,0.0,0.0,0.0,0.0,False,1,6363,3,0,7,6,0,0,0,0,1,0,0,0.0,1,3,1,0,0,0,0,1
1,1.0,0,0.0,0.0,0.0,0.0,0.0,False,0,6363,4,0,7,6,0,0,0,0,1,0,0,0.0,1,3,1,0,0,0,0,1
0,17.0,0,0.0,0.0,977.0,0.0,5.0,True,2,6363,5,0,7,4,0,0,1,0,0,0,0,982.0,0,2,1,0,0,0,0,1
1,47.0,0,0.0,0.0,0.0,0.0,0.0,False,5,6363,6,0,7,6,0,0,0,0,1,0,0,0.0,1,3,1,0,0,0,0,1
1,13.0,0,0.0,0.0,0.0,0.0,0.0,False,0,6363,7,0,7,6,0,0,0,0,1,0,0,0.0,1,3,1,0,0,0,0,1
0,33.0,0,0.0,38.0,0.0,1.0,3167.0,False,5,6365,1,1,1,0,0,1,0,0,0,0,0,3206.0,0,0,0,1,0,1,0,0
0,16.0,0,0.0,0.0,99.0,0.0,774.0,True,2,6366,1,1,1,4,1,0,1,0,0,0,0,873.0,0,2,1,0,0,0,1,0
0,30.0,1,1960.0,0.0,638.0,0.0,0.0,False,4,6367,1,0,2,5,1,0,0,0,0,1,0,2598.0,0,0,0,0,1,0,0,1
0,18.0,0,114.0,131.0,927.0,0.0,0.0,True,2,6367,2,0,2,5,1,0,0,0,0,1,0,1172.0,0,2,0,0,1,1,0,0
0,26.0,0,360.0,8.0,1.0,329.0,185.0,False,4,6368,1,1,1,6,1,0,0,0,1,0,0,883.0,0,2,1,0,0,0,0,1
0,19.0,0,577.0,169.0,0.0,7.0,0.0,True,3,6369,1,1,1,5,0,0,0,0,0,1,0,753.0,0,2,1,0,0,0,1,0
1,28.0,0,0.0,0.0,0.0,0.0,0.0,True,4,6370,1,1,1,5,1,0,0,0,0,1,0,0.0,1,3,0,0,1,0,0,1
0,35.0,0,858.0,10.0,16.0,0.0,0.0,False,5,6371,1,1,1,6,0,0,0,0,1,0,0,884.0,0,2,1,0,0,0,0,1
0,40.0,0,773.0,3729.0,43.0,10.0,0.0,True,5,6372,1,0,4,1,0,1,0,0,0,0,0,4555.0,0,0,0,1,0,0,0,1
0,26.0,1,0.0,2199.0,0.0,328.0,329.0,False,4,6372,2,0,4,1,0,1,0,0,0,0,0,2856.0,0,0,0,1,0,0,0,1
0,45.0,0,0.0,3200.0,0.0,415.0,161.0,True,5,6372,3,0,4,1,0,1,0,0,0,0,0,3776.0,0,0,0,1,0,1,0,0
1,18.0,0,0.0,0.0,0.0,0.0,0.0,True,2,6372,4,0,4,1,0,1,0,0,0,0,0,0.0,1,3,0,1,0,1,0,0
0,54.0,0,801.0,5.0,0.0,0.0,0.0,True,6,6373,1,1,1,5,0,0,0,0,0,1,0,806.0,0,2,1,0,0,1,0,0
0,13.0,0,1144.0,0.0,6.0,0.0,0.0,False,2,6374,1,1,1,5,0,0,0,0,0,1,0,1150.0,0,2,1,0,0,0,0,1
1,26.0,0,0.0,0.0,0.0,0.0,0.0,True,4,6376,1,1,1,5,1,0,0,0,0,1,0,0.0,1,3,0,0,1,1,0,0
1,16.0,0,0.0,0.0,0.0,0.0,0.0,True,2,6378,1,1,1,6,1,0,0,0,1,0,0,0.0,1,3,1,0,0,0,1,0
0,37.0,0,0.0,959.0,8.0,20.0,169.0,False,5,6380,1,0,3,5,0,0,0,0,0,1,0,1156.0,0,2,1,0,0,0,0,1
1,17.0,0,0.0,0.0,0.0,0.0,0.0,True,2,6380,2,0,3,6,0,0,0,0,1,0,0,0.0,1,3,1,0,0,0,0,1
0,16.0,0,2.0,511.0,0.0,0.0,1578.0,False,2,6380,3,0,3,5,0,0,0,0,0,1,0,2091.0,0,0,1,0,0,1,0,0
0,18.0,0,358.0,336.0,0.0,0.0,0.0,False,2,6381,1,1,1,5,0,0,0,0,0,1,0,694.0,0,1,1,0,0,0,0,1
0,21.0,0,435.0,0.0,422.0,16.0,0.0,False,3,6385,1,1,1,5,1,0,1,0,0,0,0,873.0,0,2,0,0,1,0,1,0
0,24.0,0,0.0,0.0,0.0,0.0,826.0,True,3,6388,1,1,1,6,0,0,0,0,1,0,0,826.0,0,2,1,0,0,0,0,1
1,22.0,0,0.0,0.0,0.0,0.0,0.0,True,3,6390,1,1,1,6,1,0,0,0,1,0,0,0.0,1,3,1,0,0,0,0,1
1,41.0,0,0.0,0.0,0.0,0.0,0.0,True,5,6394,1,0,4,6,1,0,0,0,1,0,0,0.0,1,3,1,0,0,0,0,1
1,15.0,0,0.0,0.0,0.0,0.0,0.0,True,2,6394,2,0,4,6,1,0,0,0,1,0,0,0.0,1,3,1,0,0,0,0,1
1,36.0,0,0.0,0.0,0.0,0.0,0.0,True,5,6394,3,0,4,6,1,0,0,0,1,0,0,0.0,1,3,1,0,0,0,0,1
0,23.0,0,0.0,0.0,478.0,4560.0,0.0,False,3,6394,4,0,4,6,1,0,0,0,1,0,0,5038.0,0,0,1,0,0,1,0,0
0,31.0,0,0.0,243.0,0.0,0.0,0.0,False,4,6396,1,1,1,4,1,0,1,0,0,0,0,243.0,0,1,1,0,0,0,0,1
0,19.0,0,114.0,3.0,622.0,0.0,0.0,False,3,6397,1,1,1,5,1,0,0,0,0,1,0,739.0,0,2,1,0,0,0,0,1
1,23.0,0,0.0,0.0,0.0,0.0,0.0,True,3,6398,1,1,1,6,0,0,0,0,1,0,0,0.0,1,3,1,0,0,1,0,0
0,47.0,0,0.0,106.0,2915.0,0.0,1200.0,False,5,6399,1,1,1,6,0,0,0,0,1,0,0,4221.0,0,0,1,0,0,0,0,1
0,40.0,0,0.0,1677.0,0.0,109.0,320.0,True,5,6400,1,0,2,0,1,1,0,0,0,0,0,2106.0,0,0,0,1,0,1,0,0
0,34.0,1,0.0,618.0,0.0,0.0,10888.0,False,5,6400,2,0,2,0,1,1,0,0,0,0,0,11506.0,0,0,0,1,0,1,0,0
0,2.0,0,0.0,0.0,0.0,0.0,0.0,False,0,6402,1,0,5,6,0,0,0,0,1,0,0,0.0,1,3,1,0,0,0,0,1
1,8.0,0,0.0,0.0,0.0,0.0,0.0,False,1,6402,2,0,5,6,0,0,0,0,1,0,0,0.0,1,3,1,0,0,0,0,1
1,0.0,0,0.0,0.0,0.0,0.0,0.0,True,0,6402,3,0,5,6,0,0,0,0,1,0,0,0.0,1,3,1,0,0,0,0,1
0,18.0,0,0.0,0.0,1720.0,1.0,0.0,True,2,6402,4,0,5,6,0,0,0,0,1,0,0,1721.0,0,0,1,0,0,0,1,0
0,11.0,0,0.0,0.0,0.0,0.0,0.0,False,1,6402,5,0,5,6,0,0,0,0,1,0,0,0.0,1,3,1,0,0,0,0,1
0,18.0,0,0.0,20.0,790.0,0.0,0.0,True,2,6404,1,1,1,6,1,0,0,0,1,0,0,810.0,0,2,1,0,0,0,0,1
0,19.0,0,54.0,0.0,0.0,42.0,986.0,False,3,6405,1,0,4,5,1,0,0,0,0,1,0,1082.0,0,2,1,0,0,0,1,0
0,2.0,0,0.0,0.0,0.0,0.0,0.0,True,0,6405,2,0,4,5,1,0,1,0,0,0,0,0.0,1,3,1,0,0,1,0,0
1,25.0,0,0.0,0.0,0.0,0.0,0.0,True,3,6405,3,0,4,6,1,0,0,0,1,0,0,0.0,1,3,1,0,0,0,0,1
0,0.0,0,0.0,0.0,0.0,0.0,0.0,True,0,6405,4,0,4,6,1,0,0,0,1,0,0,0.0,1,3,1,0,0,1,0,0
1,27.0,0,0.0,0.0,0.0,0.0,0.0,True,4,6406,1,0,2,5,1,0,1,0,0,0,0,0.0,1,3,0,1,0,1,0,0
1,34.0,0,0.0,0.0,0.0,0.0,0.0,True,5,6406,2,0,2,1,1,1,0,0,0,0,0,0.0,1,3,0,1,0,1,0,0
1,19.0,0,0.0,0.0,0.0,0.0,0.0,True,3,6407,1,1,1,6,0,0,0,0,1,0,0,0.0,1,3,1,0,0,0,0,1
0,22.0,0,431.0,40.0,0.0,10.0,0.0,False,3,6408,1,1,1,6,0,0,0,0,1,0,0,481.0,0,1,1,0,0,0,1,0
0,22.0,0,0.0,0.0,165.0,14.0,629.0,False,3,6409,1,1,1,6,0,0,0,0,1,0,0,808.0,0,2,1,0,0,0,0,1
0,52.0,0,0.0,652.0,9.0,0.0,0.0,False,6,6411,1,1,1,5,0,0,0,0,0,1,0,661.0,0,1,1,0,0,0,1,0
0,30.0,0,59.0,0.0,0.0,0.0,1611.0,False,4,6412,1,1,1,4,0,0,1,0,0,0,0,1670.0,0,0,1,0,0,0,0,1
0,65.0,0,0.0,1420.0,0.0,85.0,827.0,False,6,6413,1,1,1,0,1,1,0,0,0,0,0,2332.0,0,0,0,1,0,0,0,1
0,31.0,0,294.0,480.0,31.0,3.0,0.0,True,4,6414,1,1,1,6,1,0,0,0,1,0,0,808.0,0,2,1,0,0,0,0,1
1,51.0,0,0.0,0.0,0.0,0.0,0.0,True,6,6415,1,1,1,5,1,0,0,0,0,1,0,0.0,1,3,0,0,1,0,0,1
0,21.0,0,365.0,52.0,0.0,0.0,288.0,True,3,6416,1,1,1,5,1,0,1,0,0,0,0,705.0,0,1,1,0,0,0,0,1
0,27.0,0,93.0,0.0,0.0,0.0,772.0,False,4,6418,1,1,1,5,0,0,0,0,0,1,0,865.0,0,2,1,0,0,0,0,1
0,31.0,0,0.0,0.0,873.0,0.0,0.0,True,4,6419,1,1,1,4,1,0,1,0,0,0,0,873.0,0,2,1,0,0,0,0,1
1,28.0,0,0.0,0.0,0.0,0.0,0.0,True,4,6421,1,0,2,2,0,1,0,0,0,0,0,0.0,1,3,0,1,0,1,0,0
0,29.0,0,0.0,577.0,0.0,5568.0,432.0,False,4,6421,2,0,2,5,1,0,1,0,0,0,0,6577.0,0,0,0,1,0,0,0,1
0,23.0,0,1533.0,0.0,858.0,297.0,0.0,False,3,6422,1,0,4,5,0,0,0,0,0,1,0,2688.0,0,0,0,0,1,0,0,1
1,11.0,0,0.0,0.0,0.0,0.0,0.0,True,1,6422,2,0,4,5,0,0,0,0,0,1,0,0.0,1,3,0,0,1,0,0,1
0,23.0,0,1233.0,0.0,527.0,0.0,0.0,False,3,6422,3,0,4,5,0,0,0,0,0,1,0,1760.0,0,0,0,0,1,0,0,1
0,34.0,0,801.0,0.0,246.0,1.0,0.0,False,5,6422,4,0,4,4,0,0,1,0,0,0,0,1048.0,0,2,0,0,1,0,0,1
0,20.0,0,0.0,0.0,151.0,508.0,0.0,False,3,6424,1,1,1,5,0,0,0,0,0,1,0,659.0,0,1,1,0,0,0,0,1
1,20.0,0,0.0,0.0,0.0,0.0,0.0,True,3,6428,1,0,2,2,0,1,0,0,0,0,0,0.0,1,3,0,1,0,1,0,0
1,16.0,0,0.0,0.0,0.0,0.0,0.0,True,2,6428,2,0,2,2,0,1,0,0,0,0,0,0.0,1,3,0,1,0,0,0,1
1,18.0,0,0.0,0.0,0.0,0.0,0.0,False,2,6430,1,1,1,6,0,0,0,0,1,0,0,0.0,1,3,1,0,0,0,0,1
0,20.0,0,24.0,56.0,1.0,0.0,468.0,False,3,6431,1,0,3,5,0,0,0,0,0,1,0,549.0,0,1,1,0,0,1,0,0
1,20.0,0,0.0,0.0,0.0,0.0,0.0,True,3,6431,2,0,3,6,0,0,0,0,1,0,0,0.0,1,3,1,0,0,0,1,0
0,27.0,0,30.0,0.0,763.0,0.0,57.0,False,4,6431,3,0,3,6,0,0,0,0,1,0,0,850.0,0,2,1,0,0,1,0,0
0,55.0,0,114.0,222.0,0.0,2575.0,2919.0,False,6,6432,1,1,1,3,0,1,0,0,0,0,0,5830.0,0,0,0,1,0,1,0,0
0,53.0,0,83.0,0.0,1590.0,60.0,0.0,True,6,6433,1,0,2,3,1,1,0,0,0,0,0,1733.0,0,0,0,0,1,1,0,0
1,37.0,0,0.0,0.0,0.0,0.0,0.0,True,5,6433,2,0,2,3,1,1,0,0,0,0,0,0.0,1,3,0,0,1,0,0,1
1,55.0,0,0.0,0.0,0.0,0.0,0.0,True,6,6434,1,1,1,6,0,0,0,0,1,0,0,0.0,1,3,1,0,0,0,1,0
0,24.0,0,552.0,1.0,0.0,231.0,0.0,True,3,6436,1,1,1,6,1,0,0,0,1,0,0,784.0,0,2,1,0,0,0,0,1
0,24.0,0,14.0,0.0,1.0,528.0,109.0,True,3,6437,1,1,1,5,1,0,0,0,0,1,0,652.0,0,1,1,0,0,1,0,0
1,49.0,0,0.0,0.0,0.0,0.0,0.0,True,5,6439,1,1,1,6,1,0,0,0,1,0,0,0.0,1,3,1,0,0,0,1,0
0,17.0,0,0.0,0.0,0.0,1806.0,0.0,False,2,6442,1,1,1,6,1,0,0,0,1,0,0,1806.0,0,0,1,0,0,0,0,1
0,39.0,0,0.0,0.0,710.0,56.0,1.0,True,5,6443,1,0,7,6,1,0,0,0,1,0,0,767.0,0,2,1,0,0,0,0,1
1,5.0,0,0.0,0.0,0.0,0.0,0.0,True,1,6443,2,0,7,6,1,0,0,0,1,0,0,0.0,1,3,1,0,0,1,0,0
0,10.0,0,0.0,0.0,0.0,0.0,0.0,True,1,6443,3,0,7,6,1,0,0,0,1,0,0,0.0,1,3,1,0,0,0,0,1
1,1.0,0,0.0,0.0,0.0,0.0,0.0,True,0,6443,4,0,7,6,1,0,0,0,1,0,0,0.0,1,3,1,0,0,0,0,1
0,16.0,0,45.0,0.0,622.0,0.0,564.0,False,2,6443,5,0,7,5,1,0,0,0,0,1,0,1231.0,0,2,1,0,0,0,0,1
0,51.0,0,0.0,10.0,388.0,1380.0,0.0,False,6,6443,6,0,7,6,1,0,0,0,1,0,0,1778.0,0,0,1,0,0,0,0,1
1,5.0,0,0.0,0.0,0.0,0.0,0.0,True,1,6443,7,0,7,6,1,0,0,0,1,0,0,0.0,1,3,1,0,0,0,0,1
1,19.0,0,0.0,0.0,0.0,0.0,0.0,False,3,6444,1,0,2,6,0,0,0,0,1,0,0,0.0,1,3,1,0,0,0,0,1
1,0.0,0,0.0,0.0,0.0,0.0,0.0,True,0,6444,2,0,2,6,0,0,0,0,1,0,0,0.0,1,3,1,0,0,0,0,1
0,20.0,0,810.0,0.0,0.0,0.0,0.0,False,3,6446,1,0,3,6,1,0,0,0,1,0,0,810.0,0,2,1,0,0,0,0,1
1,0.0,0,0.0,0.0,0.0,0.0,0.0,True,0,6446,2,0,3,6,1,0,0,0,1,0,0,0.0,1,3,1,0,0,0,0,1
1,1.0,0,0.0,0.0,0.0,0.0,0.0,True,0,6446,3,0,3,6,1,0,0,0,1,0,0,0.0,1,3,1,0,0,0,0,1
1,38.0,0,0.0,0.0,0.0,0.0,0.0,True,5,6447,1,1,1,6,0,0,0,0,1,0,0,0.0,1,3,1,0,0,0,1,0
0,40.0,0,0.0,0.0,433.0,343.0,0.0,False,5,6448,1,1,1,5,1,0,0,0,0,1,0,776.0,0,2,1,0,0,0,0,1
0,18.0,0,0.0,0.0,0.0,0.0,0.0,False,2,6449,1,0,2,4,1,0,1,0,0,0,0,0.0,1,3,0,0,1,0,0,1
0,36.0,0,636.0,0.0,168.0,1795.0,0.0,False,5,6449,2,0,2,5,1,0,0,0,0,1,0,2599.0,0,0,0,0,1,0,0,1
0,23.0,0,0.0,596.0,57.0,259.0,4666.0,False,3,6450,1,0,2,2,0,1,0,0,0,0,0,5578.0,0,0,0,1,0,0,0,1
1,42.0,0,0.0,0.0,0.0,0.0,0.0,True,5,6450,2,0,2,2,0,1,0,0,0,0,0,0.0,1,3,0,1,0,1,0,0
0,37.0,0,610.0,0.0,410.0,148.0,14.0,False,5,6451,1,1,1,5,1,0,1,0,0,0,0,1182.0,0,2,0,0,1,0,0,1
0,24.0,0,0.0,854.0,11.0,0.0,0.0,True,3,6452,1,0,3,5,0,0,0,0,0,1,0,865.0,0,2,1,0,0,0,0,1
0,12.0,0,0.0,0.0,0.0,0.0,0.0,True,1,6452,2,0,3,6,0,0,0,0,1,0,0,0.0,1,3,1,0,0,0,0,1
1,2.0,0,0.0,0.0,0.0,0.0,0.0,True,0,6452,3,0,3,6,0,0,0,0,1,0,0,0.0,1,3,1,0,0,0,0,1
0,28.0,0,0.0,7.0,17.0,0.0,1724.0,False,4,6453,1,1,1,6,0,0,0,0,1,0,0,1748.0,0,0,1,0,0,0,1,0
1,44.0,0,0.0,0.0,0.0,0.0,0.0,True,5,6454,1,1,1,6,0,0,0,0,1,0,0,0.0,1,3,1,0,0,0,0,1
0,26.0,0,0.0,3818.0,0.0,1877.0,136.0,False,4,6455,1,1,1,3,0,1,0,0,0,0,0,5831.0,0,0,0,1,0,0,0,1
0,36.0,0,32.0,3.0,657.0,58.0,41.0,False,5,6456,1,1,1,4,0,0,1,0,0,0,0,791.0,0,2,1,0,0,0,0,1
0,28.0,0,0.0,728.0,0.0,0.0,82.0,True,4,6457,1,1,1,5,0,0,0,0,0,1,0,810.0,0,2,1,0,0,1,0,0
0,14.0,0,0.0,0.0,0.0,0.0,0.0,False,2,6458,1,1,1,4,1,0,1,0,0,0,0,0.0,1,3,0,0,1,0,0,1
1,14.0,0,0.0,0.0,0.0,0.0,0.0,False,2,6459,1,1,1,6,0,0,0,0,1,0,0,0.0,1,3,1,0,0,0,0,1
0,28.0,0,0.0,602.0,0.0,115.0,0.0,True,4,6461,1,1,1,5,1,0,0,0,0,1,0,717.0,0,2,1,0,0,0,0,1
1,27.0,0,0.0,0.0,0.0,0.0,0.0,True,4,6462,1,0,2,5,1,0,0,0,0,1,0,0.0,1,3,0,0,1,0,0,1
0,21.0,0,899.0,1.0,1686.0,13.0,0.0,True,3,6462,2,0,2,5,1,0,0,0,0,1,0,2599.0,0,0,0,0,1,0,0,1
0,24.0,0,1256.0,2.0,8.0,1530.0,0.0,False,3,6463,1,1,1,5,1,0,0,0,0,1,0,2796.0,0,0,1,0,0,0,0,1
0,18.0,0,22.0,0.0,20.0,596.0,5.0,False,2,6464,1,1,1,5,0,0,0,0,0,1,0,643.0,0,1,1,0,0,0,1,0
1,24.0,0,0.0,0.0,0.0,0.0,0.0,True,3,6468,1,0,4,5,0,0,0,0,0,1,0,0.0,1,3,0,0,1,0,0,1
1,8.0,0,0.0,0.0,0.0,0.0,0.0,True,1,6468,2,0,4,5,0,0,0,0,0,1,0,0.0,1,3,0,0,1,0,0,1
1,36.0,0,0.0,0.0,0.0,0.0,0.0,False,5,6468,3,0,4,4,0,0,1,0,0,0,0,0.0,1,3,0,0,1,0,0,1
0,32.0,1,1179.0,0.0,4.0,0.0,0.0,False,4,6468,4,0,4,3,0,1,0,0,0,0,0,1183.0,0,2,0,0,1,0,0,1
0,19.0,0,14.0,614.0,0.0,160.0,0.0,False,3,6470,1,1,1,4,1,0,1,0,0,0,0,788.0,0,2,1,0,0,0,0,1
0,12.0,0,0.0,0.0,0.0,0.0,0.0,True,1,6471,1,1,1,6,1,0,0,0,1,0,0,0.0,1,3,1,0,0,0,0,1
1,21.0,0,0.0,0.0,0.0,0.0,0.0,True,3,6472,1,0,2,1,1,1,0,0,0,0,0,0.0,1,3,0,1,0,0,0,1
1,13.0,0,0.0,0.0,0.0,0.0,0.0,True,2,6472,2,0,2,1,1,1,0,0,0,0,0,0.0,1,3,0,1,0,1,0,0
1,20.0,0,0.0,0.0,0.0,0.0,0.0,True,3,6473,1,1,1,5,1,0,0,0,0,1,0,0.0,1,3,0,0,1,0,0,1
1,35.0,0,0.0,0.0,0.0,0.0,0.0,True,5,6475,1,1,1,5,0,0,0,0,0,1,0,0.0,1,3,0,0,1,0,0,1
0,23.0,0,0.0,44.0,0.0,3452.0,83.0,False,3,6477,1,0,2,3,1,1,0,0,0,0,0,3579.0,0,0,0,1,0,1,0,0
0,17.0,0,0.0,311.0,6.0,4236.0,557.0,False,2,6477,2,0,2,3,1,1,0,0,0,0,0,5110.0,0,0,0,1,0,1,0,0
0,29.0,0,1290.0,0.0,6.0,1.0,0.0,False,4,6478,1,1,1,4,0,0,1,0,0,0,0,1297.0,0,2,0,0,1,0,0,1
0,27.0,0,352.0,14.0,1.0,407.0,15.0,False,4,6480,1,1,1,4,1,0,1,0,0,0,0,789.0,0,2,1,0,0,0,0,1
0,22.0,0,89.0,0.0,795.0,0.0,3.0,True,3,6481,1,1,1,6,1,0,0,0,1,0,0,887.0,0,2,1,0,0,0,0,1
0,26.0,0,414.0,239.0,681.0,352.0,0.0,False,4,6482,1,0,3,5,1,0,0,0,0,1,0,1686.0,0,0,0,0,1,1,0,0
1,1.0,0,0.0,0.0,0.0,0.0,0.0,True,0,6482,2,0,3,5,1,0,0,0,0,1,0,0.0,1,3,0,0,1,0,0,1
1,7.0,0,0.0,0.0,0.0,0.0,0.0,True,1,6482,3,0,3,5,1,0,0,0,0,1,0,0.0,1,3,0,0,1,0,0,1
0,78.0,0,0.0,213.0,202.0,288.0,0.0,True,6,6485,1,0,2,5,1,0,0,0,0,1,0,703.0,0,1,1,0,0,1,0,0
0,24.0,0,0.0,0.0,53.0,652.0,0.0,True,3,6485,2,0,2,6,1,0,0,0,1,0,0,705.0,0,1,1,0,0,0,0,1
0,26.0,0,0.0,0.0,0.0,22.0,1030.0,False,4,6487,1,1,1,5,0,0,0,0,0,1,0,1052.0,0,2,1,0,0,0,0,1
0,50.0,0,0.0,1663.0,336.0,1855.0,4.0,False,5,6488,1,1,1,0,1,1,0,0,0,0,0,3858.0,0,0,0,1,0,0,0,1
1,16.0,0,0.0,0.0,0.0,0.0,0.0,False,2,6489,1,1,1,6,0,0,0,0,1,0,0,0.0,1,3,1,0,0,0,0,1
1,57.0,0,0.0,0.0,0.0,0.0,0.0,True,6,6490,1,0,4,2,0,1,0,0,0,0,0,0.0,1,3,0,1,0,1,0,0
0,29.0,0,0.0,889.0,0.0,4921.0,290.0,False,4,6490,2,0,4,2,0,1,0,0,0,0,0,6100.0,0,0,0,1,0,1,0,0
0,27.0,0,0.0,6924.0,849.0,149.0,1166.0,True,4,6490,3,0,4,2,0,1,0,0,0,0,0,9088.0,0,0,0,1,0,1,0,0
0,42.0,0,0.0,1972.0,0.0,108.0,5.0,True,5,6490,4,0,4,2,0,1,0,0,0,0,0,2085.0,0,0,0,1,0,0,0,1
1,28.0,0,0.0,0.0,0.0,0.0,0.0,True,4,6492,1,1,1,6,1,0,0,0,1,0,0,0.0,1,3,1,0,0,0,1,0
1,18.0,0,0.0,0.0,0.0,0.0,0.0,True,2,6493,1,1,1,6,0,0,0,0,1,0,0,0.0,1,3,1,0,0,0,1,0
0,38.0,0,1192.0,5.0,1864.0,4287.0,0.0,False,5,6494,1,1,1,5,0,0,0,0,0,1,0,7348.0,0,0,0,0,1,0,0,1
0,32.0,0,1.0,0.0,0.0,1.0,785.0,False,4,6500,1,1,1,4,0,0,1,0,0,0,0,787.0,0,2,1,0,0,0,0,1
0,21.0,0,0.0,31.0,2076.0,77.0,0.0,True,3,6501,1,1,1,5,1,0,0,0,0,1,0,2184.0,0,0,1,0,0,0,0,1
0,6.0,0,0.0,0.0,0.0,0.0,0.0,True,1,6502,1,1,1,6,1,0,0,0,1,0,0,0.0,1,3,1,0,0,0,0,1
0,27.0,0,0.0,1.0,20.0,0.0,1363.0,False,4,6503,1,1,1,5,0,0,0,0,0,1,0,1384.0,0,2,1,0,0,0,0,1
0,32.0,0,397.0,0.0,7.0,182.0,5.0,False,4,6508,1,1,1,5,1,0,0,0,0,1,0,591.0,0,1,1,0,0,0,1,0
0,23.0,0,601.0,0.0,113.0,0.0,39.0,True,3,6509,1,1,1,5,1,0,0,0,0,1,0,753.0,0,2,1,0,0,0,1,0
0,29.0,0,0.0,6.0,0.0,0.0,5531.0,False,4,6510,1,1,1,3,0,1,0,0,0,0,0,5537.0,0,0,0,1,0,0,0,1
0,22.0,0,151.0,6.0,26.0,0.0,533.0,False,3,6511,1,0,3,5,0,0,0,0,0,1,0,716.0,0,1,1,0,0,0,0,1
1,31.0,0,0.0,0.0,0.0,0.0,0.0,False,4,6511,2,0,3,6,0,0,0,0,1,0,0,0.0,1,3,1,0,0,0,0,1
1,0.0,0,0.0,0.0,0.0,0.0,0.0,True,0,6511,3,0,3,6,0,0,0,0,1,0,0,0.0,1,3,1,0,0,1,0,0
0,2.0,0,0.0,0.0,0.0,0.0,0.0,True,0,6512,1,0,3,0,1,1,0,0,0,0,0,0.0,1,3,0,1,0,0,0,1
1,15.0,0,0.0,0.0,0.0,0.0,0.0,True,0,6512,2,0,3,0,1,1,0,0,0,0,0,0.0,1,3,0,1,0,0,0,1
0,28.0,0,0.0,3527.0,1.0,2929.0,2236.0,False,4,6512,3,0,3,0,1,1,0,0,0,0,0,8693.0,0,0,0,1,0,0,0,1
0,20.0,0,57.0,0.0,1185.0,0.0,0.0,False,3,6513,1,1,1,5,1,0,0,0,0,1,0,1242.0,0,2,0,0,1,0,0,1
0,28.0,1,19.0,22.0,2974.0,3603.0,158.0,False,4,6514,1,0,2,1,1,1,0,0,0,0,0,6776.0,0,0,0,1,0,1,0,0
0,42.0,0,0.0,6244.0,0.0,10912.0,4.0,False,5,6514,2,0,2,1,1,1,0,0,0,0,0,17160.0,0,0,0,1,0,0,0,1
0,32.0,0,388.0,0.0,0.0,439.0,0.0,False,4,6517,1,1,1,5,0,0,0,0,0,1,0,827.0,0,2,1,0,0,0,1,0
0,19.0,0,0.0,4.0,0.0,1785.0,3.0,False,3,6520,1,1,1,6,1,0,0,0,1,0,0,1792.0,0,0,1,0,0,0,0,1
0,20.0,0,0.0,0.0,715.0,2.0,0.0,True,3,6522,1,1,1,5,1,0,0,0,0,1,0,717.0,0,2,1,0,0,1,0,0
1,20.0,0,0.0,0.0,0.0,0.0,0.0,True,3,6523,1,1,1,5,1,0,0,0,0,1,0,0.0,1,3,1,0,0,0,1,0
1,21.0,0,0.0,20.0,1540.0,80.0,512.0,False,3,6525,1,0,3,5,1,0,0,0,0,1,0,2152.0,0,0,1,0,0,0,0,1
1,32.0,0,0.0,0.0,0.0,0.0,0.0,True,4,6525,2,0,3,6,1,0,0,0,1,0,0,0.0,1,3,1,0,0,0,1,0
1,16.0,0,0.0,0.0,0.0,0.0,0.0,True,2,6525,3,0,3,6,1,0,0,0,1,0,0,0.0,1,3,1,0,0,0,0,1
1,21.0,0,0.0,0.0,0.0,0.0,0.0,True,3,6526,1,0,2,6,0,0,0,0,1,0,0,0.0,1,3,1,0,0,0,0,1
0,12.0,0,0.0,0.0,0.0,0.0,0.0,False,1,6526,2,0,2,6,0,0,0,0,1,0,0,0.0,1,3,1,0,0,1,0,0
1,21.0,0,0.0,0.0,0.0,0.0,0.0,True,3,6529,1,1,1,6,1,0,0,0,1,0,0,0.0,1,3,1,0,0,0,1,0
0,31.0,0,127.0,76.0,976.0,118.0,0.0,False,4,6530,1,1,1,4,1,0,1,0,0,0,0,1297.0,0,2,0,0,1,0,0,1
1,18.0,0,0.0,0.0,0.0,0.0,0.0,True,2,6531,1,1,1,6,1,0,0,0,1,0,0,0.0,1,3,1,0,0,1,0,0
0,35.0,0,771.0,0.0,183.0,0.0,0.0,False,5,6535,1,1,1,4,0,0,1,0,0,0,0,954.0,0,2,0,0,1,0,0,1
0,44.0,0,0.0,819.0,835.0,266.0,4056.0,False,5,6539,1,1,1,2,1,1,0,0,0,0,0,5976.0,0,0,0,1,0,0,0,1
0,13.0,0,0.0,671.0,0.0,8.0,0.0,True,2,6540,1,1,1,6,0,0,0,0,1,0,0,679.0,0,1,1,0,0,0,0,1
0,21.0,0,0.0,717.0,0.0,0.0,0.0,False,3,6541,1,1,1,5,0,0,0,0,0,1,0,717.0,0,2,1,0,0,0,0,1
0,37.0,0,0.0,4616.0,339.0,2008.0,175.0,True,5,6544,1,1,1,2,1,1,0,0,0,0,0,7138.0,0,0,0,1,0,0,0,1
0,27.0,0,0.0,1362.0,0.0,1267.0,0.0,True,5,6545,1,1,1,5,1,0,0,0,0,1,0,2629.0,0,0,1,0,0,0,0,1
0,34.0,0,228.0,0.0,150.0,15.0,1.0,False,5,6546,1,1,1,6,0,0,0,0,1,0,0,394.0,0,1,1,0,0,0,0,1
0,21.0,0,861.0,0.0,310.0,0.0,0.0,False,3,6547,1,1,1,5,0,0,0,0,0,1,0,1171.0,0,2,0,0,1,1,0,0
0,38.0,0,395.0,1035.0,0.0,0.0,4.0,True,5,6548,1,1,1,6,1,0,0,0,1,0,0,1434.0,0,2,1,0,0,0,0,1
0,31.0,0,1979.0,0.0,2.0,112.0,0.0,False,4,6549,1,0,2,5,1,0,0,0,0,1,0,2093.0,0,0,0,0,1,0,0,1
0,61.0,0,1143.0,0.0,580.0,0.0,0.0,False,6,6549,2,0,2,3,1,1,0,0,0,0,0,1723.0,0,0,0,0,1,0,0,1
0,20.0,0,0.0,564.0,25.0,158.0,62.0,False,3,6552,1,1,1,6,0,0,0,0,1,0,0,809.0,0,2,1,0,0,0,0,1
0,39.0,0,0.0,0.0,0.0,0.0,744.0,False,5,6553,1,1,1,5,0,0,0,0,0,1,0,744.0,0,2,1,0,0,0,1,0
1,29.0,0,0.0,0.0,0.0,0.0,0.0,True,4,6556,1,0,2,5,0,0,0,0,0,1,0,0.0,1,3,0,0,1,0,0,1
1,68.0,0,0.0,0.0,0.0,0.0,0.0,True,6,6556,2,0,2,5,0,0,0,0,0,1,0,0.0,1,3,0,0,1,1,0,0
0,38.0,0,0.0,201.0,0.0,1308.0,4085.0,False,5,6557,1,1,1,4,0,0,1,0,0,0,0,5594.0,0,0,0,1,0,1,0,0
0,31.0,0,3.0,0.0,0.0,747.0,43.0,True,4,6558,1,1,1,5,0,0,0,0,0,1,0,793.0,0,2,1,0,0,0,0,1
0,41.0,0,699.0,0.0,0.0,2.0,31.0,True,5,6560,1,1,1,5,1,0,0,0,0,1,0,732.0,0,2,1,0,0,0,0,1
0,29.0,0,19.0,4900.0,6.0,6324.0,2056.0,False,4,6561,1,0,2,1,1,1,0,0,0,0,0,13305.0,0,0,0,1,0,0,0,1
0,25.0,0,0.0,0.0,0.0,0.0,0.0,True,3,6561,2,0,2,1,1,1,0,0,0,0,0,0.0,1,3,0,1,0,0,0,1
0,27.0,0,0.0,0.0,23.0,30.0,815.0,False,4,6562,1,1,1,5,0,0,0,0,0,1,0,868.0,0,2,1,0,0,0,0,1
0,21.0,0,0.0,0.0,845.0,4.0,470.0,True,3,6563,1,0,2,5,1,0,0,0,0,1,0,1319.0,0,2,1,0,0,0,0,1
0,30.0,0,0.0,123.0,0.0,1.0,784.0,False,4,6563,2,0,2,6,1,0,0,0,1,0,0,908.0,0,2,1,0,0,0,0,1
0,40.0,0,2081.0,1.0,0.0,0.0,25.0,False,5,6565,1,0,2,4,1,0,1,0,0,0,0,2107.0,0,0,0,0,1,0,0,1
0,59.0,0,126.0,0.0,127.0,11.0,1393.0,False,6,6565,2,0,2,5,1,0,0,0,0,1,0,1657.0,0,0,0,0,1,0,0,1
1,35.0,0,0.0,0.0,0.0,0.0,0.0,False,5,6567,1,0,2,6,0,0,0,0,1,0,0,0.0,1,3,1,0,0,0,0,1
0,41.0,0,18.0,0.0,35.0,0.0,845.0,False,5,6567,2,0,2,5,0,0,0,0,0,1,0,898.0,0,2,1,0,0,0,0,1
0,36.0,0,695.0,0.0,0.0,0.0,0.0,False,5,6568,1,1,1,5,0,0,0,0,0,1,0,695.0,0,1,1,0,0,1,0,0
1,58.0,0,0.0,0.0,0.0,0.0,0.0,True,6,6569,1,1,1,6,0,0,0,0,1,0,0,0.0,1,3,1,0,0,1,0,0
0,27.0,0,0.0,0.0,0.0,908.0,0.0,False,4,6570,1,1,1,6,1,0,0,0,1,0,0,908.0,0,2,1,0,0,0,0,1
0,24.0,0,0.0,4.0,336.0,304.0,0.0,False,3,6572,1,1,1,5,1,0,0,0,0,1,0,644.0,0,1,1,0,0,0,0,1
0,50.0,0,0.0,896.0,1.0,0.0,5.0,True,5,6573,1,1,1,5,1,0,0,0,0,1,0,902.0,0,2,1,0,0,0,0,1
0,22.0,0,0.0,335.0,0.0,818.0,3014.0,False,3,6574,1,1,1,0,0,1,0,0,0,0,0,4167.0,0,0,0,1,0,0,0,1
1,26.0,0,0.0,0.0,0.0,0.0,0.0,False,4,6578,1,0,2,4,1,0,1,0,0,0,0,0.0,1,3,0,0,1,0,0,1
1,16.0,0,0.0,0.0,0.0,0.0,0.0,True,2,6578,2,0,2,5,1,0,0,0,0,1,0,0.0,1,3,0,0,1,0,0,1
0,56.0,0,0.0,605.0,0.0,179.0,0.0,False,6,6580,1,1,1,6,0,0,0,0,1,0,0,784.0,0,2,1,0,0,0,0,1
0,25.0,0,0.0,1538.0,97.0,530.0,35.0,False,3,6582,1,1,1,0,0,1,0,0,0,0,0,2200.0,0,0,0,1,0,1,0,0
0,13.0,0,0.0,100.0,12253.0,6.0,80.0,True,2,6583,1,0,2,1,1,1,0,0,0,0,0,12439.0,0,0,0,1,0,0,0,1
0,53.0,0,0.0,2606.0,0.0,1170.0,0.0,True,6,6583,2,0,2,1,1,1,0,0,0,0,0,3776.0,0,0,0,1,0,1,0,0
1,21.0,0,0.0,0.0,0.0,0.0,0.0,True,3,6585,1,0,2,6,1,0,0,0,1,0,0,0.0,1,3,1,0,0,0,0,1
1,18.0,0,289.0,1809.0,3.0,2.0,2.0,True,2,6585,2,0,2,5,1,0,0,0,0,1,0,2105.0,0,0,1,0,0,0,0,1
0,38.0,0,115.0,125.0,0.0,202.0,0.0,True,5,6588,1,0,2,6,1,0,0,0,1,0,0,442.0,0,1,1,0,0,0,0,1
1,20.0,0,0.0,0.0,0.0,0.0,0.0,True,3,6588,2,0,2,6,1,0,0,0,1,0,0,0.0,1,3,1,0,0,0,0,1
1,24.0,0,0.0,0.0,0.0,0.0,0.0,False,3,6590,1,0,2,1,0,1,0,0,0,0,0,0.0,1,3,0,1,0,0,0,1
0,56.0,0,0.0,13561.0,0.0,2.0,4088.0,True,6,6590,2,0,2,1,0,1,0,0,0,0,0,17651.0,0,0,0,1,0,0,0,1
0,47.0,0,285.0,600.0,3.0,0.0,640.0,False,5,6591,1,1,1,5,1,0,0,0,0,1,0,1528.0,0,0,1,0,0,0,0,1
1,21.0,0,0.0,0.0,0.0,0.0,0.0,True,3,6592,1,1,1,5,1,0,0,0,0,1,0,0.0,1,3,0,0,1,0,0,1
0,26.0,0,0.0,67.0,661.0,0.0,0.0,True,4,6593,1,0,2,5,0,0,0,0,0,1,0,728.0,0,2,1,0,0,0,1,0
0,26.0,0,0.0,666.0,0.0,0.0,58.0,False,4,6593,2,0,2,5,0,0,0,0,0,1,0,724.0,0,2,1,0,0,0,0,1
1,34.0,0,0.0,0.0,0.0,0.0,0.0,True,5,6594,1,1,1,6,0,0,0,0,1,0,0,0.0,1,3,1,0,0,1,0,0
0,35.0,0,102.0,780.0,6.0,0.0,0.0,True,5,6595,1,1,1,6,1,0,0,0,1,0,0,888.0,0,2,1,0,0,0,0,1
1,35.0,0,0.0,0.0,0.0,0.0,0.0,True,5,6598,1,1,1,5,1,0,0,0,0,1,0,0.0,1,3,0,0,1,0,0,1
1,49.0,0,0.0,0.0,0.0,0.0,0.0,True,5,6599,1,1,1,2,1,1,0,0,0,0,0,0.0,1,3,0,1,0,0,0,1
0,24.0,0,2.0,0.0,0.0,52.0,638.0,False,3,6601,1,1,1,5,0,0,0,0,0,1,0,692.0,0,1,1,0,0,0,0,1
0,62.0,0,94.0,267.0,2341.0,94.0,0.0,True,6,6602,1,1,1,5,1,0,0,0,0,1,0,2796.0,0,0,1,0,0,0,0,1
0,25.0,0,68.0,0.0,3700.0,0.0,0.0,True,3,6603,1,1,1,3,0,1,0,0,0,0,0,3768.0,0,0,0,0,1,0,0,1
1,42.0,0,0.0,0.0,0.0,0.0,0.0,True,5,6604,1,1,1,2,0,1,0,0,0,0,0,0.0,1,3,0,1,0,1,0,0
0,25.0,0,166.0,0.0,520.0,0.0,0.0,False,3,6606,1,1,1,5,1,0,0,0,0,1,0,686.0,0,1,1,0,0,0,1,0
0,21.0,0,588.0,0.0,17.0,0.0,1548.0,False,3,6608,1,1,1,5,0,0,0,0,0,1,0,2153.0,0,0,1,0,0,0,0,1
1,17.0,0,0.0,0.0,0.0,0.0,0.0,False,2,6609,1,1,1,4,0,0,1,0,0,0,0,0.0,1,3,0,0,1,0,0,1
0,41.0,0,635.0,0.0,7.0,0.0,0.0,True,5,6611,1,0,3,4,0,0,1,0,0,0,0,642.0,0,1,1,0,0,1,0,0
1,50.0,0,0.0,0.0,0.0,0.0,0.0,False,5,6611,2,0,3,6,0,0,0,0,1,0,0,0.0,1,3,1,0,0,0,0,1
0,20.0,0,0.0,90.0,561.0,2.0,0.0,True,3,6611,3,0,3,5,0,0,0,0,0,1,0,653.0,0,1,1,0,0,0,1,0
1,15.0,0,0.0,0.0,0.0,0.0,0.0,True,2,6613,1,1,1,6,1,0,0,0,1,0,0,0.0,1,3,1,0,0,0,0,1
1,29.0,0,0.0,0.0,0.0,0.0,0.0,True,4,6614,1,1,1,5,1,0,0,0,0,1,0,0.0,1,3,0,0,1,0,0,1
0,20.0,0,2532.0,1.0,0.0,59.0,10.0,True,3,6616,1,1,1,5,0,0,0,0,0,1,0,2602.0,0,0,1,0,0,0,0,1
0,35.0,0,345.0,4514.0,0.0,0.0,421.0,True,5,6618,1,1,1,2,1,1,0,0,0,0,0,5280.0,0,0,0,1,0,0,0,1
0,22.0,0,0.0,115.0,273.0,0.0,218.0,True,3,6620,1,1,1,6,1,0,0,0,1,0,0,606.0,0,1,1,0,0,0,1,0
0,43.0,0,0.0,0.0,642.0,0.0,8.0,True,5,6621,1,1,1,5,0,0,0,0,0,1,0,650.0,0,1,1,0,0,1,0,0
0,54.0,0,752.0,0.0,44.0,14.0,0.0,False,6,6622,1,0,2,6,0,0,0,0,1,0,0,810.0,0,2,1,0,0,1,0,0
1,15.0,0,0.0,0.0,0.0,0.0,0.0,True,2,6622,2,0,2,6,0,0,0,0,1,0,0,0.0,1,3,1,0,0,0,0,1
1,38.0,0,0.0,0.0,0.0,0.0,0.0,True,5,6623,1,1,1,1,0,1,0,0,0,0,0,0.0,1,3,1,0,0,1,0,0
0,44.0,0,1175.0,0.0,13.0,642.0,498.0,False,5,6624,1,1,1,6,0,0,0,0,1,0,0,2328.0,0,0,1,0,0,0,0,1
1,34.0,0,0.0,0.0,0.0,0.0,0.0,True,5,6625,1,0,2,6,0,0,0,0,1,0,0,0.0,1,3,1,0,0,0,1,0
0,15.0,0,3.0,854.0,23.0,0.0,0.0,False,2,6625,2,0,2,5,0,0,0,0,0,1,0,880.0,0,2,1,0,0,1,0,0
1,24.0,0,0.0,0.0,0.0,0.0,0.0,False,3,6626,1,1,1,6,0,0,0,0,1,0,0,0.0,1,3,1,0,0,0,0,1
0,29.0,0,0.0,0.0,272.0,394.0,50.0,False,4,6628,1,1,1,5,0,0,0,0,0,1,0,716.0,0,1,1,0,0,0,0,1
0,19.0,0,0.0,1044.0,0.0,2.0,4.0,True,3,6630,1,1,1,5,1,0,0,0,0,1,0,1050.0,0,2,1,0,0,0,0,1
0,27.0,0,0.0,1891.0,0.0,2167.0,0.0,False,4,6631,1,1,1,2,0,1,0,0,0,0,0,4058.0,0,0,0,1,0,0,0,1
0,26.0,0,0.0,0.0,0.0,0.0,0.0,True,4,6633,1,1,1,1,1,1,0,0,0,0,0,0.0,1,3,0,1,0,0,0,1
1,46.0,0,0.0,0.0,0.0,0.0,0.0,True,5,6634,1,0,2,1,0,1,0,0,0,0,0,0.0,1,3,0,1,0,1,0,0
1,64.0,0,0.0,0.0,0.0,0.0,0.0,True,6,6634,2,0,2,5,1,0,1,0,0,0,0,0.0,1,3,0,1,0,0,0,1
0,17.0,0,0.0,1339.0,26.0,244.0,15.0,False,2,6635,1,0,2,2,0,1,0,0,0,0,0,1624.0,0,0,0,1,0,0,0,1
0,45.0,0,0.0,313.0,1791.0,414.0,1675.0,False,5,6635,2,0,2,2,0,1,0,0,0,0,0,4193.0,0,0,0,1,0,1,0,0
0,27.0,0,1228.0,0.0,0.0,0.0,0.0,False,4,6637,1,1,1,5,1,0,0,0,0,1,0,1228.0,0,2,0,0,1,0,0,1
1,29.0,0,0.0,0.0,0.0,0.0,0.0,False,4,6638,1,1,1,6,0,0,0,0,1,0,0,0.0,1,3,1,0,0,0,0,1
1,18.0,0,0.0,0.0,0.0,0.0,0.0,True,2,6639,1,1,1,6,0,0,0,0,1,0,0,0.0,1,3,1,0,0,0,1,0
1,26.0,0,0.0,0.0,0.0,0.0,0.0,True,4,6641,1,0,2,2,1,1,0,0,0,0,0,0.0,1,3,0,1,0,0,0,1
1,39.0,0,0.0,0.0,0.0,0.0,0.0,True,5,6641,2,0,2,2,1,1,0,0,0,0,0,0.0,1,3,0,1,0,1,0,0
1,59.0,0,0.0,0.0,0.0,0.0,0.0,True,6,6642,1,1,1,6,1,0,0,0,1,0,0,0.0,1,3,1,0,0,0,0,1
0,20.0,0,0.0,6.0,24.0,0.0,672.0,False,3,6643,1,1,1,5,1,0,0,0,0,1,0,702.0,0,1,1,0,0,0,0,1
1,17.0,0,0.0,0.0,0.0,0.0,0.0,True,2,6645,1,1,1,6,1,0,0,0,1,0,0,0.0,1,3,1,0,0,1,0,0
1,47.0,0,0.0,0.0,0.0,0.0,0.0,True,5,6646,1,1,1,6,1,0,0,0,1,0,0,0.0,1,3,1,0,0,0,0,1
0,29.0,0,2.0,3.0,1501.0,26.0,0.0,True,4,6647,1,1,1,5,1,0,0,0,0,1,0,1532.0,0,0,1,0,0,0,1,0
0,16.0,0,0.0,0.0,265.0,0.0,0.0,False,2,6649,1,1,1,5,1,0,0,0,0,1,0,265.0,0,1,1,0,0,0,0,1
0,48.0,0,12.0,0.0,0.0,0.0,796.0,False,5,6650,1,1,1,6,0,0,0,0,1,0,0,808.0,0,2,1,0,0,0,0,1
0,39.0,0,0.0,69.0,29.0,424.0,18.0,False,5,6652,1,1,1,5,1,0,1,0,0,0,0,540.0,0,1,1,0,0,0,1,0
1,28.0,0,0.0,0.0,0.0,0.0,0.0,True,4,6654,1,0,3,6,1,0,0,0,1,0,0,0.0,1,3,1,0,0,1,0,0
1,12.0,0,0.0,0.0,0.0,0.0,0.0,True,1,6654,2,0,3,6,1,0,0,0,1,0,0,0.0,1,3,1,0,0,1,0,0
1,24.0,0,0.0,0.0,0.0,0.0,0.0,True,3,6654,3,0,3,6,1,0,0,0,1,0,0,0.0,1,3,1,0,0,0,0,1
1,30.0,0,0.0,0.0,0.0,0.0,0.0,True,4,6655,1,1,1,4,0,0,1,0,0,0,0,0.0,1,3,0,0,1,0,0,1
1,34.0,0,0.0,0.0,0.0,0.0,0.0,True,5,6656,1,1,1,1,0,1,0,0,0,0,0,0.0,1,3,0,1,0,0,0,1
0,37.0,0,0.0,0.0,0.0,0.0,0.0,True,5,6659,1,1,1,5,0,0,0,0,0,1,0,0.0,1,3,0,0,1,0,0,1
0,47.0,0,590.0,0.0,47.0,3.0,53.0,False,5,6660,1,1,1,5,0,0,0,0,0,1,0,693.0,0,1,1,0,0,0,0,1
0,0.0,0,0.0,0.0,0.0,0.0,0.0,False,0,6662,1,0,3,6,1,0,0,0,1,0,0,0.0,1,3,1,0,0,0,0,1
0,23.0,0,0.0,0.0,0.0,0.0,0.0,True,3,6662,2,0,3,6,1,0,0,0,1,0,0,0.0,1,3,1,0,0,0,0,1
1,0.0,0,0.0,0.0,0.0,0.0,0.0,True,0,6662,3,0,3,6,1,0,0,0,1,0,0,0.0,1,3,1,0,0,1,0,0
0,20.0,0,402.0,25.0,9.0,373.0,0.0,False,3,6663,1,0,2,6,0,0,0,0,1,0,0,809.0,0,2,1,0,0,0,0,1
0,35.0,0,90.0,0.0,655.0,43.0,16.0,False,5,6663,2,0,2,5,0,0,0,0,0,1,0,804.0,0,2,1,0,0,0,0,1
0,18.0,0,0.0,0.0,827.0,0.0,0.0,True,2,6664,1,1,1,6,1,0,0,0,1,0,0,827.0,0,2,1,0,0,0,0,1
1,17.0,0,0.0,0.0,0.0,0.0,0.0,True,2,6665,1,0,4,1,0,1,0,0,0,0,0,0.0,1,3,0,1,0,1,0,0
0,18.0,0,4.0,1337.0,0.0,0.0,182.0,False,2,6665,2,0,4,1,0,1,0,0,0,0,0,1523.0,0,0,0,1,0,0,0,1
0,53.0,0,0.0,0.0,0.0,0.0,0.0,True,6,6665,3,0,4,1,0,1,0,0,0,0,0,0.0,1,3,0,1,0,0,0,1
0,35.0,0,0.0,2504.0,0.0,0.0,5496.0,False,5,6665,4,0,4,1,0,1,0,0,0,0,0,8000.0,0,0,0,1,0,1,0,0
1,48.0,0,0.0,0.0,0.0,0.0,0.0,True,5,6667,1,1,1,2,1,1,0,0,0,0,0,0.0,1,3,0,1,0,0,0,1
0,68.0,0,0.0,0.0,649.0,0.0,239.0,True,6,6668,1,0,2,6,1,0,0,0,1,0,0,888.0,0,2,1,0,0,0,0,1
0,27.0,0,17.0,65.0,74.0,1548.0,18.0,False,4,6668,2,0,2,6,1,0,0,0,1,0,0,1722.0,0,0,1,0,0,0,0,1
0,28.0,0,32.0,0.0,304.0,291.0,2.0,True,4,6669,1,1,1,4,0,0,1,0,0,0,0,629.0,0,1,1,0,0,1,0,0
0,37.0,0,864.0,35.0,0.0,0.0,0.0,False,5,6670,1,1,1,5,1,0,0,0,0,1,0,899.0,0,2,1,0,0,0,0,1
1,35.0,0,0.0,0.0,15.0,0.0,0.0,True,5,6671,1,0,3,5,1,0,0,0,0,1,0,0.0,1,3,0,0,1,0,0,1
0,31.0,0,1002.0,0.0,15.0,0.0,0.0,True,4,6671,2,0,3,5,1,0,0,0,0,1,0,1002.0,0,2,0,0,1,0,0,1
0,14.0,0,1880.0,0.0,15.0,0.0,0.0,False,2,6671,3,0,3,4,1,0,1,0,0,0,0,1895.0,0,0,0,0,1,1,0,0
0,1.0,0,0.0,0.0,0.0,0.0,0.0,True,0,6672,1,0,4,5,0,0,0,0,0,1,0,0.0,1,3,0,0,1,0,0,1
0,4.0,0,0.0,0.0,0.0,0.0,0.0,True,0,6672,2,0,4,5,0,0,0,0,0,1,0,0.0,1,3,0,0,1,1,0,0
0,30.0,0,77.0,71.0,1147.0,0.0,0.0,False,4,6672,3,0,4,4,0,0,1,0,0,0,0,1295.0,0,2,0,0,1,0,1,0
1,11.0,0,0.0,0.0,0.0,0.0,0.0,True,1,6672,4,0,4,5,0,0,0,0,0,1,0,0.0,1,3,0,0,1,0,0,1
0,45.0,0,1595.0,0.0,0.0,0.0,13.0,False,5,6673,1,1,1,4,0,0,1,0,0,0,0,1608.0,0,0,1,0,0,0,0,1
0,29.0,0,0.0,841.0,0.0,1733.0,11.0,False,4,6674,1,0,5,4,0,0,1,0,0,0,0,2585.0,0,0,0,1,0,0,0,1
1,32.0,0,0.0,0.0,0.0,0.0,0.0,True,4,6674,2,0,5,4,0,0,1,0,0,0,0,0.0,1,3,0,1,0,0,0,1
0,15.0,0,0.0,0.0,0.0,0.0,0.0,True,2,6674,3,0,5,4,0,0,1,0,0,0,0,0.0,1,3,0,1,0,1,0,0
1,25.0,0,0.0,0.0,0.0,0.0,0.0,True,3,6674,4,0,5,4,0,0,1,0,0,0,0,0.0,1,3,0,1,0,0,0,1
0,25.0,0,0.0,4.0,0.0,1525.0,475.0,False,3,6674,5,0,5,4,0,0,1,0,0,0,0,2004.0,0,0,0,1,0,0,0,1
0,60.0,0,707.0,24.0,0.0,0.0,170.0,False,6,6675,1,0,2,5,0,0,0,0,0,1,0,901.0,0,2,1,0,0,0,0,1
0,24.0,0,61.0,0.0,0.0,0.0,1495.0,False,3,6675,2,0,2,4,0,0,1,0,0,0,0,1556.0,0,0,1,0,0,0,1,0
1,35.0,0,0.0,0.0,0.0,0.0,0.0,True,5,6676,1,1,1,3,1,1,0,0,0,0,0,0.0,1,3,0,1,0,0,0,1
0,36.0,0,0.0,361.0,512.0,34.0,0.0,True,5,6680,1,1,1,6,0,0,0,0,1,0,0,907.0,0,2,1,0,0,0,0,1
0,22.0,0,0.0,833.0,381.0,0.0,12.0,True,3,6681,1,1,1,5,1,0,0,0,0,1,0,1226.0,0,2,1,0,0,1,0,0
1,32.0,0,0.0,0.0,0.0,0.0,0.0,True,4,6683,1,1,1,6,0,0,0,0,1,0,0,0.0,1,3,1,0,0,0,1,0
0,57.0,0,0.0,218.0,0.0,8522.0,0.0,False,6,6684,1,0,3,2,0,1,0,0,0,0,0,8740.0,0,0,0,1,0,0,0,1
0,30.0,0,0.0,294.0,335.0,143.0,764.0,True,4,6684,2,0,3,2,0,1,0,0,0,0,0,1242.0,0,2,0,1,0,0,0,1
0,46.0,0,0.0,370.0,0.0,2395.0,1638.0,False,5,6684,3,0,3,2,0,1,0,0,0,0,0,4403.0,0,0,0,1,0,0,0,1
0,28.0,0,62.0,202.0,542.0,0.0,0.0,True,4,6691,1,1,1,5,0,0,0,0,0,1,0,806.0,0,2,1,0,0,0,0,1
1,26.0,0,0.0,0.0,0.0,0.0,0.0,True,4,6692,1,1,1,1,1,1,0,0,0,0,0,0.0,1,3,0,1,0,1,0,0
0,55.0,0,0.0,0.0,719.0,274.0,0.0,False,6,6693,1,1,1,4,0,0,1,0,0,0,0,993.0,0,2,1,0,0,0,0,1
1,66.0,0,0.0,0.0,0.0,0.0,0.0,True,6,6694,1,1,1,6,0,0,0,0,1,0,0,0.0,1,3,1,0,0,0,0,1
0,20.0,0,0.0,1.0,34.0,0.0,774.0,False,3,6697,1,1,1,6,0,0,0,0,1,0,0,809.0,0,2,1,0,0,0,0,1
0,31.0,0,239.0,321.0,0.0,0.0,124.0,False,4,6698,1,1,1,5,0,0,0,0,0,1,0,684.0,0,1,1,0,0,0,1,0
0,13.0,0,0.0,0.0,0.0,0.0,0.0,False,2,6699,1,1,1,4,0,0,1,0,0,0,0,0.0,1,3,0,0,1,0,0,1
1,50.0,0,0.0,0.0,0.0,0.0,0.0,True,5,6702,1,1,1,6,0,0,0,0,1,0,0,0.0,1,3,1,0,0,0,0,1
1,21.0,0,0.0,0.0,0.0,0.0,0.0,True,3,6706,1,0,2,1,0,1,0,0,0,0,0,0.0,1,3,0,1,0,0,0,1
1,25.0,0,0.0,0.0,0.0,0.0,0.0,True,3,6706,2,0,2,1,0,1,0,0,0,0,0,0.0,1,3,0,1,0,0,0,1
1,46.0,0,0.0,0.0,0.0,0.0,0.0,True,5,6707,1,1,1,6,1,0,0,0,1,0,0,0.0,1,3,1,0,0,0,0,1
0,0.0,0,0.0,0.0,0.0,0.0,0.0,True,0,6708,1,0,6,0,0,1,0,0,0,0,0,0.0,1,3,0,1,0,0,0,1
0,2.0,0,0.0,0.0,0.0,0.0,0.0,True,0,6708,2,0,6,0,0,1,0,0,0,0,0,0.0,1,3,0,1,0,0,0,1
0,36.0,0,994.0,526.0,0.0,7.0,1279.0,False,5,6708,3,0,6,0,0,1,0,0,0,0,0,2806.0,0,0,0,1,0,0,0,1
1,19.0,0,0.0,0.0,0.0,0.0,0.0,True,3,6708,4,0,6,0,0,1,0,0,0,0,0,0.0,1,3,0,1,0,1,0,0
1,35.0,0,0.0,0.0,0.0,0.0,0.0,True,5,6708,5,0,6,0,0,1,0,0,0,0,0,0.0,1,3,0,1,0,1,0,0
1,41.0,1,0.0,0.0,0.0,0.0,0.0,True,5,6708,6,0,6,0,0,1,0,0,0,0,0,0.0,1,3,0,1,0,1,0,0
1,22.0,0,0.0,0.0,0.0,0.0,0.0,True,3,6709,1,1,1,6,1,0,0,0,1,0,0,0.0,1,3,1,0,0,0,0,1
0,25.0,1,0.0,280.0,714.0,0.0,0.0,False,3,6711,1,1,1,3,0,1,0,0,0,0,0,994.0,0,2,0,0,1,0,0,1
0,24.0,0,700.0,0.0,0.0,0.0,0.0,False,3,6713,1,1,1,5,0,0,0,0,0,1,0,700.0,0,1,1,0,0,1,0,0
0,37.0,0,18.0,238.0,0.0,528.0,0.0,False,5,6718,1,0,3,6,0,0,0,0,1,0,0,784.0,0,2,1,0,0,0,0,1
1,5.0,0,0.0,0.0,0.0,0.0,0.0,False,1,6718,2,0,3,6,0,0,0,0,1,0,0,0.0,1,3,1,0,0,0,0,1
1,21.0,0,0.0,0.0,0.0,0.0,0.0,True,1,6718,3,0,3,6,0,0,0,0,1,0,0,0.0,1,3,1,0,0,0,0,1
1,41.0,0,0.0,0.0,0.0,0.0,0.0,True,5,6719,1,1,1,5,0,0,0,0,0,1,0,0.0,1,3,0,0,1,0,0,1
0,44.0,0,0.0,0.0,0.0,0.0,0.0,True,5,6720,1,1,1,0,1,1,0,0,0,0,0,0.0,1,3,0,1,0,0,0,1
0,23.0,0,0.0,0.0,0.0,0.0,0.0,True,3,6721,1,1,1,6,1,0,0,0,1,0,0,0.0,1,3,1,0,0,0,0,1
1,28.0,0,0.0,0.0,0.0,0.0,0.0,True,4,6722,1,0,3,4,1,0,1,0,0,0,0,0.0,1,3,0,1,0,1,0,0
0,27.0,0,0.0,33.0,9.0,1847.0,2035.0,False,4,6722,2,0,3,4,1,0,1,0,0,0,0,3924.0,0,0,0,1,0,1,0,0
1,40.0,0,0.0,0.0,0.0,0.0,0.0,True,5,6722,3,0,3,4,1,0,1,0,0,0,0,0.0,1,3,0,1,0,1,0,0
1,27.0,0,0.0,0.0,0.0,0.0,0.0,True,4,6724,1,0,2,2,0,1,0,0,0,0,0,0.0,1,3,0,1,0,1,0,0
1,17.0,0,0.0,0.0,0.0,0.0,0.0,True,2,6724,2,0,2,2,0,1,0,0,0,0,0,0.0,1,3,0,1,0,1,0,0
0,32.0,0,0.0,390.0,60.0,5015.0,211.0,False,4,6725,1,1,1,2,0,1,0,0,0,0,0,5676.0,0,0,0,1,0,0,0,1
0,29.0,0,68.0,74.0,713.0,37.0,15.0,True,4,6726,1,1,1,6,0,0,0,0,1,0,0,907.0,0,2,1,0,0,0,0,1
0,29.0,0,0.0,316.0,0.0,0.0,338.0,True,4,6727,1,1,1,6,0,0,0,0,1,0,0,654.0,0,1,1,0,0,0,0,1
0,41.0,0,0.0,371.0,0.0,1701.0,21.0,False,5,6729,1,0,3,0,1,1,0,0,0,0,0,2093.0,0,0,0,1,0,0,0,1
1,48.0,0,0.0,0.0,0.0,0.0,0.0,True,5,6729,2,0,3,0,1,1,0,0,0,0,0,0.0,1,3,0,1,0,1,0,0
0,27.0,0,2664.0,15.0,0.0,109.0,2.0,False,4,6729,3,0,3,0,1,1,0,0,0,0,0,2790.0,0,0,0,1,0,0,0,1
0,14.0,0,0.0,6.0,791.0,49.0,0.0,True,2,6730,1,1,1,6,1,0,0,0,1,0,0,846.0,0,2,1,0,0,0,0,1
0,32.0,0,3135.0,2.0,0.0,0.0,0.0,False,4,6731,1,1,1,5,0,0,0,0,0,1,0,3137.0,0,0,1,0,0,0,0,1
0,47.0,0,0.0,2699.0,0.0,671.0,8.0,True,5,6734,1,0,4,2,1,1,0,0,0,0,0,3378.0,0,0,0,1,0,1,0,0
1,14.0,0,0.0,0.0,0.0,0.0,0.0,True,2,6734,2,0,4,2,1,1,0,0,0,0,0,0.0,1,3,0,1,0,1,0,0
1,37.0,1,0.0,0.0,0.0,0.0,0.0,True,5,6734,3,0,4,2,1,1,0,0,0,0,0,0.0,1,3,0,1,0,1,0,0
1,33.0,0,0.0,0.0,0.0,0.0,0.0,True,5,6734,4,0,4,2,1,1,0,0,0,0,0,0.0,1,3,0,1,0,1,0,0
0,33.0,0,1373.0,0.0,23.0,920.0,6.0,True,5,6736,1,1,1,3,1,1,0,0,0,0,0,2322.0,0,0,0,0,1,0,0,1
0,44.0,0,0.0,714.0,174.0,0.0,0.0,True,5,6739,1,1,1,6,1,0,0,0,1,0,0,888.0,0,2,1,0,0,0,0,1
0,37.0,0,0.0,1190.0,4.0,455.0,71.0,True,5,6741,1,0,2,6,1,0,0,0,1,0,0,1720.0,0,0,1,0,0,0,0,1
0,18.0,0,103.0,0.0,181.0,1611.0,22.0,False,2,6741,2,0,2,5,1,0,0,0,0,1,0,1917.0,0,0,1,0,0,0,1,0
0,33.0,0,1288.0,2.0,0.0,0.0,1.0,True,5,6742,1,1,1,5,1,0,0,0,0,1,0,1291.0,0,2,1,0,0,0,0,1
0,21.0,0,1244.0,0.0,1119.0,0.0,3.0,False,3,6744,1,0,5,5,0,0,0,0,0,1,0,2366.0,0,0,0,0,1,0,0,1
0,38.0,0,1717.0,16.0,39.0,0.0,48.0,False,5,6744,2,0,5,5,0,0,0,0,0,1,0,1820.0,0,0,0,0,1,0,0,1
0,16.0,0,1337.0,0.0,2614.0,0.0,0.0,False,2,6744,3,0,5,3,0,1,0,0,0,0,0,3951.0,0,0,0,0,1,1,0,0
1,58.0,0,0.0,8.0,0.0,0.0,0.0,False,6,6744,4,0,5,4,0,0,1,0,0,0,0,0.0,1,3,0,0,1,0,0,1
0,41.0,0,1203.0,756.0,140.0,0.0,0.0,False,5,6744,5,0,5,4,0,0,1,0,0,0,0,2099.0,0,0,0,0,1,0,0,1
0,28.0,0,545.0,0.0,501.0,0.0,0.0,False,4,6745,1,1,1,5,0,0,0,0,0,1,0,1046.0,0,2,1,0,0,0,1,0
1,28.0,0,0.0,0.0,0.0,0.0,0.0,True,4,6746,1,1,1,6,0,0,0,0,1,0,0,0.0,1,3,1,0,0,0,0,1
1,31.0,0,0.0,0.0,0.0,0.0,0.0,True,4,6747,1,1,1,2,0,1,0,0,0,0,0,0.0,1,3,0,1,0,0,0,1
1,27.0,0,0.0,0.0,0.0,0.0,0.0,True,4,6748,1,0,4,5,1,0,0,0,0,1,0,0.0,1,3,0,0,1,0,0,1
0,7.0,0,0.0,0.0,0.0,0.0,0.0,True,1,6748,2,0,4,5,1,0,0,0,0,1,0,0.0,1,3,0,0,1,0,0,1
0,25.0,0,1610.0,29.0,6.0,0.0,0.0,False,3,6748,3,0,4,5,1,0,0,0,0,1,0,1645.0,0,0,0,0,1,0,0,1
0,34.0,0,470.0,0.0,0.0,45.0,539.0,False,5,6748,4,0,4,3,1,1,0,0,0,0,0,1054.0,0,2,0,0,1,0,0,1
0,21.0,0,0.0,13.0,813.0,0.0,0.0,True,3,6749,1,1,1,6,0,0,0,0,1,0,0,826.0,0,2,1,0,0,0,0,1
0,29.0,0,0.0,95.0,424.0,1.0,364.0,False,4,6750,1,1,1,6,0,0,0,0,1,0,0,884.0,0,2,1,0,0,0,0,1
1,23.0,0,0.0,0.0,0.0,0.0,0.0,True,3,6751,1,0,2,5,1,0,0,0,0,1,0,0.0,1,3,0,0,1,0,0,1
1,31.0,0,0.0,0.0,0.0,0.0,0.0,False,4,6751,2,0,2,4,1,0,1,0,0,0,0,0.0,1,3,0,0,1,0,0,1
1,50.0,0,0.0,0.0,0.0,0.0,0.0,True,5,6753,1,0,2,1,0,1,0,0,0,0,0,0.0,1,3,0,1,0,0,0,1
0,25.0,0,0.0,0.0,0.0,0.0,0.0,False,3,6753,2,0,2,1,0,1,0,0,0,0,0,0.0,1,3,0,1,0,0,0,1
0,25.0,1,0.0,4209.0,0.0,2.0,896.0,True,3,6754,1,1,1,2,1,1,0,0,0,0,0,5107.0,0,0,0,1,0,0,0,1
0,23.0,0,0.0,0.0,12.0,726.0,19.0,False,3,6756,1,0,3,5,0,0,0,0,0,1,0,757.0,0,2,1,0,0,0,0,1
0,46.0,0,0.0,0.0,743.0,4.0,6.0,True,5,6756,2,0,3,6,0,0,0,0,1,0,0,753.0,0,2,1,0,0,0,1,0
0,0.0,0,0.0,0.0,0.0,0.0,0.0,True,0,6756,3,0,3,6,0,0,0,0,1,0,0,0.0,1,3,1,0,0,0,0,1
0,53.0,0,1964.0,0.0,635.0,0.0,0.0,False,6,6757,1,1,1,5,1,0,0,0,0,1,0,2599.0,0,0,0,0,1,0,0,1
0,25.0,0,76.0,600.0,0.0,0.0,25.0,False,3,6758,1,1,1,5,0,0,0,0,0,1,0,701.0,0,1,1,0,0,1,0,0
0,30.0,0,51.0,0.0,1373.0,0.0,5.0,True,4,6760,1,1,1,5,0,0,0,0,0,1,0,1429.0,0,2,0,0,1,0,1,0
1,18.0,0,0.0,0.0,0.0,0.0,0.0,True,2,6761,1,0,2,5,0,0,0,0,0,1,0,0.0,1,3,0,0,1,0,0,1
0,20.0,0,0.0,0.0,0.0,0.0,0.0,False,3,6761,2,0,2,4,0,0,1,0,0,0,0,0.0,1,3,0,0,1,0,0,1
0,54.0,0,0.0,704.0,0.0,0.0,0.0,False,6,6762,1,1,1,5,1,0,0,0,0,1,0,704.0,0,1,1,0,0,1,0,0
0,20.0,0,0.0,97.0,725.0,26.0,104.0,True,3,6763,1,1,1,6,0,0,0,0,1,0,0,952.0,0,2,1,0,0,0,0,1
0,32.0,0,2937.0,60.0,696.0,0.0,0.0,False,4,6764,1,0,2,5,1,0,0,0,0,1,0,3693.0,0,0,0,0,1,0,0,1
0,31.0,0,76.0,0.0,2398.0,102.0,23.0,True,4,6764,2,0,2,5,1,0,0,0,0,1,0,2599.0,0,0,0,0,1,0,0,1
1,55.0,0,0.0,0.0,0.0,0.0,0.0,True,6,6765,1,1,1,5,1,0,0,0,0,1,0,0.0,1,3,0,0,1,0,0,1
0,16.0,0,399.0,0.0,3.0,0.0,137.0,False,2,6766,1,0,3,6,0,0,0,0,1,0,0,539.0,0,1,1,0,0,0,1,0
1,0.0,0,0.0,0.0,0.0,0.0,0.0,True,0,6766,2,0,3,6,0,0,0,0,1,0,0,0.0,1,3,1,0,0,0,0,1
1,3.0,0,0.0,0.0,0.0,0.0,0.0,True,0,6766,3,0,3,6,0,0,0,0,1,0,0,0.0,1,3,1,0,0,0,0,1
0,33.0,0,47.0,0.0,0.0,0.0,3047.0,False,5,6773,1,1,1,5,0,0,0,0,0,1,0,3094.0,0,0,1,0,0,0,0,1
1,45.0,0,0.0,0.0,352.0,0.0,0.0,True,5,6774,1,0,3,6,0,0,0,0,1,0,0,0.0,1,3,1,0,0,0,0,1
1,6.0,0,0.0,0.0,0.0,0.0,0.0,False,1,6774,2,0,3,6,0,0,0,0,1,0,0,0.0,1,3,1,0,0,0,0,1
0,33.0,0,0.0,0.0,704.0,0.0,0.0,False,5,6774,3,0,3,5,0,0,0,0,0,1,0,704.0,0,1,1,0,0,0,0,1
1,14.0,0,0.0,0.0,0.0,0.0,0.0,True,2,6775,1,1,1,6,1,0,0,0,1,0,0,0.0,1,3,1,0,0,1,0,0
0,24.0,0,1.0,0.0,0.0,691.0,0.0,False,3,6776,1,1,1,5,0,0,0,0,0,1,0,692.0,0,1,1,0,0,1,0,0
0,47.0,0,0.0,758.0,0.0,0.0,1417.0,False,5,6778,1,1,1,5,1,0,0,0,0,1,0,2175.0,0,0,1,0,0,0,0,1
0,37.0,0,0.0,7920.0,270.0,1.0,322.0,True,5,6779,1,0,4,1,1,1,0,0,0,0,0,8513.0,0,0,0,1,0,0,0,1
1,14.0,0,0.0,0.0,0.0,0.0,0.0,True,2,6779,2,0,4,1,1,1,0,0,0,0,0,0.0,1,3,0,1,0,1,0,0
1,44.0,0,0.0,0.0,0.0,0.0,0.0,True,5,6779,3,0,4,1,1,1,0,0,0,0,0,0.0,1,3,0,1,0,0,0,1
0,11.0,0,0.0,0.0,0.0,0.0,0.0,True,1,6779,4,0,4,1,1,1,0,0,0,0,0,0.0,1,3,0,1,0,0,0,1
1,15.0,0,0.0,0.0,0.0,0.0,0.0,True,2,6780,1,0,2,2,1,1,0,0,0,0,0,0.0,1,3,0,1,0,1,0,0
0,39.0,0,2167.0,30.0,1472.0,0.0,0.0,True,5,6780,2,0,2,2,1,1,0,0,0,0,0,3669.0,0,0,0,1,0,0,0,1
0,15.0,0,0.0,0.0,533.0,72.0,0.0,False,2,6782,1,1,1,5,1,0,0,0,0,1,0,605.0,0,1,1,0,0,0,1,0
0,60.0,0,0.0,0.0,0.0,8.0,698.0,False,6,6784,1,0,2,6,1,0,0,0,1,0,0,706.0,0,1,1,0,0,1,0,0
0,49.0,0,0.0,366.0,0.0,0.0,401.0,True,5,6784,2,0,2,6,1,0,0,0,1,0,0,767.0,0,2,1,0,0,0,0,1
0,23.0,0,8.0,173.0,0.0,1052.0,0.0,False,3,6786,1,1,1,5,0,0,0,0,0,1,0,1233.0,0,2,1,0,0,0,1,0
0,9.0,0,0.0,0.0,0.0,0.0,0.0,True,1,6787,1,0,7,5,0,0,0,0,0,1,0,0.0,1,3,1,0,0,0,0,1
0,0.0,0,0.0,0.0,0.0,0.0,0.0,False,0,6787,2,0,7,5,0,0,0,0,0,1,0,0.0,1,3,1,0,0,0,0,1
0,17.0,0,108.0,4.0,1898.0,13.0,0.0,False,2,6787,3,0,7,5,0,0,0,0,0,1,0,2023.0,0,0,1,0,0,0,0,1
1,42.0,0,0.0,0.0,0.0,0.0,0.0,True,5,6787,4,0,7,5,0,0,0,0,0,1,0,0.0,1,3,1,0,0,0,1,0
1,16.0,0,0.0,0.0,0.0,0.0,0.0,True,2,6787,5,0,7,5,0,0,0,0,0,1,0,0.0,1,3,1,0,0,0,0,1
0,0.0,0,0.0,0.0,0.0,0.0,0.0,True,0,6787,6,0,7,5,0,0,0,0,0,1,0,0.0,1,3,1,0,0,1,0,0
0,26.0,0,113.0,38.0,0.0,0.0,630.0,False,4,6787,7,0,7,5,0,0,0,0,0,1,0,781.0,0,2,1,0,0,0,0,1
0,56.0,0,2.0,736.0,0.0,71.0,0.0,False,6,6788,1,1,1,6,0,0,0,0,1,0,0,809.0,0,2,1,0,0,0,0,1
0,26.0,0,866.0,0.0,0.0,0.0,0.0,True,4,6789,1,1,1,3,0,1,0,0,0,0,0,866.0,0,2,0,0,1,1,0,0
0,41.0,0,145.0,0.0,2383.0,30.0,40.0,True,5,6792,1,1,1,5,0,0,0,0,0,1,0,2598.0,0,0,0,0,1,0,0,1
0,27.0,0,20.0,0.0,1000.0,36.0,0.0,True,4,6794,1,1,1,3,1,1,0,0,0,0,0,1056.0,0,2,0,0,1,0,0,1
0,31.0,0,470.0,0.0,0.0,182.0,52.0,False,4,6796,1,1,1,6,0,0,0,0,1,0,0,704.0,0,1,1,0,0,0,0,1
0,40.0,0,3.0,0.0,61.0,0.0,742.0,True,5,6798,1,1,1,5,0,0,0,0,0,1,0,806.0,0,2,1,0,0,0,0,1
1,40.0,0,0.0,0.0,0.0,0.0,0.0,True,5,6799,1,1,1,2,1,1,0,0,0,0,0,0.0,1,3,0,1,0,1,0,0
1,15.0,0,0.0,0.0,0.0,0.0,0.0,True,2,6800,1,1,1,6,0,0,0,0,1,0,0,0.0,1,3,1,0,0,0,0,1
0,50.0,1,0.0,7293.0,136.0,97.0,440.0,True,5,6801,1,1,1,1,1,1,0,0,0,0,0,7966.0,0,0,0,1,0,0,0,1
0,42.0,0,1751.0,516.0,0.0,12.0,672.0,False,5,6802,1,1,1,0,0,1,0,0,0,0,0,2951.0,0,0,0,1,0,1,0,0
0,50.0,0,52.0,996.0,0.0,700.0,1.0,False,5,6805,1,1,1,4,1,0,1,0,0,0,0,1749.0,0,0,0,1,0,0,0,1
0,39.0,0,14.0,583.0,310.0,0.0,0.0,True,5,6806,1,1,1,6,1,0,0,0,1,0,0,907.0,0,2,1,0,0,0,0,1
0,27.0,0,0.0,0.0,192.0,38.0,599.0,False,4,6808,1,1,1,5,0,0,0,0,0,1,0,829.0,0,2,1,0,0,0,0,1
1,20.0,0,0.0,0.0,0.0,0.0,0.0,True,3,6810,1,0,5,4,1,0,1,0,0,0,0,0.0,1,3,0,0,1,0,0,1
0,30.0,0,768.0,11.0,2010.0,0.0,0.0,True,4,6810,2,0,5,4,1,0,1,0,0,0,0,2789.0,0,0,0,0,1,0,0,1
1,16.0,0,0.0,0.0,0.0,0.0,0.0,True,2,6810,3,0,5,5,1,0,1,0,0,0,0,0.0,1,3,0,0,1,0,0,1
1,36.0,0,0.0,0.0,0.0,0.0,0.0,True,5,6810,4,0,5,4,1,0,1,0,0,0,0,0.0,1,3,0,0,1,0,0,1
1,68.0,0,0.0,0.0,0.0,0.0,0.0,True,6,6810,5,0,5,4,1,0,1,0,0,0,0,0.0,1,3,0,0,1,1,0,0
0,22.0,0,38.0,19.0,348.0,217.0,115.0,False,3,6813,1,1,1,5,0,0,0,0,0,1,0,737.0,0,2,1,0,0,1,0,0
0,36.0,0,1339.0,6.0,7810.0,0.0,0.0,True,5,6814,1,1,1,4,1,0,1,0,0,0,0,9155.0,0,0,0,0,1,1,0,0
1,3.0,0,0.0,0.0,0.0,0.0,0.0,False,0,6816,1,0,6,6,0,0,0,0,1,0,0,0.0,1,3,1,0,0,1,0,0
0,28.0,0,944.0,0.0,0.0,0.0,75.0,False,4,6816,2,0,6,6,0,0,0,0,1,0,0,1019.0,0,2,1,0,0,0,0,1
1,32.0,0,0.0,0.0,0.0,0.0,0.0,True,4,6816,3,0,6,6,0,0,0,0,1,0,0,0.0,1,3,1,0,0,0,1,0
0,10.0,0,0.0,0.0,0.0,0.0,0.0,True,1,6816,4,0,6,6,0,0,0,0,1,0,0,0.0,1,3,1,0,0,0,0,1
1,0.0,0,0.0,0.0,0.0,0.0,0.0,False,0,6816,5,0,6,6,0,0,0,0,1,0,0,0.0,1,3,1,0,0,1,0,0
1,9.0,0,0.0,0.0,0.0,0.0,0.0,True,1,6816,6,0,6,6,0,0,0,0,1,0,0,0.0,1,3,1,0,0,0,0,1
0,37.0,0,21.0,54.0,5.0,178.0,431.0,False,5,6817,1,1,1,5,1,0,0,0,0,1,0,689.0,0,1,1,0,0,0,0,1
0,31.0,0,32.0,2667.0,0.0,0.0,9.0,True,4,6818,1,1,1,5,0,0,0,0,0,1,0,2708.0,0,0,1,0,0,0,0,1
0,31.0,0,0.0,0.0,0.0,1490.0,0.0,False,4,6820,1,1,1,5,0,0,0,0,0,1,0,1490.0,0,0,1,0,0,0,0,1
0,43.0,0,142.0,1208.0,0.0,0.0,204.0,False,5,6821,1,1,1,5,0,0,0,0,0,1,0,1554.0,0,0,1,0,0,0,0,1
0,15.0,0,0.0,532.0,29.0,0.0,163.0,False,2,6822,1,1,1,5,1,0,0,0,0,1,0,724.0,0,2,1,0,0,0,0,1
0,58.0,0,0.0,0.0,0.0,444.0,0.0,True,6,6824,1,1,1,6,1,0,0,0,1,0,0,444.0,0,1,1,0,0,0,0,1
1,30.0,0,0.0,0.0,0.0,0.0,0.0,True,4,6825,1,0,2,5,1,0,0,0,0,1,0,0.0,1,3,0,0,1,0,0,1
0,24.0,0,3481.0,0.0,1236.0,2.0,256.0,False,3,6825,2,0,2,5,1,0,0,0,0,1,0,4975.0,0,0,0,0,1,0,0,1
0,49.0,0,0.0,69.0,92.0,1600.0,15.0,False,5,6826,1,1,1,6,1,0,0,0,1,0,0,1776.0,0,0,1,0,0,0,0,1
0,73.0,0,181.0,1.0,840.0,2618.0,1949.0,False,6,6827,1,0,4,0,1,1,0,0,0,0,0,5589.0,0,0,0,1,0,1,0,0
1,14.0,0,0.0,0.0,0.0,0.0,0.0,True,2,6827,2,0,4,0,1,1,0,0,0,0,0,0.0,1,3,0,1,0,0,0,1
1,50.0,0,0.0,0.0,0.0,0.0,0.0,True,5,6827,3,0,4,0,1,1,0,0,0,0,0,0.0,1,3,0,1,0,0,0,1
1,12.0,0,0.0,0.0,0.0,0.0,0.0,True,1,6827,4,0,4,0,1,1,0,0,0,0,0,0.0,1,3,0,1,0,0,0,1
1,2.0,0,0.0,0.0,0.0,0.0,0.0,True,0,6829,1,0,3,6,0,0,0,0,1,0,0,0.0,1,3,1,0,0,0,0,1
0,49.0,0,355.0,449.0,8.0,0.0,0.0,False,5,6829,2,0,3,6,0,0,0,0,1,0,0,812.0,0,2,1,0,0,0,0,1
1,32.0,0,0.0,0.0,0.0,0.0,0.0,False,4,6829,3,0,3,6,0,0,0,0,1,0,0,0.0,1,3,1,0,0,0,0,1
1,27.0,0,0.0,0.0,0.0,0.0,0.0,False,5,6831,1,1,1,6,0,0,0,0,1,0,0,0.0,1,3,1,0,0,0,0,1
1,33.0,0,0.0,0.0,0.0,0.0,0.0,True,5,6832,1,1,1,5,0,0,0,0,0,1,0,0.0,1,3,0,0,1,0,0,1
0,23.0,0,7.0,0.0,0.0,716.0,800.0,True,3,6833,1,1,1,4,1,0,1,0,0,0,0,1523.0,0,0,1,0,0,0,0,1
1,23.0,0,0.0,0.0,0.0,0.0,0.0,True,3,6834,1,1,1,6,1,0,0,0,1,0,0,0.0,1,3,1,0,0,0,0,1
1,43.0,0,0.0,0.0,0.0,0.0,0.0,True,5,6837,1,1,1,4,0,0,1,0,0,0,0,0.0,1,3,0,0,1,0,0,1
0,36.0,0,1912.0,0.0,0.0,2.0,0.0,False,5,6839,1,1,1,5,1,0,0,0,0,1,0,1914.0,0,0,1,0,0,0,0,1
1,26.0,0,0.0,0.0,0.0,0.0,0.0,True,4,6840,1,1,1,5,0,0,0,0,0,1,0,0.0,1,3,0,0,1,0,0,1
1,29.0,0,0.0,0.0,0.0,0.0,0.0,True,4,6841,1,1,1,4,1,0,1,0,0,0,0,0.0,1,3,0,0,1,1,0,0
1,21.0,0,0.0,0.0,0.0,0.0,0.0,True,3,6843,1,0,2,1,1,1,0,0,0,0,0,0.0,1,3,0,1,0,0,0,1
1,30.0,0,0.0,0.0,0.0,0.0,0.0,True,4,6843,2,0,2,1,1,1,0,0,0,0,0,0.0,1,3,0,1,0,1,0,0
0,23.0,0,71.0,0.0,1376.0,0.0,890.0,False,3,6844,1,1,1,4,1,0,1,0,0,0,0,2337.0,0,0,0,0,1,1,0,0
1,13.0,0,0.0,0.0,0.0,0.0,0.0,True,2,6848,1,1,1,3,0,1,0,0,0,0,0,0.0,1,3,0,1,0,0,0,1
0,22.0,0,735.0,138.0,400.0,0.0,0.0,False,3,6850,1,0,3,5,0,0,0,0,0,1,0,873.0,0,2,1,0,0,0,0,1
1,25.0,0,0.0,0.0,0.0,0.0,0.0,False,3,6850,2,0,3,6,0,0,0,0,1,0,0,0.0,1,3,1,0,0,0,1,0
0,52.0,0,2.0,46.0,800.0,0.0,773.0,False,6,6850,3,0,3,4,0,0,1,0,0,0,0,1621.0,0,0,1,0,0,0,0,1
0,22.0,0,0.0,752.0,18.0,0.0,18.0,True,3,6851,1,1,1,4,1,0,1,0,0,0,0,788.0,0,2,1,0,0,0,0,1
0,31.0,0,0.0,1604.0,4058.0,4094.0,124.0,False,4,6853,1,1,1,2,0,1,0,0,0,0,0,9880.0,0,0,0,1,0,1,0,0
0,23.0,0,3211.0,4.0,243.0,0.0,0.0,False,3,6854,1,1,1,4,0,0,1,0,0,0,0,3458.0,0,0,0,0,1,0,0,1
0,35.0,0,22.0,0.0,1179.0,0.0,33.0,False,5,6857,1,1,1,5,1,0,0,0,0,1,0,1234.0,0,2,1,0,0,0,1,0
1,26.0,0,0.0,0.0,0.0,0.0,0.0,True,4,6858,1,0,4,1,0,1,0,0,0,0,0,0.0,1,3,0,1,0,0,0,1
1,14.0,0,0.0,0.0,0.0,0.0,0.0,True,2,6858,2,0,4,1,0,1,0,0,0,0,0,0.0,1,3,0,1,0,0,0,1
0,39.0,0,0.0,60.0,0.0,310.0,4674.0,False,5,6858,3,0,4,1,0,1,0,0,0,0,0,5044.0,0,0,0,1,0,1,0,0
0,8.0,0,0.0,0.0,0.0,0.0,0.0,True,1,6858,4,0,4,1,0,1,0,0,0,0,0,0.0,1,3,0,1,0,0,0,1
1,29.0,0,0.0,0.0,0.0,0.0,0.0,True,4,6859,1,1,1,6,1,0,0,0,1,0,0,0.0,1,3,1,0,0,0,1,0
1,15.0,0,0.0,0.0,0.0,0.0,0.0,True,2,6861,1,1,1,6,1,0,0,0,1,0,0,0.0,1,3,1,0,0,0,1,0
1,48.0,0,0.0,0.0,0.0,0.0,0.0,True,5,6862,1,0,2,6,1,0,0,0,1,0,0,0.0,1,3,1,0,0,0,0,1
0,9.0,0,0.0,0.0,0.0,0.0,0.0,False,1,6862,2,0,2,6,1,0,0,0,1,0,0,0.0,1,3,1,0,0,0,0,1
0,25.0,0,0.0,10.0,909.0,0.0,17.0,False,3,6863,1,1,1,5,1,0,0,0,0,1,0,936.0,0,2,1,0,0,0,0,1
1,13.0,0,0.0,0.0,0.0,0.0,0.0,True,2,6864,1,0,2,0,0,1,0,0,0,0,0,0.0,1,3,0,1,0,0,0,1
1,25.0,0,0.0,0.0,0.0,0.0,0.0,True,3,6864,2,0,2,0,0,1,0,0,0,0,0,0.0,1,3,0,1,0,1,0,0
0,27.0,0,69.0,2878.0,0.0,4232.0,3798.0,False,4,6865,1,0,2,3,1,1,0,0,0,0,0,10977.0,0,0,0,1,0,0,0,1
1,32.0,0,0.0,0.0,0.0,0.0,0.0,True,4,6865,2,0,2,3,1,1,0,0,0,0,0,0.0,1,3,0,1,0,0,0,1
0,20.0,0,0.0,17958.0,99.0,14.0,57.0,True,3,6866,1,0,2,2,1,1,0,0,0,0,0,18128.0,0,0,0,1,0,1,0,0
0,40.0,0,6103.0,7570.0,860.0,13117.0,192.0,False,5,6866,2,0,2,2,1,1,0,0,0,0,0,27842.0,0,0,0,1,0,1,0,0
0,18.0,0,0.0,18.0,73.0,2134.0,25.0,False,2,6868,1,1,1,5,0,0,0,0,0,1,0,2250.0,0,0,1,0,0,0,0,1
0,21.0,0,0.0,0.0,901.0,3.0,0.0,False,3,6869,1,1,1,5,0,0,0,0,0,1,0,904.0,0,2,1,0,0,0,0,1
0,38.0,0,190.0,1.0,616.0,0.0,0.0,True,5,6871,1,1,1,6,1,0,0,0,1,0,0,807.0,0,2,1,0,0,0,0,1
0,62.0,0,362.0,1049.0,46.0,104.0,829.0,True,6,6873,1,1,1,0,0,1,0,0,0,0,0,2390.0,0,0,0,1,0,1,0,0
1,23.0,0,0.0,0.0,0.0,0.0,0.0,True,3,6879,1,1,1,6,1,0,0,0,1,0,0,0.0,1,3,1,0,0,0,0,1
0,48.0,1,2191.0,0.0,172.0,1.0,0.0,False,5,6880,1,0,2,5,1,0,0,0,0,1,0,2364.0,0,0,0,0,1,0,0,1
1,27.0,0,0.0,0.0,0.0,0.0,0.0,False,4,6880,2,0,2,4,1,0,1,0,0,0,0,0.0,1,3,0,0,1,0,0,1
1,32.0,0,0.0,0.0,0.0,0.0,0.0,True,4,6882,1,0,2,5,0,0,0,0,0,1,0,0.0,1,3,0,0,1,1,0,0
0,53.0,0,0.0,0.0,0.0,0.0,0.0,False,6,6882,2,0,2,4,0,0,1,0,0,0,0,0.0,1,3,0,0,1,0,0,1
0,26.0,0,0.0,0.0,1.0,0.0,398.0,True,4,6883,1,1,1,6,1,0,0,0,1,0,0,399.0,0,1,1,0,0,0,0,1
1,46.0,0,0.0,0.0,0.0,0.0,0.0,True,5,6885,1,1,1,5,1,0,0,0,0,1,0,0.0,1,3,0,0,1,0,0,1
0,32.0,0,0.0,326.0,31.0,5.0,545.0,False,4,6887,1,1,1,6,1,0,0,0,1,0,0,907.0,0,2,1,0,0,0,0,1
0,40.0,0,862.0,0.0,0.0,0.0,59.0,False,5,6889,1,1,1,5,1,0,0,0,0,1,0,921.0,0,2,1,0,0,0,0,1
0,27.0,0,725.0,0.0,1660.0,0.0,0.0,True,4,6891,1,1,1,3,0,1,0,0,0,0,0,2385.0,0,0,0,0,1,0,0,1
0,28.0,0,0.0,669.0,0.0,1.0,2.0,True,4,6892,1,1,1,5,1,0,0,0,0,1,0,672.0,0,1,1,0,0,0,0,1
1,29.0,0,0.0,0.0,0.0,0.0,0.0,True,4,6893,1,1,1,1,1,1,0,0,0,0,0,0.0,1,3,0,1,0,0,0,1
1,37.0,0,0.0,0.0,0.0,0.0,0.0,True,5,6894,1,0,3,5,1,0,0,0,0,1,0,0.0,1,3,0,0,1,0,0,1
0,0.0,0,0.0,0.0,0.0,0.0,0.0,True,0,6894,2,0,3,5,1,0,0,0,0,1,0,0.0,1,3,0,0,1,0,0,1
0,12.0,0,0.0,0.0,0.0,0.0,0.0,True,1,6894,3,0,3,5,1,0,0,0,0,1,0,0.0,1,3,0,0,1,0,0,1
0,25.0,0,0.0,4612.0,0.0,2585.0,1919.0,False,3,6895,1,1,1,2,0,1,0,0,0,0,0,9116.0,0,0,0,1,0,0,0,1
0,6.0,0,473.0,0.0,575.0,0.0,0.0,False,0,6896,1,0,3,4,1,0,1,0,0,0,0,1048.0,0,2,0,0,1,0,0,1
0,3.0,0,0.0,0.0,0.0,0.0,0.0,True,0,6896,2,0,3,5,1,0,0,0,0,1,0,0.0,1,3,0,0,1,0,0,1
0,9.0,0,0.0,0.0,0.0,0.0,0.0,True,1,6896,3,0,3,5,1,0,0,0,0,1,0,0.0,1,3,0,0,1,0,0,1
0,27.0,0,146.0,3786.0,490.0,0.0,18.0,True,4,6898,1,1,1,5,1,0,1,0,0,0,0,4440.0,0,0,0,1,0,1,0,0
0,59.0,0,0.0,0.0,0.0,0.0,0.0,True,6,6899,1,0,2,0,0,1,0,0,0,0,0,0.0,1,3,0,1,0,0,0,1
0,24.0,0,0.0,0.0,0.0,0.0,0.0,False,3,6899,2,0,2,0,0,1,0,0,0,0,0,0.0,1,3,0,1,0,0,0,1
1,16.0,0,0.0,0.0,0.0,0.0,0.0,True,2,6900,1,1,1,6,1,0,0,0,1,0,0,0.0,1,3,1,0,0,0,0,1
0,16.0,0,501.0,974.0,1164.0,0.0,0.0,False,2,6901,1,1,1,5,1,0,0,0,0,1,0,2639.0,0,0,0,0,1,0,0,1
1,46.0,0,0.0,0.0,0.0,0.0,0.0,True,5,6902,1,1,1,3,0,1,0,0,0,0,0,0.0,1,3,0,1,0,0,0,1
0,25.0,0,0.0,1428.0,0.0,1483.0,0.0,False,3,6903,1,1,1,5,0,0,0,0,0,1,0,2911.0,0,0,1,0,0,0,1,0
0,39.0,0,130.0,741.0,0.0,0.0,0.0,False,5,6905,1,0,3,5,1,0,0,0,0,1,0,871.0,0,2,1,0,0,0,0,1
0,15.0,0,0.0,0.0,0.0,938.0,44.0,False,2,6905,2,0,3,4,1,0,1,0,0,0,0,982.0,0,2,1,0,0,0,0,1
0,16.0,0,43.0,3.0,750.0,0.0,0.0,True,2,6905,3,0,3,5,1,0,0,0,0,1,0,796.0,0,2,1,0,0,1,0,0
0,35.0,0,1719.0,4389.0,1015.0,0.0,14.0,True,5,6906,1,0,3,5,0,0,0,0,0,1,0,7137.0,0,0,0,0,1,0,0,1
0,43.0,0,528.0,13.0,1583.0,11.0,0.0,False,5,6906,2,0,3,4,0,0,1,0,0,0,0,2135.0,0,0,0,0,1,1,0,0
1,7.0,0,0.0,0.0,0.0,0.0,0.0,True,1,6906,3,0,3,5,0,0,0,0,0,1,0,0.0,1,3,0,0,1,0,0,1
1,29.0,0,0.0,0.0,0.0,0.0,0.0,True,4,6907,1,1,1,6,0,0,0,0,1,0,0,0.0,1,3,1,0,0,0,0,1
0,60.0,0,0.0,960.0,46.0,854.0,17074.0,False,6,6908,1,1,1,2,1,1,0,0,0,0,0,18934.0,0,0,0,1,0,0,0,1
0,49.0,0,173.0,0.0,18.0,580.0,1.0,False,5,6910,1,1,1,6,1,0,0,0,1,0,0,772.0,0,2,1,0,0,0,0,1
0,50.0,0,118.0,0.0,1041.0,0.0,0.0,True,5,6911,1,1,1,5,1,0,0,0,0,1,0,1159.0,0,2,0,0,1,0,0,1
0,40.0,0,0.0,120.0,0.0,2814.0,318.0,False,5,6912,1,1,1,2,0,1,0,0,0,0,0,3252.0,0,0,0,1,0,0,0,1
1,49.0,0,0.0,0.0,0.0,0.0,0.0,True,5,6913,1,0,2,5,1,0,0,0,0,1,0,0.0,1,3,0,0,1,0,0,1
0,18.0,0,1988.0,0.0,95.0,0.0,0.0,False,2,6913,2,0,2,4,1,0,1,0,0,0,0,2083.0,0,0,0,0,1,0,0,1
1,29.0,0,0.0,0.0,0.0,0.0,0.0,True,4,6915,1,1,1,5,1,0,0,0,0,1,0,0.0,1,3,0,0,1,0,0,1
0,56.0,1,995.0,0.0,177.0,0.0,739.0,False,6,6917,1,1,1,5,0,0,0,0,0,1,0,1911.0,0,0,0,0,1,0,0,1
1,29.0,0,0.0,0.0,0.0,0.0,0.0,True,4,6918,1,1,1,6,1,0,0,0,1,0,0,0.0,1,3,1,0,0,0,1,0
0,29.0,0,0.0,10.0,0.0,5.0,975.0,False,4,6920,1,1,1,4,1,0,1,0,0,0,0,990.0,0,2,1,0,0,0,0,1
0,22.0,0,0.0,1914.0,2090.0,100.0,0.0,True,3,6921,1,0,6,2,1,1,0,0,0,0,0,4104.0,0,0,0,1,0,0,0,1
1,24.0,0,0.0,0.0,0.0,100.0,0.0,True,3,6921,2,0,6,2,1,1,0,0,0,0,0,0.0,1,3,0,1,0,1,0,0
0,23.0,0,69.0,6101.0,0.0,0.0,214.0,True,3,6921,3,0,6,2,1,1,0,0,0,0,0,6384.0,0,0,0,1,0,0,0,1
0,28.0,1,0.0,14076.0,0.0,928.0,372.0,True,4,6921,4,0,6,2,1,1,0,0,0,0,0,15376.0,0,0,0,1,0,0,0,1
1,19.0,0,0.0,0.0,0.0,0.0,0.0,True,3,6921,5,0,6,2,1,1,0,0,0,0,0,0.0,1,3,0,1,0,1,0,0
0,32.0,0,0.0,89.0,0.0,8330.0,1.0,False,4,6921,6,0,6,2,1,1,0,0,0,0,0,8420.0,0,0,0,1,0,0,0,1
0,37.0,0,0.0,0.0,0.0,0.0,0.0,True,5,6924,1,1,1,6,1,0,0,0,1,0,0,0.0,1,3,1,0,0,0,0,1
0,26.0,0,0.0,0.0,677.0,1.0,108.0,False,4,6925,1,1,1,6,0,0,0,0,1,0,0,786.0,0,2,1,0,0,0,0,1
0,43.0,0,1944.0,17.0,657.0,0.0,0.0,True,5,6926,1,1,1,5,0,0,0,0,0,1,0,2618.0,0,0,1,0,0,0,0,1
0,25.0,0,439.0,0.0,0.0,557.0,0.0,False,3,6928,1,0,2,4,1,0,1,0,0,0,0,996.0,0,2,1,0,0,0,0,1
0,11.0,0,0.0,0.0,0.0,0.0,0.0,False,1,6928,2,0,2,6,1,0,0,0,1,0,0,0.0,1,3,1,0,0,0,0,1
0,4.0,0,0.0,0.0,0.0,0.0,0.0,True,0,6929,1,0,3,6,0,0,0,0,1,0,0,0.0,1,3,1,0,0,0,0,1
1,32.0,0,0.0,0.0,0.0,0.0,0.0,True,4,6929,2,0,3,6,0,0,0,0,1,0,0,0.0,1,3,1,0,0,0,0,1
0,15.0,0,9.0,776.0,4.0,0.0,2.0,True,2,6929,3,0,3,4,0,0,1,0,0,0,0,791.0,0,2,1,0,0,0,0,1
1,17.0,0,0.0,0.0,0.0,0.0,0.0,True,2,6930,1,1,1,6,1,0,0,0,1,0,0,0.0,1,3,1,0,0,0,0,1
1,37.0,0,0.0,0.0,0.0,0.0,0.0,True,5,6931,1,1,1,2,0,1,0,0,0,0,0,0.0,1,3,0,1,0,1,0,0
0,20.0,0,559.0,0.0,83.0,112.0,0.0,True,3,6932,1,1,1,6,1,0,0,0,1,0,0,754.0,0,2,1,0,0,0,0,1
0,47.0,0,160.0,0.0,1232.0,36.0,0.0,True,5,6934,1,0,2,5,0,0,0,0,0,1,0,1428.0,0,2,0,0,1,0,0,1
0,16.0,0,1228.0,0.0,450.0,446.0,0.0,False,2,6934,2,0,2,4,0,0,1,0,0,0,0,2124.0,0,0,0,0,1,1,0,0
1,8.0,0,0.0,0.0,0.0,0.0,0.0,True,1,6937,1,1,1,6,1,0,0,0,1,0,0,0.0,1,3,1,0,0,0,0,1
0,22.0,0,245.0,0.0,0.0,661.0,1.0,False,3,6939,1,1,1,6,0,0,0,0,1,0,0,907.0,0,2,1,0,0,0,0,1
0,39.0,0,9.0,0.0,687.0,0.0,0.0,True,5,6940,1,1,1,5,1,0,0,0,0,1,0,696.0,0,1,0,0,1,0,0,1
1,57.0,0,0.0,0.0,0.0,0.0,0.0,True,6,6943,1,1,1,1,1,1,0,0,0,0,0,0.0,1,3,0,1,0,1,0,0
1,29.0,0,0.0,0.0,0.0,0.0,0.0,True,4,6944,1,1,1,2,0,1,0,0,0,0,0,0.0,1,3,0,1,0,0,0,1
1,27.0,0,0.0,0.0,0.0,0.0,0.0,True,5,6945,1,1,1,1,1,1,0,0,0,0,0,0.0,1,3,0,1,0,1,0,0
0,70.0,0,28.0,0.0,0.0,672.0,104.0,False,6,6946,1,1,1,5,0,0,0,0,0,1,0,804.0,0,2,1,0,0,0,0,1
1,13.0,0,0.0,0.0,0.0,0.0,0.0,True,2,6947,1,0,2,1,1,1,0,0,0,0,0,0.0,1,3,0,1,0,0,0,1
0,49.0,0,0.0,1757.0,0.0,797.0,567.0,True,5,6947,2,0,2,1,1,1,0,0,0,0,0,3121.0,0,0,0,1,0,0,0,1
0,25.0,0,0.0,12.0,851.0,19.0,103.0,False,3,6949,1,1,1,4,1,0,1,0,0,0,0,985.0,0,2,1,0,0,1,0,0
1,19.0,0,0.0,0.0,0.0,0.0,0.0,True,3,6950,1,0,2,1,1,1,0,0,0,0,0,0.0,1,3,0,1,0,1,0,0
1,15.0,0,0.0,0.0,0.0,0.0,0.0,True,2,6950,2,0,2,1,1,1,0,0,0,0,0,0.0,1,3,0,1,0,1,0,0
0,37.0,0,26.0,2898.0,9.0,0.0,40.0,True,5,6951,1,0,2,3,0,1,0,0,0,0,0,2973.0,0,0,0,1,0,0,0,1
1,37.0,0,0.0,0.0,0.0,0.0,0.0,True,5,6951,2,0,2,3,0,1,0,0,0,0,0,0.0,1,3,0,1,0,0,0,1
0,28.0,0,1998.0,0.0,13.0,87.0,0.0,False,4,6954,1,0,2,4,0,0,1,0,0,0,0,2098.0,0,0,0,0,1,0,0,1
0,22.0,0,969.0,47.0,23.0,134.0,0.0,False,3,6954,2,0,2,4,0,0,1,0,0,0,0,1173.0,0,2,0,0,1,0,0,1
0,26.0,0,135.0,2080.0,7.0,34.0,84.0,True,4,6957,1,1,1,1,1,1,0,0,0,0,0,2340.0,0,0,0,1,0,0,0,1
0,25.0,0,60.0,0.0,0.0,0.0,777.0,False,3,6960,1,1,1,6,1,0,0,0,1,0,0,837.0,0,2,1,0,0,0,1,0
0,19.0,0,0.0,0.0,0.0,804.0,5.0,False,3,6962,1,1,1,6,1,0,0,0,1,0,0,809.0,0,2,1,0,0,0,0,1
0,20.0,0,3839.0,57.0,1967.0,4.0,2.0,False,3,6963,1,1,1,5,1,0,0,0,0,1,0,5869.0,0,0,0,0,1,0,0,1
0,35.0,0,0.0,71.0,631.0,0.0,0.0,False,5,6964,1,1,1,5,0,0,0,0,0,1,0,702.0,0,1,1,0,0,1,0,0
0,37.0,0,951.0,0.0,0.0,80.0,0.0,False,5,6966,1,1,1,5,0,0,0,0,0,1,0,1031.0,0,2,1,0,0,0,0,1
0,37.0,0,0.0,9965.0,0.0,5697.0,676.0,False,5,6967,1,1,1,2,1,1,0,0,0,0,0,16338.0,0,0,0,1,0,1,0,0
0,13.0,0,0.0,114.0,682.0,0.0,7.0,False,2,6968,1,0,2,5,0,0,0,0,0,1,0,803.0,0,2,1,0,0,0,0,1
0,20.0,0,0.0,114.0,0.0,0.0,1318.0,False,3,6968,2,0,2,5,0,0,0,0,0,1,0,1318.0,0,2,1,0,0,0,1,0
0,65.0,0,3358.0,1.0,12.0,0.0,0.0,False,6,6970,1,0,2,5,1,0,1,0,0,0,0,3371.0,0,0,0,0,1,0,0,1
0,29.0,0,456.0,230.0,363.0,0.0,0.0,False,4,6970,2,0,2,4,1,0,1,0,0,0,0,1049.0,0,2,0,0,1,0,0,1
0,0.0,0,0.0,0.0,0.0,0.0,0.0,True,0,6971,1,0,6,2,0,1,0,0,0,0,0,0.0,1,3,0,1,0,0,0,1
0,4.0,0,0.0,0.0,0.0,0.0,0.0,True,0,6971,2,0,6,2,0,1,0,0,0,0,0,0.0,1,3,0,1,0,0,0,1
1,19.0,0,0.0,0.0,0.0,0.0,0.0,True,3,6971,3,0,6,2,0,1,0,0,0,0,0,0.0,1,3,0,1,0,0,0,1
1,17.0,0,0.0,0.0,0.0,0.0,0.0,True,2,6971,4,0,6,2,0,1,0,0,0,0,0,0.0,1,3,0,1,0,1,0,0
0,28.0,0,0.0,4173.0,0.0,33.0,420.0,True,4,6971,5,0,6,2,0,1,0,0,0,0,0,4626.0,0,0,0,1,0,1,0,0
0,28.0,0,0.0,160.0,0.0,1538.0,1426.0,False,4,6971,6,0,6,2,0,1,0,0,0,0,0,3124.0,0,0,0,1,0,1,0,0
0,21.0,0,0.0,0.0,0.0,43.0,667.0,False,3,6972,1,1,1,6,0,0,0,0,1,0,0,710.0,0,1,1,0,0,0,0,1
0,45.0,0,1.0,15.0,44.0,0.0,1541.0,False,5,6973,1,1,1,4,1,0,1,0,0,0,0,1601.0,0,0,1,0,0,0,1,0
0,21.0,0,27.0,0.0,782.0,0.0,0.0,True,3,6976,1,1,1,6,0,0,0,0,1,0,0,809.0,0,2,1,0,0,0,0,1
1,20.0,0,0.0,0.0,0.0,0.0,0.0,True,3,6977,1,0,2,6,1,0,0,0,1,0,0,0.0,1,3,1,0,0,0,1,0
0,38.0,0,0.0,806.0,3.0,0.0,0.0,True,5,6977,2,0,2,6,1,0,0,0,1,0,0,809.0,0,2,1,0,0,0,0,1
0,24.0,0,0.0,893.0,0.0,4.0,8.0,True,3,6978,1,1,1,4,0,0,1,0,0,0,0,905.0,0,2,1,0,0,1,0,0
0,22.0,0,712.0,6.0,70.0,0.0,0.0,False,3,6979,1,1,1,4,0,0,1,0,0,0,0,788.0,0,2,1,0,0,0,0,1
0,44.0,0,3.0,0.0,33.0,769.0,0.0,True,5,6980,1,1,1,5,1,0,0,0,0,1,0,805.0,0,2,1,0,0,0,0,1
0,41.0,0,0.0,0.0,0.0,0.0,628.0,False,5,6981,1,1,1,5,1,0,0,0,0,1,0,628.0,0,1,1,0,0,0,1,0
1,21.0,0,0.0,0.0,0.0,0.0,0.0,True,3,6982,1,1,1,6,0,0,0,0,1,0,0,0.0,1,3,1,0,0,0,0,1
0,26.0,0,1967.0,0.0,116.0,320.5,0.0,False,4,6984,1,0,3,5,0,0,0,0,0,1,0,2083.0,0,0,0,0,1,0,0,1
1,54.0,0,0.0,0.0,0.0,0.0,0.0,True,6,6984,2,0,3,5,0,0,0,0,0,1,0,0.0,1,3,0,0,1,0,0,1
0,19.0,0,1962.0,0.0,1.0,641.0,0.0,False,3,6984,3,0,3,5,0,0,0,0,0,1,0,2604.0,0,0,0,0,1,0,0,1
0,32.0,0,0.0,243.0,0.0,0.0,776.0,False,4,6985,1,1,1,6,1,0,0,0,1,0,0,1019.0,0,2,1,0,0,0,0,1
1,27.0,0,0.0,0.0,0.0,0.0,0.0,True,5,6987,1,1,1,6,1,0,0,0,1,0,0,0.0,1,3,1,0,0,0,0,1
0,26.0,0,554.0,1307.0,32.0,93.0,1553.0,False,4,6988,1,0,2,2,0,1,0,0,0,0,0,3539.0,0,0,0,1,0,0,0,1
0,28.0,0,0.0,4340.0,0.0,186.0,0.0,True,4,6988,2,0,2,2,0,1,0,0,0,0,0,4526.0,0,0,0,1,0,0,0,1
0,21.0,0,1.0,22.0,0.0,649.0,2.0,False,3,6990,1,1,1,5,1,0,1,0,0,0,0,674.0,0,1,1,0,0,0,1,0
0,38.0,0,0.0,692.0,0.0,3587.0,0.0,False,5,6991,1,0,2,1,0,1,0,0,0,0,0,4279.0,0,0,0,1,0,1,0,0
1,43.0,0,0.0,0.0,0.0,0.0,0.0,True,5,6991,2,0,2,1,0,1,0,0,0,0,0,0.0,1,3,0,1,0,0,0,1
0,12.0,0,0.0,0.0,0.0,0.0,0.0,False,1,6992,1,0,3,6,0,0,0,0,1,0,0,0.0,1,3,1,0,0,0,0,1
1,25.0,0,0.0,0.0,0.0,0.0,0.0,False,3,6992,2,0,3,6,0,0,0,0,1,0,0,0.0,1,3,1,0,0,0,0,1
1,27.0,0,0.0,0.0,0.0,0.0,0.0,True,4,6992,3,0,3,6,0,0,0,0,1,0,0,0.0,1,3,1,0,0,0,0,1
1,22.0,0,0.0,0.0,0.0,0.0,0.0,True,3,6994,1,0,2,1,1,1,0,0,0,0,0,0.0,1,3,0,1,0,0,0,1
0,20.0,0,0.0,275.0,1690.0,580.0,5499.0,False,3,6994,2,0,2,1,1,1,0,0,0,0,0,8044.0,0,0,0,1,0,0,0,1
0,24.0,0,0.0,58.0,618.0,0.0,41.0,False,3,6995,1,1,1,5,1,0,0,0,0,1,0,717.0,0,2,1,0,0,1,0,0
0,34.0,0,0.0,442.0,175.0,79.0,3.0,False,5,6996,1,1,1,5,0,0,0,0,0,1,0,699.0,0,1,1,0,0,1,0,0
0,42.0,0,1058.0,0.0,0.0,0.0,0.0,False,5,6997,1,0,2,3,0,1,0,0,0,0,0,1058.0,0,2,0,0,1,0,0,1
0,24.0,0,2261.0,0.0,95.0,10.0,0.0,False,3,6997,2,0,2,5,0,0,0,0,0,1,0,2366.0,0,0,0,0,1,0,0,1
0,28.0,0,0.0,0.0,285.0,136.0,337.0,False,4,6998,1,1,1,5,0,0,0,0,0,1,0,758.0,0,2,1,0,0,0,0,1
0,29.0,0,907.0,0.0,0.0,142.0,0.0,False,4,6999,1,1,1,4,0,0,1,0,0,0,0,1049.0,0,2,0,0,1,0,0,1
1,31.0,0,0.0,0.0,0.0,0.0,0.0,True,4,7001,1,1,1,3,1,1,0,0,0,0,0,0.0,1,3,0,1,0,0,0,1
0,29.0,0,888.0,0.0,1.0,0.0,0.0,False,4,7002,1,1,1,6,1,0,0,0,1,0,0,889.0,0,2,1,0,0,0,0,1
0,14.0,0,0.0,1.0,400.0,297.0,0.0,False,2,7004,1,1,1,5,1,0,0,0,0,1,0,698.0,0,1,1,0,0,1,0,0
0,16.0,0,0.0,17.0,1211.0,0.0,25.0,True,2,7005,1,1,1,5,1,0,0,0,0,1,0,1253.0,0,2,1,0,0,1,0,0
1,16.0,0,0.0,0.0,0.0,0.0,0.0,True,2,7006,1,1,1,6,1,0,0,0,1,0,0,0.0,1,3,1,0,0,0,1,0
0,27.0,0,0.0,2897.0,659.0,485.0,11.0,True,4,7007,1,0,2,4,0,0,1,0,0,0,0,4052.0,0,0,0,1,0,0,0,1
0,27.0,0,0.0,996.0,0.0,726.0,813.0,False,4,7007,2,0,2,4,0,0,1,0,0,0,0,2535.0,0,0,0,1,0,0,0,1
0,23.0,0,779.0,7.0,9.0,9.0,0.0,False,3,7008,1,1,1,5,1,0,0,0,0,1,0,804.0,0,2,1,0,0,0,0,1
0,16.0,0,418.0,195.0,100.0,88.0,90.0,False,2,7010,1,0,2,6,1,0,0,0,1,0,0,891.0,0,2,1,0,0,0,0,1
0,30.0,0,0.0,6.0,0.0,0.0,1435.0,True,4,7010,2,0,2,5,1,0,0,0,0,1,0,1441.0,0,2,1,0,0,0,0,1
0,24.0,0,468.0,0.0,163.0,0.0,0.0,False,3,7011,1,1,1,5,0,0,0,0,0,1,0,631.0,0,1,1,0,0,0,0,1
1,36.0,0,0.0,0.0,0.0,0.0,0.0,True,5,7013,1,1,1,6,1,0,0,0,1,0,0,0.0,1,3,1,0,0,0,0,1
0,25.0,0,0.0,3512.0,20.0,24.0,1459.0,True,3,7014,1,1,1,2,1,1,0,0,0,0,0,5015.0,0,0,0,1,0,1,0,0
1,29.0,0,0.0,0.0,0.0,0.0,0.0,True,4,7015,1,1,1,2,0,1,0,0,0,0,0,0.0,1,3,0,1,0,0,0,1
1,21.0,0,0.0,0.0,0.0,0.0,0.0,False,3,7016,1,1,1,6,0,0,0,0,1,0,0,0.0,1,3,1,0,0,0,1,0
1,26.0,0,0.0,0.0,0.0,0.0,0.0,True,4,7017,1,1,1,6,0,0,0,0,1,0,0,0.0,1,3,1,0,0,0,0,1
0,30.0,0,0.0,0.0,0.0,0.0,0.0,False,4,7018,1,1,1,4,1,0,1,0,0,0,0,0.0,1,3,0,0,1,0,0,1
0,31.0,0,0.0,0.0,717.0,0.0,0.0,False,4,7019,1,0,2,5,0,0,0,0,0,1,0,717.0,0,2,1,0,0,0,0,1
0,20.0,0,0.0,750.0,957.0,0.0,722.0,False,3,7019,2,0,2,5,0,0,0,0,0,1,0,2429.0,0,0,1,0,0,0,0,1
1,27.0,0,0.0,0.0,0.0,0.0,0.0,True,5,7020,1,1,1,6,1,0,0,0,1,0,0,0.0,1,3,1,0,0,0,0,1
1,33.0,0,0.0,0.0,0.0,0.0,0.0,True,5,7021,1,1,1,6,1,0,0,0,1,0,0,0.0,1,3,1,0,0,1,0,0
0,35.0,0,0.0,5552.0,6.0,8.0,226.0,True,5,7022,1,0,2,3,1,1,0,0,0,0,0,5792.0,0,0,0,1,0,0,0,1
0,46.0,0,0.0,664.0,0.0,2.0,2177.0,False,5,7022,2,0,2,3,1,1,0,0,0,0,0,2843.0,0,0,0,1,0,0,0,1
1,63.0,0,0.0,0.0,0.0,0.0,0.0,True,6,7025,1,1,1,6,1,0,0,0,1,0,0,0.0,1,3,1,0,0,0,0,1
0,37.0,0,0.0,1678.0,0.0,36.0,3128.0,False,5,7026,1,1,1,0,1,1,0,0,0,0,0,4842.0,0,0,0,1,0,1,0,0
0,23.0,0,26.0,266.0,404.0,0.0,0.0,True,3,7027,1,1,1,4,0,0,1,0,0,0,0,696.0,0,1,1,0,0,0,0,1
0,5.0,0,0.0,0.0,0.0,0.0,0.0,True,1,7028,1,0,2,6,1,0,0,0,1,0,0,0.0,1,3,1,0,0,1,0,0
1,16.0,0,0.0,0.0,0.0,0.0,0.0,True,2,7028,2,0,2,6,1,0,0,0,1,0,0,0.0,1,3,1,0,0,0,0,1
0,20.0,0,0.0,0.0,2330.0,120.0,0.0,True,3,7029,1,0,2,5,0,0,0,0,0,1,0,2450.0,0,0,1,0,0,0,0,1
1,49.0,0,0.0,0.0,0.0,0.0,0.0,False,5,7029,2,0,2,5,0,0,0,0,0,1,0,0.0,1,3,1,0,0,0,1,0
0,3.0,0,0.0,0.0,0.0,0.0,0.0,True,0,7031,1,1,1,6,0,0,0,0,1,0,0,0.0,1,3,1,0,0,0,0,1
0,41.0,0,0.0,176.0,414.0,133.0,0.0,False,5,7032,1,1,1,5,0,0,0,0,0,1,0,723.0,0,2,1,0,0,0,0,1
0,27.0,0,1216.0,0.0,30.0,43.0,0.0,False,5,7034,1,1,1,5,1,0,0,0,0,1,0,1289.0,0,2,0,0,1,0,0,1
1,14.0,0,0.0,0.0,0.0,0.0,0.0,True,2,7036,1,1,1,6,0,0,0,0,1,0,0,0.0,1,3,1,0,0,0,0,1
0,26.0,0,782.0,0.0,0.0,2503.0,1.0,False,4,7037,1,1,1,3,1,1,0,0,0,0,0,3286.0,0,0,0,0,1,0,0,1
1,51.0,0,0.0,0.0,0.0,0.0,0.0,False,6,7038,1,1,1,6,0,0,0,0,1,0,0,0.0,1,3,1,0,0,0,0,1
0,36.0,0,56.0,0.0,81.0,0.0,468.0,False,5,7039,1,1,1,5,0,0,0,0,0,1,0,605.0,0,1,1,0,0,0,1,0
1,16.0,0,0.0,0.0,0.0,0.0,0.0,True,2,7040,1,1,1,6,1,0,0,0,1,0,0,0.0,1,3,1,0,0,0,0,1
1,18.0,0,0.0,0.0,0.0,0.0,0.0,True,2,7041,1,1,1,5,1,0,0,0,0,1,0,0.0,1,3,0,0,1,0,0,1
1,48.0,0,0.0,0.0,0.0,0.0,0.0,False,5,7042,1,1,1,6,0,0,0,0,1,0,0,0.0,1,3,1,0,0,0,1,0
0,24.0,0,235.0,0.0,1642.0,1042.0,229.0,False,3,7044,1,1,1,3,0,1,0,0,0,0,0,3148.0,0,0,0,0,1,0,0,1
0,19.0,0,1043.0,0.0,138.0,0.0,0.0,False,3,7045,1,1,1,3,0,1,0,0,0,0,0,1181.0,0,2,0,0,1,1,0,0
1,21.0,0,0.0,0.0,0.0,0.0,0.0,True,3,7047,1,1,1,6,1,0,0,0,1,0,0,0.0,1,3,1,0,0,1,0,0
0,24.0,0,332.0,9.0,356.0,0.0,0.0,False,3,7048,1,1,1,5,0,0,0,0,0,1,0,697.0,0,1,1,0,0,0,0,1
1,21.0,0,0.0,0.0,0.0,0.0,0.0,True,3,7049,1,1,1,6,1,0,0,0,1,0,0,0.0,1,3,1,0,0,0,0,1
0,13.0,0,0.0,999.0,0.0,0.0,4.0,True,2,7050,1,1,1,5,1,0,0,0,0,1,0,1003.0,0,2,1,0,0,0,0,1
0,39.0,0,42.0,0.0,352.0,1.0,369.0,False,5,7051,1,1,1,3,0,1,0,0,0,0,0,764.0,0,2,0,0,1,0,0,1
0,27.0,0,0.0,0.0,0.0,0.0,0.0,True,4,7052,1,1,1,4,1,0,1,0,0,0,0,0.0,1,3,0,1,0,1,0,0
0,23.0,0,64.0,4.0,0.0,1125.0,0.0,False,3,7053,1,1,1,5,0,0,0,0,0,1,0,1193.0,0,2,1,0,0,0,1,0
0,43.0,0,0.0,2093.0,0.0,3409.0,30.0,False,5,7056,1,1,1,3,1,1,0,0,0,0,0,5532.0,0,0,0,1,0,1,0,0
0,19.0,0,3332.0,878.0,926.0,781.0,0.0,False,3,7057,1,1,1,5,1,0,0,0,0,1,0,5917.0,0,0,0,0,1,0,0,1
1,30.0,0,0.0,0.0,0.0,0.0,0.0,True,4,7058,1,1,1,5,1,0,0,0,0,1,0,0.0,1,3,0,0,1,1,0,0
1,52.0,0,0.0,0.0,0.0,0.0,0.0,True,6,7059,1,1,1,6,1,0,0,0,1,0,0,0.0,1,3,1,0,0,0,0,1
0,35.0,0,2224.0,0.0,105.0,1.0,0.0,False,5,7060,1,1,1,6,1,0,0,0,1,0,0,2330.0,0,0,1,0,0,0,0,1
0,16.0,0,4.0,1666.0,0.0,35.0,40.0,True,2,7061,1,1,1,6,1,0,0,0,1,0,0,1745.0,0,0,1,0,0,0,0,1
0,21.0,0,0.0,13.0,0.0,720.0,170.0,False,3,7062,1,1,1,5,0,0,0,0,0,1,0,903.0,0,2,1,0,0,0,0,1
0,45.0,0,0.0,0.0,0.0,0.0,595.0,False,5,7068,1,1,1,5,1,0,0,0,0,1,0,595.0,0,1,1,0,0,0,1,0
0,22.0,0,0.0,125.0,0.0,663.0,0.0,False,3,7069,1,0,3,4,1,0,1,0,0,0,0,788.0,0,2,1,0,0,0,0,1
1,11.0,0,0.0,0.0,0.0,0.0,0.0,False,0,7069,2,0,3,6,1,0,0,0,1,0,0,0.0,1,3,1,0,0,1,0,0
0,0.0,0,0.0,0.0,0.0,0.0,0.0,True,0,7069,3,0,3,6,1,0,0,0,1,0,0,0.0,1,3,1,0,0,0,0,1
0,63.0,0,526.0,2.0,0.0,0.0,0.0,False,6,7071,1,1,1,6,1,0,0,0,1,0,0,528.0,0,1,1,0,0,0,1,0
0,56.0,0,1.0,2.0,0.0,102.0,0.0,False,6,7072,1,1,1,5,1,0,0,0,0,1,0,105.0,0,1,1,0,0,0,1,0
1,40.0,0,0.0,0.0,0.0,0.0,0.0,True,5,7073,1,1,1,6,1,0,0,0,1,0,0,0.0,1,3,1,0,0,0,0,1
1,1.0,0,0.0,0.0,0.0,0.0,0.0,True,0,7074,1,0,2,6,1,0,0,0,1,0,0,0.0,1,3,1,0,0,0,0,1
0,24.0,0,0.0,0.0,3.0,797.0,5.0,False,3,7074,2,0,2,5,1,0,0,0,0,1,0,805.0,0,2,1,0,0,0,0,1
0,36.0,0,21.0,0.0,844.0,0.0,0.0,False,5,7077,1,1,1,5,1,0,0,0,0,1,0,865.0,0,2,1,0,0,0,0,1
0,13.0,0,244.0,0.0,100.0,423.0,14.0,False,2,7078,1,1,1,6,1,0,0,0,1,0,0,781.0,0,2,1,0,0,0,0,1
0,13.0,0,0.0,722.0,0.0,37.0,8.0,False,2,7079,1,1,1,5,1,0,0,0,0,1,0,767.0,0,2,1,0,0,1,0,0
1,37.0,0,0.0,0.0,0.0,0.0,0.0,True,5,7080,1,1,1,6,0,0,0,0,1,0,0,0.0,1,3,1,0,0,1,0,0
0,44.0,0,143.0,47.0,0.0,717.0,87.0,False,5,7082,1,1,1,4,1,0,1,0,0,0,0,994.0,0,2,1,0,0,0,0,1
1,32.0,0,0.0,0.0,0.0,0.0,0.0,True,4,7083,1,0,2,2,1,1,0,0,0,0,0,0.0,1,3,0,1,0,0,0,1
1,57.0,0,0.0,0.0,0.0,0.0,0.0,True,6,7083,2,0,2,2,1,1,0,0,0,0,0,0.0,1,3,0,1,0,1,0,0
0,26.0,0,0.0,158.0,0.0,0.0,912.0,False,4,7084,1,1,1,5,1,0,0,0,0,1,0,1070.0,0,2,1,0,0,1,0,0
0,62.0,0,453.0,1.0,1911.0,0.0,0.0,False,6,7085,1,0,3,5,0,0,0,0,0,1,0,2365.0,0,0,0,0,1,0,0,1
1,2.0,0,0.0,0.0,0.0,0.0,0.0,True,0,7085,2,0,3,5,0,0,0,0,0,1,0,0.0,1,3,0,0,1,1,0,0
1,1.0,0,0.0,0.0,0.0,0.0,0.0,True,0,7085,3,0,3,5,0,0,0,0,0,1,0,0.0,1,3,0,0,1,0,0,1
0,24.0,0,590.0,0.0,1.0,168.0,16.0,False,3,7086,1,1,1,5,0,0,0,0,0,1,0,775.0,0,2,1,0,0,0,0,1
1,1.0,0,0.0,0.0,0.0,0.0,0.0,True,0,7087,1,1,1,6,0,0,0,0,1,0,0,0.0,1,3,1,0,0,0,0,1
0,63.0,0,0.0,742.0,0.0,125.0,3.0,False,6,7088,1,1,1,5,0,0,0,0,0,1,0,870.0,0,2,1,0,0,0,0,1
0,20.0,0,1040.0,2487.0,0.0,174.0,182.0,True,3,7089,1,1,1,3,1,1,0,0,0,0,0,3883.0,0,0,0,1,0,0,0,1
0,15.0,0,0.0,610.0,267.0,0.0,0.0,False,2,7090,1,1,1,5,0,0,0,0,0,1,0,877.0,0,2,1,0,0,0,0,1
1,32.0,0,0.0,0.0,0.0,0.0,0.0,True,4,7091,1,1,1,6,0,0,0,0,1,0,0,0.0,1,3,1,0,0,0,0,1
0,24.0,0,61.0,397.0,185.0,1.0,0.0,True,3,7092,1,1,1,5,0,0,0,0,0,1,0,644.0,0,1,1,0,0,0,0,1
1,32.0,0,0.0,0.0,0.0,0.0,0.0,False,4,7093,1,1,1,6,0,0,0,0,1,0,0,0.0,1,3,1,0,0,0,0,1
0,36.0,0,10.0,2478.0,2080.0,19.0,328.0,True,5,7094,1,1,1,4,0,0,1,0,0,0,0,4915.0,0,0,0,1,0,0,0,1
1,13.0,0,0.0,0.0,0.0,0.0,0.0,True,2,7095,1,1,1,6,0,0,0,0,1,0,0,0.0,1,3,1,0,0,0,1,0
1,29.0,0,0.0,0.0,0.0,0.0,0.0,True,4,7096,1,0,3,2,1,1,0,0,0,0,0,0.0,1,3,0,1,0,0,0,1
0,27.0,0,0.0,14.0,0.0,0.0,2325.0,False,4,7096,2,0,3,2,1,1,0,0,0,0,0,2339.0,0,0,0,1,0,0,0,1
1,30.0,0,0.0,0.0,0.0,0.0,0.0,True,4,7096,3,0,3,2,1,1,0,0,0,0,0,0.0,1,3,0,1,0,0,0,1
0,27.0,0,0.0,44.0,4761.0,5.0,41.0,True,4,7097,1,0,4,0,0,1,0,0,0,0,0,4851.0,0,0,0,1,0,1,0,0
0,14.0,0,0.0,3124.0,40.0,219.0,189.0,False,2,7097,2,0,4,0,0,1,0,0,0,0,0,3572.0,0,0,0,1,0,0,0,1
0,32.0,1,527.0,1863.0,0.0,417.0,2905.0,False,4,7097,3,0,4,0,0,1,0,0,0,0,0,5712.0,0,0,0,1,0,0,0,1
0,33.0,1,0.0,16.0,12.0,2349.0,12.0,False,5,7097,4,0,4,0,0,1,0,0,0,0,0,2389.0,0,0,0,1,0,1,0,0
0,35.0,0,3.0,0.0,651.0,0.0,78.0,True,5,7098,1,1,1,5,1,0,0,0,0,1,0,732.0,0,2,1,0,0,0,0,1
0,21.0,0,301.0,0.0,19.0,0.0,0.0,False,3,7099,1,1,1,5,0,0,0,0,0,1,0,320.0,0,1,1,0,0,1,0,0
0,57.0,0,906.0,22.0,0.0,8293.0,391.0,False,6,7104,1,0,2,2,0,1,0,0,0,0,0,9612.0,0,0,0,1,0,0,0,1
0,42.0,0,159.0,4387.0,2.0,3.0,485.0,True,5,7104,2,0,2,2,0,1,0,0,0,0,0,5036.0,0,0,0,1,0,0,0,1
0,20.0,0,0.0,6.0,552.0,20.0,0.0,True,3,7105,1,1,1,5,0,0,0,0,0,1,0,578.0,0,1,1,0,0,1,0,0
1,18.0,0,0.0,0.0,0.0,0.0,0.0,True,2,7106,1,1,1,5,1,0,0,0,0,1,0,0.0,1,3,0,0,1,0,0,1
0,49.0,0,0.0,7683.0,0.0,13016.0,0.0,False,5,7109,1,1,1,1,1,1,0,0,0,0,0,20699.0,0,0,0,1,0,1,0,0
0,23.0,0,0.0,3.0,0.0,0.0,546.0,False,3,7110,1,1,1,5,1,0,0,0,0,1,0,549.0,0,1,1,0,0,0,1,0
0,24.0,0,1058.0,0.0,0.0,280.0,0.0,False,3,7111,1,1,1,5,1,0,0,0,0,1,0,1338.0,0,2,0,0,1,0,0,1
0,24.0,0,0.0,0.0,0.0,0.0,757.0,False,3,7113,1,0,2,5,1,0,0,0,0,1,0,757.0,0,2,1,0,0,0,0,1
0,23.0,0,9.0,1.0,0.0,492.0,109.0,True,3,7113,2,0,2,5,1,0,0,0,0,1,0,611.0,0,1,1,0,0,1,0,0
0,24.0,0,0.0,489.0,21.0,0.0,184.0,False,3,7114,1,1,1,5,1,0,0,0,0,1,0,694.0,0,1,1,0,0,0,0,1
1,26.0,0,0.0,0.0,0.0,0.0,0.0,False,4,7116,1,1,1,6,0,0,0,0,1,0,0,0.0,1,3,1,0,0,0,1,0
1,28.0,0,0.0,0.0,0.0,0.0,0.0,True,4,7117,1,1,1,1,0,1,0,0,0,0,0,0.0,1,3,0,1,0,1,0,0
0,17.0,0,0.0,1381.0,2.0,0.0,0.0,False,2,7118,1,1,1,5,0,0,0,0,0,1,0,1383.0,0,2,1,0,0,0,1,0
0,20.0,0,415.0,479.0,0.0,1019.0,239.0,False,3,7119,1,1,1,5,0,0,0,0,0,1,0,2152.0,0,0,1,0,0,0,0,1
0,22.0,0,0.0,0.0,0.0,0.0,1201.0,False,3,7120,1,1,1,5,1,0,0,0,0,1,0,1201.0,0,2,1,0,0,0,0,1
1,23.0,0,0.0,0.0,0.0,0.0,0.0,True,3,7121,1,0,2,1,1,1,0,0,0,0,0,0.0,1,3,0,1,0,1,0,0
1,22.0,0,0.0,0.0,0.0,0.0,0.0,True,3,7121,2,0,2,1,1,1,0,0,0,0,0,0.0,1,3,0,1,0,1,0,0
0,29.0,0,3.0,0.0,664.0,683.0,34.0,False,4,7126,1,1,1,5,1,0,0,0,0,1,0,1384.0,0,2,1,0,0,0,0,1
0,31.0,0,0.0,4155.0,0.0,1368.0,42.0,False,4,7127,1,0,2,1,0,1,0,0,0,0,0,5565.0,0,0,0,1,0,0,0,1
1,31.0,0,0.0,0.0,0.0,0.0,0.0,True,4,7127,2,0,2,1,0,1,0,0,0,0,0,0.0,1,3,0,1,0,0,0,1
0,37.0,0,1.0,4462.0,1.0,9206.0,3.0,False,5,7128,1,0,3,1,0,1,0,0,0,0,0,13673.0,0,0,0,1,0,1,0,0
0,44.0,0,0.0,4322.0,3.0,153.0,52.0,True,5,7128,2,0,3,1,0,1,0,0,0,0,0,4530.0,0,0,0,1,0,1,0,0
0,34.0,0,0.0,2612.0,1.0,131.0,2714.0,False,5,7128,3,0,3,1,0,1,0,0,0,0,0,5458.0,0,0,0,1,0,1,0,0
0,23.0,0,602.0,0.0,0.0,0.0,24.0,False,3,7132,1,1,1,6,1,0,0,0,1,0,0,626.0,0,1,1,0,0,1,0,0
0,18.0,0,457.0,0.0,11.0,335.0,0.0,False,2,7133,1,1,1,5,1,0,0,0,0,1,0,803.0,0,2,1,0,0,0,0,1
1,18.0,0,0.0,0.0,0.0,0.0,0.0,True,2,7134,1,1,1,6,0,0,0,0,1,0,0,0.0,1,3,1,0,0,0,1,0
0,23.0,0,0.0,134.0,482.0,0.0,27.0,False,3,7137,1,1,1,5,0,0,0,0,0,1,0,643.0,0,1,1,0,0,0,0,1
0,18.0,0,0.0,10.0,0.0,0.0,738.0,False,2,7140,1,1,1,5,1,0,0,0,0,1,0,748.0,0,2,1,0,0,0,0,1
0,22.0,0,0.0,0.0,1128.0,0.0,45.0,False,3,7142,1,0,3,4,1,0,1,0,0,0,0,1173.0,0,2,0,0,1,0,0,1
0,10.0,0,0.0,0.0,0.0,0.0,0.0,True,1,7142,2,0,3,4,1,0,1,0,0,0,0,0.0,1,3,0,0,1,0,0,1
1,16.0,0,0.0,0.0,0.0,0.0,0.0,False,1,7142,3,0,3,4,1,0,1,0,0,0,0,0.0,1,3,0,0,1,0,0,1
0,31.0,0,907.0,0.0,437.0,2.0,0.0,False,4,7143,1,1,1,5,1,0,0,0,0,1,0,1346.0,0,2,0,0,1,0,0,1
1,48.0,0,0.0,0.0,0.0,0.0,0.0,False,5,7144,1,1,1,6,0,0,0,0,1,0,0,0.0,1,3,1,0,0,0,0,1
0,51.0,1,0.0,287.0,0.0,1442.0,66.0,True,6,7148,1,1,1,0,1,1,0,0,0,0,0,1795.0,0,0,0,1,0,1,0,0
1,25.0,0,0.0,0.0,0.0,0.0,0.0,True,3,7149,1,1,1,5,0,0,0,0,0,1,0,0.0,1,3,0,0,1,0,1,0
0,32.0,0,288.0,0.0,592.0,670.0,40.0,False,4,7151,1,1,1,4,0,0,1,0,0,0,0,1590.0,0,0,0,0,1,0,0,1
0,8.0,0,0.0,0.0,0.0,0.0,0.0,True,1,7152,1,0,2,6,1,0,0,0,1,0,0,0.0,1,3,1,0,0,0,0,1
1,49.0,0,0.0,0.0,0.0,0.0,0.0,True,5,7152,2,0,2,6,1,0,0,0,1,0,0,0.0,1,3,1,0,0,0,1,0
0,28.0,0,0.0,0.0,0.0,669.0,16.0,False,4,7155,1,1,1,5,1,0,0,0,0,1,0,685.0,0,1,1,0,0,0,1,0
0,3.0,0,0.0,0.0,0.0,0.0,0.0,True,0,7156,1,0,4,4,1,0,1,0,0,0,0,0.0,1,3,0,0,1,0,0,1
0,11.0,0,0.0,0.0,0.0,0.0,0.0,True,0,7156,2,0,4,4,1,0,1,0,0,0,0,0.0,1,3,0,0,1,0,0,1
1,31.0,0,0.0,0.0,0.0,0.0,0.0,True,4,7156,3,0,4,4,1,0,1,0,0,0,0,0.0,1,3,0,0,1,0,0,1
0,11.0,0,0.0,0.0,0.0,0.0,0.0,True,1,7156,4,0,4,4,1,0,1,0,0,0,0,0.0,1,3,0,0,1,0,0,1
1,27.0,0,0.0,0.0,0.0,0.0,0.0,True,4,7157,1,0,2,5,1,0,1,0,0,0,0,0.0,1,3,0,0,1,0,0,1
0,33.0,0,1631.0,0.0,754.0,0.0,0.0,False,5,7157,2,0,2,3,1,1,0,0,0,0,0,2385.0,0,0,0,0,1,0,0,1
1,32.0,0,0.0,0.0,0.0,0.0,0.0,True,4,7159,1,1,1,2,1,1,0,0,0,0,0,0.0,1,3,0,1,0,0,1,0
1,20.0,0,0.0,0.0,0.0,0.0,0.0,True,3,7160,1,1,1,6,0,0,0,0,1,0,0,0.0,1,3,1,0,0,0,0,1
0,33.0,0,0.0,3624.0,0.0,1537.0,498.0,False,5,7161,1,1,1,4,1,0,1,0,0,0,0,5659.0,0,0,0,1,0,0,0,1
0,65.0,0,43.0,21.0,22.0,50.0,731.0,False,6,7162,1,1,1,5,0,0,0,0,0,1,0,867.0,0,2,1,0,0,0,0,1
1,18.0,0,0.0,0.0,0.0,0.0,0.0,True,2,7165,1,1,1,5,1,0,0,0,0,1,0,0.0,1,3,0,0,1,0,0,1
0,19.0,0,862.0,0.0,5.0,2032.0,0.0,False,3,7166,1,1,1,5,1,0,0,0,0,1,0,2899.0,0,0,0,0,1,0,0,1
0,33.0,0,0.0,3676.0,0.0,1743.0,1.0,True,5,7167,1,1,1,1,1,1,0,0,0,0,0,5420.0,0,0,0,1,0,1,0,0
0,27.0,0,0.0,11.0,793.0,0.0,84.0,True,5,7168,1,1,1,6,1,0,0,0,1,0,0,888.0,0,2,1,0,0,0,0,1
1,31.0,0,0.0,0.0,0.0,0.0,0.0,False,4,7170,1,1,1,6,0,0,0,0,1,0,0,0.0,1,3,1,0,0,0,1,0
1,37.0,0,0.0,0.0,0.0,0.0,0.0,True,5,7171,1,1,1,6,0,0,0,0,1,0,0,0.0,1,3,1,0,0,0,0,1
1,19.0,0,0.0,0.0,0.0,0.0,0.0,True,3,7173,1,1,1,6,0,0,0,0,1,0,0,0.0,1,3,1,0,0,0,1,0
0,18.0,0,0.0,0.0,773.0,0.0,4.0,False,2,7175,1,1,1,5,0,0,0,0,0,1,0,777.0,0,2,1,0,0,0,0,1
1,47.0,0,0.0,0.0,0.0,0.0,0.0,True,5,7176,1,0,3,2,0,1,0,0,0,0,0,0.0,1,3,0,1,0,1,0,0
0,26.0,0,0.0,6050.0,0.0,662.0,920.0,False,4,7176,2,0,3,2,0,1,0,0,0,0,0,7632.0,0,0,0,1,0,0,0,1
0,25.0,0,0.0,3590.0,0.0,27.0,0.0,True,3,7176,3,0,3,2,0,1,0,0,0,0,0,3617.0,0,0,0,1,0,0,0,1
0,38.0,0,102.0,12.0,14.0,669.0,0.0,False,5,7177,1,1,1,5,1,0,0,0,0,1,0,797.0,0,2,1,0,0,0,0,1
0,53.0,0,3.0,2251.0,0.0,95.0,12.0,True,6,7179,1,1,1,4,0,0,1,0,0,0,0,2361.0,0,0,1,0,0,0,0,1
0,38.0,0,0.0,338.0,0.0,453.0,0.0,False,5,7180,1,1,1,4,1,0,1,0,0,0,0,791.0,0,2,1,0,0,0,0,1
1,28.0,0,0.0,0.0,0.0,0.0,0.0,True,4,7181,1,1,1,5,0,0,0,0,0,1,0,0.0,1,3,0,0,1,0,0,1
0,46.0,0,438.0,283.0,944.0,0.0,355.0,False,5,7182,1,1,1,5,1,0,1,0,0,0,0,2020.0,0,0,1,0,0,0,0,1
0,18.0,0,3.0,688.0,0.0,0.0,23.0,True,2,7184,1,1,1,6,1,0,0,0,1,0,0,714.0,0,1,1,0,0,0,0,1
1,14.0,0,0.0,0.0,0.0,0.0,0.0,True,2,7186,1,0,3,4,0,0,1,0,0,0,0,0.0,1,3,0,1,0,0,0,1
0,32.0,0,0.0,1369.0,29.0,662.0,22.0,False,4,7186,2,0,3,4,0,0,1,0,0,0,0,2082.0,0,0,0,1,0,0,0,1
0,44.0,0,0.0,0.0,16.0,72.0,4304.0,False,5,7186,3,0,3,4,0,0,1,0,0,0,0,4392.0,0,0,0,1,0,0,0,1
1,28.0,0,0.0,0.0,0.0,0.0,0.0,True,4,7187,1,1,1,6,0,0,0,0,1,0,0,0.0,1,3,1,0,0,0,1,0
0,2.0,0,0.0,0.0,0.0,0.0,0.0,True,0,7188,1,0,3,2,0,1,0,0,0,0,0,0.0,1,3,0,1,0,0,0,1
0,28.0,0,0.0,2896.0,46.0,5248.0,8169.0,False,4,7188,2,0,3,2,0,1,0,0,0,0,0,16359.0,0,0,0,1,0,0,0,1
1,27.0,1,0.0,0.0,0.0,0.0,0.0,True,4,7188,3,0,3,2,0,1,0,0,0,0,0,0.0,1,3,0,1,0,0,0,1
1,29.0,0,0.0,0.0,0.0,0.0,0.0,True,4,7189,1,1,1,2,0,1,0,0,0,0,0,0.0,1,3,0,1,0,0,0,1
1,14.0,0,0.0,0.0,0.0,0.0,0.0,True,2,7190,1,1,1,6,1,0,0,0,1,0,0,0.0,1,3,1,0,0,1,0,0
0,14.0,0,0.0,0.0,766.0,0.0,0.0,False,2,7191,1,1,1,5,0,0,0,0,0,1,0,766.0,0,2,1,0,0,0,0,1
1,17.0,0,0.0,0.0,0.0,0.0,0.0,True,2,7192,1,1,1,6,1,0,0,0,1,0,0,0.0,1,3,1,0,0,0,0,1
0,35.0,0,150.0,0.0,96.0,638.0,0.0,True,5,7193,1,1,1,5,1,0,0,0,0,1,0,884.0,0,2,1,0,0,0,0,1
0,36.0,0,0.0,129.0,0.0,177.0,444.0,False,5,7194,1,1,1,5,1,0,0,0,0,1,0,750.0,0,2,1,0,0,0,0,1
0,51.0,0,106.0,1942.0,115.0,0.0,0.0,False,6,7197,1,1,1,5,1,0,0,0,0,1,0,2163.0,0,0,0,0,1,0,0,1
0,54.0,0,1.0,0.0,109.0,0.0,1.0,False,6,7199,1,1,1,6,1,0,0,0,1,0,0,111.0,0,1,1,0,0,0,0,1
0,37.0,0,300.0,3434.0,0.0,1.0,171.0,True,5,7200,1,1,1,2,1,1,0,0,0,0,0,3906.0,0,0,0,1,0,0,0,1
0,37.0,0,541.0,38.0,713.0,316.0,0.0,False,5,7202,1,1,1,4,0,0,1,0,0,0,0,1608.0,0,0,1,0,0,0,0,1
0,24.0,0,1.0,194.0,0.0,0.0,632.0,True,3,7203,1,1,1,4,0,0,1,0,0,0,0,827.0,0,2,1,0,0,0,0,1
0,27.0,0,1030.0,0.0,158.0,0.0,28.0,False,5,7205,1,1,1,5,1,0,0,0,0,1,0,1216.0,0,2,0,0,1,0,0,1
0,38.0,0,622.0,1319.0,42.0,1.0,444.0,False,5,7206,1,1,1,5,1,0,0,0,0,1,0,2428.0,0,0,1,0,0,0,0,1
1,28.0,0,0.0,0.0,0.0,0.0,0.0,True,4,7207,1,1,1,6,0,0,0,0,1,0,0,0.0,1,3,1,0,0,0,0,1
0,0.0,0,0.0,0.0,0.0,0.0,0.0,True,0,7208,1,0,2,6,0,0,0,0,1,0,0,0.0,1,3,1,0,0,0,0,1
0,16.0,0,23.0,479.0,0.0,0.0,373.0,False,2,7208,2,0,2,5,0,0,0,0,0,1,0,875.0,0,2,1,0,0,0,0,1
0,25.0,0,0.0,0.0,879.0,0.0,0.0,False,3,7210,1,1,1,5,0,0,0,0,0,1,0,879.0,0,2,1,0,0,0,0,1
0,22.0,0,30.0,0.0,690.0,41.0,0.0,True,3,7214,1,1,1,5,1,0,0,0,0,1,0,761.0,0,2,1,0,0,1,0,0
1,24.0,0,0.0,0.0,0.0,0.0,0.0,True,3,7215,1,1,1,5,0,0,0,0,0,1,0,0.0,1,3,0,0,1,0,0,1
0,37.0,0,501.0,0.0,179.0,1.0,0.0,True,5,7216,1,1,1,4,0,0,1,0,0,0,0,681.0,0,1,1,0,0,0,1,0
0,21.0,0,21.0,0.0,874.0,226.0,0.0,True,3,7217,1,1,1,5,0,0,0,0,0,1,0,1121.0,0,2,0,0,1,0,0,1
0,53.0,0,0.0,0.0,0.0,0.0,0.0,True,6,7218,1,1,1,1,1,1,0,0,0,0,0,0.0,1,3,0,1,0,0,0,1
0,0.0,0,0.0,0.0,0.0,0.0,0.0,True,0,7219,1,0,6,2,0,1,0,0,0,0,0,0.0,1,3,0,1,0,0,0,1
1,2.0,0,0.0,0.0,0.0,0.0,0.0,False,0,7219,2,0,6,2,0,1,0,0,0,0,0,0.0,1,3,0,1,0,0,0,1
1,64.0,0,0.0,0.0,0.0,0.0,0.0,True,6,7219,3,0,6,2,0,1,0,0,0,0,0,0.0,1,3,0,1,0,0,0,1
0,24.0,0,0.0,2921.0,5.0,795.0,3155.0,False,3,7219,4,0,6,5,1,0,1,0,0,0,0,6876.0,0,0,0,1,0,0,0,1
1,40.0,0,0.0,0.0,0.0,0.0,0.0,True,5,7219,5,0,6,2,0,1,0,0,0,0,0,0.0,1,3,0,1,0,0,0,1
0,32.0,0,0.0,163.0,0.0,6953.0,50.0,False,4,7219,6,0,6,2,0,1,0,0,0,0,0,7166.0,0,0,0,1,0,0,0,1
0,54.0,1,0.0,316.0,1.0,2038.0,388.0,False,6,7221,1,1,1,1,0,1,0,0,0,0,0,2743.0,0,0,0,1,0,1,0,0
1,30.0,0,0.0,0.0,0.0,0.0,0.0,True,4,7224,1,1,1,6,1,0,0,0,1,0,0,0.0,1,3,1,0,0,0,0,1
0,37.0,0,0.0,1379.0,130.0,1488.0,75.0,False,5,7225,1,1,1,0,0,1,0,0,0,0,0,3072.0,0,0,0,1,0,1,0,0
0,20.0,0,3191.0,0.0,211.0,21.0,117.0,False,3,7226,1,1,1,4,1,0,1,0,0,0,0,3540.0,0,0,0,0,1,0,0,1
0,22.0,0,741.0,0.0,1028.0,0.0,0.0,False,3,7227,1,1,1,5,0,0,0,0,0,1,0,1769.0,0,0,0,0,1,0,0,1
0,57.0,0,0.0,1.0,0.0,664.0,19.0,False,6,7229,1,1,1,5,1,0,0,0,0,1,0,684.0,0,1,1,0,0,0,1,0
1,34.0,0,0.0,0.0,0.0,0.0,0.0,True,5,7230,1,1,1,6,1,0,0,0,1,0,0,0.0,1,3,1,0,0,0,0,1
0,51.0,0,0.0,980.0,273.0,2775.0,419.0,False,6,7232,1,1,1,1,0,1,0,0,0,0,0,4447.0,0,0,0,1,0,0,0,1
1,47.0,0,0.0,0.0,0.0,0.0,0.0,False,5,7233,1,1,1,4,0,0,1,0,0,0,0,0.0,1,3,0,0,1,0,0,1
0,22.0,0,593.0,34.0,0.0,0.0,0.0,False,3,7234,1,1,1,6,0,0,0,0,1,0,0,627.0,0,1,1,0,0,0,0,1
0,36.0,0,0.0,1606.0,511.0,89.0,2220.0,False,5,7235,1,1,1,1,0,1,0,0,0,0,0,4426.0,0,0,0,1,0,0,0,1
1,16.0,0,0.0,0.0,0.0,0.0,0.0,True,2,7236,1,1,1,5,1,0,1,0,0,0,0,0.0,1,3,1,0,0,0,0,1
0,60.0,0,180.0,0.0,414.0,1181.0,0.0,False,6,7238,1,1,1,5,0,0,0,0,0,1,0,1775.0,0,0,0,0,1,0,0,1
0,39.0,0,197.0,0.0,2401.0,0.0,0.0,True,5,7240,1,0,2,5,1,0,0,0,0,1,0,2598.0,0,0,0,0,1,0,0,1
0,18.0,0,49.0,0.0,2885.0,1.0,0.0,True,2,7240,2,0,2,5,1,0,0,0,0,1,0,2935.0,0,0,0,0,1,0,0,1
1,30.0,0,0.0,0.0,0.0,0.0,0.0,True,4,7242,1,1,1,1,1,1,0,0,0,0,0,0.0,1,3,0,1,0,1,0,0
0,45.0,0,1781.0,0.0,17.0,0.0,23.0,False,5,7246,1,1,1,5,1,0,0,0,0,1,0,1821.0,0,0,0,0,1,0,0,1
0,30.0,0,0.0,0.0,0.0,0.0,1150.0,False,4,7247,1,1,1,5,1,0,0,0,0,1,0,1150.0,0,2,1,0,0,0,0,1
0,21.0,0,1046.0,1.0,0.0,1.0,0.0,False,3,7249,1,0,2,4,1,0,1,0,0,0,0,1048.0,0,2,0,0,1,0,0,1
0,0.0,0,0.0,0.0,0.0,0.0,0.0,True,0,7249,2,0,2,5,1,0,0,0,0,1,0,0.0,1,3,0,0,1,0,0,1
0,51.0,0,40.0,716.0,1907.0,0.0,0.0,True,6,7250,1,1,1,5,0,0,0,0,0,0,1,2663.0,0,0,0,0,1,1,0,0
0,22.0,0,100.0,0.0,1050.0,0.0,23.0,False,3,7252,1,1,1,4,0,0,1,0,0,0,0,1173.0,0,2,0,0,1,0,0,1
0,26.0,0,0.0,896.0,0.0,690.0,1.0,True,4,7253,1,1,1,3,0,1,0,0,0,0,0,1587.0,0,0,0,1,0,0,0,1
0,10.0,0,0.0,0.0,0.0,0.0,0.0,False,1,7255,1,1,1,6,0,0,0,0,1,0,0,0.0,1,3,1,0,0,0,0,1
0,21.0,0,42.0,606.0,1.0,38.0,100.0,False,3,7256,1,1,1,4,1,0,1,0,0,0,0,787.0,0,2,1,0,0,0,0,1
1,14.0,0,0.0,0.0,0.0,0.0,0.0,True,2,7257,1,0,2,6,0,0,0,0,1,0,0,0.0,1,3,1,0,0,1,0,0
0,14.0,0,0.0,1.0,12.0,0.0,779.0,False,2,7257,2,0,2,4,0,0,1,0,0,0,0,792.0,0,2,1,0,0,0,0,1
0,43.0,0,473.0,1390.0,0.0,0.0,0.0,True,5,7258,1,1,1,5,0,0,0,0,0,0,1,1863.0,0,0,1,0,0,0,0,1
0,22.0,0,28.0,194.0,2.0,0.0,370.0,True,3,7259,1,1,1,5,0,0,0,0,0,0,1,594.0,0,1,1,0,0,0,1,0
0,22.0,0,401.0,0.0,196.0,0.0,126.0,False,3,7260,1,1,1,5,1,0,0,0,0,1,0,723.0,0,2,1,0,0,0,0,1
1,23.0,0,0.0,0.0,0.0,0.0,0.0,True,3,7261,1,1,1,6,0,0,0,0,1,0,0,0.0,1,3,1,0,0,0,1,0
1,25.0,0,0.0,0.0,0.0,0.0,0.0,True,3,7267,1,0,2,2,1,1,0,0,0,0,0,0.0,1,3,0,1,0,0,0,1
0,35.0,0,0.0,0.0,0.0,0.0,0.0,True,5,7267,2,0,2,2,1,1,0,0,0,0,0,0.0,1,3,0,1,0,0,0,1
0,30.0,0,0.0,0.0,0.0,27.0,764.0,False,4,7268,1,1,1,4,0,0,1,0,0,0,0,791.0,0,2,1,0,0,0,0,1
1,37.0,0,0.0,0.0,0.0,0.0,0.0,True,5,7270,1,1,1,6,0,0,0,0,1,0,0,0.0,1,3,1,0,0,0,0,1
0,21.0,0,61.0,201.0,222.0,161.0,60.0,False,3,7271,1,1,1,6,0,0,0,0,1,0,0,705.0,0,1,1,0,0,1,0,0
0,36.0,0,207.0,0.0,450.0,94.0,0.0,True,5,7273,1,1,1,6,1,0,0,0,1,0,0,751.0,0,2,1,0,0,1,0,0
0,13.0,0,305.0,582.0,12.0,19.0,0.0,False,2,7274,1,1,1,5,0,0,0,0,0,0,1,918.0,0,2,1,0,0,0,0,1
0,22.0,0,0.0,642.0,0.0,52.0,0.0,False,3,7276,1,1,1,5,0,0,0,0,0,0,1,694.0,0,1,1,0,0,1,0,0
1,36.0,0,0.0,0.0,0.0,0.0,0.0,True,5,7277,1,1,1,6,1,0,0,0,1,0,0,0.0,1,3,1,0,0,0,0,1
0,17.0,0,0.0,188.0,795.0,0.0,0.0,True,2,7278,1,1,1,4,1,0,1,0,0,0,0,983.0,0,2,1,0,0,0,0,1
1,38.0,0,0.0,0.0,0.0,0.0,0.0,True,5,7279,1,1,1,2,0,1,0,0,0,0,0,0.0,1,3,0,1,0,1,0,0
0,34.0,0,5959.0,0.0,3.0,0.0,0.0,False,5,7280,1,1,1,5,0,0,0,0,0,0,1,5962.0,0,0,0,0,1,0,0,1
0,20.0,0,0.0,0.0,0.0,0.0,0.0,True,3,7283,1,1,1,5,0,0,0,0,0,0,1,0.0,1,3,0,0,1,0,0,1
0,17.0,0,0.0,647.0,49.0,74.0,0.0,False,2,7284,1,1,1,6,0,0,0,0,1,0,0,770.0,0,2,1,0,0,0,0,1
1,36.0,0,0.0,0.0,0.0,0.0,0.0,True,5,7285,1,1,1,6,1,0,0,0,1,0,0,0.0,1,3,1,0,0,0,1,0
0,52.0,0,360.0,1314.0,8.0,641.0,66.0,True,6,7289,1,1,1,0,0,1,0,0,0,0,0,2389.0,0,0,0,1,0,1,0,0
1,32.0,0,0.0,0.0,0.0,0.0,0.0,True,4,7290,1,0,5,3,0,1,0,0,0,0,0,0.0,1,3,0,1,0,1,0,0
1,35.0,0,0.0,0.0,0.0,0.0,0.0,True,5,7290,2,0,5,3,0,1,0,0,0,0,0,0.0,1,3,0,1,0,1,0,0
1,35.5,0,0.0,0.0,0.0,0.0,0.0,True,5,7290,3,0,5,3,0,1,0,0,0,0,0,0.0,1,3,0,1,0,1,0,0
0,36.0,0,83.0,1186.0,0.0,2160.0,736.0,False,5,7290,4,0,5,3,0,1,0,0,0,0,0,4165.0,0,0,0,1,0,0,0,1
0,36.0,0,31.0,3585.0,31.0,1400.0,0.0,False,5,7290,5,0,5,3,0,1,0,0,0,0,0,5047.0,0,0,0,1,0,0,0,1
0,21.0,0,0.0,0.0,0.0,1.0,378.0,False,3,7292,1,1,1,3,1,1,0,0,0,0,0,379.0,0,1,0,0,1,1,0,0
0,33.0,0,627.0,0.0,171.0,254.0,130.0,False,5,7296,1,1,1,3,0,1,0,0,0,0,0,1182.0,0,2,0,0,1,0,0,1
0,40.0,0,678.0,0.0,229.0,0.0,0.0,False,5,7297,1,1,1,6,1,0,0,0,1,0,0,907.0,0,2,1,0,0,0,0,1
0,24.0,0,185.0,0.0,478.0,29.0,0.0,True,3,7298,1,1,1,5,0,0,0,0,0,0,1,692.0,0,1,1,0,0,0,0,1
0,35.0,0,0.0,0.0,885.0,0.0,0.0,True,5,7300,1,1,1,6,1,0,0,0,1,0,0,885.0,0,2,1,0,0,0,0,1
1,29.0,0,0.0,0.0,0.0,0.0,0.0,True,4,7301,1,1,1,5,0,0,0,0,0,0,1,0.0,1,3,0,0,1,0,0,1
0,33.0,0,728.0,0.0,285.0,0.0,0.0,False,5,7302,1,1,1,4,1,0,1,0,0,0,0,1013.0,0,2,0,0,1,0,0,1
0,51.0,0,3.0,33.0,12.0,38.0,896.0,False,6,7303,1,1,1,4,1,0,1,0,0,0,0,982.0,0,2,1,0,0,0,0,1
1,10.0,0,0.0,0.0,0.0,0.0,0.0,True,1,7304,1,1,1,5,0,0,0,0,0,0,1,0.0,1,3,0,0,1,0,0,1
1,41.0,0,0.0,0.0,0.0,0.0,0.0,True,5,7305,1,1,1,6,1,0,0,0,1,0,0,0.0,1,3,1,0,0,0,0,1
0,26.0,0,1.0,0.0,0.0,0.0,718.0,True,4,7306,1,1,1,4,0,0,1,0,0,0,0,719.0,0,2,1,0,0,1,0,0
0,39.0,0,19.0,102.0,0.0,678.0,0.0,False,5,7307,1,1,1,5,1,0,0,0,0,1,0,799.0,0,2,1,0,0,0,0,1
0,14.0,0,738.0,5.0,297.0,0.0,0.0,False,2,7309,1,1,1,5,0,0,0,0,0,0,1,1040.0,0,2,0,0,1,0,0,1
0,28.0,0,1059.0,0.0,6.0,117.0,0.0,False,4,7310,1,1,1,3,0,1,0,0,0,0,0,1182.0,0,2,0,0,1,0,0,1
0,18.0,0,0.0,949.0,0.0,0.0,0.0,False,2,7311,1,1,1,5,0,0,0,0,0,0,1,949.0,0,2,1,0,0,0,0,1
0,41.0,0,2754.0,398.0,21.0,0.0,0.0,False,5,7313,1,1,1,3,0,1,0,0,0,0,0,3173.0,0,0,0,0,1,0,0,1
0,33.0,0,0.0,0.0,0.0,0.0,0.0,True,5,7314,1,1,1,2,0,1,0,0,0,0,0,0.0,1,3,0,1,0,0,0,1
0,26.0,0,814.0,0.0,29.0,16.0,181.0,False,4,7320,1,1,1,5,0,0,0,0,0,0,1,1040.0,0,2,1,0,0,0,0,1
1,31.0,0,0.0,0.0,0.0,0.0,0.0,True,4,7321,1,1,1,5,0,0,0,0,0,0,1,0.0,1,3,0,0,1,0,0,1
0,63.0,0,0.0,0.0,424.0,0.0,2027.0,False,6,7322,1,1,1,5,1,0,0,0,0,1,0,2451.0,0,0,1,0,0,0,0,1
0,30.0,0,0.0,0.0,547.0,0.0,423.0,False,4,7323,1,1,1,5,1,0,0,0,0,1,0,970.0,0,2,1,0,0,0,0,1
0,27.0,0,15.0,2886.0,0.0,249.0,71.0,True,4,7324,1,1,1,2,0,1,0,0,0,0,0,3221.0,0,0,0,1,0,0,0,1
0,47.0,0,2916.0,0.0,14.0,63.0,0.0,False,5,7326,1,1,1,5,0,0,0,0,0,0,1,2993.0,0,0,1,0,0,0,0,1
0,37.0,0,1413.0,0.0,584.0,3.0,0.0,True,5,7327,1,1,1,5,0,0,0,0,0,0,1,2000.0,0,0,0,0,1,0,0,1
0,14.0,0,399.0,22.0,458.0,506.0,187.0,False,2,7328,1,1,1,5,1,0,0,0,0,1,0,1572.0,0,0,1,0,0,0,0,1
0,27.0,0,0.0,63.0,8.0,129.0,2960.0,False,4,7330,1,1,1,2,1,1,0,0,0,0,0,3160.0,0,0,1,0,0,0,0,1
0,61.0,0,1711.0,0.0,0.0,0.0,8.0,False,6,7331,1,1,1,3,0,1,0,0,0,0,0,1719.0,0,0,0,0,1,0,0,1
0,39.0,0,2.0,0.0,0.0,2.0,787.0,False,5,7332,1,1,1,4,1,0,1,0,0,0,0,791.0,0,2,1,0,0,0,0,1
0,22.0,0,0.0,0.0,787.0,1.0,0.0,False,3,7334,1,1,1,4,1,0,1,0,0,0,0,788.0,0,2,1,0,0,0,0,1
0,30.0,0,2.0,0.0,5.0,1.0,962.0,False,4,7336,1,0,2,5,1,0,0,0,0,1,0,970.0,0,2,1,0,0,0,0,1
0,26.0,0,0.0,0.0,902.0,0.0,0.0,False,4,7336,2,0,2,5,1,0,0,0,0,1,0,902.0,0,2,1,0,0,0,0,1
0,25.0,0,0.0,115.0,0.0,1823.0,4041.0,False,3,7337,1,1,1,0,1,1,0,0,0,0,0,5979.0,0,0,0,1,0,0,0,1
0,42.0,0,1318.0,0.0,1386.0,0.0,0.0,False,5,7338,1,1,1,3,0,1,0,0,0,0,0,2704.0,0,0,0,0,1,0,0,1
0,33.0,0,0.0,2107.0,0.0,15586.0,473.0,False,5,7339,1,1,1,4,0,0,1,0,0,0,0,18166.0,0,0,0,1,0,0,0,1
0,60.0,0,0.0,307.0,0.0,484.0,1967.0,False,6,7340,1,1,1,4,0,0,1,0,0,0,0,2758.0,0,0,0,1,0,0,0,1
1,16.0,0,0.0,0.0,0.0,0.0,0.0,True,2,7341,1,1,1,6,1,0,0,0,1,0,0,0.0,1,3,1,0,0,1,0,0
0,50.0,0,0.0,185.0,0.0,1.0,558.0,True,5,7342,1,1,1,6,0,0,0,0,1,0,0,744.0,0,2,1,0,0,0,0,1
0,22.0,0,0.0,0.0,1.0,95.0,605.0,False,3,7343,1,1,1,5,1,0,0,0,0,1,0,701.0,0,1,1,0,0,0,0,1
0,15.0,0,0.0,0.0,9.0,0.0,952.0,False,2,7344,1,1,1,5,1,0,0,0,0,1,0,961.0,0,2,1,0,0,0,1,0
0,27.0,0,0.0,0.0,0.0,0.0,0.0,False,4,7346,1,1,1,4,0,0,1,0,0,0,0,0.0,1,3,0,0,1,0,0,1
0,58.0,0,0.0,435.0,2.0,0.0,239.0,False,6,7347,1,1,1,6,0,0,0,0,1,0,0,676.0,0,1,1,0,0,1,0,0
1,48.0,0,0.0,0.0,0.0,0.0,0.0,True,5,7350,1,1,1,6,1,0,0,0,1,0,0,0.0,1,3,1,0,0,0,0,1
1,36.0,0,0.0,0.0,0.0,0.0,0.0,True,5,7351,1,1,1,3,1,1,0,0,0,0,0,0.0,1,3,0,1,0,1,0,0
0,60.0,0,0.0,3435.0,0.0,5458.0,10.0,False,6,7353,1,0,3,2,1,1,0,0,0,0,0,8903.0,0,0,0,1,0,0,0,1
1,46.0,0,0.0,0.0,0.0,0.0,0.0,True,5,7353,2,0,3,2,1,1,0,0,0,0,0,0.0,1,3,0,1,0,0,0,1
0,58.0,0,0.0,1386.0,2.0,128.0,2577.0,True,6,7353,3,0,3,5,1,0,1,0,0,0,0,4093.0,0,0,0,1,0,0,0,1
1,40.0,0,0.0,0.0,0.0,0.0,0.0,False,5,7356,1,0,2,6,0,0,0,0,1,0,0,0.0,1,3,1,0,0,0,0,1
1,3.0,0,0.0,0.0,0.0,0.0,0.0,True,0,7356,2,0,2,6,0,0,0,0,1,0,0,0.0,1,3,1,0,0,0,0,1
0,23.0,0,3.0,0.0,2.0,61.0,634.0,False,3,7358,1,1,1,5,0,0,0,0,0,0,1,700.0,0,1,1,0,0,1,0,0
0,21.0,0,0.0,434.0,0.0,75.0,135.0,True,3,7359,1,1,1,4,1,0,1,0,0,0,0,644.0,0,1,1,0,0,0,1,0
1,29.0,0,0.0,0.0,0.0,0.0,0.0,True,4,7360,1,1,1,6,1,0,0,0,1,0,0,0.0,1,3,1,0,0,1,0,0
1,23.0,0,0.0,0.0,0.0,0.0,0.0,True,3,7361,1,0,2,2,0,1,0,0,0,0,0,0.0,1,3,0,1,0,1,0,0
1,41.0,0,0.0,0.0,0.0,0.0,0.0,True,5,7361,2,0,2,2,0,1,0,0,0,0,0,0.0,1,3,0,1,0,1,0,0
0,20.0,0,0.0,802.0,0.0,16.0,0.0,False,3,7365,1,1,1,6,0,0,0,0,1,0,0,818.0,0,2,1,0,0,0,0,1
0,24.0,0,821.0,0.0,0.0,68.0,0.0,False,3,7366,1,1,1,6,0,0,0,0,1,0,0,889.0,0,2,1,0,0,0,0,1
0,21.0,0,2611.0,0.0,103.0,4.0,0.0,False,3,7367,1,0,2,3,0,1,0,0,0,0,0,2718.0,0,0,0,0,1,0,0,1
0,55.0,0,1236.0,0.0,52.0,0.0,0.0,False,6,7367,2,0,2,5,0,0,0,0,0,0,1,1288.0,0,2,0,0,1,0,0,1
0,21.0,0,0.0,70.0,2.0,0.0,486.0,False,3,7370,1,1,1,5,0,0,0,0,0,0,1,558.0,0,1,1,0,0,0,0,1
1,42.0,0,0.0,0.0,0.0,0.0,0.0,True,5,7371,1,1,1,6,0,0,0,0,1,0,0,0.0,1,3,1,0,0,1,0,0
0,40.0,0,2.0,147.0,0.0,1695.0,1147.0,False,5,7372,1,1,1,5,0,0,0,0,0,0,1,2991.0,0,0,1,0,0,0,0,1
1,30.0,0,0.0,0.0,0.0,0.0,0.0,True,4,7374,1,1,1,5,0,0,0,0,0,0,1,0.0,1,3,0,0,1,0,0,1
1,26.0,0,0.0,0.0,0.0,0.0,0.0,True,4,7376,1,1,1,4,0,0,1,0,0,0,0,0.0,1,3,0,1,0,0,0,1
1,43.0,0,0.0,0.0,0.0,0.0,0.0,False,5,7377,1,1,1,6,0,0,0,0,1,0,0,0.0,1,3,1,0,0,0,1,0
0,20.0,0,9.0,0.0,1540.0,0.0,0.0,False,3,7379,1,1,1,5,1,0,0,0,0,1,0,1549.0,0,0,1,0,0,0,0,1
0,19.0,0,40.0,0.0,77.0,572.0,0.0,False,3,7385,1,1,1,5,1,0,0,0,0,1,0,689.0,0,1,1,0,0,0,1,0
0,40.0,0,0.0,3508.0,761.0,12.0,32.0,True,5,7387,1,1,1,2,0,1,0,0,0,0,0,4313.0,0,0,0,1,0,0,0,1
1,17.0,0,0.0,0.0,0.0,0.0,0.0,True,2,7388,1,1,1,6,1,0,0,0,1,0,0,0.0,1,3,1,0,0,0,1,0
0,62.0,0,240.0,0.0,0.0,586.0,10.0,False,6,7390,1,1,1,6,0,0,0,0,1,0,0,836.0,0,2,1,0,0,0,0,1
1,32.0,0,0.0,0.0,0.0,0.0,0.0,False,4,7391,1,1,1,6,0,0,0,0,1,0,0,0.0,1,3,1,0,0,0,0,1
1,37.0,0,0.0,0.0,0.0,0.0,0.0,False,5,7392,1,1,1,6,0,0,0,0,1,0,0,0.0,1,3,1,0,0,0,0,1
0,40.0,0,0.0,0.0,0.0,7.0,782.0,False,5,7393,1,1,1,4,0,0,1,0,0,0,0,789.0,0,2,1,0,0,0,0,1
0,25.0,0,0.0,653.0,21.0,0.0,0.0,False,3,7394,1,1,1,6,0,0,0,0,1,0,0,674.0,0,1,1,0,0,1,0,0
1,17.0,0,0.0,0.0,0.0,0.0,0.0,True,2,7395,1,0,4,1,1,1,0,0,0,0,0,0.0,1,3,0,1,0,1,0,0
1,46.0,0,0.0,0.0,0.0,0.0,0.0,True,5,7395,2,0,4,1,1,1,0,0,0,0,0,0.0,1,3,0,1,0,0,0,1
0,38.0,0,4.0,5974.0,0.0,3682.0,197.0,False,5,7395,3,0,4,1,1,1,0,0,0,0,0,9857.0,0,0,0,1,0,0,0,1
0,43.0,1,0.0,486.0,0.0,0.0,2470.0,False,5,7395,4,0,4,1,1,1,0,0,0,0,0,2956.0,0,0,0,1,0,1,0,0
0,28.0,0,6.0,3392.0,3944.0,987.0,0.0,True,4,7396,1,0,3,2,1,1,0,0,0,0,0,8329.0,0,0,0,1,0,1,0,0
1,31.0,1,0.0,0.0,0.0,0.0,0.0,True,4,7396,2,0,3,2,1,1,0,0,0,0,0,0.0,1,3,0,1,0,0,0,1
1,35.0,0,0.0,0.0,0.0,0.0,0.0,True,5,7396,3,0,3,2,1,1,0,0,0,0,0,0.0,1,3,0,1,0,0,1,0
0,19.0,0,105.0,271.0,1.0,377.0,17.0,True,3,7398,1,1,1,5,0,0,0,0,0,0,1,771.0,0,2,1,0,0,0,0,1
0,24.0,0,0.0,0.0,217.0,0.0,544.0,False,3,7399,1,1,1,5,1,0,0,0,0,1,0,761.0,0,2,1,0,0,0,0,1
0,20.0,0,0.0,0.0,0.0,0.0,0.0,False,3,7401,1,1,1,4,0,0,1,0,0,0,0,0.0,1,3,0,0,1,1,0,0
1,16.0,0,0.0,1417.0,3.0,27.0,186.0,True,2,7402,1,0,2,2,1,1,0,0,0,0,0,1633.0,0,0,0,1,0,0,0,1
1,45.0,0,0.0,0.0,0.0,0.0,0.0,True,5,7402,2,0,2,2,1,1,0,0,0,0,0,0.0,1,3,0,1,0,1,0,0
0,19.0,0,294.0,79.0,536.0,0.0,0.0,False,3,7403,1,1,1,6,0,0,0,0,1,0,0,909.0,0,2,1,0,0,0,0,1
0,23.0,0,0.0,1089.0,311.0,0.0,0.0,True,3,7405,1,1,1,5,1,0,0,0,0,1,0,1400.0,0,2,1,0,0,0,0,1
0,19.0,0,0.0,78.0,801.0,0.0,7.0,False,3,7406,1,1,1,6,0,0,0,0,1,0,0,886.0,0,2,1,0,0,0,0,1
0,32.0,0,193.0,0.0,1116.0,0.0,0.0,False,4,7408,1,1,1,5,1,0,0,0,0,1,0,1309.0,0,2,0,0,1,0,0,1
0,41.0,0,85.0,804.0,0.0,0.0,0.0,True,5,7410,1,1,1,6,1,0,0,0,0,1,0,889.0,0,2,1,0,0,0,0,1
0,30.0,0,1110.0,0.0,439.0,5.0,0.0,False,4,7411,1,1,1,5,0,0,0,0,0,0,1,1554.0,0,0,1,0,0,0,0,1
0,41.0,0,0.0,10049.0,214.0,5287.0,1845.0,False,5,7416,1,1,1,1,1,1,0,0,0,0,0,17395.0,0,0,0,1,0,1,0,0
0,7.0,0,0.0,0.0,0.0,0.0,0.0,True,1,7418,1,1,1,5,0,0,0,0,0,0,1,0.0,1,3,0,0,1,0,0,1
0,39.0,0,1.0,875.0,0.0,6.0,0.0,True,5,7419,1,0,2,6,0,0,0,0,1,0,0,882.0,0,2,1,0,0,0,0,1
0,47.0,0,0.0,61.0,805.0,0.0,6.0,True,5,7419,2,0,2,5,0,0,0,0,0,0,1,872.0,0,2,1,0,0,0,0,1
0,21.0,0,550.0,0.0,61.0,4.0,5.0,False,3,7422,1,1,1,6,1,0,0,0,0,1,0,620.0,0,1,1,0,0,0,0,1
1,29.0,0,0.0,0.0,0.0,0.0,0.0,True,4,7425,1,0,2,6,0,0,0,0,0,1,0,0.0,1,3,1,0,0,0,0,1
0,19.0,0,879.0,0.0,0.0,10.0,0.0,False,3,7425,2,0,2,6,0,0,0,0,0,1,0,889.0,0,2,1,0,0,0,0,1
0,50.0,0,0.0,0.0,0.0,0.0,0.0,True,5,7427,1,1,1,5,1,0,0,0,0,1,0,0.0,1,3,0,0,1,0,0,1
0,28.0,0,0.0,132.0,4.0,1915.0,0.0,False,4,7428,1,1,1,0,0,1,0,0,0,0,0,2051.0,0,0,0,1,0,0,0,1
0,38.0,0,1126.0,0.0,23.0,34.0,0.0,False,5,7429,1,1,1,5,1,0,1,0,0,0,0,1183.0,0,2,0,0,1,0,0,1
0,24.0,0,549.0,3.0,201.0,0.0,0.0,False,3,7430,1,1,1,6,1,0,0,0,0,1,0,753.0,0,2,1,0,0,0,1,0
0,31.0,0,0.0,2954.0,0.0,170.0,756.0,False,4,7431,1,1,1,0,1,1,0,0,0,0,0,3880.0,0,0,0,1,0,1,0,0
1,38.0,0,0.0,0.0,0.0,0.0,0.0,True,5,7432,1,1,1,4,0,0,1,0,0,0,0,0.0,1,3,0,1,0,0,0,1
1,26.0,0,0.0,0.0,0.0,0.0,0.0,True,4,7435,1,1,1,1,0,1,0,0,0,0,0,0.0,1,3,0,1,0,1,0,0
0,28.0,0,0.0,0.0,0.0,0.0,0.0,False,4,7436,1,1,1,6,0,0,0,0,0,1,0,0.0,1,3,1,0,0,0,0,1
1,45.0,0,0.0,0.0,0.0,0.0,0.0,True,5,7437,1,0,3,1,1,1,0,0,0,0,0,0.0,1,3,0,1,0,1,0,0
1,47.0,0,0.0,0.0,0.0,0.0,0.0,True,5,7437,2,0,3,1,1,1,0,0,0,0,0,0.0,1,3,0,1,0,0,0,1
1,60.0,0,0.0,0.0,0.0,0.0,0.0,True,6,7437,3,0,3,1,1,1,0,0,0,0,0,0.0,1,3,0,1,0,0,0,1
0,42.0,0,0.0,279.0,30.0,409.0,0.0,True,5,7438,1,1,1,4,0,0,1,0,0,0,0,718.0,0,2,1,0,0,1,0,0
0,43.0,0,20.0,0.0,726.0,0.0,0.0,False,5,7442,1,0,2,4,1,0,1,0,0,0,0,746.0,0,2,1,0,0,0,0,1
1,17.0,0,0.0,0.0,0.0,0.0,0.0,False,2,7442,2,0,2,5,1,0,1,0,0,0,0,0.0,1,3,1,0,0,0,1,0
1,17.0,0,0.0,0.0,0.0,0.0,0.0,False,2,7444,1,1,1,6,0,0,0,0,0,1,0,0.0,1,3,1,0,0,0,0,1
1,20.0,0,0.0,0.0,0.0,0.0,0.0,False,3,7445,1,1,1,6,1,0,0,0,0,1,0,0.0,1,3,1,0,0,0,0,1
0,18.0,0,960.0,672.0,0.0,0.0,168.0,False,2,7446,1,1,1,6,0,0,0,0,0,1,0,1800.0,0,0,1,0,0,0,0,1
0,24.0,0,0.0,0.0,299.0,814.0,0.0,False,3,7447,1,1,1,5,0,0,0,0,0,0,1,1113.0,0,2,0,0,1,0,0,1
0,25.0,0,244.0,0.0,40.0,294.0,124.0,False,3,7448,1,1,1,5,0,0,0,0,0,0,1,702.0,0,1,1,0,0,1,0,0
0,20.0,0,120.0,321.0,0.0,932.0,175.0,False,3,7449,1,1,1,5,0,0,0,0,0,0,1,1548.0,0,0,1,0,0,0,1,0
0,23.0,0,509.0,0.0,193.0,0.0,2.0,False,3,7450,1,1,1,6,0,0,0,0,0,1,0,704.0,0,1,1,0,0,0,0,1
1,48.0,0,0.0,0.0,0.0,0.0,0.0,True,5,7452,1,0,3,1,1,1,0,0,0,0,0,0.0,1,3,0,1,0,0,0,1
0,26.0,0,286.0,3387.0,575.0,213.0,548.0,True,4,7452,2,0,3,1,1,1,0,0,0,0,0,5009.0,0,0,0,1,0,1,0,0
1,36.0,0,0.0,0.0,0.0,106.5,0.0,True,5,7452,3,0,3,1,1,1,0,0,0,0,0,0.0,1,3,0,1,0,1,0,0
1,27.0,0,0.0,0.0,0.0,0.0,0.0,True,4,7453,1,1,1,2,1,1,0,0,0,0,0,0.0,1,3,0,1,0,1,0,0
0,41.0,0,0.0,1616.0,0.0,758.0,400.0,True,5,7455,1,1,1,0,0,1,0,0,0,0,0,2774.0,0,0,0,1,0,1,0,0
1,21.0,0,0.0,0.0,0.0,0.0,0.0,True,3,7456,1,1,1,6,1,0,0,0,0,1,0,0.0,1,3,1,0,0,0,0,1
0,71.0,0,1243.0,0.0,5.0,16.0,34.0,False,6,7457,1,1,1,4,1,0,1,0,0,0,0,1298.0,0,2,0,0,1,0,0,1
1,64.0,0,0.0,0.0,0.0,0.0,0.0,False,6,7458,1,1,1,6,1,0,0,0,0,1,0,0.0,1,3,1,0,0,0,0,1
0,33.0,0,0.0,397.0,0.0,1249.0,845.0,False,5,7459,1,1,1,1,1,1,0,0,0,0,0,2491.0,0,0,0,1,0,0,0,1
0,24.0,0,786.0,0.0,0.0,309.0,0.0,True,3,7460,1,1,1,5,0,0,0,0,0,0,1,1095.0,0,2,1,0,0,1,0,0
1,35.0,0,0.0,0.0,0.0,0.0,0.0,True,5,7461,1,1,1,3,1,1,0,0,0,0,0,0.0,1,3,0,1,0,0,0,1
1,13.0,0,0.0,0.0,0.0,0.0,0.0,True,2,7462,1,1,1,6,0,0,0,0,0,1,0,0.0,1,3,1,0,0,0,1,0
1,11.0,0,0.0,0.0,0.0,0.0,0.0,True,1,7464,1,1,1,6,0,0,0,0,0,1,0,0.0,1,3,1,0,0,0,0,1
1,27.0,0,0.0,0.0,0.0,0.0,0.0,True,5,7472,1,1,1,5,1,0,0,0,0,1,0,0.0,1,3,0,0,1,0,0,1
1,43.0,0,0.0,0.0,0.0,0.0,0.0,True,5,7475,1,0,2,5,0,0,0,0,0,0,1,0.0,1,3,0,0,1,0,0,1
1,36.0,0,0.0,0.0,0.0,0.0,0.0,True,5,7475,2,0,2,5,0,0,0,0,0,0,1,0.0,1,3,0,0,1,0,0,1
0,22.0,0,27.0,0.0,0.0,663.0,0.0,False,3,7477,1,1,1,5,0,0,0,0,0,0,1,690.0,0,1,1,0,0,0,1,0
0,56.0,0,0.0,5711.0,0.0,0.0,50.0,True,6,7478,1,1,1,2,1,1,0,0,0,0,0,5761.0,0,0,0,1,0,0,0,1
1,34.0,0,0.0,0.0,0.0,0.0,0.0,True,5,7479,1,1,1,5,1,0,0,0,0,1,0,0.0,1,3,0,0,1,0,0,1
0,46.0,0,0.0,0.0,1.0,0.0,1778.0,False,5,7481,1,1,1,6,1,0,0,0,0,1,0,1779.0,0,0,1,0,0,0,0,1
0,43.0,0,244.0,0.0,358.0,160.0,800.0,True,5,7483,1,1,1,4,0,0,1,0,0,0,0,1562.0,0,0,0,0,1,0,1,0
0,25.0,0,0.0,1435.0,0.0,0.0,0.0,True,3,7484,1,1,1,6,0,0,0,0,0,1,0,1435.0,0,2,1,0,0,1,0,0
0,26.0,0,36.0,2285.0,0.0,2287.0,159.0,False,4,7485,1,1,1,5,1,0,1,0,0,0,0,4767.0,0,0,0,1,0,0,0,1
0,14.0,0,0.0,184.0,16.0,1234.0,0.0,False,2,7486,1,1,1,6,0,0,0,0,0,1,0,1434.0,0,2,1,0,0,1,0,0
0,63.0,0,174.0,282.0,321.0,8.0,0.0,True,6,7487,1,1,1,6,1,0,0,0,0,1,0,785.0,0,2,1,0,0,0,0,1
0,29.0,0,558.0,0.0,386.0,355.0,0.0,False,4,7488,1,0,2,4,0,0,1,0,0,0,0,1299.0,0,2,0,0,1,0,0,1
1,45.0,0,0.0,0.0,0.0,0.0,0.0,True,5,7488,2,0,2,4,0,0,1,0,0,0,0,0.0,1,3,0,0,1,0,1,0
1,15.0,0,0.0,0.0,0.0,0.0,0.0,True,2,7490,1,1,1,6,1,0,0,0,0,1,0,0.0,1,3,1,0,0,0,0,1
0,19.0,0,193.0,0.0,2956.0,0.0,0.0,True,3,7492,1,1,1,3,1,1,0,0,0,0,0,3149.0,0,0,0,0,1,0,0,1
0,53.0,0,2.0,794.0,425.0,0.0,397.0,False,6,7494,1,1,1,4,0,0,1,0,0,0,0,1618.0,0,0,1,0,0,0,0,1
0,45.0,0,2.0,36.0,1110.0,9.0,0.0,False,5,7495,1,1,1,5,1,0,0,0,0,1,0,1157.0,0,2,0,0,1,0,0,1
0,41.0,0,0.0,2383.0,0.0,2.0,97.0,True,5,7496,1,1,1,2,1,1,0,0,0,0,0,2482.0,0,0,0,1,0,1,0,0
0,68.0,1,523.0,0.0,859.0,201.0,782.0,False,6,7498,1,0,3,5,0,0,0,0,0,0,1,2365.0,0,0,0,0,1,0,0,1
1,5.0,0,0.0,0.0,0.0,0.0,0.0,True,1,7498,2,0,3,5,0,0,0,0,0,0,1,0.0,1,3,0,0,1,0,0,1
0,27.0,1,30.0,0.0,910.0,0.0,0.0,True,4,7498,3,0,3,5,0,0,0,0,0,0,1,940.0,0,2,0,0,1,0,0,1
0,20.0,0,30.0,132.0,1121.0,0.0,0.0,True,3,7499,1,1,1,5,0,0,0,0,0,0,1,1283.0,0,2,1,0,0,1,0,0
0,54.0,1,1770.0,7.0,228.0,0.0,0.0,False,6,7500,1,1,1,5,1,0,0,0,0,1,0,2005.0,0,0,1,0,0,0,0,1
0,18.0,0,0.0,0.0,0.0,484.0,320.0,False,2,7501,1,1,1,5,1,0,0,0,0,1,0,804.0,0,2,1,0,0,0,0,1
0,45.0,0,66.0,5974.0,0.0,0.0,625.0,True,5,7502,1,1,1,2,0,1,0,0,0,0,0,6665.0,0,0,0,1,0,1,0,0
1,26.0,0,1577.0,0.0,0.0,0.0,0.0,True,4,7503,1,0,2,1,1,1,0,0,0,0,0,0.0,1,3,0,1,0,0,0,1
0,37.0,0,1577.0,11396.0,0.0,1014.0,560.0,True,5,7503,2,0,2,1,1,1,0,0,0,0,0,14547.0,0,0,0,1,0,0,0,1
0,30.0,0,0.0,2.0,0.0,690.0,86.0,False,4,7504,1,1,1,5,0,0,0,0,0,0,1,778.0,0,2,1,0,0,0,0,1
0,51.0,1,511.0,0.0,291.0,4212.0,0.0,False,6,7505,1,0,3,5,0,0,0,0,0,0,1,5014.0,0,0,0,0,1,0,0,1
1,3.0,0,0.0,0.0,0.0,0.0,0.0,True,0,7505,2,0,3,5,0,0,0,0,0,0,1,0.0,1,3,0,0,1,0,0,1
1,3.0,0,0.0,0.0,0.0,0.0,0.0,True,0,7505,3,0,3,5,0,0,0,0,0,0,1,0.0,1,3,0,0,1,0,0,1
0,19.0,0,2110.0,0.0,0.0,0.0,1.0,False,3,7506,1,1,1,5,0,0,0,0,0,0,1,2111.0,0,0,1,0,0,0,0,1
0,19.0,0,0.0,789.0,0.0,0.0,0.0,False,3,7507,1,0,3,4,1,0,1,0,0,0,0,789.0,0,2,1,0,0,0,0,1
0,6.0,0,0.0,0.0,0.0,0.0,0.0,True,1,7507,2,0,3,4,1,0,1,0,0,0,0,0.0,1,3,1,0,0,0,0,1
0,4.0,0,0.0,0.0,0.0,0.0,0.0,True,0,7507,3,0,3,4,1,0,1,0,0,0,0,0.0,1,3,1,0,0,1,0,0
0,23.0,0,3580.0,564.0,103.0,0.0,90.0,False,3,7508,1,1,1,1,1,1,0,0,0,0,0,4337.0,0,0,0,1,0,0,0,1
0,37.0,0,1442.0,4.0,0.0,3.0,0.0,False,5,7509,1,1,1,5,1,0,0,0,0,1,0,1449.0,0,0,1,0,0,0,0,1
0,18.0,0,1092.0,0.0,208.0,150.0,0.0,False,2,7510,1,1,1,5,1,0,0,0,0,1,0,1450.0,0,0,0,0,1,1,0,0
0,29.0,0,5.0,598.0,0.0,0.0,0.0,False,4,7512,1,1,1,5,1,0,0,0,0,1,0,603.0,0,1,1,0,0,0,1,0
0,25.0,0,0.0,779.0,0.0,2.0,6.0,False,3,7513,1,1,1,4,0,0,1,0,0,0,0,787.0,0,2,1,0,0,0,0,1
0,52.0,0,0.0,0.0,47.0,2059.0,0.0,False,6,7514,1,1,1,5,0,0,0,0,0,0,1,2106.0,0,0,1,0,0,0,0,1
1,24.0,0,0.0,0.0,0.0,0.0,0.0,False,3,7515,1,0,2,5,1,0,0,0,0,1,0,0.0,1,3,0,0,1,0,0,1
0,0.0,0,0.0,0.0,0.0,0.0,0.0,True,0,7515,2,0,2,5,1,0,0,0,0,1,0,0.0,1,3,0,0,1,0,0,1
0,25.0,0,15.0,3.0,0.0,635.0,0.0,False,3,7517,1,1,1,5,0,0,0,0,0,0,1,653.0,0,1,1,0,0,0,1,0
1,26.0,0,0.0,0.0,0.0,0.0,0.0,True,4,7518,1,0,2,1,0,1,0,0,0,0,0,0.0,1,3,0,1,0,0,0,1
0,32.0,1,2502.0,700.0,1104.0,13902.0,484.0,False,4,7518,2,0,2,1,0,1,0,0,0,0,0,18692.0,0,0,0,1,0,0,1,0
0,58.0,0,1366.0,257.0,0.0,0.0,311.0,False,6,7520,1,1,1,5,0,0,0,0,0,0,1,1934.0,0,0,1,0,0,0,0,1
0,44.0,0,657.0,0.0,103.0,0.0,394.0,False,5,7521,1,1,1,5,0,0,0,0,0,0,1,1154.0,0,2,1,0,0,0,0,1
0,41.0,0,0.0,0.0,0.0,0.0,908.0,False,5,7522,1,1,1,6,0,0,0,0,0,1,0,908.0,0,2,1,0,0,0,0,1
0,24.0,0,0.0,0.0,643.0,167.0,0.0,True,3,7523,1,1,1,6,1,0,0,0,0,1,0,810.0,0,2,1,0,0,0,0,1
1,41.0,0,0.0,0.0,0.0,0.0,0.0,True,5,7524,1,0,2,6,0,0,0,0,0,1,0,0.0,1,3,1,0,0,0,0,1
1,23.0,0,0.0,0.0,0.0,0.0,0.0,True,3,7524,2,0,2,6,0,0,0,0,0,1,0,0.0,1,3,1,0,0,0,1,0
0,27.0,0,390.0,1377.0,0.0,2809.0,4914.0,False,4,7525,1,0,2,2,1,1,0,0,0,0,0,9490.0,0,0,0,1,0,0,0,1
1,61.0,0,0.0,0.0,0.0,0.0,0.0,True,6,7525,2,0,2,2,1,1,0,0,0,0,0,0.0,1,3,0,1,0,1,0,0
0,18.0,0,0.0,732.0,2.0,13.0,47.0,True,2,7527,1,1,1,5,0,0,0,0,0,0,1,794.0,0,2,1,0,0,0,0,1
1,18.0,0,0.0,0.0,0.0,0.0,0.0,True,2,7529,1,1,1,6,1,0,0,0,0,1,0,0.0,1,3,1,0,0,0,0,1
1,15.0,0,0.0,0.0,0.0,0.0,0.0,True,2,7531,1,0,2,1,1,1,0,0,0,0,0,0.0,1,3,0,1,0,0,0,1
1,15.0,0,0.0,0.0,0.0,0.0,0.0,True,2,7531,2,0,2,1,1,1,0,0,0,0,0,0.0,1,3,0,1,0,1,0,0
0,12.0,0,0.0,0.0,0.0,0.0,0.0,True,1,7533,1,1,1,6,1,0,0,0,0,1,0,0.0,1,3,1,0,0,1,0,0
0,40.0,0,420.0,0.0,345.0,1.0,0.0,False,5,7534,1,1,1,5,1,0,0,0,0,1,0,766.0,0,2,1,0,0,0,1,0
0,19.0,0,122.0,2.0,0.0,480.0,565.0,True,3,7535,1,1,1,5,0,0,0,0,0,0,1,1169.0,0,2,1,0,0,0,0,1
1,18.0,0,0.0,0.0,0.0,0.0,0.0,True,2,7536,1,1,1,5,1,0,0,0,0,1,0,0.0,1,3,0,0,1,0,0,1
0,48.0,1,313.0,2864.0,0.0,0.0,12424.0,False,5,7538,1,0,2,0,0,1,0,0,0,0,0,15601.0,0,0,0,1,0,0,0,1
0,37.0,0,18.0,2669.0,0.0,1229.0,12424.0,False,5,7538,2,0,2,0,0,1,0,0,0,0,0,3916.0,0,0,0,1,0,1,0,0
0,35.0,0,4.0,53.0,0.0,0.0,844.0,False,5,7542,1,1,1,5,1,0,0,0,0,1,0,901.0,0,2,1,0,0,0,0,1
0,29.0,0,0.0,0.0,702.0,0.0,56.0,False,4,7543,1,1,1,5,0,0,0,0,0,0,1,758.0,0,2,1,0,0,0,0,1
0,54.0,0,118.0,0.0,0.0,669.0,0.0,False,6,7544,1,1,1,4,1,0,1,0,0,0,0,787.0,0,2,1,0,0,0,0,1
1,27.0,0,0.0,0.0,0.0,0.0,0.0,False,5,7545,1,1,1,6,1,0,0,0,0,1,0,0.0,1,3,1,0,0,0,0,1
0,22.0,0,0.0,19.0,1468.0,2.0,119.0,True,3,7549,1,1,1,4,0,0,1,0,0,0,0,1608.0,0,0,1,0,0,0,0,1
1,18.0,0,0.0,0.0,0.0,0.0,0.0,True,2,7550,1,1,1,6,0,0,0,0,0,1,0,0.0,1,3,1,0,0,0,1,0
0,26.0,0,0.0,652.0,97.0,43.0,0.0,True,4,7552,1,1,1,4,0,0,1,0,0,0,0,792.0,0,2,1,0,0,0,0,1
0,19.0,0,10.0,24.0,0.0,0.0,565.0,False,3,7553,1,1,1,5,1,0,0,0,0,1,0,599.0,0,1,1,0,0,0,1,0
0,22.0,0,0.0,0.0,441.0,0.0,423.0,False,3,7559,1,1,1,5,0,0,0,0,0,0,1,864.0,0,2,1,0,0,0,0,1
0,17.0,0,0.0,0.0,0.0,0.0,0.0,True,2,7560,1,1,1,2,0,1,0,0,0,0,0,0.0,1,3,0,1,0,0,0,1
0,18.0,0,388.0,182.0,0.0,66.0,140.0,False,2,7561,1,1,1,5,1,0,0,0,0,1,0,776.0,0,2,1,0,0,0,0,1
1,39.0,0,0.0,0.0,0.0,0.0,0.0,True,5,7563,1,1,1,5,0,0,0,0,0,0,1,0.0,1,3,0,0,1,1,0,0
0,37.0,0,2.0,7272.0,0.0,50.0,1282.0,True,5,7565,1,0,4,1,0,1,0,0,0,0,0,8606.0,0,0,0,1,0,0,0,1
1,17.0,0,0.0,0.0,0.0,0.0,0.0,True,2,7565,2,0,4,1,0,1,0,0,0,0,0,0.0,1,3,0,1,0,1,0,0
0,25.0,0,0.0,772.0,0.0,125.0,5913.0,False,3,7565,3,0,4,1,0,1,0,0,0,0,0,6810.0,0,0,0,1,0,1,0,0
0,9.0,0,0.0,0.0,0.0,0.0,0.0,True,1,7565,4,0,4,1,0,1,0,0,0,0,0,0.0,1,3,0,1,0,0,0,1
1,15.0,0,0.0,0.0,0.0,0.0,0.0,False,2,7567,1,1,1,6,1,0,0,0,0,1,0,0.0,1,3,1,0,0,1,0,0
0,19.0,0,380.0,0.0,416.0,0.0,8.0,False,3,7568,1,1,1,5,0,0,0,0,0,0,1,804.0,0,2,1,0,0,0,0,1
0,18.0,0,3591.0,0.0,158.0,0.0,120.0,False,2,7569,1,0,2,4,0,0,1,0,0,0,0,3869.0,0,0,0,0,1,0,0,1
0,50.0,1,828.0,0.0,572.0,1367.0,0.0,False,5,7569,2,0,2,3,0,1,0,0,0,0,0,2767.0,0,0,0,0,1,0,0,1
1,14.0,0,0.0,0.0,0.0,0.0,0.0,False,2,7572,1,1,1,6,1,0,0,0,0,1,0,0.0,1,3,1,0,0,0,0,1
1,19.0,0,0.0,0.0,0.0,0.0,0.0,False,3,7573,1,1,1,6,0,0,0,0,0,1,0,0.0,1,3,1,0,0,0,1,0
1,33.0,0,0.0,0.0,0.0,0.0,0.0,True,5,7574,1,1,1,1,1,1,0,0,0,0,0,0.0,1,3,0,1,0,1,0,0
0,23.0,0,30.0,2237.0,1.0,49.0,52.0,True,3,7576,1,0,2,3,0,1,0,0,0,0,0,2369.0,0,0,0,1,0,0,0,1
0,39.0,0,2.0,530.0,0.0,49.0,1360.0,False,5,7576,2,0,2,3,0,1,0,0,0,0,0,1892.0,0,0,0,1,0,0,0,1
0,14.0,0,80.0,130.0,0.0,1323.0,0.0,False,2,7577,1,1,1,4,1,0,1,0,0,0,0,1533.0,0,0,1,0,0,0,1,0
0,14.0,0,653.0,0.0,4.0,0.0,0.0,False,2,7578,1,1,1,5,0,0,0,0,0,0,1,657.0,0,1,1,0,0,1,0,0
0,45.0,0,1.0,7.0,56.0,613.0,0.0,True,5,7579,1,1,1,6,1,0,0,0,0,1,0,677.0,0,1,1,0,0,0,1,0
1,22.0,0,0.0,0.0,0.0,0.0,0.0,True,3,7580,1,1,1,6,1,0,0,0,0,1,0,0.0,1,3,1,0,0,0,0,1
0,36.0,0,32.0,355.0,1826.0,9.0,0.0,True,5,7583,1,1,1,5,0,0,0,0,0,0,1,2222.0,0,0,0,0,1,0,0,1
0,19.0,0,0.0,0.0,0.0,0.0,0.0,True,3,7584,1,0,3,1,1,1,0,0,0,0,0,0.0,1,3,0,1,0,0,0,1
1,59.0,0,0.0,0.0,0.0,0.0,0.0,True,6,7584,2,0,3,1,1,1,0,0,0,0,0,0.0,1,3,0,1,0,0,0,1
0,31.0,0,0.0,1000.0,0.0,19.0,1776.0,False,4,7584,3,0,3,1,1,1,0,0,0,0,0,2795.0,0,0,0,1,0,0,0,1
1,31.0,0,0.0,0.0,0.0,0.0,0.0,True,4,7585,1,0,4,2,1,1,0,0,0,0,0,0.0,1,3,0,1,0,1,0,0
0,39.0,0,8209.0,18.0,432.0,3560.0,54.0,False,5,7585,2,0,4,2,1,1,0,0,0,0,0,12273.0,0,0,0,1,0,0,0,1
0,28.0,0,0.0,2674.0,1309.0,18.0,11.0,True,4,7585,3,0,4,2,1,1,0,0,0,0,0,4012.0,0,0,0,1,0,0,0,1
1,19.0,0,0.0,0.0,0.0,0.0,0.0,True,3,7585,4,0,4,2,1,1,0,0,0,0,0,0.0,1,3,0,1,0,0,0,1
0,29.0,0,220.0,1130.0,0.0,7.0,951.0,True,4,7586,1,1,1,2,0,1,0,0,0,0,0,2308.0,0,0,0,1,0,0,0,1
1,0.0,0,0.0,0.0,0.0,0.0,0.0,True,0,7588,1,0,2,6,0,0,0,0,0,1,0,0.0,1,3,1,0,0,1,0,0
0,15.0,0,0.0,714.0,0.0,0.0,0.0,True,2,7588,2,0,2,6,0,0,0,0,0,1,0,714.0,0,1,1,0,0,1,0,0
0,18.0,0,0.0,0.0,0.0,1586.0,0.0,False,2,7592,1,1,1,5,1,0,0,0,0,1,0,1586.0,0,0,1,0,0,0,0,1
1,49.0,0,0.0,0.0,0.0,0.0,0.0,True,5,7594,1,1,1,2,1,1,0,0,0,0,0,0.0,1,3,0,1,0,1,0,0
0,36.0,0,0.0,7.0,661.0,0.0,93.0,True,5,7595,1,1,1,5,1,0,0,0,0,1,0,761.0,0,2,1,0,0,0,0,1
1,40.0,0,0.0,0.0,0.0,0.0,0.0,True,5,7596,1,0,2,2,1,1,0,0,0,0,0,0.0,1,3,0,1,0,1,0,0
1,56.0,0,0.0,0.0,0.0,0.0,0.0,True,6,7596,2,0,2,2,1,1,0,0,0,0,0,0.0,1,3,0,1,0,0,0,1
1,67.0,0,0.0,0.0,0.0,0.0,0.0,True,6,7598,1,1,1,6,1,0,0,0,0,1,0,0.0,1,3,1,0,0,0,1,0
0,44.0,0,0.0,204.0,135.0,225.0,223.0,False,5,7599,1,1,1,4,0,0,1,0,0,0,0,787.0,0,2,1,0,0,0,0,1
0,17.0,0,214.0,552.0,0.0,241.0,0.0,False,2,7601,1,1,1,6,1,0,0,0,0,1,0,1007.0,0,2,1,0,0,0,0,1
1,27.0,0,0.0,0.0,0.0,0.0,0.0,True,4,7604,1,0,2,5,0,0,0,0,0,0,1,0.0,1,3,0,0,1,0,0,1
1,23.0,0,463.0,0.0,658.0,0.0,0.0,False,3,7604,2,0,2,5,0,0,0,0,0,0,1,1121.0,0,2,0,0,1,0,0,1
0,28.0,0,2484.0,136.0,42.0,0.0,0.0,False,4,7605,1,1,1,5,1,0,0,0,0,1,0,2662.0,0,0,0,0,1,1,0,0
1,54.0,0,0.0,0.0,0.0,0.0,0.0,True,6,7606,1,1,1,5,1,0,0,0,0,1,0,0.0,1,3,0,0,1,0,0,1
1,26.0,0,0.0,0.0,0.0,0.0,0.0,True,4,7608,1,1,1,5,1,0,0,0,0,1,0,0.0,1,3,0,0,1,0,0,1
0,40.0,1,0.0,21.0,0.0,1503.0,1392.0,False,5,7609,1,0,2,0,0,1,0,0,0,0,0,2916.0,0,0,0,1,0,1,0,0
1,39.0,0,0.0,0.0,0.0,0.0,0.0,True,5,7609,2,0,2,0,0,1,0,0,0,0,0,0.0,1,3,0,1,0,0,0,1
1,40.0,0,0.0,0.0,0.0,0.0,0.0,True,5,7614,1,1,1,2,0,1,0,0,0,0,0,0.0,1,3,0,1,0,1,0,0
0,20.0,0,11.0,725.0,0.0,0.0,0.0,True,3,7616,1,1,1,5,1,0,0,0,0,1,0,736.0,0,2,1,0,0,0,1,0
0,18.0,0,761.0,21.0,27.0,0.0,0.0,True,2,7618,1,1,1,6,1,0,0,0,0,1,0,809.0,0,2,1,0,0,0,0,1
0,17.0,0,3651.0,0.0,2228.0,38.0,0.0,False,2,7620,1,1,1,5,0,0,0,0,0,0,1,5917.0,0,0,0,0,1,0,0,1
1,35.0,0,0.0,0.0,0.0,0.0,0.0,True,5,7621,1,1,1,1,0,1,0,0,0,0,0,0.0,1,3,0,1,0,1,0,0
0,31.0,0,0.0,0.0,185.0,584.0,0.0,False,4,7622,1,1,1,6,1,0,0,0,0,1,0,769.0,0,2,1,0,0,0,0,1
0,40.0,0,0.0,0.0,84.0,798.0,0.0,False,5,7623,1,1,1,6,0,0,0,0,0,1,0,882.0,0,2,1,0,0,0,0,1
1,50.0,0,0.0,0.0,0.0,0.0,0.0,True,5,7624,1,1,1,2,1,1,0,0,0,0,0,0.0,1,3,0,1,0,0,1,0
0,21.0,0,0.0,0.0,114.0,2.0,683.0,False,3,7625,1,1,1,5,1,0,0,0,0,1,0,799.0,0,2,1,0,0,0,0,1
0,29.0,0,767.0,16.0,9.0,0.0,0.0,False,4,7626,1,1,1,4,0,0,1,0,0,0,0,792.0,0,2,1,0,0,0,0,1
0,63.0,0,0.0,5036.0,4.0,519.0,0.0,True,6,7627,1,1,1,0,1,1,0,0,0,0,0,5559.0,0,0,0,1,0,1,0,0
0,19.0,0,37.0,0.0,1288.0,0.0,0.0,True,3,7628,1,0,2,5,0,0,0,0,0,0,1,1325.0,0,2,0,0,1,0,0,1
0,36.0,0,1103.0,3.0,0.0,0.0,659.0,False,5,7628,2,0,2,3,0,1,0,0,0,0,0,1765.0,0,0,0,0,1,0,0,1
0,48.0,0,0.0,172.0,115.0,1.0,645.0,False,5,7630,1,1,1,5,0,0,0,0,0,0,1,933.0,0,2,1,0,0,1,0,0
0,33.0,0,81.0,1125.0,481.0,505.0,1261.0,False,5,7631,1,1,1,4,0,0,1,0,0,0,0,3453.0,0,0,0,1,0,0,0,1
0,28.0,0,2703.0,0.0,4.0,1.0,0.0,False,4,7632,1,1,1,3,1,1,0,0,0,0,0,2708.0,0,0,0,0,1,0,0,1
0,39.0,0,0.0,0.0,0.0,847.0,1.0,False,5,7633,1,1,1,6,0,0,0,0,0,1,0,848.0,0,2,1,0,0,0,0,1
1,27.0,0,0.0,0.0,0.0,0.0,0.0,True,4,7634,1,1,1,6,1,0,0,0,0,1,0,0.0,1,3,1,0,0,0,0,1
1,58.0,0,0.0,0.0,0.0,0.0,0.0,True,6,7635,1,1,1,1,1,1,0,0,0,0,0,0.0,1,3,0,1,0,1,0,0
1,44.0,0,0.0,0.0,0.0,0.0,0.0,True,5,7639,1,1,1,1,1,1,0,0,0,0,0,0.0,1,3,0,1,0,1,0,0
1,23.0,0,0.0,0.0,0.0,0.0,0.0,True,3,7640,1,1,1,6,0,0,0,0,0,1,0,0.0,1,3,1,0,0,0,0,1
0,21.0,0,618.0,33.0,1.0,2.0,0.0,True,3,7641,1,1,1,5,0,0,0,0,0,0,1,654.0,0,1,1,0,0,1,0,0
0,53.0,0,8.0,1489.0,0.0,2723.0,7401.0,False,6,7643,1,0,2,2,0,1,0,0,0,0,0,11621.0,0,0,0,1,0,1,0,0
1,14.0,0,0.0,0.0,0.0,0.0,0.0,True,2,7643,2,0,2,2,0,1,0,0,0,0,0,0.0,1,3,0,1,0,0,0,1
1,17.0,0,0.0,0.0,0.0,0.0,0.0,True,2,7644,1,1,1,6,0,0,0,0,0,1,0,0.0,1,3,1,0,0,0,1,0
0,25.0,0,0.0,16016.0,1025.0,189.0,1037.0,True,3,7646,1,0,3,2,1,1,0,0,0,0,0,18267.0,0,0,0,1,0,1,0,0
0,44.0,1,3010.0,26.0,0.0,62.0,904.0,False,5,7646,2,0,3,2,1,1,0,0,0,0,0,4002.0,0,0,0,1,0,1,0,0
0,24.0,0,145.0,4224.0,0.0,5.0,61.0,True,3,7646,3,0,3,2,1,1,0,0,0,0,0,4435.0,0,0,0,1,0,1,0,0
0,24.0,0,0.0,7.0,127.0,639.0,37.0,False,3,7647,1,1,1,6,1,0,0,0,0,1,0,810.0,0,2,1,0,0,0,0,1
1,24.0,0,0.0,0.0,0.0,0.0,0.0,True,3,7649,1,1,1,6,1,0,0,0,0,1,0,0.0,1,3,1,0,0,0,0,1
1,0.0,0,0.0,0.0,0.0,0.0,0.0,True,0,7650,1,0,5,6,1,0,0,0,0,1,0,0.0,1,3,1,0,0,0,0,1
1,7.0,0,0.0,0.0,0.0,0.0,0.0,False,1,7650,2,0,5,6,1,0,0,0,0,1,0,0.0,1,3,1,0,0,1,0,0
1,3.0,0,0.0,0.0,0.0,0.0,0.0,True,0,7650,3,0,5,6,1,0,0,0,0,1,0,0.0,1,3,1,0,0,0,1,0
0,18.0,0,711.0,12.0,0.0,83.0,0.0,True,2,7650,4,0,5,5,1,0,0,0,0,1,0,806.0,0,2,1,0,0,0,0,1
1,4.0,0,0.0,0.0,0.0,0.0,0.0,False,0,7650,5,0,5,6,1,0,0,0,0,1,0,0.0,1,3,1,0,0,0,0,1
1,40.0,0,0.0,0.0,0.0,0.0,0.0,True,5,7652,1,1,1,1,1,1,0,0,0,0,0,0.0,1,3,0,1,0,1,0,0
1,16.0,0,0.0,0.0,0.0,0.0,0.0,False,2,7656,1,1,1,6,1,0,0,0,0,1,0,0.0,1,3,1,0,0,0,0,1
1,25.0,0,0.0,0.0,0.0,0.0,0.0,True,3,7660,1,1,1,1,1,1,0,0,0,0,0,0.0,1,3,0,1,0,1,0,0
1,10.0,0,0.0,0.0,0.0,0.0,0.0,True,1,7661,1,1,1,6,1,0,0,0,0,1,0,0.0,1,3,1,0,0,0,0,1
1,40.0,0,0.0,0.0,0.0,0.0,0.0,True,5,7665,1,1,1,6,0,0,0,0,0,1,0,0.0,1,3,1,0,0,0,0,1
1,19.0,0,0.0,0.0,0.0,0.0,0.0,True,3,7666,1,1,1,5,0,0,0,0,0,0,1,0.0,1,3,0,0,1,0,0,1
1,15.0,0,0.0,0.0,0.0,0.0,0.0,True,2,7667,1,1,1,1,0,1,0,0,0,0,0,0.0,1,3,0,1,0,1,0,0
0,24.0,0,0.0,636.0,136.0,37.0,0.0,False,3,7669,1,1,1,6,0,0,0,0,0,1,0,809.0,0,2,1,0,0,0,0,1
1,21.0,0,0.0,0.0,0.0,0.0,0.0,True,3,7670,1,1,1,5,1,0,0,0,0,1,0,0.0,1,3,0,0,1,0,0,1
0,29.0,0,0.0,7.0,31.0,700.0,0.0,False,4,7671,1,1,1,5,1,0,0,0,0,1,0,738.0,0,2,1,0,0,0,0,1
0,37.0,1,2771.0,0.0,6.0,1.0,10.0,False,5,7676,1,1,1,3,1,1,0,0,0,0,0,2788.0,0,0,0,0,1,0,0,1
1,49.0,0,0.0,0.0,0.0,0.0,0.0,False,5,7677,1,1,1,6,1,0,0,0,0,1,0,0.0,1,3,1,0,0,0,1,0
0,42.0,0,1132.0,0.0,0.0,77.0,608.0,False,5,7678,1,0,2,6,0,0,0,0,0,1,0,1817.0,0,0,1,0,0,0,0,1
1,54.0,0,0.0,0.0,0.0,0.0,0.0,True,6,7678,2,0,2,6,0,0,0,0,0,1,0,0.0,1,3,1,0,0,0,0,1
1,33.0,0,0.0,0.0,0.0,0.0,0.0,False,5,7679,1,1,1,6,0,0,0,0,0,1,0,0.0,1,3,1,0,0,0,0,1
0,27.0,0,0.0,6.0,0.0,7786.0,0.0,False,4,7680,1,1,1,2,0,1,0,0,0,0,0,7792.0,0,0,0,1,0,0,0,1
1,53.0,0,0.0,0.0,0.0,0.0,0.0,False,6,7682,1,1,1,6,1,0,0,0,0,1,0,0.0,1,3,1,0,0,0,0,1
0,28.0,0,0.0,817.0,58.0,0.0,25.0,True,4,7683,1,1,1,5,1,0,0,0,0,1,0,900.0,0,2,1,0,0,0,0,1
0,24.0,0,812.0,5450.0,0.0,1.0,262.0,True,3,7684,1,1,1,2,1,1,0,0,0,0,0,6525.0,0,0,0,1,0,0,0,1
0,20.0,0,0.0,0.0,8.0,1.0,1175.0,False,3,7687,1,1,1,5,0,0,0,0,0,0,1,1184.0,0,2,1,0,0,0,1,0
0,0.0,0,0.0,0.0,0.0,0.0,0.0,False,0,7688,1,1,1,6,0,0,0,0,0,1,0,0.0,1,3,1,0,0,0,0,1
0,24.0,0,0.0,96.0,0.0,597.0,0.0,False,3,7689,1,1,1,5,0,0,0,0,0,0,1,693.0,0,1,1,0,0,0,0,1
0,28.0,0,0.0,0.0,0.0,0.0,0.0,True,4,7690,1,1,1,6,0,0,0,0,0,1,0,0.0,1,3,1,0,0,0,0,1
1,42.0,0,0.0,0.0,0.0,0.0,0.0,True,5,7691,1,1,1,5,0,0,0,0,0,0,1,0.0,1,3,0,0,1,0,0,1
0,32.0,1,0.0,48.0,0.0,3204.0,112.0,False,4,7692,1,1,1,2,1,1,0,0,0,0,0,3364.0,0,0,0,1,0,1,0,0
0,36.0,0,0.0,2979.0,0.0,68.0,347.0,True,5,7693,1,0,2,1,0,1,0,0,0,0,0,3394.0,0,0,0,1,0,0,0,1
0,40.0,0,0.0,0.0,0.0,0.0,0.0,True,5,7693,2,0,2,1,0,1,0,0,0,0,0,0.0,1,3,0,1,0,0,0,1
0,30.0,0,574.0,0.0,0.0,25.0,2.0,False,4,7694,1,1,1,5,0,0,0,0,0,0,1,601.0,0,1,1,0,0,0,0,1
0,34.0,0,751.0,0.0,185.0,0.0,77.0,False,5,7696,1,0,2,4,0,0,1,0,0,0,0,1013.0,0,2,0,0,1,0,0,1
0,37.0,0,1000.0,0.0,80.0,40.0,0.0,False,5,7696,2,0,2,5,0,0,0,0,0,0,1,1120.0,0,2,0,0,1,0,0,1
1,41.0,0,0.0,0.0,0.0,0.0,0.0,True,5,7697,1,0,2,1,1,1,0,0,0,0,0,0.0,1,3,0,1,0,0,0,1
1,25.0,0,0.0,0.0,0.0,0.0,0.0,True,3,7697,2,0,2,1,1,1,0,0,0,0,0,0.0,1,3,0,1,0,1,0,0
0,39.0,0,332.0,0.0,728.0,2.0,86.0,True,5,7698,1,1,1,5,0,0,0,0,0,0,1,1148.0,0,2,0,0,1,0,0,1
0,0.0,0,0.0,0.0,0.0,0.0,0.0,True,0,7699,1,1,1,6,0,0,0,0,0,1,0,0.0,1,3,1,0,0,1,0,0
0,54.0,0,1144.0,140.0,2.0,2.0,0.0,False,6,7700,1,1,1,5,0,0,0,0,0,0,1,1288.0,0,2,0,0,1,0,0,1
1,16.0,0,0.0,0.0,0.0,0.0,0.0,False,2,7702,1,1,1,6,0,0,0,0,0,1,0,0.0,1,3,1,0,0,0,0,1
0,0.0,0,0.0,0.0,0.0,0.0,0.0,True,0,7703,1,0,2,6,1,0,0,0,0,1,0,0.0,1,3,1,0,0,0,0,1
1,13.0,0,0.0,0.0,0.0,0.0,0.0,True,2,7703,2,0,2,6,1,0,0,0,0,1,0,0.0,1,3,1,0,0,0,0,1
0,46.0,0,5888.0,0.0,13.0,12.0,0.0,False,5,7705,1,1,1,5,1,0,0,0,0,1,0,5913.0,0,0,0,0,1,0,0,1
0,23.0,0,40.0,4.0,9.0,318.0,1413.0,False,3,7707,1,1,1,6,0,0,0,0,0,1,0,1784.0,0,0,1,0,0,0,0,1
0,18.0,0,110.0,103.0,471.0,11.0,1.0,False,2,7708,1,1,1,5,1,0,0,0,0,1,0,696.0,0,1,1,0,0,0,0,1
0,27.0,0,2647.0,0.0,0.0,42.0,32.0,False,4,7709,1,0,2,5,0,0,0,0,0,0,1,2721.0,0,0,1,0,0,0,1,0
1,24.0,0,0.0,0.0,0.0,0.0,0.0,False,3,7709,2,0,2,6,0,0,0,0,0,1,0,0.0,1,3,1,0,0,0,1,0
0,27.0,0,118.0,1769.0,4127.0,118.0,619.0,True,4,7710,1,1,1,1,0,1,0,0,0,0,0,6751.0,0,0,0,1,0,0,0,1
0,24.0,0,0.0,82.0,0.0,1624.0,77.0,False,3,7711,1,1,1,3,0,1,0,0,0,0,0,1783.0,0,0,1,0,0,0,0,1
0,25.0,1,1.0,4298.0,0.0,0.0,2.0,True,3,7712,1,1,1,0,1,1,0,0,0,0,0,4301.0,0,0,0,1,0,0,0,1
1,30.0,0,0.0,0.0,0.0,0.0,0.0,True,4,7713,1,1,1,1,1,1,0,0,0,0,0,0.0,1,3,0,1,0,0,0,1
0,19.0,0,0.0,28.0,62.0,24.0,1686.0,False,3,7714,1,1,1,6,0,0,0,0,0,1,0,1800.0,0,0,1,0,0,0,0,1
0,18.0,0,1.0,5.0,305.0,347.0,0.0,False,2,7715,1,1,1,5,0,0,0,0,0,0,1,658.0,0,1,1,0,0,1,0,0
1,49.0,0,0.0,0.0,0.0,0.0,0.0,True,5,7716,1,1,1,4,0,0,1,0,0,0,0,0.0,1,3,0,1,0,1,0,0
0,64.0,0,0.0,0.0,0.0,563.0,344.0,False,6,7717,1,1,1,6,0,0,0,0,0,1,0,907.0,0,2,1,0,0,0,0,1
1,26.0,0,0.0,0.0,0.0,0.0,0.0,True,4,7719,1,1,1,4,1,0,1,0,0,0,0,0.0,1,3,0,0,1,0,0,1
0,53.0,0,0.0,0.0,754.0,46.0,0.0,False,6,7720,1,1,1,5,0,0,0,0,0,0,1,800.0,0,2,1,0,0,1,0,0
0,27.0,0,83.0,0.0,2621.0,5.0,0.0,True,4,7721,1,1,1,3,0,1,0,0,0,0,0,2709.0,0,0,0,0,1,0,0,1
1,27.0,0,0.0,0.0,0.0,0.0,0.0,True,4,7723,1,1,1,1,0,1,0,0,0,0,0,0.0,1,3,0,1,0,0,0,1
0,25.0,0,338.0,319.0,32.0,15.0,0.0,False,3,7724,1,1,1,5,1,0,0,0,0,1,0,704.0,0,1,0,0,1,0,0,1
0,33.0,0,0.0,0.0,0.0,436.0,224.0,True,5,7727,1,1,1,4,1,0,1,0,0,0,0,660.0,0,1,1,0,0,1,0,0
0,27.0,0,0.0,9.0,0.0,40.0,7621.0,False,4,7728,1,1,1,2,1,1,0,0,0,0,0,7670.0,0,0,0,1,0,0,0,1
1,20.0,0,0.0,0.0,0.0,0.0,0.0,True,3,7729,1,1,1,2,0,1,0,0,0,0,0,0.0,1,3,0,1,0,1,0,0
1,39.0,0,0.0,0.0,0.0,0.0,0.0,True,5,7731,1,1,1,1,0,1,0,0,0,0,0,0.0,1,3,0,1,0,1,0,0
0,27.0,0,1730.0,0.0,379.0,5.0,0.0,False,4,7736,1,1,1,4,0,0,1,0,0,0,0,2114.0,0,0,0,0,1,0,0,1
1,19.0,0,0.0,0.0,0.0,0.0,0.0,True,3,7738,1,1,1,5,1,0,0,0,0,1,0,0.0,1,3,0,0,1,0,0,1
0,22.0,0,60.0,48.0,0.0,0.0,500.0,False,3,7739,1,1,1,5,0,0,0,0,0,0,1,608.0,0,1,1,0,0,0,0,1
0,3.0,0,0.0,0.0,0.0,0.0,0.0,False,0,7741,1,0,2,6,1,0,0,0,0,1,0,0.0,1,3,1,0,0,0,0,1
0,24.0,0,9.0,769.0,9.0,0.0,0.0,False,3,7741,2,0,2,4,1,0,1,0,0,0,0,787.0,0,2,1,0,0,0,0,1
1,41.0,0,0.0,0.0,0.0,0.0,0.0,True,5,7742,1,0,2,5,1,0,0,0,0,1,0,0.0,1,3,0,0,1,0,0,1
1,18.0,0,0.0,0.0,0.0,0.0,0.0,True,2,7742,2,0,2,5,1,0,0,0,0,1,0,0.0,1,3,0,0,1,0,0,1
0,63.0,0,0.0,243.0,0.0,777.0,0.0,False,6,7743,1,1,1,6,0,0,0,0,0,1,0,1020.0,0,2,1,0,0,0,0,1
0,19.0,0,0.0,4534.0,0.0,617.0,1156.0,False,3,7744,1,0,2,1,1,1,0,0,0,0,0,6307.0,0,0,0,1,0,0,0,1
1,39.0,0,0.0,0.0,0.0,0.0,0.0,True,5,7744,2,0,2,1,1,1,0,0,0,0,0,0.0,1,3,0,1,0,0,0,1
1,27.0,0,0.0,0.0,0.0,0.0,0.0,True,5,7746,1,1,1,5,1,0,1,0,0,0,0,0.0,1,3,0,1,0,1,0,0
0,41.0,0,688.0,31.0,1880.0,0.0,0.0,False,5,7747,1,1,1,5,0,0,0,0,0,0,1,2599.0,0,0,0,0,1,0,0,1
0,44.0,0,18.0,1451.0,0.0,279.0,64.0,False,5,7748,1,0,2,0,1,1,0,0,0,0,0,1812.0,0,0,0,1,0,0,0,1
0,39.0,1,0.0,395.0,0.0,1012.0,1080.0,False,5,7748,2,0,2,0,1,1,0,0,0,0,0,2487.0,0,0,0,1,0,0,0,1
1,29.0,0,0.0,0.0,0.0,0.0,0.0,True,4,7749,1,0,2,3,0,1,0,0,0,0,0,0.0,1,3,0,0,1,1,0,0
0,37.0,0,416.0,56.0,1912.0,0.0,0.0,False,5,7749,2,0,2,3,0,1,0,0,0,0,0,2384.0,0,0,0,0,1,0,0,1
1,41.0,0,0.0,0.0,0.0,0.0,0.0,True,5,7751,1,1,1,2,0,1,0,0,0,0,0,0.0,1,3,0,1,0,1,0,0
0,18.0,0,0.0,0.0,0.0,746.0,1.0,False,2,7752,1,1,1,5,1,0,0,0,0,1,0,747.0,0,2,1,0,0,0,1,0
1,27.0,0,0.0,0.0,0.0,0.0,0.0,False,5,7753,1,1,1,6,0,0,0,0,0,1,0,0.0,1,3,1,0,0,1,0,0
0,55.0,0,1.0,2670.0,34.0,542.0,1339.0,True,6,7754,1,1,1,1,1,1,0,0,0,0,0,4586.0,0,0,0,1,0,1,0,0
1,21.0,0,0.0,0.0,0.0,0.0,0.0,True,3,7755,1,1,1,4,0,0,1,0,0,0,0,0.0,1,3,1,0,0,0,0,1
1,28.0,0,0.0,0.0,0.0,0.0,0.0,True,4,7757,1,0,2,1,1,0,1,0,0,0,0,0.0,1,3,0,1,0,0,0,1
0,43.0,0,0.0,8948.0,0.0,153.0,872.0,True,5,7757,2,0,2,1,1,0,1,0,0,0,0,9973.0,0,0,0,1,0,0,0,1
0,32.0,0,0.0,494.0,0.0,0.0,213.0,False,4,7760,1,1,1,6,1,0,0,0,0,1,0,707.0,0,1,1,0,0,0,1,0
0,23.0,0,1.0,0.0,0.0,237.0,553.0,True,3,7761,1,0,2,5,0,0,0,0,0,0,1,791.0,0,2,1,0,0,0,0,1
1,5.0,0,0.0,0.0,0.0,0.0,0.0,True,1,7761,2,0,2,6,0,0,0,0,0,1,0,0.0,1,3,1,0,0,1,0,0
0,14.0,0,325.0,0.0,19.0,506.0,2.0,False,2,7763,1,1,1,6,1,0,0,0,0,1,0,852.0,0,2,1,0,0,1,0,0
0,24.0,0,1405.0,0.0,14.0,2.0,163.0,False,3,7764,1,1,1,5,0,0,0,0,0,0,1,1584.0,0,0,1,0,0,0,0,1
1,22.0,0,0.0,0.0,0.0,0.0,0.0,True,3,7767,1,1,1,6,1,0,0,0,0,1,0,0.0,1,3,1,0,0,0,1,0
0,14.0,0,0.0,268.0,239.0,127.0,0.0,True,2,7768,1,1,1,5,1,0,0,0,0,1,0,634.0,0,1,1,0,0,0,0,1
0,20.0,0,98.0,499.0,0.0,142.0,52.0,False,3,7769,1,1,1,4,0,0,1,0,0,0,0,791.0,0,2,1,0,0,0,0,1
0,17.0,0,527.0,124.0,37.0,290.0,30.0,False,2,7770,1,0,2,6,1,0,0,0,0,1,0,1008.0,0,2,1,0,0,0,0,1
0,20.0,0,748.0,0.0,0.0,0.0,487.0,False,3,7770,2,0,2,5,1,0,0,0,0,1,0,1235.0,0,2,1,0,0,1,0,0
0,22.0,0,0.0,0.0,692.0,18.0,0.0,True,3,7771,1,1,1,6,1,0,0,0,0,1,0,710.0,0,1,1,0,0,0,0,1
1,15.0,0,0.0,0.0,0.0,0.0,0.0,True,2,7773,1,1,1,6,0,0,0,0,0,1,0,0.0,1,3,1,0,0,0,0,1
0,67.0,0,1146.0,16.0,39.0,0.0,518.0,True,6,7774,1,1,1,3,0,1,0,0,0,0,0,1719.0,0,0,0,0,1,1,0,0
0,28.0,0,7.0,489.0,0.0,4.0,6027.0,False,4,7775,1,1,1,2,0,1,0,0,0,0,0,6527.0,0,0,0,1,0,1,0,0
0,57.0,0,0.0,412.0,0.0,5491.0,234.0,False,6,7776,1,1,1,3,0,1,0,0,0,0,0,6137.0,0,0,0,1,0,0,0,1
1,21.0,0,0.0,0.0,0.0,0.0,0.0,True,3,7777,1,1,1,6,0,0,0,0,0,1,0,0.0,1,3,1,0,0,0,1,0
0,34.0,0,1199.0,33.0,346.0,0.0,0.0,False,5,7778,1,0,2,5,1,0,0,0,0,1,0,1578.0,0,0,0,0,1,0,0,1
1,17.0,0,0.0,0.0,0.0,0.0,0.0,False,2,7778,2,0,2,4,1,0,1,0,0,0,0,0.0,1,3,0,0,1,0,0,1
0,33.0,0,0.0,53.0,615.0,9.0,0.0,True,5,7780,1,1,1,5,0,0,0,0,0,0,1,677.0,0,1,1,0,0,1,0,0
0,33.0,0,0.0,73.0,31.0,8493.0,9065.0,False,5,7782,1,0,2,2,1,1,0,0,0,0,0,17662.0,0,0,0,1,0,1,0,0
0,28.0,0,0.0,180.0,0.0,778.0,4973.0,False,4,7782,2,0,2,2,1,1,0,0,0,0,0,5931.0,0,0,0,1,0,0,0,1
1,18.0,0,0.0,0.0,0.0,0.0,0.0,True,2,7783,1,1,1,5,1,0,0,0,0,1,0,0.0,1,3,0,0,1,0,0,1
1,28.0,0,0.0,0.0,0.0,0.0,0.0,True,4,7784,1,1,1,5,0,0,0,0,0,0,1,0.0,1,3,0,0,1,0,0,1
0,13.0,0,406.0,0.0,52.0,0.0,387.0,False,2,7785,1,1,1,6,1,0,0,0,0,1,0,845.0,0,2,1,0,0,0,0,1
0,38.0,0,0.0,0.0,0.0,45.0,3372.0,False,5,7786,1,1,1,5,0,0,0,0,0,0,1,3417.0,0,0,1,0,0,0,0,1
0,39.0,0,258.0,1541.0,0.0,0.0,621.0,False,5,7787,1,0,2,1,1,0,1,0,0,0,0,2420.0,0,0,0,1,0,1,0,0
1,18.0,0,0.0,0.0,0.0,0.0,0.0,True,2,7787,2,0,2,5,1,0,1,0,0,0,0,0.0,1,3,0,1,0,0,0,1
0,43.0,0,0.0,0.0,110.0,538.0,0.0,False,5,7788,1,1,1,5,1,0,0,0,0,1,0,648.0,0,1,1,0,0,0,1,0
0,32.0,0,0.0,368.0,0.0,304.0,741.0,False,4,7789,1,1,1,5,1,0,0,0,0,1,0,1413.0,0,2,1,0,0,0,0,1
1,29.0,0,0.0,0.0,0.0,0.0,0.0,False,4,7790,1,0,3,5,1,0,0,0,0,1,0,0.0,1,3,0,0,1,0,0,1
0,45.0,0,810.0,0.0,132.0,198.0,0.0,False,5,7790,2,0,3,5,1,0,0,0,0,1,0,1140.0,0,2,0,0,1,1,0,0
1,25.0,0,0.0,0.0,0.0,0.0,0.0,True,3,7790,3,0,3,5,1,0,0,0,0,1,0,0.0,1,3,0,0,1,0,0,1
0,64.0,0,19.0,261.0,208.0,0.0,214.0,False,6,7791,1,1,1,5,1,0,0,0,0,1,0,702.0,0,1,1,0,0,1,0,0
0,18.0,0,0.0,0.0,0.0,0.0,2141.0,False,2,7793,1,1,1,5,0,0,0,0,0,0,1,2141.0,0,0,1,0,0,0,0,1
0,44.0,0,358.0,303.0,0.0,0.0,131.0,False,5,7797,1,1,1,4,0,0,1,0,0,0,0,792.0,0,2,1,0,0,0,0,1
1,15.0,0,0.0,0.0,0.0,0.0,0.0,True,2,7800,1,1,1,6,0,0,0,0,0,1,0,0.0,1,3,1,0,0,0,0,1
0,21.0,0,1720.0,2337.0,0.0,1.0,335.0,False,3,7801,1,1,1,5,1,0,1,0,0,0,0,4393.0,0,0,1,0,0,1,0,0
0,33.0,0,166.0,634.0,419.0,201.0,1178.0,False,5,7802,1,1,1,5,0,0,0,0,0,0,1,2598.0,0,0,0,0,1,0,0,1
0,3.0,0,0.0,0.0,0.0,0.0,0.0,False,0,7803,1,0,2,6,0,0,0,0,0,1,0,0.0,1,3,1,0,0,1,0,0
1,19.0,0,0.0,0.0,0.0,0.0,0.0,True,3,7803,2,0,2,6,0,0,0,0,0,1,0,0.0,1,3,1,0,0,1,0,0
0,37.0,0,0.0,0.0,0.0,0.0,0.0,False,5,7805,1,1,1,6,0,0,0,0,0,1,0,0.0,1,3,1,0,0,0,0,1
0,24.0,0,0.0,688.0,0.0,0.0,1.0,False,3,7806,1,1,1,5,0,0,0,0,0,0,1,689.0,0,1,1,0,0,1,0,0
0,26.0,0,0.0,79.0,53.0,0.0,0.0,False,4,7808,1,1,1,6,0,0,0,0,0,1,0,132.0,0,1,1,0,0,0,0,1
1,26.0,0,0.0,0.0,0.0,0.0,0.0,True,4,7809,1,0,2,5,1,0,0,0,0,1,0,0.0,1,3,0,0,1,0,0,1
1,26.0,0,0.0,0.0,0.0,0.0,0.0,True,4,7809,2,0,2,5,1,0,0,0,0,1,0,0.0,1,3,0,0,1,0,0,1
0,22.0,0,769.0,0.0,0.0,1.0,729.0,False,3,7810,1,1,1,5,1,0,0,0,0,1,0,1499.0,0,0,1,0,0,0,0,1
0,26.0,0,1333.0,0.0,50.0,0.0,0.0,False,4,7812,1,1,1,5,1,0,0,0,0,1,0,1383.0,0,2,0,0,1,0,0,1
0,27.0,0,0.0,55.0,0.0,740.0,85.0,False,4,7813,1,1,1,5,0,0,0,0,0,0,1,880.0,0,2,1,0,0,0,0,1
0,27.0,0,0.0,605.0,0.0,0.0,0.0,True,4,7815,1,1,1,5,1,0,0,0,0,1,0,605.0,0,1,1,0,0,0,1,0
0,37.0,0,0.0,925.0,0.0,0.0,0.0,True,5,7816,1,1,1,5,1,0,0,0,0,1,0,925.0,0,2,1,0,0,0,1,0
1,22.0,0,0.0,0.0,0.0,0.0,0.0,False,3,7818,1,1,1,6,0,0,0,0,0,1,0,0.0,1,3,1,0,0,0,0,1
0,24.0,0,0.0,0.0,809.0,0.0,0.0,True,3,7820,1,1,1,6,0,0,0,0,0,1,0,809.0,0,2,1,0,0,1,0,0
0,23.0,0,535.0,3.0,17.0,0.0,214.0,False,3,7821,1,1,1,6,1,0,0,0,0,1,0,769.0,0,2,1,0,0,0,0,1
0,18.0,0,0.0,76.0,0.0,993.0,6.0,False,2,7824,1,1,1,5,0,0,0,0,0,0,1,1075.0,0,2,1,0,0,0,1,0
1,28.0,0,0.0,0.0,0.0,0.0,0.0,False,4,7828,1,1,1,6,1,0,0,0,0,1,0,0.0,1,3,1,0,0,0,0,1
1,4.0,0,0.0,0.0,0.0,0.0,0.0,True,0,7829,1,1,1,6,1,0,0,0,0,1,0,0.0,1,3,1,0,0,0,0,1
1,23.0,0,0.0,0.0,0.0,0.0,0.0,True,3,7830,1,0,4,6,1,0,0,0,0,1,0,0.0,1,3,1,0,0,0,1,0
1,2.0,0,0.0,0.0,0.0,0.0,0.0,True,0,7830,2,0,4,6,1,0,0,0,0,1,0,0.0,1,3,1,0,0,0,1,0
0,46.0,0,0.0,0.0,0.0,17.0,655.0,False,5,7830,3,0,4,6,1,0,0,0,0,1,0,672.0,0,1,1,0,0,0,0,1
0,0.0,0,0.0,0.0,0.0,0.0,0.0,False,0,7830,4,0,4,6,1,0,0,0,0,1,0,0.0,1,3,1,0,0,0,0,1
0,16.0,0,1095.0,0.0,54.0,0.0,0.0,False,2,7831,1,1,1,5,0,0,0,0,0,0,1,1149.0,0,2,0,0,1,0,0,1
0,19.0,0,1823.0,36.0,81.0,0.0,0.0,False,3,7832,1,1,1,3,1,1,0,0,0,0,0,1940.0,0,0,0,0,1,0,0,1
0,34.0,0,0.0,3424.0,6.0,2445.0,1128.0,False,5,7833,1,0,2,1,1,0,1,0,0,0,0,7003.0,0,0,0,1,0,1,0,0
0,34.0,0,11.0,3299.0,0.0,1013.0,15.0,True,5,7833,2,0,2,1,1,0,1,0,0,0,0,4338.0,0,0,0,1,0,0,0,1
0,24.0,0,482.0,967.0,349.0,19.0,0.0,False,3,7834,1,1,1,6,1,0,0,0,0,1,0,1817.0,0,0,1,0,0,0,0,1
1,28.0,0,0.0,0.0,0.0,0.0,0.0,False,4,7835,1,1,1,6,1,0,0,0,0,1,0,0.0,1,3,1,0,0,0,1,0
1,44.0,0,0.0,0.0,0.0,0.0,0.0,True,5,7837,1,0,2,1,1,0,1,0,0,0,0,0.0,1,3,0,1,0,1,0,0
1,35.0,0,0.0,0.0,0.0,0.0,0.0,True,5,7837,2,0,2,1,1,0,1,0,0,0,0,0.0,1,3,0,1,0,0,0,1
0,20.0,0,0.0,0.0,0.0,0.0,0.0,False,3,7839,1,1,1,6,0,0,0,0,0,1,0,0.0,1,3,1,0,0,0,0,1
0,18.0,0,328.0,0.0,0.0,24.0,309.0,False,2,7840,1,1,1,5,1,0,0,0,0,0,1,661.0,0,1,1,0,0,0,1,0
0,43.0,0,6.0,25.0,0.0,5250.0,0.0,False,5,7841,1,0,2,6,0,0,0,0,0,1,0,5281.0,0,0,1,0,0,0,1,0
0,48.0,0,0.0,0.0,501.0,242.0,0.0,False,5,7841,2,0,2,5,0,0,0,0,0,0,1,743.0,0,2,1,0,0,0,1,0
0,46.0,0,52.0,0.0,1185.0,61.0,0.0,True,5,7842,1,1,1,4,1,0,1,0,0,0,0,1298.0,0,2,0,0,1,0,0,1
1,75.0,0,0.0,0.0,0.0,0.0,0.0,True,6,7843,1,1,1,5,1,0,1,0,0,0,0,0.0,1,3,0,0,1,0,0,1
1,24.0,0,0.0,0.0,0.0,0.0,0.0,True,3,7845,1,1,1,1,1,0,1,0,0,0,0,0.0,1,3,0,1,0,1,0,0
0,34.0,0,0.0,9.0,617.0,0.0,281.0,False,5,7847,1,1,1,6,0,0,0,0,0,1,0,907.0,0,2,1,0,0,0,0,1
1,29.0,0,1052.0,0.0,635.0,0.0,0.0,False,4,7848,1,0,2,5,1,0,1,0,0,0,0,1687.0,0,0,0,0,1,0,0,1
1,46.0,0,0.0,0.0,0.0,0.0,0.0,True,5,7848,2,0,2,5,1,0,0,0,0,0,1,0.0,1,3,0,0,1,0,0,1
0,22.0,0,558.0,63.0,0.0,0.0,0.0,False,3,7849,1,1,1,6,1,0,0,0,0,1,0,621.0,0,1,1,0,0,0,0,1
1,42.0,0,0.0,0.0,0.0,0.0,0.0,False,5,7850,1,1,1,4,1,0,1,0,0,0,0,0.0,1,3,0,0,1,0,0,1
1,46.0,0,0.0,0.0,0.0,0.0,0.0,True,5,7851,1,1,1,5,0,0,0,0,0,0,1,0.0,1,3,0,0,1,0,0,1
0,15.0,0,0.0,6.0,0.0,981.0,0.0,False,2,7852,1,1,1,4,0,0,1,0,0,0,0,987.0,0,2,1,0,0,0,0,1
0,42.0,0,1227.0,773.0,14.0,0.0,0.0,False,5,7853,1,0,3,5,1,0,0,0,0,0,1,2014.0,0,0,0,0,1,0,0,1
0,31.0,0,166.0,0.0,297.0,835.0,0.0,False,4,7853,2,0,3,4,1,0,1,0,0,0,0,1298.0,0,2,0,0,1,0,0,1
1,9.0,0,0.0,0.0,0.0,0.0,0.0,True,1,7853,3,0,3,5,1,0,0,0,0,0,1,0.0,1,3,0,0,1,0,0,1
0,34.0,0,0.0,0.0,0.0,156.0,620.0,False,5,7856,1,1,1,5,1,0,0,0,0,0,1,776.0,0,2,1,0,0,0,0,1
0,21.0,0,9.0,0.0,0.0,25.0,811.0,False,3,7858,1,0,3,6,0,0,0,0,0,1,0,845.0,0,2,1,0,0,0,0,1
0,16.0,0,0.0,11.0,0.0,863.0,0.0,False,2,7858,2,0,3,5,0,0,0,0,0,0,1,874.0,0,2,1,0,0,1,0,0
0,40.0,0,634.0,60.0,134.0,0.0,0.0,False,5,7858,3,0,3,5,0,0,0,0,0,0,1,828.0,0,2,1,0,0,0,0,1
0,23.0,0,550.0,0.0,738.0,0.0,0.0,True,3,7859,1,1,1,5,1,0,0,0,0,0,1,1288.0,0,2,1,0,0,0,0,1
1,6.0,0,0.0,0.0,0.0,0.0,0.0,False,1,7861,1,1,1,6,0,0,0,0,0,1,0,0.0,1,3,1,0,0,0,0,1
0,17.0,0,99.0,516.0,1967.0,0.0,6.0,True,2,7863,1,1,1,5,1,0,0,0,0,0,1,2588.0,0,0,1,0,0,0,0,1
0,37.0,0,19.0,443.0,1769.0,0.0,3.0,True,5,7864,1,1,1,5,1,0,0,0,0,0,1,2234.0,0,0,1,0,0,1,0,0
1,30.0,0,0.0,0.0,0.0,0.0,0.0,True,4,7865,1,0,3,2,1,1,0,0,0,0,0,0.0,1,3,0,1,0,0,1,0
1,32.0,0,0.0,0.0,0.0,0.0,0.0,True,4,7865,2,0,3,2,1,1,0,0,0,0,0,0.0,1,3,0,1,0,0,0,1
1,41.0,0,0.0,0.0,0.0,0.0,0.0,True,5,7865,3,0,3,2,1,1,0,0,0,0,0,0.0,1,3,0,1,0,1,0,0
0,43.0,0,0.0,16856.0,0.0,4344.0,977.0,False,5,7866,1,1,1,2,0,1,0,0,0,0,0,22177.0,0,0,0,1,0,1,0,0
0,17.0,0,6256.0,0.0,0.0,1.0,21.0,False,2,7868,1,1,1,4,1,0,1,0,0,0,0,6278.0,0,0,1,0,0,1,0,0
1,37.0,0,0.0,0.0,0.0,0.0,0.0,True,5,7870,1,1,1,1,0,1,0,0,0,0,0,0.0,1,3,0,1,0,0,0,1
1,18.0,0,0.0,0.0,0.0,0.0,0.0,True,2,7871,1,1,1,5,1,0,1,0,0,0,0,0.0,1,3,1,0,0,0,0,1
0,1.0,0,0.0,0.0,0.0,0.0,0.0,False,0,7872,1,0,6,6,0,0,0,0,0,1,0,0.0,1,3,1,0,0,0,0,1
0,38.0,0,0.0,0.0,0.0,1714.0,0.0,False,5,7872,2,0,6,6,0,0,0,0,0,1,0,1714.0,0,0,1,0,0,0,0,1
0,25.0,0,131.0,124.0,408.0,196.0,9.0,False,3,7872,3,0,6,5,0,0,0,0,0,0,1,868.0,0,2,1,0,0,0,0,1
0,6.0,0,0.0,0.0,0.0,0.0,0.0,False,1,7872,4,0,6,6,0,0,0,0,0,1,0,0.0,1,3,1,0,0,0,0,1
1,1.0,0,0.0,0.0,0.0,0.0,0.0,True,0,7872,5,0,6,6,0,0,0,0,0,1,0,0.0,1,3,1,0,0,0,0,1
0,7.0,0,0.0,0.0,0.0,0.0,0.0,True,1,7872,6,0,6,6,0,0,0,0,0,1,0,0.0,1,3,1,0,0,0,1,0
0,24.0,0,569.0,156.0,0.0,12.0,0.0,False,3,7873,1,0,2,5,0,0,0,0,0,0,1,737.0,0,2,1,0,0,0,0,1
0,19.0,0,0.0,721.0,0.0,25.0,1.0,True,3,7873,2,0,2,5,0,0,0,0,0,0,1,747.0,0,2,1,0,0,0,0,1
1,26.0,0,0.0,0.0,0.0,0.0,0.0,True,4,7875,1,1,1,1,1,0,1,0,0,0,0,0.0,1,3,0,1,0,1,0,0
0,49.0,0,0.0,1738.0,0.0,19.0,0.0,False,5,7877,1,1,1,6,0,0,0,0,0,1,0,1757.0,0,0,1,0,0,0,0,1
0,18.0,0,0.0,0.0,32.0,0.0,673.0,False,2,7878,1,1,1,6,0,0,0,0,0,1,0,705.0,0,1,1,0,0,0,0,1
0,25.0,0,0.0,478.0,71.0,11.0,162.0,False,3,7879,1,1,1,6,0,0,0,0,0,1,0,722.0,0,2,1,0,0,0,0,1
0,46.0,0,248.0,0.0,0.0,4.0,0.0,False,5,7881,1,1,1,5,1,0,0,0,0,0,1,252.0,0,1,1,0,0,0,0,1
1,33.0,0,0.0,0.0,0.0,0.0,0.0,False,5,7882,1,0,2,6,0,0,0,0,0,1,0,0.0,1,3,1,0,0,0,0,1
0,10.0,0,0.0,0.0,0.0,0.0,0.0,True,1,7882,2,0,2,6,0,0,0,0,0,1,0,0.0,1,3,1,0,0,0,0,1
1,38.0,0,0.0,0.0,0.0,0.0,0.0,True,5,7883,1,1,1,6,0,0,0,0,0,1,0,0.0,1,3,1,0,0,0,0,1
0,23.0,0,1610.0,2.0,465.0,0.0,0.0,False,3,7884,1,1,1,4,0,0,1,0,0,0,0,2077.0,0,0,0,0,1,0,0,1
1,26.0,0,0.0,0.0,0.0,0.0,0.0,True,4,7885,1,1,1,6,0,0,0,0,0,1,0,0.0,1,3,1,0,0,0,0,1
0,16.0,0,0.0,11.0,0.0,8.0,827.0,False,2,7886,1,1,1,6,0,0,0,0,0,1,0,846.0,0,2,1,0,0,0,0,1
0,29.0,0,37.0,0.0,644.0,0.0,177.0,True,4,7888,1,1,1,4,1,0,1,0,0,0,0,858.0,0,2,1,0,0,0,0,1
1,35.0,0,0.0,0.0,0.0,0.0,0.0,True,5,7889,1,1,1,2,0,1,0,0,0,0,0,0.0,1,3,0,1,0,0,1,0
0,58.0,0,0.0,268.0,0.0,109.0,594.0,False,6,7890,1,0,3,5,1,0,0,0,0,0,1,971.0,0,2,1,0,0,0,0,1
1,17.0,0,0.0,0.0,0.0,0.0,0.0,True,2,7890,2,0,3,6,1,0,0,0,0,1,0,0.0,1,3,1,0,0,1,0,0
1,16.0,0,0.0,0.0,0.0,0.0,0.0,True,2,7890,3,0,3,5,1,0,1,0,0,0,0,0.0,1,3,1,0,0,0,0,1
1,2.0,0,0.0,0.0,0.0,0.0,0.0,True,0,7891,1,0,2,6,1,0,0,0,0,1,0,0.0,1,3,1,0,0,1,0,0
1,13.0,0,34.0,1.0,0.0,824.0,29.0,False,2,7891,2,0,2,5,1,0,1,0,0,0,0,888.0,0,2,1,0,0,0,0,1
0,18.0,0,196.0,0.0,744.0,0.0,0.0,True,2,7892,1,1,1,5,0,0,0,0,0,0,1,940.0,0,2,0,0,1,0,0,1
0,29.0,0,46.0,68.0,589.0,88.0,0.0,True,4,7894,1,1,1,4,1,0,1,0,0,0,0,791.0,0,2,1,0,0,1,0,0
0,21.0,0,102.0,9.0,21.0,464.0,104.0,False,3,7895,1,1,1,5,1,0,0,0,0,0,1,700.0,0,1,1,0,0,1,0,0
1,43.0,0,0.0,0.0,0.0,0.0,0.0,True,5,7897,1,1,1,2,1,1,0,0,0,0,0,0.0,1,3,0,1,0,1,0,0
1,69.0,0,0.0,0.0,0.0,0.0,0.0,False,6,7899,1,0,3,6,1,0,0,0,0,1,0,0.0,1,3,1,0,0,0,0,1
0,40.0,0,0.0,0.0,14.0,785.0,10.0,False,5,7899,2,0,3,6,1,0,0,0,0,1,0,809.0,0,2,1,0,0,0,0,1
1,1.0,0,0.0,0.0,0.0,0.0,0.0,True,0,7899,3,0,3,6,1,0,0,0,0,1,0,0.0,1,3,1,0,0,0,0,1
1,36.0,0,0.0,0.0,0.0,0.0,0.0,True,5,7901,1,1,1,5,1,0,0,0,0,0,1,0.0,1,3,0,0,1,0,0,1
1,60.0,0,0.0,0.0,0.0,0.0,0.0,False,6,7902,1,0,4,6,0,0,0,0,0,1,0,0.0,1,3,1,0,0,0,0,1
1,17.0,0,0.0,0.0,0.0,0.0,0.0,True,2,7902,2,0,4,6,0,0,0,0,0,1,0,0.0,1,3,1,0,0,0,1,0
1,49.0,0,0.0,0.0,0.0,0.0,0.0,False,5,7902,3,0,4,6,0,0,0,0,0,1,0,0.0,1,3,1,0,0,0,0,1
0,23.0,0,1.0,700.0,0.0,7.0,136.0,False,3,7902,4,0,4,6,0,0,0,0,0,1,0,844.0,0,2,1,0,0,0,0,1
0,39.0,0,472.0,0.0,0.0,173.0,0.0,False,5,7903,1,1,1,5,0,0,0,0,0,0,1,645.0,0,1,1,0,0,0,0,1
1,53.0,0,0.0,0.0,0.0,0.0,0.0,True,6,7904,1,0,2,5,1,0,1,0,0,0,0,0.0,1,3,1,0,0,0,0,1
0,26.0,0,485.0,8.0,3958.0,0.0,0.0,True,4,7904,2,0,2,6,0,0,0,0,0,1,0,4451.0,0,0,1,0,0,0,0,1
0,31.0,0,0.0,87.0,0.0,2263.0,224.0,False,4,7905,1,0,3,2,1,1,0,0,0,0,0,2574.0,0,0,0,1,0,0,0,1
1,48.0,0,0.0,0.0,0.0,1220.5,0.0,True,5,7905,2,0,3,2,1,1,0,0,0,0,0,0.0,1,3,0,1,0,0,0,1
0,26.0,0,1432.0,1283.0,0.0,178.0,5034.0,False,4,7905,3,0,3,2,1,1,0,0,0,0,0,7927.0,0,0,0,1,0,1,0,0
1,25.0,0,0.0,0.0,0.0,0.0,0.0,True,3,7907,1,1,1,5,1,0,0,0,0,0,1,0.0,1,3,0,0,1,0,0,1
1,25.0,0,0.0,0.0,0.0,0.0,0.0,True,3,7908,1,1,1,1,1,0,1,0,0,0,0,0.0,1,3,0,1,0,1,0,0
0,30.0,0,4.0,637.0,0.0,0.0,3.0,False,4,7910,1,1,1,5,0,0,0,0,0,0,1,644.0,0,1,1,0,0,0,0,1
1,27.0,0,0.0,0.0,0.0,0.0,0.0,True,5,7913,1,1,1,6,1,0,0,0,0,1,0,0.0,1,3,1,0,0,0,0,1
1,23.0,0,0.0,0.0,0.0,0.0,0.0,False,3,7914,1,0,3,6,0,0,0,0,0,1,0,0.0,1,3,1,0,0,0,0,1
0,24.0,0,0.0,80.0,106.0,344.0,0.0,False,3,7914,2,0,3,6,0,0,0,0,0,1,0,530.0,0,1,1,0,0,0,0,1
0,47.0,0,397.0,0.0,321.0,0.0,5.0,True,5,7914,3,0,3,6,0,0,0,0,0,1,0,723.0,0,2,1,0,0,0,0,1
1,37.0,0,0.0,0.0,0.0,0.0,0.0,False,5,7916,1,1,1,6,0,0,0,0,0,1,0,0.0,1,3,1,0,0,0,0,1
1,24.0,0,0.0,0.0,0.0,0.0,0.0,True,3,7918,1,1,1,5,0,0,0,0,0,0,1,0.0,1,3,0,0,1,0,0,1
0,21.0,0,90.0,0.0,817.0,0.0,0.0,False,3,7919,1,1,1,6,0,0,0,0,0,1,0,907.0,0,2,1,0,0,0,0,1
1,42.0,0,0.0,0.0,0.0,0.0,0.0,True,5,7920,1,1,1,5,1,0,0,0,0,0,1,0.0,1,3,0,0,1,0,0,1
0,39.0,0,3030.0,79.0,0.0,0.0,0.0,False,5,7922,1,1,1,5,1,0,0,0,0,0,1,3109.0,0,0,1,0,0,0,0,1
0,28.0,0,589.0,57.0,0.0,0.0,0.0,False,4,7924,1,1,1,5,0,0,0,0,0,0,1,646.0,0,1,1,0,0,0,0,1
0,32.0,0,0.0,0.0,0.0,365.0,1216.0,False,4,7926,1,1,1,4,0,0,1,0,0,0,0,1581.0,0,0,1,0,0,0,0,1
0,31.0,0,0.0,910.0,58.0,1654.0,1217.0,False,4,7929,1,1,1,1,1,0,1,0,0,0,0,3839.0,0,0,0,1,0,0,0,1
1,13.0,0,0.0,0.0,0.0,0.0,0.0,True,2,7930,1,1,1,5,1,0,1,0,0,0,0,0.0,1,3,1,0,0,0,0,1
0,41.0,0,84.0,0.0,6.0,811.0,2.0,True,5,7935,1,1,1,5,1,0,0,0,0,0,1,903.0,0,2,1,0,0,0,0,1
0,21.0,0,7.0,0.0,622.0,0.0,0.0,False,3,7936,1,0,3,5,0,0,0,0,0,0,1,629.0,0,1,1,0,0,0,0,1
0,15.0,0,0.0,0.0,0.0,0.0,0.0,False,1,7936,2,0,3,6,0,0,0,0,0,1,0,0.0,1,3,1,0,0,0,0,1
0,9.0,0,0.0,0.0,311.0,0.0,0.0,True,1,7936,3,0,3,6,0,0,0,0,0,1,0,0.0,1,3,1,0,0,0,0,1
0,36.0,0,0.0,9532.0,0.0,2326.0,461.0,False,5,7937,1,0,2,3,1,1,0,0,0,0,0,12319.0,0,0,0,1,0,0,0,1
1,30.0,0,0.0,0.0,0.0,0.0,0.0,True,4,7937,2,0,2,3,1,1,0,0,0,0,0,0.0,1,3,0,1,0,1,0,0
0,27.0,0,0.0,593.0,0.0,259.0,0.0,False,4,7939,1,1,1,6,1,0,0,0,0,1,0,852.0,0,2,1,0,0,0,0,1
0,40.0,0,580.0,0.0,447.0,6.0,0.0,False,5,7940,1,1,1,5,1,0,0,0,0,0,1,1033.0,0,2,1,0,0,0,0,1
0,41.0,0,0.0,116.0,10705.0,9181.0,10.0,False,5,7941,1,1,1,2,0,1,0,0,0,0,0,20012.0,0,0,0,1,0,0,0,1
1,16.0,0,0.0,0.0,0.0,0.0,0.0,True,2,7943,1,0,2,1,0,1,0,0,0,0,0,0.0,1,3,0,1,0,1,0,0
0,36.0,1,2.0,6504.0,0.0,98.0,4.0,True,5,7943,2,0,2,1,0,1,0,0,0,0,0,6608.0,0,0,0,1,0,0,1,0
0,15.0,0,31.0,804.0,1.0,4732.0,2577.0,False,2,7944,1,0,2,3,1,1,0,0,0,0,0,8145.0,0,0,0,1,0,0,0,1
1,39.0,0,0.0,0.0,0.0,0.0,0.0,True,5,7944,2,0,2,3,1,1,0,0,0,0,0,0.0,1,3,0,1,0,0,0,1
1,21.0,0,0.0,0.0,0.0,0.0,0.0,True,3,7945,1,1,1,5,1,0,0,0,0,0,1,0.0,1,3,0,0,1,0,0,1
0,24.0,0,0.0,0.0,604.0,0.0,91.0,True,3,7946,1,1,1,5,0,0,0,0,0,0,1,695.0,0,1,1,0,0,0,1,0
0,28.0,0,1811.0,1.0,57.0,0.0,0.0,False,4,7947,1,1,1,5,0,0,0,0,0,0,1,1869.0,0,0,0,0,1,0,0,1
0,47.0,0,0.0,14.0,0.0,2330.0,0.0,False,5,7949,1,1,1,6,1,0,0,0,0,1,0,2344.0,0,0,1,0,0,0,0,1
0,55.0,0,0.0,1620.0,159.0,0.0,0.0,False,6,7950,1,0,4,6,0,0,0,0,0,1,0,1779.0,0,0,1,0,0,0,0,1
1,26.0,0,0.0,0.0,0.0,0.0,0.0,True,3,7950,2,0,4,6,0,0,0,0,0,1,0,0.0,1,3,1,0,0,0,0,1
0,22.0,0,10.0,0.0,624.0,0.0,85.0,True,3,7950,3,0,4,4,0,0,1,0,0,0,0,719.0,0,2,1,0,0,1,0,0
1,26.0,0,0.0,0.0,0.0,0.0,0.0,True,4,7950,4,0,4,6,0,0,0,0,0,1,0,0.0,1,3,1,0,0,0,0,1
0,62.0,0,100.0,0.0,38.0,1211.0,0.0,False,6,7952,1,0,2,5,1,0,0,0,0,0,1,1349.0,0,2,0,0,1,0,0,1
0,53.0,0,868.0,0.0,686.0,520.0,24.0,False,6,7952,2,0,2,4,1,0,1,0,0,0,0,2098.0,0,0,0,0,1,0,0,1
0,29.0,0,30.0,0.0,0.0,0.0,780.0,False,4,7954,1,1,1,6,1,0,0,0,0,1,0,810.0,0,2,1,0,0,1,0,0
0,21.0,0,640.0,0.0,144.0,104.0,0.0,False,3,7955,1,1,1,6,0,0,0,0,0,1,0,888.0,0,2,1,0,0,0,0,1
1,18.0,0,0.0,0.0,0.0,0.0,0.0,True,2,7957,1,1,1,6,1,0,0,0,0,1,0,0.0,1,3,1,0,0,0,1,0
1,34.0,0,0.0,0.0,0.0,0.0,0.0,True,5,7958,1,1,1,4,1,0,1,0,0,0,0,0.0,1,3,0,0,1,0,0,1
0,19.0,0,1.0,7.0,0.0,689.0,0.0,False,3,7960,1,1,1,5,0,0,0,0,0,0,1,697.0,0,1,1,0,0,0,0,1
0,14.0,0,0.0,360.0,0.0,25.0,1340.0,False,2,7962,1,1,1,6,0,0,0,0,0,1,0,1725.0,0,0,1,0,0,0,0,1
0,21.0,0,691.0,0.0,0.0,0.0,15.0,False,3,7967,1,1,1,6,1,0,0,0,0,1,0,706.0,0,1,1,0,0,0,0,1
0,55.0,0,376.0,0.0,858.0,0.0,31.0,True,6,7968,1,1,1,3,1,1,0,0,0,0,0,1265.0,0,2,0,0,1,0,0,1
0,18.0,0,0.0,3492.0,0.0,506.0,8.0,True,2,7970,1,1,1,2,0,1,0,0,0,0,0,4006.0,0,0,0,1,0,1,0,0
1,33.0,0,0.0,0.0,0.0,0.0,0.0,True,5,7972,1,0,2,1,0,1,0,0,0,0,0,0.0,1,3,0,1,0,1,0,0
0,35.0,0,0.0,246.0,25.0,42.0,3730.0,False,5,7972,2,0,2,1,0,1,0,0,0,0,0,4043.0,0,0,0,1,0,0,0,1
1,31.0,0,0.0,0.0,0.0,0.0,0.0,True,4,7973,1,1,1,2,1,1,0,0,0,0,0,0.0,1,3,1,0,0,0,0,1
0,27.0,0,0.0,2318.0,1127.0,2423.0,115.0,False,4,7974,1,0,2,2,0,1,0,0,0,0,0,5983.0,0,0,0,1,0,0,0,1
0,27.0,0,0.0,36.0,89.0,948.0,927.0,False,4,7974,2,0,2,2,0,1,0,0,0,0,0,2000.0,0,0,0,1,0,0,0,1
1,13.0,0,0.0,0.0,0.0,0.0,0.0,True,2,7976,1,1,1,6,1,0,0,0,0,1,0,0.0,1,3,1,0,0,0,1,0
0,24.0,0,24.0,174.0,0.0,509.0,15.0,False,3,7981,1,0,2,5,0,0,0,0,0,0,1,722.0,0,2,1,0,0,0,0,1
0,22.0,0,31.0,0.0,1.0,25.0,757.0,False,3,7981,2,0,2,6,0,0,0,0,0,1,0,814.0,0,2,1,0,0,0,0,1
1,32.0,0,0.0,0.0,0.0,0.0,0.0,False,4,7982,1,0,2,1,0,1,0,0,0,0,0,0.0,1,3,0,1,0,0,0,1
1,18.0,0,0.0,0.0,0.0,0.0,0.0,True,2,7982,2,0,2,1,0,1,0,0,0,0,0,0.0,1,3,0,1,0,0,0,1
1,53.0,0,0.0,0.0,0.0,0.0,0.0,True,6,7983,1,1,1,5,1,0,1,0,0,0,0,0.0,1,3,0,1,0,0,0,1
0,4.0,0,0.0,0.0,0.0,0.0,0.0,True,0,7984,1,0,4,5,0,0,0,0,0,0,1,0.0,1,3,0,0,1,0,0,1
1,24.0,0,0.0,0.0,0.0,0.0,0.0,True,3,7984,2,0,4,5,0,0,0,0,0,0,1,0.0,1,3,0,0,1,0,0,1
0,23.0,0,649.0,0.0,622.0,0.0,0.0,True,3,7984,3,0,4,5,0,0,0,0,0,0,1,1271.0,0,2,0,0,1,0,0,1
0,1.0,0,0.0,0.0,0.0,0.0,0.0,True,0,7984,4,0,4,5,0,0,0,0,0,0,1,0.0,1,3,0,0,1,0,0,1
0,18.0,0,1969.0,0.0,310.0,0.0,0.0,True,2,7985,1,1,1,5,0,0,0,0,0,0,1,2279.0,0,0,1,0,0,0,0,1
0,21.0,0,838.0,45.0,455.0,0.0,0.0,False,3,7986,1,1,1,5,0,0,0,0,0,0,1,1338.0,0,2,0,0,1,0,0,1
0,40.0,0,3809.0,0.0,21.0,0.0,1.0,False,5,7987,1,1,1,3,0,1,0,0,0,0,0,3831.0,0,0,0,0,1,0,0,1
1,49.0,0,0.0,0.0,0.0,0.0,0.0,True,5,7988,1,1,1,1,1,0,1,0,0,0,0,0.0,1,3,0,1,0,0,0,1
1,25.0,0,0.0,0.0,0.0,0.0,0.0,False,3,7989,1,1,1,6,1,0,0,0,0,1,0,0.0,1,3,1,0,0,0,1,0
1,21.0,0,0.0,0.0,0.0,0.0,0.0,True,3,7990,1,1,1,6,0,0,0,0,0,1,0,0.0,1,3,1,0,0,1,0,0
1,40.0,0,0.0,0.0,0.0,0.0,0.0,True,5,7993,1,0,2,0,1,1,0,0,0,0,0,0.0,1,3,0,1,0,0,0,1
1,47.0,1,0.0,0.0,0.0,0.0,0.0,True,5,7993,2,0,2,0,1,1,0,0,0,0,0,0.0,1,3,0,1,0,1,0,0
0,25.0,0,153.0,0.0,0.0,388.0,0.0,False,3,7994,1,1,1,6,0,0,0,0,0,1,0,541.0,0,1,1,0,0,0,1,0
1,36.0,0,0.0,0.0,0.0,0.0,0.0,True,5,7995,1,1,1,5,1,0,1,0,0,0,0,0.0,1,3,0,1,0,0,0,1
0,39.0,0,17.0,334.0,708.0,17.0,366.0,False,5,7996,1,1,1,5,0,0,0,0,0,0,1,1442.0,0,0,1,0,0,0,0,1
1,26.0,0,0.0,0.0,0.0,0.0,0.0,True,4,7999,1,1,1,1,0,1,0,0,0,0,0,0.0,1,3,0,1,0,1,0,0
0,0.0,0,0.0,0.0,0.0,0.0,0.0,True,0,8000,1,0,2,6,1,0,0,0,0,1,0,0.0,1,3,1,0,0,0,0,1
1,14.0,0,0.0,0.0,0.0,0.0,0.0,True,2,8000,2,0,2,6,1,0,0,0,0,1,0,0.0,1,3,1,0,0,0,0,1
0,7.0,0,0.0,0.0,0.0,0.0,0.0,True,1,8003,1,1,1,5,0,0,0,0,0,0,1,0.0,1,3,0,0,1,0,0,1
1,50.0,0,0.0,0.0,0.0,0.0,0.0,True,5,8004,1,1,1,5,1,0,0,0,0,0,1,0.0,1,3,0,0,1,1,0,0
0,22.0,0,0.0,15.0,0.0,548.0,124.0,False,3,8005,1,0,3,5,1,0,0,0,0,0,1,687.0,0,1,1,0,0,1,0,0
1,17.0,0,0.0,0.0,0.0,0.0,0.0,True,2,8005,2,0,3,6,1,0,0,0,0,1,0,0.0,1,3,1,0,0,0,1,0
0,35.0,0,676.0,0.0,0.0,0.0,40.0,False,5,8005,3,0,3,5,1,0,0,0,0,0,1,716.0,0,1,1,0,0,0,0,1
0,22.0,0,0.0,1145.0,0.0,0.0,371.0,False,3,8006,1,1,1,5,1,0,0,0,0,0,1,1516.0,0,0,1,0,0,0,0,1
0,26.0,0,0.0,0.0,1.0,886.0,0.0,False,4,8007,1,0,2,6,0,0,0,0,0,1,0,887.0,0,2,1,0,0,0,0,1
0,24.0,0,0.0,0.0,92.0,1492.0,0.0,True,3,8007,2,0,2,4,0,0,1,0,0,0,0,1584.0,0,0,1,0,0,0,1,0
0,59.0,0,0.0,2593.0,0.0,98.0,0.0,True,6,8010,1,1,1,2,1,0,1,0,0,0,0,2691.0,0,0,0,1,0,0,0,1
1,24.0,0,0.0,0.0,0.0,0.0,0.0,True,3,8012,1,0,3,5,1,0,0,0,0,0,1,0.0,1,3,0,0,1,0,0,1
0,17.0,0,0.0,0.0,0.0,0.0,0.0,False,2,8012,2,0,3,4,1,0,1,0,0,0,0,0.0,1,3,0,0,1,0,0,1
1,28.0,0,0.0,0.0,0.0,0.0,0.0,True,4,8012,3,0,3,5,1,0,0,0,0,0,1,0.0,1,3,0,0,1,0,0,1
1,38.0,0,0.0,0.0,0.0,0.0,0.0,True,5,8014,1,1,1,6,1,0,0,0,0,1,0,0.0,1,3,1,0,0,0,0,1
0,2.0,0,0.0,0.0,0.0,0.0,1151.0,True,0,8015,1,0,3,1,1,0,1,0,0,0,0,0.0,1,3,0,1,0,0,0,1
0,36.0,0,0.0,244.0,0.0,5432.0,2302.0,False,5,8015,2,0,3,1,1,0,1,0,0,0,0,7978.0,0,0,0,1,0,0,0,1
1,32.0,0,0.0,0.0,0.0,0.0,0.0,True,4,8015,3,0,3,1,1,0,1,0,0,0,0,0.0,1,3,0,1,0,1,0,0
0,15.0,0,0.0,10.0,0.0,595.0,381.0,False,2,8016,1,1,1,4,1,0,1,0,0,0,0,986.0,0,2,1,0,0,0,0,1
0,54.0,0,0.0,0.0,5.0,1268.0,26.0,False,6,8018,1,1,1,5,1,0,0,0,0,0,1,1299.0,0,2,1,0,0,0,0,1
1,18.0,0,0.0,0.0,0.0,0.0,0.0,True,2,8019,1,1,1,5,0,0,0,0,0,0,1,0.0,1,3,0,0,1,0,0,1
0,22.0,0,668.0,79.0,0.0,0.0,1.0,False,3,8020,1,1,1,5,0,0,0,0,0,0,1,748.0,0,2,1,0,0,0,0,1
1,23.0,0,0.0,0.0,0.0,0.0,0.0,False,3,8021,1,1,1,6,0,0,0,0,0,1,0,0.0,1,3,1,0,0,0,0,1
0,14.0,0,0.0,4545.0,271.0,199.0,1377.0,True,2,8023,1,0,2,3,0,1,0,0,0,0,0,6392.0,0,0,0,1,0,0,0,1
1,26.0,0,0.0,0.0,0.0,0.0,0.0,True,4,8023,2,0,2,3,0,1,0,0,0,0,0,0.0,1,3,0,1,0,0,0,1
0,73.0,0,16.0,0.0,722.0,2.0,89.0,False,6,8024,1,1,1,5,1,0,0,0,0,0,1,829.0,0,2,1,0,0,0,0,1
0,29.0,0,0.0,0.0,0.0,0.0,0.0,True,4,8025,1,1,1,1,0,1,0,0,0,0,0,0.0,1,3,0,1,0,0,0,1
1,29.0,0,0.0,0.0,0.0,0.0,0.0,True,4,8026,1,1,1,5,1,0,0,0,0,0,1,0.0,1,3,0,0,1,0,0,1
0,12.0,0,0.0,0.0,0.0,0.0,0.0,False,1,8027,1,0,2,6,1,0,0,0,0,1,0,0.0,1,3,1,0,0,0,0,1
0,27.0,0,31.0,225.0,331.0,0.0,14.0,False,4,8027,2,0,2,5,1,0,0,0,0,0,1,601.0,0,1,1,0,0,1,0,0
0,31.0,0,779.0,0.0,3.0,57.0,0.0,False,4,8029,1,1,1,6,1,0,0,0,0,1,0,839.0,0,2,1,0,0,0,0,1
1,26.0,0,0.0,0.0,0.0,0.0,0.0,False,4,8030,1,1,1,6,1,0,0,0,0,1,0,0.0,1,3,1,0,0,0,1,0
1,35.0,0,0.0,0.0,0.0,0.0,0.0,True,5,8031,1,1,1,3,0,1,0,0,0,0,0,0.0,1,3,0,1,0,1,0,0
1,25.0,0,0.0,0.0,0.0,0.0,0.0,True,3,8032,1,0,2,0,0,1,0,0,0,0,0,0.0,1,3,0,1,0,0,0,1
1,40.0,0,0.0,0.0,0.0,0.0,0.0,True,5,8032,2,0,2,0,0,1,0,0,0,0,0,0.0,1,3,0,1,0,0,0,1
1,18.0,0,0.0,0.0,0.0,0.0,0.0,False,2,8034,1,0,2,4,1,0,1,0,0,0,0,0.0,1,3,0,0,1,0,0,1
0,52.0,0,1222.0,2.0,74.0,0.0,0.0,False,6,8034,2,0,2,4,1,0,1,0,0,0,0,1298.0,0,2,0,0,1,0,0,1
1,35.0,0,0.0,0.0,0.0,0.0,0.0,True,5,8035,1,1,1,5,1,0,0,0,0,0,1,0.0,1,3,0,0,1,0,0,1
0,51.0,0,172.0,350.0,0.0,16.0,1005.0,False,6,8036,1,0,2,5,1,0,0,0,0,0,1,1543.0,0,0,1,0,0,0,0,1
0,35.0,0,0.0,0.0,62.0,0.0,891.0,False,5,8036,2,0,2,5,1,0,0,0,0,0,1,953.0,0,2,1,0,0,0,0,1
0,14.0,0,0.0,476.0,249.0,177.0,0.0,False,2,8037,1,1,1,5,1,0,0,0,0,0,1,902.0,0,2,1,0,0,0,0,1
1,26.0,0,0.0,0.0,0.0,0.0,0.0,True,4,8038,1,0,2,2,1,0,1,0,0,0,0,0.0,1,3,0,1,0,1,0,0
1,26.0,0,0.0,0.0,0.0,0.0,0.0,True,4,8038,2,0,2,2,1,0,1,0,0,0,0,0.0,1,3,0,1,0,1,0,0
1,21.0,0,0.0,0.0,0.0,0.0,0.0,False,3,8042,1,1,1,6,0,0,0,0,0,1,0,0.0,1,3,1,0,0,1,0,0
0,45.0,0,5.0,17901.0,0.0,79.0,281.0,True,5,8043,1,0,4,0,1,1,0,0,0,0,0,18266.0,0,0,0,1,0,1,0,0
0,29.0,0,0.0,1408.0,0.0,408.0,1.0,True,4,8043,2,0,4,0,1,1,0,0,0,0,0,1817.0,0,0,0,1,0,0,0,1
0,39.0,1,1.0,392.0,64.0,148.0,1367.0,True,5,8043,3,0,4,0,1,1,0,0,0,0,0,1972.0,0,0,0,1,0,0,0,1
1,37.0,0,0.0,0.0,0.0,0.0,0.0,True,5,8043,4,0,4,0,1,1,0,0,0,0,0,0.0,1,3,0,1,0,1,0,0
1,22.0,0,0.0,0.0,0.0,0.0,0.0,True,3,8046,1,1,1,6,0,0,0,0,0,1,0,0.0,1,3,1,0,0,0,1,0
0,22.0,0,6.0,21.0,0.0,782.0,0.0,False,3,8049,1,1,1,6,0,0,0,0,0,1,0,809.0,0,2,1,0,0,0,0,1
0,30.0,0,0.0,34.0,143.0,275.0,0.0,False,4,8050,1,0,3,6,1,0,0,0,0,1,0,452.0,0,1,1,0,0,0,1,0
1,1.0,0,0.0,0.0,0.0,0.0,0.0,True,0,8050,2,0,3,5,1,0,1,0,0,0,0,0.0,1,3,1,0,0,0,0,1
1,0.0,0,0.0,0.0,0.0,0.0,0.0,True,0,8050,3,0,3,6,1,0,0,0,0,1,0,0.0,1,3,1,0,0,0,1,0
0,9.0,0,0.0,0.0,0.0,0.0,0.0,False,1,8052,1,0,2,6,1,0,0,0,0,1,0,0.0,1,3,1,0,0,0,0,1
0,18.0,0,0.0,0.0,0.0,1.0,335.0,False,2,8052,2,0,2,6,1,0,0,0,0,1,0,336.0,0,1,1,0,0,0,1,0
0,29.0,0,1544.0,1.0,206.0,0.0,0.0,False,4,8053,1,1,1,5,0,0,0,0,0,0,1,1751.0,0,0,0,0,1,0,0,1
0,52.0,0,0.0,0.0,262.0,1425.0,571.0,False,6,8054,1,1,1,5,1,0,0,0,0,0,1,2258.0,0,0,0,0,1,1,0,0
0,27.0,0,0.0,0.0,846.0,59.0,0.0,False,4,8055,1,1,1,4,1,0,1,0,0,0,0,905.0,0,2,1,0,0,0,0,1
0,54.0,0,0.0,793.0,0.0,87.0,1567.0,False,6,8056,1,0,2,2,0,1,0,0,0,0,0,2447.0,0,0,0,1,0,0,0,1
0,28.0,0,40.0,9012.0,0.0,111.0,551.0,True,4,8056,2,0,2,2,0,1,0,0,0,0,0,9714.0,0,0,0,1,0,0,0,1
1,65.0,0,0.0,0.0,0.0,0.0,0.0,True,6,8057,1,0,2,1,0,1,0,0,0,0,0,0.0,1,3,0,1,0,0,0,1
1,26.0,0,0.0,0.0,0.0,0.0,0.0,True,4,8057,2,0,2,1,0,1,0,0,0,0,0,0.0,1,3,0,1,0,1,0,0
0,29.0,0,12.0,2.0,0.0,432.0,1548.0,False,4,8058,1,1,1,5,0,0,0,0,0,0,1,1994.0,0,0,1,0,0,0,0,1
0,20.0,0,0.0,38.0,0.0,0.0,1779.0,False,3,8059,1,1,1,6,0,0,0,0,0,1,0,1817.0,0,0,1,0,0,0,0,1
0,39.0,0,1369.0,259.0,960.0,1.0,29.0,False,5,8060,1,0,2,5,1,0,0,0,0,0,1,2618.0,0,0,0,0,1,0,0,1
1,37.0,0,0.0,0.0,0.0,0.0,0.0,True,5,8060,2,0,2,5,1,0,0,0,0,0,1,0.0,1,3,0,0,1,0,0,1
0,20.0,0,0.0,25.0,0.0,11.0,0.0,False,3,8063,1,1,1,5,1,0,0,0,0,0,1,36.0,0,1,1,0,0,0,0,1
1,40.0,0,0.0,0.0,0.0,0.0,0.0,True,5,8064,1,0,3,5,1,0,1,0,0,0,0,0.0,1,3,0,0,1,0,0,1
0,0.0,0,0.0,0.0,0.0,0.0,0.0,True,0,8064,2,0,3,4,1,0,1,0,0,0,0,0.0,1,3,0,0,1,0,0,1
1,33.0,0,0.0,0.0,0.0,0.0,0.0,False,5,8064,3,0,3,4,1,0,1,0,0,0,0,0.0,1,3,0,0,1,0,0,1
1,23.0,0,0.0,0.0,0.0,0.0,0.0,True,3,8066,1,1,1,5,1,0,0,0,0,0,1,0.0,1,3,0,0,1,0,0,1
0,32.0,0,1.0,0.0,0.0,9.0,663.0,False,4,8067,1,1,1,5,0,0,0,0,0,0,1,673.0,0,1,1,0,0,1,0,0
0,20.0,0,0.0,52.0,0.0,110.0,614.0,False,3,8068,1,1,1,5,1,0,0,0,0,0,1,776.0,0,2,1,0,0,0,0,1
1,60.0,0,0.0,0.0,0.0,0.0,0.0,True,6,8069,1,1,1,3,1,1,0,0,0,0,0,0.0,1,3,0,1,0,1,0,0
0,53.0,0,0.0,0.0,716.0,0.0,0.0,True,6,8071,1,1,1,5,1,0,0,0,0,0,1,716.0,0,1,1,0,0,0,0,1
1,26.0,0,0.0,0.0,0.0,0.0,0.0,True,4,8072,1,0,2,3,1,1,0,0,0,0,0,0.0,1,3,0,1,0,0,0,1
0,35.0,0,0.0,5500.0,0.0,180.0,3173.0,False,5,8072,2,0,2,3,1,1,0,0,0,0,0,8853.0,0,0,0,1,0,1,0,0
0,19.0,0,355.0,0.0,0.0,0.0,284.0,False,3,8075,1,1,1,5,1,0,0,0,0,0,1,639.0,0,1,1,0,0,1,0,0
0,43.0,0,1.0,2060.0,0.0,1.0,2764.0,False,5,8076,1,0,2,2,0,1,0,0,0,0,0,4826.0,0,0,0,1,0,1,0,0
0,29.0,0,2686.0,0.0,0.0,2854.0,2553.0,False,4,8076,2,0,2,2,0,1,0,0,0,0,0,8093.0,0,0,0,1,0,1,0,0
0,20.0,0,721.0,122.0,0.0,0.0,0.0,False,3,8077,1,1,1,6,0,0,0,0,0,1,0,843.0,0,2,1,0,0,0,0,1
0,19.0,0,0.0,0.0,134.0,1931.0,0.0,False,3,8078,1,1,1,5,0,0,0,0,0,0,1,2065.0,0,0,1,0,0,0,0,1
0,21.0,0,505.0,0.0,0.0,0.0,110.0,True,3,8079,1,1,1,5,1,0,0,0,0,0,1,615.0,0,1,1,0,0,0,1,0
0,39.0,0,2.0,15450.0,336.0,1.0,904.0,True,5,8081,1,1,1,3,0,1,0,0,0,0,0,16693.0,0,0,0,1,0,1,0,0
1,12.0,0,0.0,0.0,0.0,0.0,0.0,False,1,8082,1,0,2,6,0,0,0,0,0,1,0,0.0,1,3,1,0,0,0,0,1
0,20.0,0,1842.0,0.0,0.0,0.0,0.0,True,3,8082,2,0,2,5,0,0,0,0,0,0,1,1842.0,0,0,1,0,0,1,0,0
0,18.0,0,595.0,134.0,7.0,0.0,0.0,False,2,8083,1,1,1,5,0,0,0,0,0,0,1,736.0,0,2,1,0,0,0,0,1
0,31.0,0,0.0,745.0,0.0,6688.0,2161.0,False,4,8084,1,1,1,2,0,1,0,0,0,0,0,9594.0,0,0,0,1,0,0,0,1
0,35.0,0,635.0,3.0,0.0,0.0,25.0,False,5,8085,1,1,1,5,1,0,0,0,0,0,1,663.0,0,1,1,0,0,0,1,0
1,44.0,0,0.0,0.0,0.0,0.0,0.0,True,5,8086,1,1,1,6,0,0,0,0,0,1,0,0.0,1,3,1,0,0,0,1,0
0,62.0,0,33.0,3518.0,0.0,394.0,0.0,True,6,8087,1,1,1,1,0,1,0,0,0,0,0,3945.0,0,0,0,1,0,0,0,1
0,23.0,0,1.0,0.0,11.0,0.0,2336.0,False,3,8088,1,0,2,4,0,0,1,0,0,0,0,2348.0,0,0,0,0,1,0,0,1
0,23.0,1,3.0,0.0,0.0,1677.0,2336.0,False,3,8088,2,0,2,5,0,0,0,0,0,0,1,1680.0,0,0,0,0,1,0,0,1
0,19.0,0,0.0,0.0,1761.0,0.0,36.0,True,3,8089,1,1,1,5,0,0,0,0,0,0,1,1797.0,0,0,1,0,0,0,0,1
0,29.0,0,18.0,7.0,0.0,0.0,779.0,False,4,8091,1,1,1,5,0,0,0,0,0,0,1,804.0,0,2,1,0,0,0,0,1
0,31.0,0,0.0,4655.0,135.0,2075.0,402.0,True,4,8092,1,0,3,3,1,1,0,0,0,0,0,7267.0,0,0,0,1,0,0,0,1
1,33.0,1,0.0,3935.5,0.0,0.0,0.0,True,5,8092,2,0,3,3,1,1,0,0,0,0,0,0.0,1,3,0,1,0,1,0,0
0,41.0,0,0.0,3216.0,0.0,433.0,517.0,False,5,8092,3,0,3,3,1,1,0,0,0,0,0,4166.0,0,0,0,1,0,0,0,1
0,60.0,0,19.0,7316.0,0.0,0.0,1781.0,True,6,8094,1,1,1,2,0,1,0,0,0,0,0,9116.0,0,0,0,1,0,0,0,1
1,41.0,0,0.0,0.0,0.0,0.0,0.0,True,5,8097,1,1,1,1,1,0,1,0,0,0,0,0.0,1,3,0,1,0,0,0,1
0,69.0,1,0.0,269.0,0.0,190.0,9033.0,False,6,8098,1,0,4,1,0,1,0,0,0,0,0,9492.0,0,0,0,1,0,0,0,1
0,44.0,0,9.0,2311.0,0.0,633.0,1.0,True,5,8098,2,0,4,1,0,1,0,0,0,0,0,2954.0,0,0,0,1,0,1,0,0
1,18.0,0,0.0,2311.0,0.0,0.0,0.0,True,2,8098,3,0,4,1,0,1,0,0,0,0,0,0.0,1,3,0,1,0,1,0,0
0,26.0,0,0.0,11598.0,0.0,3.0,386.0,True,4,8098,4,0,4,1,0,1,0,0,0,0,0,11987.0,0,0,0,1,0,1,0,0
0,30.0,0,4.0,0.0,442.0,2441.0,0.0,False,4,8102,1,1,1,5,0,0,0,0,0,0,1,2887.0,0,0,1,0,0,0,0,1
0,34.0,0,81.0,0.0,492.0,122.0,0.0,False,5,8103,1,1,1,5,0,0,0,0,0,0,1,695.0,0,1,0,0,1,0,0,1
0,18.0,0,0.0,0.0,15.0,570.0,84.0,False,2,8105,1,1,1,5,0,0,0,0,0,0,1,669.0,0,1,1,0,0,0,1,0
1,49.0,0,0.0,0.0,0.0,0.0,0.0,True,5,8106,1,1,1,6,1,0,0,0,0,1,0,0.0,1,3,1,0,0,1,0,0
0,71.0,0,48.0,43.0,0.0,78.0,534.0,False,6,8107,1,1,1,5,0,0,0,0,0,0,1,703.0,0,1,1,0,0,0,1,0
0,19.0,0,150.0,605.0,0.0,0.0,1.0,False,3,8108,1,1,1,5,1,0,0,0,0,0,1,756.0,0,2,1,0,0,0,1,0
0,23.0,0,90.0,4.0,0.0,7.0,588.0,False,3,8112,1,1,1,5,1,0,0,0,0,0,1,689.0,0,1,1,0,0,0,1,0
1,31.0,0,0.0,0.0,0.0,0.0,0.0,True,4,8115,1,0,2,1,1,0,1,0,0,0,0,0.0,1,3,0,1,0,0,0,1
1,40.0,0,0.0,0.0,0.0,0.0,0.0,True,5,8115,2,0,2,1,1,0,1,0,0,0,0,0.0,1,3,0,1,0,0,0,1
0,28.0,0,49.0,0.0,0.0,2.0,1136.0,False,4,8116,1,1,1,3,0,1,0,0,0,0,0,1187.0,0,2,0,0,1,1,0,0
1,17.0,0,0.0,0.0,0.0,0.0,0.0,True,2,8117,1,0,3,1,1,0,1,0,0,0,0,0.0,1,3,0,1,0,0,0,1
0,24.0,0,0.0,809.0,0.0,4928.0,143.0,False,3,8117,2,0,3,1,1,0,1,0,0,0,0,5880.0,0,0,0,1,0,0,0,1
1,54.0,0,0.0,0.0,0.0,0.0,0.0,True,6,8117,3,0,3,1,1,0,1,0,0,0,0,0.0,1,3,0,1,0,1,0,0
1,21.0,0,0.0,0.0,0.0,0.0,0.0,False,3,8118,1,1,1,6,0,0,0,0,0,1,0,0.0,1,3,1,0,0,0,0,1
1,2.0,0,0.0,0.0,0.0,0.0,0.0,False,0,8119,1,0,3,5,1,0,0,0,0,0,1,0.0,1,3,1,0,0,1,0,0
0,20.0,0,6.0,1119.0,0.0,24.0,13.0,True,3,8119,2,0,3,5,1,0,0,0,0,0,1,1162.0,0,2,1,0,0,1,0,0
0,20.0,0,97.0,279.0,0.0,301.0,39.0,False,3,8119,3,0,3,5,1,0,0,0,0,0,1,716.0,0,1,1,0,0,1,0,0
0,36.0,0,0.0,4260.0,0.0,0.0,1678.0,True,5,8120,1,1,1,3,0,1,0,0,0,0,0,5938.0,0,0,0,1,0,1,0,0
1,25.0,0,0.0,0.0,0.0,0.0,0.0,True,3,8121,1,1,1,6,0,0,0,0,0,1,0,0.0,1,3,1,0,0,0,0,1
0,58.0,0,0.0,226.0,0.0,5481.0,2108.0,False,6,8122,1,0,3,2,1,0,1,0,0,0,0,5707.0,0,0,0,1,0,1,0,0
0,37.0,0,79.0,218.0,0.0,442.0,659.0,True,5,8122,2,0,3,2,1,0,1,0,0,0,0,1398.0,0,2,0,1,0,0,0,1
0,26.0,0,0.0,13.0,0.0,3803.0,3557.0,False,4,8122,3,0,3,2,1,0,1,0,0,0,0,7373.0,0,0,0,1,0,0,0,1
1,45.0,0,0.0,0.0,0.0,0.0,0.0,False,5,8123,1,1,1,6,0,0,0,0,0,1,0,0.0,1,3,1,0,0,0,0,1
0,44.0,0,0.0,903.0,0.0,0.0,0.0,False,5,8124,1,1,1,5,0,0,0,0,0,0,1,903.0,0,2,1,0,0,0,0,1
1,24.0,0,0.0,0.0,0.0,0.0,0.0,True,3,8128,1,1,1,5,0,0,0,0,0,0,1,0.0,1,3,0,0,1,0,0,1
1,13.0,0,0.0,0.0,0.0,0.0,0.0,True,2,8129,1,0,5,5,1,0,1,0,0,0,0,0.0,1,3,1,0,0,1,0,0
0,4.0,0,0.0,0.0,0.0,0.0,0.0,True,0,8129,2,0,5,6,0,0,0,0,0,1,0,0.0,1,3,1,0,0,0,0,1
0,24.0,0,381.0,925.0,342.0,0.0,642.0,False,3,8129,3,0,5,5,0,0,0,0,0,0,1,2290.0,0,0,1,0,0,0,0,1
0,27.0,0,3.0,13.0,0.0,0.0,788.0,False,4,8129,4,0,5,5,0,0,0,0,0,0,1,804.0,0,2,1,0,0,1,0,0
0,39.0,0,44.0,1620.0,0.0,6.0,0.0,False,5,8129,5,0,5,4,0,0,1,0,0,0,0,1670.0,0,0,1,0,0,0,0,1
1,23.0,0,0.0,0.0,0.0,0.0,0.0,False,3,8130,1,0,3,6,1,0,0,0,0,1,0,0.0,1,3,1,0,0,0,0,1
0,4.0,0,0.0,0.0,0.0,0.0,0.0,False,0,8130,2,0,3,6,1,0,0,0,0,1,0,0.0,1,3,1,0,0,1,0,0
1,0.0,0,0.0,0.0,0.0,0.0,0.0,False,0,8130,3,0,3,6,1,0,0,0,0,1,0,0.0,1,3,1,0,0,0,0,1
1,22.0,0,0.0,0.0,0.0,0.0,0.0,True,3,8131,1,1,1,5,1,0,0,0,0,0,1,0.0,1,3,0,0,1,0,0,1
0,27.0,0,831.0,0.0,0.0,867.0,20.0,False,4,8133,1,1,1,3,0,1,0,0,0,0,0,1718.0,0,0,0,0,1,0,0,1
1,22.0,0,0.0,0.0,0.0,0.0,0.0,True,3,8135,1,1,1,2,0,1,0,0,0,0,0,0.0,1,3,0,1,0,0,0,1
1,26.0,0,0.0,0.0,0.0,0.0,0.0,True,4,8136,1,0,2,2,0,1,0,0,0,0,0,0.0,1,3,0,1,0,1,0,0
0,60.0,0,0.0,5998.0,0.0,4794.0,8.0,False,6,8136,2,0,2,2,0,1,0,0,0,0,0,10800.0,0,0,0,1,0,0,0,1
0,18.0,0,0.0,297.0,0.0,588.0,23.0,False,2,8137,1,1,1,6,0,0,0,0,0,1,0,908.0,0,2,1,0,0,0,0,1
1,20.0,0,0.0,0.0,0.0,0.0,0.0,False,3,8138,1,1,1,6,0,0,0,0,0,1,0,0.0,1,3,1,0,0,1,0,0
0,25.0,0,11.0,780.0,0.0,0.0,0.0,True,3,8139,1,1,1,4,0,0,1,0,0,0,0,791.0,0,2,1,0,0,0,0,1
1,24.0,0,0.0,0.0,0.0,0.0,0.0,True,3,8140,1,1,1,6,1,0,0,0,0,1,0,0.0,1,3,1,0,0,0,1,0
1,38.0,0,0.0,0.0,0.0,0.0,0.0,True,5,8141,1,1,1,6,1,0,0,0,0,1,0,0.0,1,3,1,0,0,0,0,1
0,18.0,0,0.0,17.0,5.0,0.0,712.0,True,2,8143,1,1,1,5,1,0,0,0,0,0,1,734.0,0,2,1,0,0,0,0,1
1,45.0,0,0.0,0.0,0.0,0.0,0.0,True,5,8144,1,0,4,1,0,1,0,0,0,0,0,0.0,1,3,0,1,0,1,0,0
0,13.0,0,0.0,3680.0,0.0,1529.0,3854.0,False,2,8144,2,0,4,1,0,1,0,0,0,0,0,9063.0,0,0,0,1,0,0,0,1
0,28.0,0,0.0,3317.0,77.0,0.0,130.0,True,4,8144,3,0,4,1,0,1,0,0,0,0,0,3524.0,0,0,0,1,0,0,0,1
0,5.0,0,0.0,0.0,0.0,0.0,0.0,True,1,8144,4,0,4,1,0,1,0,0,0,0,0,0.0,1,3,0,1,0,0,0,1
0,20.0,0,0.0,142.0,0.0,3528.0,92.0,False,3,8147,1,0,4,6,0,0,0,0,0,1,0,3762.0,0,0,1,0,0,0,0,1
1,2.0,0,0.0,0.0,0.0,0.0,0.0,True,0,8147,2,0,4,5,1,0,1,0,0,0,0,0.0,1,3,1,0,0,0,0,1
0,42.0,0,18.0,5.0,470.0,356.0,57.0,False,5,8147,3,0,4,6,0,0,0,0,0,1,0,906.0,0,2,1,0,0,0,0,1
0,0.0,0,0.0,0.0,0.0,0.0,0.0,True,0,8147,4,0,4,6,0,0,0,0,0,1,0,0.0,1,3,1,0,0,1,0,0
0,18.0,0,0.0,508.0,0.0,44.0,257.0,False,2,8148,1,1,1,6,0,0,0,0,0,1,0,809.0,0,2,1,0,0,0,0,1
1,26.0,0,0.0,0.0,0.0,0.0,0.0,False,4,8149,1,1,1,6,0,0,0,0,0,1,0,0.0,1,3,1,0,0,0,1,0
1,3.0,0,0.0,0.0,5.0,0.0,0.0,True,0,8150,1,0,3,4,1,0,1,0,0,0,0,0.0,1,3,0,0,1,1,0,0
1,49.0,0,0.0,0.0,0.0,0.0,0.0,True,5,8150,2,0,3,4,1,0,1,0,0,0,0,0.0,1,3,0,0,1,0,1,0
0,19.0,0,691.0,0.0,10.0,561.0,25.0,False,3,8150,3,0,3,4,1,0,1,0,0,0,0,1287.0,0,2,0,0,1,0,0,1
1,19.0,0,0.0,0.0,0.0,0.0,0.0,False,3,8152,1,1,1,6,1,0,0,0,0,1,0,0.0,1,3,1,0,0,0,0,1
1,15.0,0,0.0,0.0,0.0,0.0,0.0,False,2,8153,1,1,1,6,0,0,0,0,0,1,0,0.0,1,3,1,0,0,0,0,1
0,53.0,0,90.0,29.0,102.0,244.0,56.0,False,6,8156,1,1,1,6,0,0,0,0,0,1,0,521.0,0,1,1,0,0,0,1,0
0,0.0,0,0.0,0.0,0.0,0.0,0.0,True,0,8157,1,0,6,6,1,0,0,0,0,1,0,0.0,1,3,1,0,0,0,0,1
0,39.0,0,1663.0,0.0,262.0,229.0,0.0,False,5,8157,2,0,6,5,1,0,0,0,0,0,1,2154.0,0,0,1,0,0,1,0,0
0,45.0,0,0.0,0.0,2778.0,1910.0,0.0,False,5,8157,3,0,6,6,1,0,0,0,0,1,0,4688.0,0,0,1,0,0,0,0,1
1,10.0,0,0.0,0.0,0.0,0.0,0.0,True,1,8157,4,0,6,6,1,0,0,0,0,1,0,0.0,1,3,1,0,0,0,0,1
0,1.0,0,0.0,0.0,0.0,0.0,0.0,True,0,8157,5,0,6,6,1,0,0,0,0,1,0,0.0,1,3,1,0,0,1,0,0
0,9.0,0,0.0,0.0,0.0,0.0,0.0,True,1,8157,6,0,6,6,1,0,0,0,0,1,0,0.0,1,3,1,0,0,0,0,1
0,40.0,0,953.0,0.0,356.0,0.0,0.0,False,5,8158,1,1,1,5,0,0,0,0,0,0,1,1309.0,0,2,0,0,1,0,0,1
0,26.0,0,0.0,0.0,0.0,622.0,8.0,False,4,8159,1,1,1,5,0,0,0,0,0,0,1,630.0,0,1,1,0,0,0,0,1
0,18.0,0,1157.0,28.0,50.0,0.0,0.0,False,2,8161,1,1,1,5,0,0,0,0,0,0,1,1235.0,0,2,1,0,0,0,0,1
0,47.0,0,0.0,314.0,0.0,889.0,1090.0,False,5,8162,1,1,1,4,0,0,1,0,0,0,0,2293.0,0,0,0,1,0,0,0,1
0,31.0,0,0.0,918.0,0.0,0.0,900.0,False,4,8164,1,1,1,6,1,0,0,0,0,1,0,1818.0,0,0,1,0,0,0,0,1
0,27.0,0,279.0,11.0,40.0,718.0,0.0,False,5,8165,1,1,1,4,0,0,1,0,0,0,0,1048.0,0,2,0,0,1,0,0,1
1,23.0,0,0.0,0.0,0.0,0.0,0.0,True,3,8167,1,1,1,6,1,0,0,0,0,1,0,0.0,1,3,1,0,0,0,1,0
0,32.0,0,7.0,723.0,0.0,6.0,13.0,False,4,8168,1,0,8,5,1,0,0,0,0,0,1,749.0,0,2,1,0,0,1,0,0
0,32.0,0,293.0,889.0,1.0,1.0,200.0,False,4,8168,2,0,8,5,1,0,0,0,0,0,1,1384.0,0,2,1,0,0,0,0,1
0,21.0,0,644.0,0.0,0.0,0.0,2.0,False,3,8168,3,0,8,5,1,0,0,0,0,0,1,646.0,0,1,1,0,0,0,0,1
0,28.0,0,4.0,0.0,9.0,20.0,831.0,False,4,8168,4,0,8,5,1,0,0,0,0,0,1,864.0,0,2,1,0,0,0,0,1
0,22.0,0,753.0,0.0,0.0,0.0,0.0,False,3,8168,5,0,8,6,1,0,0,0,0,1,0,753.0,0,2,1,0,0,0,0,1
0,18.0,0,0.0,858.0,2.0,0.0,0.0,True,2,8168,6,0,8,6,1,0,0,0,0,1,0,860.0,0,2,1,0,0,0,0,1
1,28.0,0,0.0,0.0,0.0,0.0,0.0,True,4,8168,7,0,8,6,1,0,0,0,0,1,0,0.0,1,3,1,0,0,0,1,0
1,38.0,0,0.0,0.0,0.0,0.0,0.0,True,5,8168,8,0,8,6,1,0,0,0,0,1,0,0.0,1,3,1,0,0,0,0,1
0,46.0,0,0.0,0.0,594.0,154.0,0.0,False,5,8171,1,1,1,5,0,0,0,0,0,0,1,748.0,0,2,1,0,0,0,0,1
0,44.0,0,0.0,3771.0,0.0,521.0,4.0,True,5,8173,1,1,1,2,1,0,1,0,0,0,0,4296.0,0,0,0,1,0,0,0,1
1,38.0,0,0.0,0.0,0.0,0.0,0.0,True,5,8175,1,1,1,2,1,0,1,0,0,0,0,0.0,1,3,0,1,0,0,0,1
0,28.0,0,5.0,8252.0,0.0,181.0,3027.0,False,4,8176,1,1,1,0,1,1,0,0,0,0,0,11465.0,0,0,0,1,0,1,0,0
0,31.0,0,116.0,0.0,298.0,2.0,227.0,False,4,8177,1,1,1,6,1,0,0,0,0,1,0,643.0,0,1,1,0,0,0,0,1
1,18.0,0,0.0,0.0,0.0,0.0,0.0,True,2,8178,1,1,1,6,1,0,0,0,0,1,0,0.0,1,3,1,0,0,0,0,1
0,18.0,0,0.0,220.0,4.0,0.0,532.0,False,2,8182,1,1,1,5,1,0,0,0,0,0,1,756.0,0,2,1,0,0,0,1,0
0,4.0,0,0.0,0.0,0.0,0.0,0.0,True,0,8186,1,0,4,6,1,0,0,0,0,1,0,0.0,1,3,1,0,0,1,0,0
1,0.0,0,0.0,0.0,0.0,0.0,0.0,True,0,8186,2,0,4,6,1,0,0,0,0,1,0,0.0,1,3,1,0,0,0,1,0
0,0.0,0,0.0,0.0,0.0,0.0,0.0,False,0,8186,3,0,4,6,1,0,0,0,0,1,0,0.0,1,3,1,0,0,0,0,1
1,23.0,0,0.0,0.0,0.0,0.0,0.0,False,3,8186,4,0,4,6,1,0,0,0,0,1,0,0.0,1,3,1,0,0,0,1,0
0,35.0,0,0.0,747.0,0.0,0.0,2478.0,False,5,8189,1,1,1,2,0,1,0,0,0,0,0,3225.0,0,0,0,1,0,0,0,1
1,43.0,0,0.0,0.0,0.0,0.0,0.0,True,5,8190,1,1,1,1,1,0,1,0,0,0,0,0.0,1,3,0,1,0,1,0,0
0,18.0,0,0.0,0.0,19.0,751.0,4.0,False,2,8191,1,1,1,6,1,0,0,0,0,1,0,774.0,0,2,1,0,0,0,1,0
0,18.0,0,539.0,2.0,3.0,900.0,0.0,False,2,8192,1,1,1,5,1,0,0,0,0,0,1,1444.0,0,0,1,0,0,0,0,1
0,18.0,0,0.0,0.0,662.0,30.0,0.0,True,2,8194,1,1,1,5,1,0,0,0,0,0,1,692.0,0,1,1,0,0,0,0,1
0,49.0,0,598.0,0.0,0.0,118.0,0.0,False,5,8197,1,1,1,5,0,0,0,0,0,0,1,716.0,0,1,1,0,0,1,0,0
0,19.0,0,0.0,0.0,0.0,0.0,0.0,False,3,8199,1,1,1,6,0,0,0,0,0,1,0,0.0,1,3,1,0,0,0,0,1
1,22.0,0,0.0,0.0,0.0,0.0,0.0,True,3,8200,1,1,1,6,0,0,0,0,0,1,0,0.0,1,3,1,0,0,0,1,0
0,4.0,0,0.0,0.0,0.0,0.0,0.0,True,0,8202,1,0,6,2,1,0,1,0,0,0,0,0.0,1,3,0,1,0,0,0,1
0,0.0,0,0.0,0.0,0.0,0.0,0.0,True,0,8202,2,0,6,2,1,0,1,0,0,0,0,0.0,1,3,0,1,0,0,0,1
1,36.0,0,0.0,0.0,0.0,0.0,0.0,True,0,8202,3,0,6,2,1,0,1,0,0,0,0,0.0,1,3,0,1,0,0,0,1
0,39.0,0,19.0,3603.0,0.0,421.0,517.0,True,5,8202,4,0,6,2,1,0,1,0,0,0,0,4560.0,0,0,0,1,0,0,0,1
0,36.0,0,0.0,8151.0,5.0,0.0,8182.0,False,5,8202,5,0,6,2,1,0,1,0,0,0,0,16338.0,0,0,0,1,0,1,0,0
1,53.0,0,0.0,0.0,0.0,0.0,0.0,True,6,8202,6,0,6,2,1,0,1,0,0,0,0,0.0,1,3,0,1,0,0,0,1
0,23.0,0,0.0,395.0,0.0,6.0,0.0,False,3,8203,1,0,2,2,1,0,1,0,0,0,0,401.0,0,1,0,1,0,1,0,0
1,24.0,0,0.0,0.0,0.0,0.0,0.0,True,3,8203,2,0,2,2,1,0,1,0,0,0,0,0.0,1,3,0,1,0,0,0,1
0,25.0,0,0.0,1003.0,1629.0,73.0,748.0,False,3,8204,1,0,2,4,1,0,1,0,0,0,0,3453.0,0,0,0,1,0,0,0,1
0,30.0,0,209.0,157.0,2566.0,171.0,472.0,False,4,8204,2,0,2,4,1,0,1,0,0,0,0,3575.0,0,0,0,1,0,0,0,1
0,20.0,0,625.0,0.0,2.0,0.0,0.0,False,3,8205,1,1,1,6,0,0,0,0,0,1,0,627.0,0,1,1,0,0,0,0,1
1,40.0,0,0.0,0.0,0.0,0.0,0.0,True,5,8207,1,1,1,5,0,0,0,0,0,0,1,0.0,1,3,0,0,1,0,0,1
1,18.0,0,0.0,0.0,0.0,0.0,0.0,True,2,8208,1,1,1,6,1,0,0,0,0,1,0,0.0,1,3,1,0,0,0,1,0
0,57.0,0,6.0,510.0,372.0,0.0,0.0,True,6,8209,1,1,1,6,0,0,0,0,0,1,0,888.0,0,2,1,0,0,0,0,1
0,47.0,0,1282.0,0.0,5.0,495.0,0.0,False,5,8210,1,1,1,3,1,1,0,0,0,0,0,1782.0,0,0,0,0,1,0,0,1
1,26.0,0,0.0,0.0,0.0,0.0,0.0,True,4,8211,1,1,1,6,1,0,0,0,0,1,0,0.0,1,3,1,0,0,1,0,0
0,29.0,0,487.0,0.0,60.0,12.0,0.0,False,4,8212,1,1,1,5,1,0,0,0,0,0,1,559.0,0,1,1,0,0,0,1,0
0,32.0,0,0.0,2.0,1.0,0.0,881.0,False,4,8213,1,1,1,6,0,0,0,0,0,1,0,884.0,0,2,1,0,0,0,0,1
1,30.0,0,0.0,0.0,0.0,0.0,0.0,True,4,8214,1,1,1,3,1,1,0,0,0,0,0,0.0,1,3,0,1,0,0,0,1
0,18.0,0,22.0,0.0,681.0,0.0,1.0,True,2,8216,1,1,1,6,0,0,0,0,0,1,0,704.0,0,1,1,0,0,0,0,1
0,49.0,0,0.0,4.0,50.0,0.0,746.0,False,5,8217,1,1,1,5,1,0,0,0,0,0,1,800.0,0,2,1,0,0,0,0,1
1,33.0,0,0.0,0.0,0.0,0.0,0.0,True,5,8218,1,1,1,1,0,1,0,0,0,0,0,0.0,1,3,0,1,0,0,0,1
0,18.0,0,3.0,0.0,3.0,1773.0,0.0,False,2,8219,1,1,1,6,0,0,0,0,0,1,0,1779.0,0,0,1,0,0,0,0,1
0,29.0,0,0.0,5157.0,1.0,136.0,32.0,True,4,8220,1,1,1,0,1,1,0,0,0,0,0,5326.0,0,0,0,1,0,0,0,1
1,34.0,0,0.0,0.0,0.0,0.0,0.0,True,5,8221,1,1,1,5,0,0,0,0,0,0,1,0.0,1,3,0,0,1,0,0,1
0,43.0,0,1054.0,109.0,576.0,645.0,0.0,False,5,8222,1,0,2,3,0,1,0,0,0,0,0,2384.0,0,0,0,0,1,0,0,1
0,18.0,0,32.0,1255.0,1.0,0.0,0.0,True,2,8222,2,0,2,5,0,0,0,0,0,0,1,1288.0,0,2,0,0,1,0,0,1
1,31.0,0,0.0,0.0,0.0,0.0,0.0,False,4,8224,1,1,1,6,1,0,0,0,0,1,0,0.0,1,3,1,0,0,0,0,1
0,15.0,0,85.0,0.0,1130.0,0.0,248.0,False,2,8225,1,1,1,5,1,0,1,0,0,0,0,1463.0,0,0,0,0,1,0,0,1
1,3.0,0,0.0,0.0,0.0,0.0,0.0,True,0,8226,1,0,3,5,1,0,0,0,0,0,1,0.0,1,3,0,0,1,0,0,1
1,37.0,0,0.0,0.0,0.0,0.0,0.0,True,5,8226,2,0,3,5,1,0,0,0,0,0,1,0.0,1,3,0,0,1,0,0,1
1,1.0,0,0.0,0.0,0.0,0.0,0.0,True,0,8226,3,0,3,5,1,0,0,0,0,0,1,0.0,1,3,0,0,1,0,0,1
0,27.0,0,14.0,1186.0,460.0,12.0,9.0,True,4,8227,1,1,1,4,0,0,1,0,0,0,0,1681.0,0,0,1,0,0,0,0,1
1,15.0,0,0.0,0.0,0.0,0.0,0.0,True,2,8229,1,1,1,6,0,0,0,0,0,1,0,0.0,1,3,1,0,0,0,0,1
0,33.0,0,201.0,819.0,0.0,0.0,0.0,True,5,8231,1,0,2,6,1,0,0,0,0,1,0,1020.0,0,2,1,0,0,0,0,1
0,65.0,0,0.0,0.0,113.0,208.0,587.0,False,6,8231,2,0,2,6,1,0,0,0,0,1,0,908.0,0,2,1,0,0,0,0,1
0,19.0,0,5.0,666.0,0.0,123.0,440.0,False,3,8232,1,1,1,5,1,0,0,0,0,0,1,1234.0,0,2,1,0,0,0,0,1
0,30.0,0,0.0,0.0,779.0,0.0,18.0,False,4,8233,1,0,2,5,1,0,0,0,0,0,1,797.0,0,2,1,0,0,0,0,1
0,37.0,0,72.0,0.0,18.0,0.0,809.0,False,5,8233,2,0,2,5,1,0,0,0,0,0,1,899.0,0,2,1,0,0,0,0,1
0,15.0,0,0.0,21.0,22.0,1149.0,249.0,False,2,8235,1,1,1,5,1,0,0,0,0,0,1,1441.0,0,2,1,0,0,0,0,1
0,19.0,0,511.0,0.0,0.0,267.0,0.0,False,3,8237,1,1,1,5,1,0,0,0,0,0,1,778.0,0,2,1,0,0,0,0,1
0,20.0,0,749.0,16.0,0.0,0.0,29.0,False,3,8238,1,0,2,5,1,0,0,0,0,0,1,794.0,0,2,1,0,0,0,0,1
1,19.0,0,0.0,0.0,0.0,0.0,0.0,False,3,8238,2,0,2,6,1,0,0,0,0,1,0,0.0,1,3,1,0,0,1,0,0
0,21.0,0,499.0,0.0,193.0,1.0,1.0,False,3,8239,1,1,1,5,1,0,0,0,0,0,1,694.0,0,1,1,0,0,1,0,0
0,20.0,0,2.0,2.0,876.0,8.0,0.0,True,3,8242,1,1,1,6,1,0,0,0,0,1,0,888.0,0,2,1,0,0,0,0,1
0,18.0,0,0.0,44.0,0.0,795.0,69.0,False,2,8243,1,1,1,6,1,0,0,0,0,1,0,908.0,0,2,1,0,0,0,0,1
0,27.0,0,1007.0,0.0,0.0,9.0,0.0,False,4,8244,1,1,1,6,0,0,0,0,0,1,0,1016.0,0,2,1,0,0,0,0,1
0,23.0,0,0.0,2984.0,23.0,686.0,173.0,True,3,8247,1,1,1,3,0,1,0,0,0,0,0,3866.0,0,0,0,1,0,0,0,1
1,25.0,0,0.0,0.0,0.0,0.0,0.0,False,3,8248,1,0,2,6,0,0,0,0,0,1,0,0.0,1,3,1,0,0,0,0,1
0,72.0,0,309.0,0.0,0.0,0.0,463.0,False,6,8248,2,0,2,6,0,0,0,0,0,1,0,772.0,0,2,1,0,0,0,1,0
1,35.0,0,0.0,0.0,0.0,0.0,0.0,True,5,8251,1,1,1,6,1,0,0,0,0,1,0,0.0,1,3,1,0,0,0,0,1
0,29.0,0,52.0,0.0,612.0,465.0,79.0,False,4,8252,1,0,3,5,0,0,0,0,0,0,1,1208.0,0,2,1,0,0,1,0,0
0,11.0,0,0.0,0.0,0.0,0.0,0.0,False,1,8252,2,0,3,6,0,0,0,0,0,1,0,0.0,1,3,1,0,0,0,0,1
1,7.0,0,0.0,0.0,0.0,0.0,0.0,False,1,8252,3,0,3,6,0,0,0,0,0,1,0,0.0,1,3,1,0,0,0,0,1
1,27.0,0,0.0,0.0,0.0,0.0,0.0,True,5,8254,1,1,1,5,0,0,0,0,0,0,1,0.0,1,3,0,0,1,0,0,1
0,28.0,0,0.0,1.0,12.0,875.0,0.0,False,4,8255,1,1,1,6,1,0,0,0,0,1,0,888.0,0,2,1,0,0,0,0,1
0,41.0,0,396.0,0.0,653.0,0.0,0.0,False,5,8257,1,1,1,4,0,0,1,0,0,0,0,1049.0,0,2,0,0,1,0,0,1
0,27.0,0,0.0,0.0,486.0,324.0,0.0,False,5,8259,1,1,1,6,0,0,0,0,0,1,0,810.0,0,2,1,0,0,0,0,1
0,19.0,0,84.0,4.0,4.0,629.0,0.0,False,3,8260,1,0,3,5,1,0,0,0,0,0,1,721.0,0,2,1,0,0,1,0,0
0,8.0,0,0.0,0.0,0.0,0.0,0.0,True,1,8260,2,0,3,6,1,0,0,0,0,1,0,0.0,1,3,1,0,0,1,0,0
1,4.0,0,0.0,0.0,0.0,0.0,0.0,True,0,8260,3,0,3,6,1,0,0,0,0,1,0,0.0,1,3,1,0,0,1,0,0
1,38.0,0,0.0,0.0,0.0,0.0,0.0,False,5,8261,1,1,1,6,0,0,0,0,0,1,0,0.0,1,3,1,0,0,0,1,0
0,21.0,0,32.0,0.0,1008.0,0.0,0.0,True,3,8264,1,1,1,5,1,0,0,0,0,0,1,1040.0,0,2,0,0,1,0,0,1
1,18.0,0,0.0,0.0,0.0,0.0,0.0,False,2,8265,1,1,1,6,0,0,0,0,0,1,0,0.0,1,3,1,0,0,0,0,1
1,10.0,0,0.0,0.0,0.0,0.0,0.0,True,1,8266,1,1,1,6,0,0,0,0,0,1,0,0.0,1,3,1,0,0,0,0,1
0,29.0,0,304.0,0.0,48.0,946.0,0.0,False,4,8267,1,0,2,4,0,0,1,0,0,0,0,1298.0,0,2,0,0,1,0,0,1
1,25.0,0,0.0,0.0,0.0,0.0,0.0,True,3,8267,2,0,2,5,0,0,0,0,0,0,1,0.0,1,3,0,0,1,0,0,1
1,40.0,0,0.0,0.0,0.0,0.0,0.0,True,5,8268,1,0,2,1,1,0,1,0,0,0,0,0.0,1,3,0,1,0,0,0,1
0,19.0,0,0.0,3.0,0.0,918.0,2346.0,False,3,8268,2,0,2,1,1,0,1,0,0,0,0,3267.0,0,0,0,1,0,0,0,1
0,38.0,0,86.0,1144.0,783.0,0.0,0.0,True,5,8270,1,1,1,5,0,0,0,0,0,0,1,2013.0,0,0,0,0,1,0,0,1
0,19.0,0,29.0,2633.0,0.0,0.0,124.0,True,3,8271,1,1,1,5,1,0,0,0,0,0,1,2786.0,0,0,1,0,0,0,0,1
0,0.0,0,0.0,0.0,0.0,0.0,0.0,True,0,8272,1,0,3,5,1,0,0,0,0,0,1,0.0,1,3,0,0,1,0,0,1
1,4.0,0,0.0,0.0,0.0,0.0,0.0,True,0,8272,2,0,3,5,1,0,0,0,0,0,1,0.0,1,3,0,0,1,0,0,1
1,29.0,0,0.0,0.0,0.0,0.0,0.0,True,4,8272,3,0,3,5,1,0,0,0,0,0,1,0.0,1,3,0,0,1,0,0,1
0,46.0,0,0.0,0.0,0.0,369.0,515.0,False,5,8273,1,1,1,6,0,0,0,0,0,1,0,884.0,0,2,1,0,0,0,0,1
1,32.0,0,0.0,0.0,0.0,0.0,0.0,True,4,8275,1,1,1,5,1,0,0,0,0,0,1,0.0,1,3,0,0,1,0,0,1
1,26.0,0,0.0,0.0,0.0,0.0,0.0,True,4,8276,1,0,2,2,0,1,0,0,0,0,0,0.0,1,3,0,1,0,0,0,1
1,23.0,0,0.0,0.0,0.0,0.0,0.0,True,3,8276,2,0,2,2,0,1,0,0,0,0,0,0.0,1,3,0,1,0,0,0,1
1,32.0,0,0.0,0.0,0.0,0.0,0.0,True,4,8277,1,1,1,6,0,0,0,0,0,1,0,0.0,1,3,1,0,0,1,0,0
0,31.0,0,0.0,4334.0,55.0,56.0,0.0,True,4,8279,1,1,1,6,0,0,0,0,0,1,0,4445.0,0,0,1,0,0,0,0,1
0,34.0,0,0.0,0.0,880.0,22.0,0.0,True,5,8280,1,1,1,5,0,0,0,0,0,0,1,902.0,0,2,1,0,0,0,0,1
0,45.0,0,0.0,1.0,233.0,453.0,17.0,False,5,8281,1,1,1,5,0,0,0,0,0,0,1,704.0,0,1,1,0,0,0,0,1
0,61.0,0,67.0,0.0,654.0,0.0,86.0,False,6,8282,1,1,1,6,1,0,0,0,0,1,0,807.0,0,2,1,0,0,0,0,1
0,21.0,0,1242.0,0.0,654.0,0.0,0.0,False,3,8287,1,1,1,4,1,0,1,0,0,0,0,1896.0,0,0,0,0,1,0,0,1
0,15.0,0,1852.0,0.0,870.0,0.0,7.0,False,2,8288,1,0,2,3,0,1,0,0,0,0,0,2729.0,0,0,0,0,1,0,0,1
0,15.0,0,1150.0,0.0,175.0,1.0,11.0,False,2,8288,2,0,2,5,0,0,0,0,0,0,1,1337.0,0,2,0,0,1,0,0,1
1,14.0,0,0.0,0.0,0.0,0.0,0.0,False,2,8289,1,1,1,6,0,0,0,0,0,1,0,0.0,1,3,1,0,0,0,0,1
1,18.0,0,0.0,0.0,0.0,0.0,0.0,True,2,8291,1,1,1,6,1,0,0,0,0,1,0,0.0,1,3,1,0,0,0,0,1
1,39.0,0,0.0,0.0,0.0,0.0,0.0,True,5,8292,1,1,1,2,1,0,1,0,0,0,0,0.0,1,3,0,1,0,0,0,1
1,62.0,0,0.0,0.0,0.0,0.0,0.0,True,6,8294,1,1,1,4,1,0,1,0,0,0,0,0.0,1,3,0,0,1,0,0,1
0,40.0,0,1309.0,0.0,0.0,0.0,0.0,False,5,8295,1,1,1,5,1,0,0,0,0,0,1,1309.0,0,2,0,0,1,0,0,1
0,21.0,0,5.0,0.0,0.0,22.0,639.0,False,3,8297,1,1,1,5,1,0,0,0,0,0,1,666.0,0,1,1,0,0,0,0,1
1,12.0,0,0.0,0.0,0.0,0.0,0.0,True,1,8298,1,1,1,5,1,0,0,0,0,0,1,0.0,1,3,0,0,1,0,0,1
0,27.0,0,0.0,0.0,0.0,1866.0,676.0,True,4,8300,1,1,1,2,0,1,0,0,0,0,0,2542.0,0,0,0,1,0,0,0,1
0,28.0,0,1722.0,5063.0,0.0,87.0,920.0,False,4,8301,1,1,1,2,0,1,0,0,0,0,0,7792.0,0,0,0,1,0,0,0,1
0,0.0,0,0.0,0.0,0.0,0.0,0.0,True,0,8302,1,0,2,6,1,0,0,0,0,1,0,0.0,1,3,1,0,0,0,0,1
0,17.0,0,4.0,0.0,867.0,0.0,0.0,False,2,8302,2,0,2,5,1,0,0,0,0,0,1,871.0,0,2,1,0,0,0,0,1
0,23.0,0,218.0,0.0,2267.0,497.0,0.0,False,3,8303,1,1,1,5,1,0,0,0,0,0,1,2982.0,0,0,0,0,1,1,0,0
0,6.0,0,0.0,0.0,0.0,0.0,0.0,True,1,8306,1,0,3,6,0,0,0,0,0,1,0,0.0,1,3,1,0,0,0,0,1
1,29.0,0,0.0,0.0,0.0,0.0,0.0,True,4,8306,2,0,3,6,0,0,0,0,0,1,0,0.0,1,3,1,0,0,0,1,0
0,41.0,0,836.0,0.0,0.0,0.0,49.0,False,5,8306,3,0,3,6,0,0,0,0,0,1,0,885.0,0,2,1,0,0,0,1,0
0,27.0,1,0.0,1337.0,1929.0,0.0,0.0,True,4,8307,1,0,2,0,1,1,0,0,0,0,0,3266.0,0,0,0,1,0,1,0,0
1,34.0,0,0.0,0.0,0.0,0.0,0.0,True,5,8307,2,0,2,0,1,1,0,0,0,0,0,0.0,1,3,0,1,0,0,0,1
1,36.0,0,0.0,0.0,0.0,0.0,0.0,True,5,8310,1,1,1,4,1,0,1,0,0,0,0,0.0,1,3,0,1,0,1,0,0
0,30.0,0,467.0,0.0,0.0,0.0,287.0,False,4,8313,1,1,1,6,1,0,0,0,0,1,0,754.0,0,2,1,0,0,0,0,1
0,30.0,0,0.0,640.0,0.0,31.0,6201.0,False,4,8314,1,0,2,3,1,1,0,0,0,0,0,6872.0,0,0,0,1,0,0,0,1
0,29.0,1,0.0,2949.0,0.0,2.0,654.0,True,4,8314,2,0,2,3,1,1,0,0,0,0,0,3605.0,0,0,0,1,0,1,0,0
0,21.0,0,380.0,177.0,161.0,0.0,85.0,False,3,8315,1,1,1,5,1,0,0,0,0,0,1,803.0,0,2,1,0,0,0,0,1
0,21.0,0,532.0,4.0,37.0,1.0,0.0,False,3,8316,1,1,1,5,0,0,0,0,0,0,1,574.0,0,1,1,0,0,1,0,0
0,18.0,0,2.0,83.0,576.0,37.0,0.0,False,2,8317,1,1,1,5,0,0,0,0,0,0,1,698.0,0,1,1,0,0,1,0,0
1,11.0,0,0.0,0.0,0.0,0.0,0.0,True,1,8318,1,0,4,5,0,0,0,0,0,0,1,0.0,1,3,0,0,1,0,0,1
0,65.0,0,1399.0,0.0,0.0,0.0,0.0,False,6,8318,2,0,4,5,0,0,0,0,0,0,1,1399.0,0,2,0,0,1,0,0,1
0,25.0,0,149.0,0.0,194.0,731.0,0.0,False,3,8318,3,0,4,5,0,0,0,0,0,0,1,1074.0,0,2,0,0,1,1,0,0
1,0.0,0,0.0,0.0,0.0,0.0,0.0,True,0,8318,4,0,4,5,0,0,0,0,0,0,1,0.0,1,3,0,0,1,1,0,0
0,24.0,0,0.0,0.0,729.0,0.0,75.0,False,3,8319,1,1,1,5,0,0,0,0,0,0,1,804.0,0,2,1,0,0,0,0,1
1,19.0,0,0.0,0.0,0.0,0.0,0.0,True,3,8320,1,1,1,6,0,0,0,0,0,1,0,0.0,1,3,1,0,0,0,1,0
0,23.0,0,0.0,0.0,0.0,0.0,693.0,False,3,8321,1,1,1,5,0,0,0,0,0,0,1,693.0,0,1,1,0,0,0,0,1
0,45.0,1,0.0,49.0,0.0,4864.0,3902.0,False,5,8322,1,0,2,5,1,0,1,0,0,0,0,8815.0,0,0,0,1,0,0,1,0
1,52.0,0,0.0,0.0,0.0,0.0,0.0,True,6,8322,2,0,2,2,1,0,1,0,0,0,0,0.0,1,3,0,1,0,1,0,0
0,55.0,0,0.0,465.0,277.0,48.0,0.0,True,6,8323,1,1,1,4,1,0,1,0,0,0,0,790.0,0,2,1,0,0,0,1,0
1,24.0,0,0.0,0.0,0.0,0.0,0.0,False,3,8324,1,1,1,6,0,0,0,0,0,1,0,0.0,1,3,1,0,0,0,1,0
0,31.0,0,773.0,0.0,0.0,0.0,1.0,False,4,8326,1,1,1,6,0,0,0,0,0,1,0,774.0,0,2,1,0,0,0,0,1
1,18.0,0,0.0,0.0,0.0,0.0,0.0,False,2,8328,1,1,1,6,0,0,0,0,0,1,0,0.0,1,3,1,0,0,0,0,1
1,22.0,0,0.0,0.0,0.0,0.0,0.0,False,3,8329,1,1,1,6,0,0,0,0,0,1,0,0.0,1,3,1,0,0,0,0,1
0,39.0,0,799.0,0.0,0.0,4.0,0.0,False,5,8330,1,1,1,5,1,0,0,0,0,0,1,803.0,0,2,1,0,0,0,0,1
1,19.0,0,0.0,0.0,0.0,0.0,0.0,True,3,8332,1,1,1,6,0,0,0,0,0,1,0,0.0,1,3,1,0,0,0,1,0
0,33.0,0,988.0,0.0,0.0,2274.0,3098.0,False,5,8333,1,1,1,2,1,0,1,0,0,0,0,6360.0,0,0,0,1,0,1,0,0
1,14.0,0,0.0,0.0,0.0,0.0,0.0,True,2,8334,1,1,1,6,0,0,0,0,0,1,0,0.0,1,3,1,0,0,0,1,0
0,30.0,0,697.0,0.0,602.0,0.0,0.0,False,4,8335,1,1,1,4,0,0,1,0,0,0,0,1299.0,0,2,0,0,1,0,0,1
1,30.0,0,0.0,0.0,0.0,0.0,0.0,True,4,8336,1,1,1,4,1,0,1,0,0,0,0,0.0,1,3,0,0,1,0,0,1
1,21.0,0,0.0,0.0,0.0,0.0,0.0,True,3,8338,1,0,3,5,0,0,0,0,0,0,1,0.0,1,3,0,0,1,0,0,1
0,45.0,0,506.0,0.0,2.0,829.0,0.0,False,5,8338,2,0,3,5,0,0,0,0,0,0,1,1337.0,0,2,0,0,1,0,0,1
1,17.0,0,0.0,0.0,0.0,414.5,0.0,True,2,8338,3,0,3,5,0,0,0,0,0,0,1,0.0,1,3,0,0,1,0,0,1
0,39.0,0,0.0,261.0,0.0,1831.0,1797.0,False,5,8339,1,0,2,3,1,1,0,0,0,0,0,3889.0,0,0,0,1,0,0,0,1
0,22.0,0,0.0,3716.0,0.0,1098.0,2065.0,False,3,8339,2,0,2,3,1,1,0,0,0,0,0,6879.0,0,0,0,1,0,0,0,1
0,37.0,0,477.0,0.0,167.0,0.0,46.0,False,5,8341,1,1,1,5,1,0,0,0,0,0,1,690.0,0,1,1,0,0,0,0,1
0,48.0,0,0.0,1107.5,0.0,408.0,293.0,True,5,8342,1,0,3,4,1,0,1,0,0,0,0,701.0,0,1,0,1,0,0,0,1
1,33.0,0,0.0,0.0,0.0,0.0,0.0,True,5,8342,2,0,3,4,1,0,1,0,0,0,0,0.0,1,3,0,1,0,0,0,1
0,37.0,0,0.0,2215.0,2.0,1294.0,274.0,False,5,8342,3,0,3,4,1,0,1,0,0,0,0,3785.0,0,0,0,1,0,1,0,0
0,27.0,0,1403.0,169.0,1081.0,0.0,0.0,False,4,8343,1,1,1,5,0,0,0,0,0,0,1,2653.0,0,0,1,0,0,0,0,1
1,29.0,0,0.0,0.0,58.5,0.0,0.0,True,4,8344,1,0,3,3,1,1,0,0,0,0,0,0.0,1,3,0,0,1,0,0,1
0,38.0,0,30.0,434.0,117.0,372.0,0.0,True,5,8344,2,0,3,3,1,1,0,0,0,0,0,953.0,0,2,0,0,1,0,0,1
1,16.0,0,0.0,0.0,0.0,0.0,0.0,True,2,8344,3,0,3,3,1,1,0,0,0,0,0,0.0,1,3,0,0,1,0,0,1
0,18.0,0,0.0,0.0,1792.0,16.0,248.0,False,2,8345,1,1,1,5,1,0,0,0,0,0,1,2056.0,0,0,1,0,0,0,1,0
0,27.0,0,41.0,23.0,63.0,0.0,647.0,False,5,8346,1,1,1,5,0,0,0,0,0,0,1,774.0,0,2,1,0,0,0,0,1
1,47.0,0,0.0,0.0,0.0,0.0,0.0,True,5,8348,1,1,1,4,0,0,1,0,0,0,0,0.0,1,3,0,0,1,0,0,1
1,15.0,0,0.0,0.0,0.0,0.0,0.0,True,2,8354,1,0,2,1,1,0,1,0,0,0,0,0.0,1,3,0,1,0,0,0,1
1,13.0,0,0.0,0.0,0.0,0.0,0.0,True,2,8354,2,0,2,1,1,0,1,0,0,0,0,0.0,1,3,0,1,0,0,0,1
1,19.0,0,0.0,0.0,0.0,0.0,0.0,False,3,8356,1,1,1,6,0,0,0,0,0,1,0,0.0,1,3,1,0,0,0,1,0
1,17.0,0,0.0,0.0,0.0,0.0,0.0,True,2,8360,1,0,2,1,1,0,1,0,0,0,0,0.0,1,3,0,1,0,0,0,1
1,31.0,0,0.0,0.0,0.0,0.0,0.0,True,4,8360,2,0,2,1,1,0,1,0,0,0,0,0.0,1,3,0,1,0,0,0,1
0,19.0,0,49.0,680.0,0.0,0.0,46.0,True,3,8362,1,1,1,5,0,0,0,0,0,0,1,775.0,0,2,1,0,0,0,0,1
0,25.0,0,0.0,1673.0,0.0,642.0,612.0,False,3,8363,1,0,2,0,1,1,0,0,0,0,0,2927.0,0,0,0,1,0,1,0,0
0,26.0,0,0.0,690.0,1.0,1030.0,2273.0,False,4,8363,2,0,2,0,1,1,0,0,0,0,0,3994.0,0,0,0,1,0,0,0,1
1,25.0,0,0.0,0.0,0.0,0.0,0.0,True,3,8365,1,1,1,6,0,0,0,0,0,1,0,0.0,1,3,1,0,0,1,0,0
0,2.0,0,0.0,0.0,0.0,0.0,0.0,False,0,8366,1,0,5,6,0,0,0,0,0,1,0,0.0,1,3,1,0,0,0,0,1
0,7.0,0,0.0,0.0,0.0,0.0,0.0,False,1,8366,2,0,5,5,1,0,1,0,0,0,0,0.0,1,3,1,0,0,0,0,1
1,2.0,0,0.0,0.0,0.0,0.0,0.0,True,0,8366,3,0,5,6,0,0,0,0,0,1,0,0.0,1,3,1,0,0,0,0,1
0,19.0,0,0.0,0.0,0.0,0.0,616.0,False,3,8366,4,0,5,6,0,0,0,0,0,1,0,616.0,0,1,1,0,0,0,0,1
0,1.0,0,0.0,0.0,0.0,0.0,0.0,False,0,8366,5,0,5,6,0,0,0,0,0,1,0,0.0,1,3,1,0,0,0,0,1
1,4.0,0,0.0,0.0,0.0,0.0,0.0,True,0,8368,1,0,2,6,0,0,0,0,0,1,0,0.0,1,3,1,0,0,0,0,1
0,49.0,0,336.0,64.0,377.0,0.0,0.0,True,5,8368,2,0,2,5,0,0,0,0,0,0,1,777.0,0,2,1,0,0,1,0,0
1,61.0,0,0.0,0.0,0.0,0.0,0.0,True,6,8369,1,0,2,5,1,0,0,0,0,0,1,0.0,1,3,0,0,1,0,0,1
0,57.0,1,435.0,22.0,1435.0,4.0,0.0,True,6,8369,2,0,2,4,1,0,1,0,0,0,0,1896.0,0,0,0,0,1,0,0,1
0,52.0,0,0.0,0.0,638.0,115.0,0.0,True,6,8371,1,1,1,5,1,0,0,0,0,0,1,753.0,0,2,1,0,0,1,0,0
0,22.0,0,1.0,2.0,243.0,0.0,484.0,False,3,8373,1,1,1,5,1,0,0,0,0,0,1,730.0,0,2,1,0,0,0,0,1
1,37.0,0,0.0,0.0,0.0,0.0,0.0,True,5,8374,1,1,1,5,1,0,1,0,0,0,0,0.0,1,3,0,1,0,1,0,0
0,15.0,0,64.0,0.0,0.0,0.0,640.0,True,2,8375,1,1,1,5,1,0,1,0,0,0,0,704.0,0,1,1,0,0,0,1,0
1,28.0,0,0.0,0.0,0.0,0.0,0.0,True,4,8376,1,1,1,5,1,0,0,0,0,0,1,0.0,1,3,0,0,1,0,0,1
0,40.0,0,963.0,14.0,320.0,1.0,0.0,False,5,8377,1,1,1,4,0,0,1,0,0,0,0,1298.0,0,2,0,0,1,0,0,1
0,13.0,0,0.0,0.0,505.0,2810.0,9.0,False,2,8378,1,1,1,5,1,0,0,0,0,0,1,3324.0,0,0,1,0,0,0,0,1
0,24.0,0,462.0,0.0,0.0,0.0,240.0,False,3,8379,1,1,1,5,1,0,0,0,0,0,1,702.0,0,1,1,0,0,0,0,1
1,25.0,0,0.0,0.0,0.0,0.0,0.0,True,3,8380,1,1,1,6,0,0,0,0,0,1,0,0.0,1,3,1,0,0,0,1,0
0,25.0,0,0.0,0.0,0.0,788.0,3.0,False,3,8381,1,1,1,4,1,0,1,0,0,0,0,791.0,0,2,1,0,0,0,0,1
0,43.0,0,0.0,7269.0,0.0,2750.0,2367.0,False,5,8382,1,1,1,2,0,1,0,0,0,0,0,12386.0,0,0,0,1,0,0,0,1
1,46.0,0,0.0,0.0,0.0,0.0,0.0,False,5,8383,1,0,7,6,0,0,0,0,0,1,0,0.0,1,3,1,0,0,0,0,1
1,3.0,0,0.0,0.0,0.0,0.0,0.0,False,0,8383,2,0,7,6,0,0,0,0,0,1,0,0.0,1,3,1,0,0,0,0,1
0,3.0,0,0.0,0.0,0.0,0.0,0.0,True,0,8383,3,0,7,6,0,0,0,0,0,1,0,0.0,1,3,1,0,0,0,0,1
1,3.0,0,0.0,0.0,0.0,0.0,0.0,True,0,8383,4,0,7,6,0,0,0,0,0,1,0,0.0,1,3,1,0,0,0,0,1
0,8.0,0,0.0,0.0,0.0,0.0,0.0,False,1,8383,5,0,7,6,0,0,0,0,0,1,0,0.0,1,3,1,0,0,0,0,1
0,57.0,0,0.0,839.0,1.0,0.0,2.0,True,6,8383,6,0,7,6,0,0,0,0,0,1,0,842.0,0,2,1,0,0,0,0,1
0,11.0,0,0.0,0.0,0.0,0.0,0.0,False,1,8383,7,0,7,6,0,0,0,0,0,1,0,0.0,1,3,1,0,0,0,0,1
0,20.0,0,0.0,0.0,0.0,1535.0,0.0,False,3,8384,1,1,1,5,0,0,0,0,0,0,1,1535.0,0,0,1,0,0,0,0,1
0,27.0,0,0.0,1283.0,0.0,2256.0,0.0,False,4,8386,1,1,1,6,0,0,0,0,0,1,0,3539.0,0,0,1,0,0,1,0,0
0,20.0,0,781.0,0.0,33.0,0.0,0.0,True,3,8388,1,1,1,5,0,0,0,0,0,0,1,814.0,0,2,1,0,0,0,0,1
1,14.0,0,0.0,0.0,0.0,0.0,0.0,True,2,8390,1,1,1,6,0,0,0,0,0,1,0,0.0,1,3,1,0,0,0,1,0
0,24.0,0,86.0,669.0,1.0,0.0,0.0,False,3,8392,1,1,1,5,1,0,0,0,0,0,1,756.0,0,2,1,0,0,0,1,0
0,21.0,0,163.0,146.0,54.0,245.0,95.0,False,3,8393,1,1,1,5,0,0,0,0,0,0,1,703.0,0,1,1,0,0,0,0,1
0,33.0,1,9.0,1365.0,0.0,5577.0,1483.0,False,5,8394,1,1,1,1,0,1,0,0,0,0,0,8434.0,0,0,0,1,0,1,0,0
0,32.0,0,0.0,13.0,0.0,2148.0,319.0,False,4,8395,1,1,1,3,0,1,0,0,0,0,0,2480.0,0,0,0,1,0,0,0,1
0,22.0,0,2.0,104.0,404.0,0.0,0.0,True,3,8397,1,1,1,6,0,0,0,0,0,1,0,510.0,0,1,1,0,0,0,1,0
1,15.0,0,0.0,0.0,0.0,0.0,0.0,True,2,8398,1,0,2,1,1,0,1,0,0,0,0,0.0,1,3,0,1,0,0,0,1
1,41.0,0,0.0,0.0,0.0,0.0,0.0,True,5,8398,2,0,2,1,1,0,1,0,0,0,0,0.0,1,3,0,1,0,0,0,1
1,31.0,0,0.0,0.0,0.0,0.0,0.0,True,4,8401,1,1,1,2,1,0,1,0,0,0,0,0.0,1,3,0,1,0,1,0,0
1,35.0,0,0.0,0.0,0.0,0.0,0.0,True,5,8403,1,1,1,2,1,0,1,0,0,0,0,0.0,1,3,0,1,0,1,0,0
1,48.0,0,0.0,0.0,0.0,0.0,0.0,True,5,8404,1,0,2,6,1,0,0,0,0,1,0,0.0,1,3,1,0,0,0,0,1
1,15.0,0,0.0,0.0,0.0,0.0,0.0,True,2,8404,2,0,2,6,1,0,0,0,0,1,0,0.0,1,3,1,0,0,0,0,1
0,37.0,0,0.0,0.0,1025.0,0.0,0.0,True,5,8405,1,1,1,6,0,0,0,0,0,1,0,1025.0,0,2,1,0,0,0,0,1
0,21.0,0,1214.0,179.0,566.0,0.0,619.0,False,3,8406,1,1,1,3,1,1,0,0,0,0,0,2578.0,0,0,0,0,1,0,0,1
0,34.0,0,44.0,1290.0,51.0,0.0,9.0,False,5,8407,1,1,1,5,1,0,0,0,0,0,1,1394.0,0,2,1,0,0,0,0,1
1,19.0,0,0.0,0.0,0.0,0.0,0.0,False,3,8409,1,1,1,6,0,0,0,0,0,1,0,0.0,1,3,1,0,0,0,0,1
0,52.0,0,289.0,302.0,0.0,112.0,0.0,False,6,8410,1,1,1,5,1,0,0,0,0,0,1,703.0,0,1,1,0,0,0,0,1
0,15.0,0,0.0,3137.0,0.0,0.0,0.0,True,2,8411,1,1,1,5,0,0,0,0,0,0,1,3137.0,0,0,1,0,0,0,0,1
0,24.0,0,0.0,171.0,591.0,22.0,0.0,False,3,8414,1,1,1,6,0,0,0,0,0,1,0,784.0,0,2,1,0,0,0,0,1
0,45.0,0,0.0,0.0,635.0,2.0,0.0,True,5,8416,1,1,1,4,1,0,1,0,0,0,0,637.0,0,1,1,0,0,0,0,1
1,13.0,0,0.0,0.0,0.0,0.0,0.0,True,2,8418,1,0,2,1,1,0,1,0,0,0,0,0.0,1,3,0,1,0,1,0,0
0,18.0,0,0.0,0.0,0.0,206.0,2684.0,False,2,8418,2,0,2,1,1,0,1,0,0,0,0,2890.0,0,0,0,1,0,0,0,1
0,19.0,0,0.0,168.0,481.0,0.0,0.0,True,3,8419,1,0,2,5,1,0,0,0,0,0,1,649.0,0,1,1,0,0,0,0,1
1,20.0,0,0.0,0.0,0.0,0.0,0.0,True,3,8419,2,0,2,6,1,0,0,0,0,1,0,0.0,1,3,1,0,0,0,0,1
0,20.0,0,4210.0,4.0,0.0,58.0,0.0,False,3,8420,1,1,1,4,1,0,1,0,0,0,0,4272.0,0,0,1,0,0,0,0,1
0,27.0,0,1.0,30.0,739.0,0.0,33.0,True,4,8421,1,1,1,5,1,0,0,0,0,0,1,803.0,0,2,1,0,0,0,0,1
0,22.0,0,0.0,0.0,6.0,0.0,733.0,False,3,8423,1,1,1,5,1,0,0,0,0,0,1,739.0,0,2,1,0,0,0,0,1
1,17.0,0,0.0,0.0,0.0,0.0,0.0,False,2,8427,1,1,1,6,0,0,0,0,0,1,0,0.0,1,3,1,0,0,0,1,0
1,23.0,0,0.0,0.0,0.0,0.0,0.0,True,3,8429,1,1,1,6,1,0,0,0,0,1,0,0.0,1,3,1,0,0,1,0,0
0,29.0,0,324.0,0.0,546.0,0.0,0.0,False,4,8430,1,1,1,5,1,0,0,0,0,0,1,870.0,0,2,1,0,0,0,0,1
1,24.0,0,0.0,0.0,0.0,0.0,0.0,True,3,8431,1,0,2,1,0,1,0,0,0,0,0,0.0,1,3,0,1,0,1,0,0
1,26.0,0,1.0,4680.0,25.0,564.0,13.0,False,4,8431,2,0,2,1,0,1,0,0,0,0,0,5283.0,0,0,0,1,0,1,0,0
1,36.0,0,0.0,0.0,0.0,0.0,0.0,False,5,8432,1,1,1,6,0,0,0,0,0,1,0,0.0,1,3,1,0,0,0,0,1
0,25.0,0,341.0,608.0,2.0,2.0,16.0,True,3,8433,1,1,1,5,0,0,0,0,0,0,1,969.0,0,2,1,0,0,0,0,1
0,36.0,0,52.0,0.0,132.0,334.0,176.0,False,5,8437,1,1,1,5,1,0,1,0,0,0,0,694.0,0,1,1,0,0,0,1,0
0,32.0,0,725.0,0.0,1641.0,0.0,0.0,False,4,8438,1,1,1,5,1,0,0,0,0,0,1,2366.0,0,0,0,0,1,0,0,1
1,16.0,0,0.0,0.0,0.0,0.0,0.0,True,2,8441,1,1,1,6,1,0,0,0,0,1,0,0.0,1,3,1,0,0,1,0,0
0,32.0,0,857.0,158.0,0.0,33.0,0.0,False,4,8442,1,1,1,4,0,0,1,0,0,0,0,1048.0,0,2,0,0,1,0,0,1
0,48.0,0,0.0,1570.0,1.0,0.0,2.0,False,5,8444,1,1,1,5,0,0,0,0,0,0,1,1573.0,0,0,1,0,0,0,0,1
0,25.0,0,1.0,0.0,1.0,14.0,1491.0,False,3,8447,1,1,1,5,0,0,0,0,0,0,1,1507.0,0,0,1,0,0,0,0,1
1,46.0,0,0.0,0.0,0.0,0.0,0.0,True,5,8448,1,1,1,1,0,1,0,0,0,0,0,0.0,1,3,0,1,0,1,0,0
0,32.0,0,0.0,2154.0,0.0,9655.0,859.0,False,4,8449,1,0,2,2,1,0,1,0,0,0,0,12668.0,0,0,0,1,0,1,0,0
0,50.0,0,0.0,3070.0,0.0,44.0,562.0,True,5,8449,2,0,2,2,1,0,1,0,0,0,0,3676.0,0,0,0,1,0,0,0,1
0,31.0,0,1997.0,0.0,0.0,0.0,0.0,False,4,8451,1,0,2,5,1,0,0,0,0,0,1,1997.0,0,0,0,0,1,1,0,0
1,27.0,0,0.0,0.0,0.0,0.0,0.0,True,4,8451,2,0,2,5,1,0,0,0,0,0,1,0.0,1,3,0,0,1,0,0,1
0,52.0,1,0.0,831.0,1536.0,0.0,7953.0,False,6,8452,1,0,4,2,0,1,0,0,0,0,0,10320.0,0,0,0,1,0,1,0,0
1,34.0,0,0.0,0.0,0.0,0.0,0.0,True,5,8452,2,0,4,2,0,1,0,0,0,0,0,0.0,1,3,0,1,0,0,0,1
1,40.0,0,0.0,0.0,0.0,0.0,0.0,True,5,8452,3,0,4,2,0,1,0,0,0,0,0,0.0,1,3,0,1,0,1,0,0
0,36.0,0,0.0,1055.0,18.0,1669.0,49.0,True,5,8452,4,0,4,2,0,1,0,0,0,0,0,2791.0,0,0,0,1,0,0,0,1
0,19.0,0,112.0,0.0,265.0,396.0,0.0,False,3,8454,1,1,1,6,1,0,0,0,0,1,0,773.0,0,2,1,0,0,0,0,1
1,33.0,0,0.0,0.0,0.0,0.0,0.0,True,5,8456,1,1,1,2,0,1,0,0,0,0,0,0.0,1,3,0,1,0,1,0,0
0,23.0,0,29.0,0.0,0.0,332.0,270.0,False,3,8457,1,1,1,5,1,0,0,0,0,0,1,631.0,0,1,1,0,0,0,0,1
0,57.0,0,0.0,4301.0,31.0,665.0,6329.0,False,6,8458,1,0,6,2,1,0,1,0,0,0,0,11326.0,0,0,0,1,0,1,0,0
1,24.0,0,0.0,0.0,0.0,0.0,0.0,True,3,8458,2,0,6,2,1,0,1,0,0,0,0,0.0,1,3,0,1,0,1,0,0
1,19.0,0,0.0,0.0,0.0,0.0,0.0,True,3,8458,3,0,6,2,1,0,1,0,0,0,0,0.0,1,3,0,1,0,1,0,0
1,54.0,0,0.0,0.0,0.0,0.0,0.0,True,6,8458,4,0,6,2,1,0,1,0,0,0,0,0.0,1,3,0,1,0,0,0,1
0,28.0,0,1004.0,2423.0,0.0,0.0,17.0,True,4,8458,5,0,6,2,1,0,1,0,0,0,0,3444.0,0,0,0,1,0,0,0,1
0,26.0,1,1.0,5610.0,0.0,5.0,119.0,True,4,8458,6,0,6,2,1,0,1,0,0,0,0,5735.0,0,0,0,1,0,0,0,1
1,43.0,0,0.0,0.0,0.0,0.0,0.0,False,5,8459,1,1,1,6,1,0,0,0,0,1,0,0.0,1,3,1,0,0,0,1,0
0,39.0,0,0.0,21.0,63.0,677.0,0.0,False,5,8460,1,1,1,5,1,0,0,0,0,0,1,761.0,0,2,1,0,0,0,0,1
0,21.0,0,32.0,640.0,0.0,0.0,0.0,True,3,8462,1,1,1,5,1,0,0,0,0,0,1,672.0,0,1,1,0,0,0,0,1
0,24.0,0,0.0,0.0,608.0,37.0,0.0,False,3,8463,1,1,1,5,1,0,0,0,0,0,1,645.0,0,1,1,0,0,1,0,0
0,35.0,0,0.0,0.0,0.0,0.0,0.0,False,5,8465,1,0,2,4,0,0,1,0,0,0,0,0.0,1,3,0,0,1,0,0,1
1,61.0,0,0.0,0.0,0.0,0.0,0.0,True,6,8465,2,0,2,5,0,0,0,0,0,0,1,0.0,1,3,0,0,1,0,0,1
0,21.0,0,0.0,5.0,0.0,687.0,10.0,False,3,8466,1,1,1,5,0,0,0,0,0,0,1,702.0,0,1,1,0,0,0,0,1
1,14.0,0,0.0,0.0,0.0,0.0,0.0,True,2,8467,1,1,1,6,0,0,0,0,0,1,0,0.0,1,3,1,0,0,1,0,0
0,38.0,0,1161.0,0.0,19.0,0.0,0.0,False,5,8468,1,1,1,3,0,1,0,0,0,0,0,1180.0,0,2,0,0,1,1,0,0
1,23.0,0,0.0,0.0,0.0,0.0,0.0,True,3,8469,1,1,1,6,1,0,0,0,0,1,0,0.0,1,3,1,0,0,1,0,0
0,31.0,1,8243.0,280.0,0.0,3220.0,2285.0,False,4,8470,1,1,1,2,0,1,0,0,0,0,0,14028.0,0,0,0,1,0,1,0,0
0,66.0,1,0.0,1828.0,1.0,1873.0,45.0,False,6,8471,1,1,1,4,1,0,1,0,0,0,0,3747.0,0,0,0,1,0,1,0,0
1,56.0,0,0.0,0.0,0.0,0.0,0.0,False,6,8472,1,1,1,6,0,0,0,0,0,1,0,0.0,1,3,1,0,0,0,0,1
0,21.0,0,39.0,53.0,94.0,33.0,518.0,False,3,8474,1,1,1,5,1,0,0,0,0,0,1,737.0,0,2,1,0,0,1,0,0
0,49.0,0,0.0,2808.0,1083.0,110.0,1132.0,False,5,8475,1,0,2,1,1,0,1,0,0,0,0,5133.0,0,0,0,1,0,1,0,0
0,21.0,0,2.0,4887.0,64.0,4952.0,1734.0,False,3,8475,2,0,2,1,1,0,1,0,0,0,0,11639.0,0,0,0,1,0,1,0,0
0,27.0,0,244.0,0.0,492.0,297.0,23.0,True,4,8476,1,1,1,3,1,1,0,0,0,0,0,1056.0,0,2,0,0,1,0,0,1
0,23.0,0,0.0,1.0,51.0,1711.0,219.0,False,3,8477,1,1,1,5,1,0,0,0,0,0,1,1982.0,0,0,1,0,0,0,0,1
0,27.0,0,0.0,0.0,0.0,716.0,0.0,False,4,8479,1,1,1,5,0,0,0,0,0,0,1,716.0,0,1,1,0,0,0,0,1
0,49.0,0,188.0,0.0,143.0,1443.0,555.0,False,5,8480,1,0,2,6,0,0,0,0,0,1,0,2329.0,0,0,1,0,0,0,0,1
0,38.0,0,0.0,847.0,3.0,34.0,0.0,False,5,8480,2,0,2,6,0,0,0,0,0,1,0,884.0,0,2,1,0,0,0,0,1
1,60.0,0,0.0,0.0,0.0,0.0,0.0,True,6,8481,1,1,1,1,1,0,1,0,0,0,0,0.0,1,3,0,1,0,0,0,1
1,47.0,0,0.0,0.0,0.0,0.0,0.0,False,5,8482,1,1,1,6,1,0,0,0,0,1,0,0.0,1,3,1,0,0,1,0,0
1,29.0,1,0.0,0.0,0.0,0.0,0.0,True,4,8483,1,1,1,3,1,1,0,0,0,0,0,0.0,1,3,0,1,0,0,0,1
1,19.0,0,0.0,0.0,0.0,0.0,0.0,True,3,8486,1,1,1,6,1,0,0,0,0,1,0,0.0,1,3,1,0,0,0,0,1
0,32.0,1,65.0,0.0,0.0,88.0,9811.0,False,4,8487,1,1,1,2,0,1,0,0,0,0,0,9964.0,0,0,0,1,0,1,0,0
1,22.0,0,0.0,0.0,0.0,0.0,0.0,True,3,8489,1,1,1,6,0,0,0,0,0,1,0,0.0,1,3,1,0,0,0,1,0
0,35.0,0,319.0,0.0,6331.0,8.0,0.0,True,5,8491,1,1,1,5,1,0,0,0,0,0,1,6658.0,0,0,0,0,1,1,0,0
0,28.0,0,0.0,62.0,3.0,667.0,0.0,True,4,8492,1,1,1,5,0,0,0,0,0,0,1,732.0,0,2,1,0,0,0,0,1
1,22.0,0,0.0,0.0,0.0,0.0,0.0,False,3,8493,1,1,1,6,0,0,0,0,0,1,0,0.0,1,3,1,0,0,0,1,0
0,42.0,0,770.0,0.0,1301.0,0.0,0.0,True,5,8494,1,1,1,4,0,0,1,0,0,0,0,2071.0,0,0,0,0,1,0,0,1
0,37.0,0,18.0,4754.0,1.0,1254.0,2.0,True,5,8495,1,1,1,2,0,1,0,0,0,0,0,6029.0,0,0,0,1,0,1,0,0
0,31.0,0,49.0,322.0,977.0,0.0,0.0,True,4,8500,1,1,1,5,0,0,0,0,0,0,1,1348.0,0,2,0,0,1,0,0,1
0,33.0,1,1264.0,1787.0,36.0,473.0,337.0,False,5,8502,1,1,1,3,1,1,0,0,0,0,0,3897.0,0,0,0,0,1,0,0,1
0,48.0,0,3784.0,917.0,146.0,1770.0,880.0,False,5,8503,1,0,3,1,0,1,0,0,0,0,0,7497.0,0,0,0,1,0,0,0,1
0,31.0,0,0.0,529.0,0.0,885.0,3884.0,False,4,8503,2,0,3,1,0,1,0,0,0,0,0,4413.0,0,0,0,1,0,0,0,1
1,18.0,0,0.0,0.0,0.0,0.0,0.0,True,2,8503,3,0,3,1,0,1,0,0,0,0,0,0.0,1,3,0,1,0,1,0,0
0,44.0,0,0.0,0.0,2036.0,2.0,1.0,True,5,8504,1,0,2,5,0,0,0,0,0,0,1,2039.0,0,0,1,0,0,0,0,1
1,22.0,0,0.0,0.0,0.0,0.0,0.0,True,3,8504,2,0,2,6,0,0,0,0,0,1,0,0.0,1,3,1,0,0,1,0,0
0,18.0,0,490.0,0.0,54.0,195.0,0.0,False,2,8506,1,1,1,5,0,0,0,0,0,0,1,739.0,0,2,1,0,0,0,0,1
1,48.0,0,0.0,0.0,0.0,0.0,0.0,True,5,8508,1,0,3,5,0,0,0,0,0,0,1,0.0,1,3,0,0,1,0,0,1
1,2.0,0,0.0,0.0,0.0,0.0,0.0,True,0,8508,2,0,3,5,0,0,0,0,0,0,1,0.0,1,3,0,0,1,0,0,1
0,0.0,0,0.0,0.0,0.0,0.0,0.0,True,0,8508,3,0,3,5,0,0,0,0,0,0,1,0.0,1,3,0,0,1,0,0,1
0,43.0,0,21.0,0.0,863.0,0.0,0.0,False,5,8509,1,1,1,6,1,0,0,0,0,1,0,884.0,0,2,1,0,0,0,0,1
0,51.0,0,590.0,28.0,73.0,0.0,82.0,False,6,8511,1,1,1,6,1,0,0,0,0,1,0,773.0,0,2,1,0,0,0,1,0
0,48.0,0,0.0,717.0,0.0,0.0,10.0,True,5,8512,1,1,1,5,1,0,0,0,0,0,1,727.0,0,2,1,0,0,1,0,0
0,51.0,0,870.0,28.0,278.0,154.0,1288.0,False,6,8514,1,1,1,5,0,0,0,0,0,0,1,2618.0,0,0,0,0,1,0,0,1
0,20.0,0,0.0,0.0,0.0,327.0,0.0,True,3,8516,1,1,1,5,0,0,0,0,0,0,1,327.0,0,1,1,0,0,0,0,1
0,41.0,0,0.0,0.0,0.0,0.0,0.0,False,5,8521,1,1,1,0,1,1,0,0,0,0,0,0.0,1,3,0,1,0,0,0,1
0,27.0,0,3.0,0.0,10.0,4.0,855.0,True,4,8522,1,1,1,5,0,0,0,0,0,0,1,872.0,0,2,1,0,0,0,0,1
0,56.0,0,53.0,3033.0,0.0,140.0,6102.0,False,6,8523,1,1,1,2,1,0,1,0,0,0,0,9328.0,0,0,0,1,0,1,0,0
1,26.0,0,0.0,0.0,0.0,0.0,0.0,True,4,8524,1,1,1,1,1,0,1,0,0,0,0,0.0,1,3,0,1,0,1,0,0
0,21.0,0,11.0,0.0,0.0,839.0,0.0,False,3,8528,1,1,1,6,1,0,0,0,0,1,0,850.0,0,2,1,0,0,0,0,1
0,27.0,0,2502.0,0.0,44.0,23.0,29.0,False,5,8530,1,1,1,5,1,0,0,0,0,0,1,2598.0,0,0,0,0,1,0,0,1
0,23.0,0,348.0,210.0,0.0,0.0,1.0,False,3,8535,1,1,1,5,1,0,0,0,0,0,1,559.0,0,1,1,0,0,1,0,0
0,28.0,0,0.0,101.0,0.0,0.0,12143.0,False,4,8536,1,1,1,4,1,0,1,0,0,0,0,12244.0,0,0,0,1,0,1,0,0
1,40.0,0,0.0,0.0,0.0,0.0,0.0,True,5,8537,1,0,3,5,1,0,0,0,0,0,1,0.0,1,3,0,0,1,0,0,1
0,39.0,0,5327.0,0.0,290.0,0.0,0.0,False,5,8537,2,0,3,5,1,0,0,0,0,0,1,5617.0,0,0,0,0,1,0,0,1
1,16.0,0,0.0,0.0,0.0,0.0,0.0,True,2,8537,3,0,3,5,1,0,0,0,0,0,1,0.0,1,3,0,0,1,0,0,1
0,20.0,0,59.0,29.0,27.0,0.0,0.0,False,3,8539,1,1,1,6,1,0,0,0,0,1,0,115.0,0,1,1,0,0,0,0,1
0,24.0,0,686.0,0.0,13.0,0.0,0.0,False,3,8540,1,1,1,5,1,0,0,0,0,0,1,699.0,0,1,1,0,0,0,0,1
0,45.0,1,1093.0,950.0,341.0,0.0,0.0,False,5,8541,1,0,2,3,0,1,0,0,0,0,0,2384.0,0,0,0,0,1,0,0,1
0,33.0,0,1914.0,5.0,0.0,0.0,228.0,True,5,8541,2,0,2,3,0,1,0,0,0,0,0,2147.0,0,0,0,0,1,1,0,0
1,19.0,0,0.0,0.0,0.0,0.0,0.0,False,3,8542,1,1,1,4,0,0,1,0,0,0,0,0.0,1,3,0,0,1,0,0,1
0,15.0,0,114.0,161.0,22.0,419.0,0.0,False,2,8544,1,1,1,5,1,0,0,0,0,0,1,716.0,0,1,1,0,0,0,0,1
0,18.0,0,0.0,0.0,7.0,717.0,0.0,False,2,8545,1,1,1,5,0,0,0,0,0,0,1,724.0,0,2,1,0,0,0,0,1
0,21.0,0,129.0,106.0,280.0,183.0,18.0,False,3,8548,1,1,1,5,0,0,0,0,0,0,1,716.0,0,1,1,0,0,0,0,1
1,37.0,0,0.0,0.0,0.0,0.0,0.0,True,5,8549,1,1,1,5,1,0,0,0,0,0,1,0.0,1,3,0,0,1,0,0,1
0,53.0,0,0.0,847.0,0.0,630.0,2060.0,False,6,8551,1,1,1,3,1,1,0,0,0,0,0,3537.0,0,0,0,1,0,0,0,1
0,19.0,0,0.0,0.0,0.0,0.0,0.0,False,3,8552,1,0,2,4,0,0,1,0,0,0,0,0.0,1,3,0,0,1,0,0,1
0,17.0,0,387.0,0.0,28.0,2183.0,0.0,False,2,8552,2,0,2,5,0,0,0,0,0,0,1,2598.0,0,0,0,0,1,0,0,1
0,58.0,0,487.0,0.0,195.0,0.0,7.0,True,6,8554,1,1,1,4,0,0,1,0,0,0,0,689.0,0,1,1,0,0,0,1,0
0,18.0,0,0.0,1878.0,0.0,18572.0,10028.0,False,2,8556,1,0,2,1,0,1,0,0,0,0,0,30478.0,0,0,0,1,0,0,0,1
0,25.0,1,0.0,3978.0,0.0,266.0,597.0,True,3,8556,2,0,2,1,0,1,0,0,0,0,0,4841.0,0,0,0,1,0,1,0,0
1,39.0,0,0.0,0.0,0.0,0.0,0.0,True,5,8557,1,0,2,1,1,0,1,0,0,0,0,0.0,1,3,0,1,0,0,0,1
1,40.0,0,0.0,0.0,0.0,0.0,0.0,True,5,8557,2,0,2,1,1,0,1,0,0,0,0,0.0,1,3,0,1,0,1,0,0
0,27.0,1,3.0,952.0,208.0,951.0,0.0,False,4,8559,1,0,3,4,0,0,1,0,0,0,0,2114.0,0,0,0,0,1,0,0,1
0,3.0,0,0.0,0.0,0.0,0.0,0.0,True,0,8559,2,0,3,5,0,0,0,0,0,0,1,0.0,1,3,0,0,1,0,0,1
1,18.0,0,0.0,0.0,0.0,0.0,0.0,True,2,8559,3,0,3,5,0,0,0,0,0,0,1,0.0,1,3,0,0,1,0,0,1
1,18.0,0,0.0,0.0,0.0,0.0,0.0,True,2,8560,1,1,1,6,0,0,0,0,0,1,0,0.0,1,3,1,0,0,1,0,0
1,29.0,0,0.0,0.0,0.0,0.0,0.0,False,4,8561,1,1,1,6,1,0,0,0,0,1,0,0.0,1,3,1,0,0,0,1,0
0,22.0,0,3.0,214.0,0.0,0.0,591.0,False,3,8566,1,1,1,6,0,0,0,0,0,1,0,808.0,0,2,1,0,0,0,0,1
0,34.0,0,0.0,3636.0,0.0,70.0,27.0,True,5,8569,1,1,1,0,0,1,0,0,0,0,0,3733.0,0,0,0,1,0,0,0,1
1,19.0,0,0.0,0.0,0.0,0.0,0.0,False,3,8570,1,1,1,6,1,0,0,0,0,1,0,0.0,1,3,1,0,0,0,1,0
0,26.0,0,5757.0,0.0,206.0,0.0,0.0,False,4,8571,1,1,1,5,1,0,0,0,0,0,1,5963.0,0,0,0,0,1,0,0,1
0,33.0,0,0.0,739.0,0.0,140.0,6901.0,False,5,8572,1,1,1,0,0,1,0,0,0,0,0,7780.0,0,0,0,1,0,0,0,1
0,34.0,0,10.0,4.0,1.0,0.0,791.0,True,5,8573,1,0,2,5,1,0,0,0,0,0,1,806.0,0,2,1,0,0,0,0,1
1,18.0,0,0.0,0.0,0.0,0.0,0.0,True,2,8573,2,0,2,6,1,0,0,0,0,1,0,0.0,1,3,1,0,0,0,0,1
1,40.0,0,0.0,0.0,0.0,0.0,0.0,True,5,8574,1,0,5,5,1,0,0,0,0,0,1,0.0,1,3,0,0,1,0,0,1
1,53.0,0,1042.0,0.0,2.0,1.0,11.0,False,6,8574,2,0,5,3,1,1,0,0,0,0,0,1056.0,0,2,0,0,1,0,0,1
1,8.0,0,0.0,0.0,0.0,0.0,0.0,True,1,8574,3,0,5,5,1,0,0,0,0,0,1,0.0,1,3,0,0,1,0,0,1
0,54.0,0,1763.0,0.0,11.0,0.0,0.0,False,6,8574,4,0,5,5,1,0,0,0,0,0,1,1774.0,0,0,0,0,1,0,0,1
1,29.0,0,0.0,0.0,0.0,0.0,0.0,True,4,8574,5,0,5,5,1,0,0,0,0,0,1,0.0,1,3,0,0,1,1,0,0
1,56.0,0,0.0,0.0,0.0,0.0,0.0,True,6,8577,1,1,1,5,1,0,0,0,0,0,1,0.0,1,3,0,0,1,0,0,1
0,21.0,0,4.0,3.0,149.0,17.0,442.0,False,3,8580,1,1,1,6,1,0,0,0,0,1,0,615.0,0,1,1,0,0,0,1,0
1,25.0,1,0.0,0.0,0.0,0.0,0.0,True,3,8581,1,0,2,2,1,0,1,0,0,0,0,0.0,1,3,0,1,0,0,0,1
1,33.0,0,0.0,0.0,0.0,0.0,0.0,True,5,8581,2,0,2,2,1,0,1,0,0,0,0,0.0,1,3,0,1,0,0,0,1
0,22.0,0,4.0,0.0,72.0,21.0,600.0,False,3,8584,1,1,1,5,1,0,0,0,0,0,1,697.0,0,1,1,0,0,0,0,1
0,50.0,0,748.0,164.0,269.0,0.0,0.0,False,5,8585,1,1,1,3,1,1,0,0,0,0,0,1181.0,0,2,0,0,1,0,0,1
0,24.0,0,0.0,0.0,396.0,256.0,1482.0,False,3,8586,1,1,1,4,0,0,1,0,0,0,0,2134.0,0,0,0,0,1,1,0,0
0,25.0,0,637.0,0.0,89.0,312.0,2.0,False,3,8587,1,1,1,5,0,0,0,0,0,0,1,1040.0,0,2,1,0,0,0,0,1
1,59.0,0,0.0,0.0,0.0,0.0,0.0,True,6,8588,1,1,1,4,1,0,1,0,0,0,0,0.0,1,3,0,0,1,0,0,1
0,26.0,0,6.0,728.0,0.0,1273.0,1116.0,False,4,8589,1,1,1,3,0,1,0,0,0,0,0,3123.0,0,0,0,1,0,1,0,0
0,19.0,0,0.0,1406.0,0.0,4199.0,2123.0,False,3,8592,1,1,1,3,0,1,0,0,0,0,0,7728.0,0,0,0,1,0,0,0,1
0,37.0,0,210.0,3.0,601.0,1.0,68.0,False,5,8594,1,1,1,6,1,0,0,0,0,1,0,883.0,0,2,1,0,0,0,0,1
1,22.0,0,0.0,0.0,0.0,0.0,0.0,True,3,8595,1,1,1,4,0,0,1,0,0,0,0,0.0,1,3,0,0,1,0,0,1
1,44.0,0,0.0,0.0,0.0,0.0,0.0,True,5,8596,1,0,2,2,0,1,0,0,0,0,0,0.0,1,3,0,1,0,0,0,1
1,25.0,0,0.0,0.0,0.0,0.0,0.0,True,3,8596,2,0,2,2,0,1,0,0,0,0,0,0.0,1,3,0,1,0,1,0,0
1,23.0,0,0.0,0.0,0.0,0.0,0.0,True,3,8597,1,1,1,6,1,0,0,0,0,1,0,0.0,1,3,1,0,0,0,0,1
0,6.0,0,0.0,0.0,0.0,0.0,0.0,True,1,8598,1,0,3,6,0,0,0,0,0,1,0,0.0,1,3,1,0,0,1,0,0
1,39.0,0,0.0,0.0,0.0,0.0,0.0,True,5,8598,2,0,3,6,0,0,0,0,0,1,0,0.0,1,3,1,0,0,0,1,0
0,26.0,0,12.0,71.0,0.0,103.0,624.0,False,4,8598,3,0,3,5,1,0,1,0,0,0,0,810.0,0,2,1,0,0,1,0,0
0,14.0,0,547.0,145.0,5.0,0.0,9.0,False,2,8599,1,1,1,6,1,0,0,0,0,1,0,706.0,0,1,1,0,0,1,0,0
1,3.0,0,0.0,0.0,0.0,0.0,0.0,False,0,8602,1,0,3,6,0,0,0,0,0,1,0,0.0,1,3,1,0,0,0,0,1
0,21.0,0,10.0,1028.0,3.0,2519.0,0.0,False,3,8602,2,0,3,6,0,0,0,0,0,1,0,3560.0,0,0,1,0,0,0,1,0
1,24.0,0,0.0,0.0,0.0,0.0,0.0,False,3,8602,3,0,3,6,0,0,0,0,0,1,0,0.0,1,3,1,0,0,0,1,0
1,18.0,0,0.0,0.0,0.0,0.0,0.0,False,2,8603,1,1,1,5,1,0,1,0,0,0,0,0.0,1,3,1,0,0,0,1,0
0,37.0,0,50.0,0.0,343.0,2205.0,0.0,False,5,8604,1,0,2,5,0,0,0,0,0,0,1,2598.0,0,0,0,0,1,0,0,1
1,21.0,0,0.0,0.0,0.0,0.0,0.0,True,3,8604,2,0,2,5,0,0,0,0,0,0,1,0.0,1,3,0,0,1,0,0,1
0,67.0,0,0.0,82.0,0.0,2279.0,293.0,False,6,8605,1,0,5,2,1,0,1,0,0,0,0,2654.0,0,0,0,1,0,0,0,1
1,28.0,0,0.0,0.0,0.0,0.0,0.0,True,4,8605,2,0,5,5,1,0,1,0,0,0,0,0.0,1,3,0,1,0,0,0,1
1,13.0,0,0.0,0.0,0.0,0.0,0.0,True,2,8605,3,0,5,2,1,0,1,0,0,0,0,0.0,1,3,0,1,0,1,0,0
0,26.0,0,0.0,226.0,0.0,436.0,4051.0,False,4,8605,4,0,5,2,1,0,1,0,0,0,0,4713.0,0,0,0,1,0,0,0,1
1,33.0,0,0.0,0.0,0.0,0.0,0.0,True,5,8605,5,0,5,2,1,0,1,0,0,0,0,0.0,1,3,0,1,0,1,0,0
1,18.0,0,0.0,0.0,0.0,0.0,0.0,False,2,8606,1,0,3,6,1,0,0,0,0,1,0,0.0,1,3,1,0,0,0,0,1
0,24.0,0,13.0,221.0,0.0,1154.0,0.0,False,3,8606,2,0,3,5,1,0,0,0,0,0,1,1388.0,0,2,1,0,0,0,0,1
0,26.0,0,0.0,0.0,148.0,551.0,89.0,False,4,8606,3,0,3,4,1,0,1,0,0,0,0,788.0,0,2,1,0,0,0,0,1
0,21.0,0,0.0,2202.0,9.0,71.0,100.0,True,3,8607,1,1,1,6,1,0,0,0,0,1,0,2382.0,0,0,1,0,0,0,1,0
0,27.0,0,0.0,0.0,2.0,994.0,0.0,False,4,8609,1,1,1,4,1,0,1,0,0,0,0,996.0,0,2,1,0,0,0,0,1
1,15.0,0,0.0,0.0,0.0,0.0,0.0,True,2,8610,1,1,1,6,0,0,0,0,0,1,0,0.0,1,3,1,0,0,0,1,0
0,24.0,0,2.0,644.0,0.0,0.0,0.0,False,3,8611,1,1,1,5,0,0,0,0,0,0,1,646.0,0,1,1,0,0,1,0,0
0,31.0,0,4.0,9.0,870.0,0.0,0.0,False,4,8612,1,1,1,6,0,0,0,0,0,1,0,883.0,0,2,1,0,0,0,0,1
0,10.0,0,0.0,0.0,0.0,0.0,0.0,True,1,8613,1,1,1,6,1,0,0,0,0,1,0,0.0,1,3,1,0,0,0,0,1
0,23.0,0,4.0,3.0,1785.0,0.0,0.0,True,3,8614,1,1,1,6,0,0,0,0,0,1,0,1792.0,0,0,1,0,0,0,0,1
0,50.0,0,0.0,0.0,117.0,712.0,0.0,True,5,8615,1,0,2,4,1,0,1,0,0,0,0,829.0,0,2,1,0,0,1,0,0
1,13.0,0,0.0,0.0,0.0,0.0,0.0,True,2,8615,2,0,2,6,1,0,0,0,0,1,0,0.0,1,3,1,0,0,1,0,0
0,43.0,0,27.0,0.0,797.0,830.0,161.0,False,5,8616,1,0,2,5,0,0,0,0,0,0,1,1815.0,0,0,0,0,1,0,0,1
1,20.0,0,0.0,0.0,0.0,0.0,0.0,True,3,8616,2,0,2,5,0,0,0,0,0,0,1,0.0,1,3,0,0,1,1,0,0
0,21.0,0,11.0,1475.0,0.0,0.0,0.0,True,3,8617,1,1,1,5,0,0,0,0,0,0,1,1486.0,0,0,1,0,0,0,0,1
0,18.0,0,0.0,694.0,0.0,0.0,1370.0,False,2,8618,1,0,2,1,1,0,1,0,0,0,0,2064.0,0,0,0,1,0,1,0,0
1,16.0,0,0.0,0.0,0.0,0.0,0.0,True,2,8618,2,0,2,1,1,0,1,0,0,0,0,0.0,1,3,0,1,0,0,0,1
0,47.0,0,187.0,268.0,977.0,3441.0,236.0,False,5,8619,1,1,1,4,1,0,1,0,0,0,0,5109.0,0,0,0,1,0,0,0,1
0,35.0,1,1234.0,35.0,7.0,0.0,0.0,False,5,8620,1,1,1,5,1,0,0,0,0,0,1,1276.0,0,2,0,0,1,0,0,1
0,15.0,0,9.0,731.0,85.0,0.0,537.0,False,2,8623,1,1,1,5,1,0,1,0,0,0,0,1362.0,0,2,1,0,0,0,0,1
0,46.0,0,135.0,0.0,0.0,0.0,928.0,False,5,8624,1,0,2,5,1,0,0,0,0,0,1,1063.0,0,2,1,0,0,0,0,1
1,6.0,0,0.0,0.0,0.0,0.0,0.0,False,1,8624,2,0,2,6,1,0,0,0,0,1,0,0.0,1,3,1,0,0,0,0,1
0,26.0,0,1.0,0.0,1.0,15.0,854.0,False,4,8626,1,1,1,5,0,0,0,0,0,0,1,871.0,0,2,1,0,0,0,0,1
0,49.0,0,0.0,18.0,0.0,0.0,686.0,False,5,8628,1,1,1,5,1,0,0,0,0,0,1,704.0,0,1,1,0,0,0,1,0
1,28.0,0,0.0,0.0,0.0,0.0,0.0,True,4,8629,1,1,1,6,1,0,0,0,0,1,0,0.0,1,3,1,0,0,0,0,1
1,37.0,0,0.0,0.0,0.0,0.0,0.0,False,5,8631,1,1,1,4,0,0,1,0,0,0,0,0.0,1,3,0,0,1,0,0,1
0,17.0,0,2.0,33.0,97.0,553.0,0.0,False,2,8633,1,1,1,5,1,0,0,0,0,0,1,685.0,0,1,1,0,0,0,0,1
0,38.0,0,1739.0,0.0,0.0,83.0,0.0,False,5,8634,1,1,1,6,1,0,0,0,0,1,0,1822.0,0,0,1,0,0,0,0,1
0,18.0,0,224.0,0.0,0.0,0.0,1384.0,False,2,8635,1,1,1,4,0,0,1,0,0,0,0,1608.0,0,0,1,0,0,0,0,1
1,55.0,0,0.0,0.0,0.0,0.0,0.0,True,6,8636,1,1,1,5,0,0,0,0,0,0,1,0.0,1,3,0,0,1,0,0,1
1,28.0,0,0.0,0.0,0.0,0.0,0.0,True,4,8637,1,0,3,5,0,0,0,0,0,0,1,0.0,1,3,0,0,1,0,0,1
0,25.0,0,987.0,0.0,6221.0,141.0,0.0,True,3,8637,2,0,3,5,0,0,0,0,0,0,1,7349.0,0,0,0,0,1,0,0,1
0,17.0,0,330.0,1.0,967.0,0.0,0.0,False,2,8637,3,0,3,4,0,0,1,0,0,0,0,1298.0,0,2,0,0,1,0,0,1
1,22.0,0,0.0,0.0,0.0,0.0,0.0,False,3,8638,1,0,3,6,0,0,0,0,0,1,0,0.0,1,3,1,0,0,0,0,1
0,4.0,0,0.0,0.0,0.0,0.0,0.0,True,0,8638,2,0,3,6,0,0,0,0,0,1,0,0.0,1,3,1,0,0,0,0,1
0,3.0,0,0.0,0.0,0.0,0.0,0.0,True,0,8638,3,0,3,6,0,0,0,0,0,1,0,0.0,1,3,1,0,0,1,0,0
1,21.0,0,0.0,0.0,0.0,0.0,0.0,False,3,8639,1,0,2,4,1,0,1,0,0,0,0,0.0,1,3,0,0,1,0,0,1
0,24.0,0,1455.0,2207.0,163.0,2354.0,0.0,False,3,8639,2,0,2,3,1,1,0,0,0,0,0,6179.0,0,0,0,0,1,0,0,1
0,50.0,0,133.0,0.0,525.0,0.0,31.0,False,5,8640,1,1,1,5,1,0,0,0,0,0,1,689.0,0,1,1,0,0,0,0,1
0,3.0,0,0.0,0.0,0.0,0.0,0.0,True,0,8641,1,0,3,5,1,0,0,0,0,0,1,0.0,1,3,0,0,1,0,0,1
0,19.0,0,1146.0,0.0,3.0,0.0,0.0,False,3,8641,2,0,3,5,1,0,0,0,0,0,1,1149.0,0,2,0,0,1,0,0,1
1,22.0,0,0.0,0.0,0.0,0.0,0.0,True,3,8641,3,0,3,5,1,0,0,0,0,0,1,0.0,1,3,0,0,1,0,0,1
0,20.0,0,0.0,4.0,0.0,0.0,625.0,False,3,8642,1,1,1,5,0,0,0,0,0,0,1,629.0,0,1,1,0,0,0,1,0
0,18.0,0,2048.0,0.0,2.0,848.0,0.0,False,2,8643,1,1,1,5,0,0,0,0,0,0,1,2898.0,0,0,0,0,1,0,0,1
0,27.0,0,20.0,0.0,11.0,0.0,848.0,False,4,8644,1,0,2,5,1,0,0,0,0,0,1,879.0,0,2,1,0,0,0,0,1
0,29.0,0,0.0,0.0,0.0,0.0,1972.0,False,4,8644,2,0,2,5,1,0,0,0,0,0,1,1972.0,0,0,1,0,0,0,0,1
0,23.0,0,1.0,26.0,1908.0,318.0,0.0,True,3,8645,1,1,1,5,0,0,0,0,0,0,1,2253.0,0,0,1,0,0,1,0,0
1,48.0,0,0.0,0.0,0.0,0.0,0.0,True,5,8646,1,0,4,2,1,0,1,0,0,0,0,0.0,1,3,0,1,0,0,0,1
0,32.0,0,0.0,1285.0,0.0,3030.0,334.0,False,4,8646,2,0,4,2,1,0,1,0,0,0,0,4649.0,0,0,0,1,0,0,0,1
1,55.0,0,0.0,0.0,0.0,0.0,0.0,True,6,8646,3,0,4,2,1,0,1,0,0,0,0,0.0,1,3,0,1,0,0,0,1
0,49.0,0,3.0,1108.0,2.0,5775.0,1964.0,False,5,8646,4,0,4,2,1,0,1,0,0,0,0,8852.0,0,0,0,1,0,1,0,0
1,15.0,0,0.0,0.0,0.0,0.0,0.0,True,2,8650,1,1,1,6,0,0,0,0,0,1,0,0.0,1,3,1,0,0,0,0,1
1,50.0,0,0.0,0.0,0.0,0.0,0.0,True,5,8653,1,1,1,6,1,0,0,0,0,1,0,0.0,1,3,1,0,0,0,0,1
0,35.0,0,777.0,0.0,23.0,0.0,61.0,False,5,8654,1,1,1,5,0,0,0,0,0,0,1,861.0,0,2,1,0,0,0,0,1
0,29.0,0,0.0,4455.0,0.0,1663.0,4435.0,False,4,8656,1,0,3,0,1,1,0,0,0,0,0,10553.0,0,0,0,1,0,0,0,1
0,38.0,1,0.0,1298.0,0.0,1841.0,1547.0,False,5,8656,2,0,3,0,1,1,0,0,0,0,0,4686.0,0,0,0,1,0,1,0,0
1,29.0,1,0.0,0.0,0.0,0.0,0.0,True,4,8656,3,0,3,0,1,1,0,0,0,0,0,0.0,1,3,0,1,0,1,0,0
0,39.0,0,200.0,0.0,1083.0,65.0,0.0,True,5,8657,1,1,1,5,0,0,0,0,0,0,1,1348.0,0,2,0,0,1,0,0,1
0,49.0,0,0.0,1.0,1364.0,226.0,0.0,True,5,8658,1,0,2,4,1,0,1,0,0,0,0,1591.0,0,0,0,0,1,0,0,1
0,39.0,0,345.0,0.0,848.0,0.0,116.0,False,5,8658,2,0,2,5,1,0,0,0,0,0,1,1309.0,0,2,0,0,1,0,0,1
0,19.0,0,125.0,556.0,23.0,0.0,0.0,True,3,8659,1,1,1,5,0,0,0,0,0,0,1,704.0,0,1,1,0,0,0,0,1
0,19.0,0,886.0,0.0,0.0,1587.0,12.0,False,3,8661,1,1,1,5,1,0,0,0,0,0,1,2485.0,0,0,1,0,0,0,0,1
0,14.0,0,450.0,4791.0,896.0,0.0,0.0,True,2,8663,1,0,2,6,1,0,0,0,0,1,0,6137.0,0,0,1,0,0,0,0,1
1,40.0,0,0.0,0.0,0.0,0.0,0.0,True,5,8663,2,0,2,5,1,0,1,0,0,0,0,0.0,1,3,1,0,0,1,0,0
0,40.0,0,909.0,0.0,0.0,0.0,0.0,False,5,8664,1,1,1,6,1,0,0,0,0,1,0,909.0,0,2,1,0,0,0,0,1
0,20.0,0,733.0,0.0,455.0,0.0,0.0,False,3,8667,1,1,1,5,1,0,0,0,0,0,1,1188.0,0,2,0,0,1,0,0,1
1,6.0,0,0.0,0.0,0.0,0.0,0.0,True,1,8668,1,0,3,5,0,0,0,0,0,0,1,0.0,1,3,0,0,1,0,0,1
0,41.0,0,806.0,16.0,125.0,1008.0,0.0,False,5,8668,2,0,3,3,0,1,0,0,0,0,0,1955.0,0,0,0,0,1,0,0,1
0,37.0,0,0.0,0.0,0.0,0.0,0.0,False,5,8668,3,0,3,4,0,0,1,0,0,0,0,0.0,1,3,0,0,1,0,0,1
0,31.0,0,949.0,0.0,22.0,0.0,0.0,False,4,8669,1,0,3,5,1,0,0,0,0,0,1,971.0,0,2,1,0,0,0,0,1
0,8.0,0,0.0,0.0,0.0,0.0,0.0,False,1,8669,2,0,3,6,1,0,0,0,0,1,0,0.0,1,3,1,0,0,0,0,1
0,55.0,0,506.0,0.0,456.0,0.0,0.0,False,6,8669,3,0,3,5,1,0,0,0,0,0,1,962.0,0,2,1,0,0,0,0,1
1,16.0,0,0.0,0.0,0.0,0.0,0.0,True,2,8670,1,1,1,6,1,0,0,0,0,1,0,0.0,1,3,1,0,0,0,1,0
0,29.0,0,1.0,764.0,1.0,265.0,1539.0,True,4,8671,1,1,1,0,0,1,0,0,0,0,0,2570.0,0,0,0,1,0,1,0,0
0,40.0,0,21.0,155.0,0.0,267.0,0.0,False,5,8672,1,1,1,6,0,0,0,0,0,1,0,443.0,0,1,1,0,0,0,0,1
1,27.0,0,0.0,0.0,0.0,0.0,0.0,True,4,8673,1,1,1,2,0,1,0,0,0,0,0,0.0,1,3,0,1,0,0,0,1
0,21.0,0,4924.0,0.0,49.0,2.0,0.0,False,3,8674,1,1,1,5,0,0,0,0,0,0,1,4975.0,0,0,0,0,1,0,0,1
1,25.0,0,0.0,0.0,0.0,0.0,0.0,True,3,8675,1,1,1,1,0,1,0,0,0,0,0,0.0,1,3,0,1,0,0,0,1
0,44.0,0,0.0,971.0,700.0,0.0,0.0,False,5,8680,1,1,1,5,0,0,0,0,0,0,1,1671.0,0,0,0,0,1,0,0,1
0,34.0,0,368.0,499.0,1729.0,0.0,2.0,False,5,8681,1,0,3,5,0,0,0,0,0,0,1,2598.0,0,0,0,0,1,0,0,1
0,1.0,0,0.0,0.0,0.0,0.0,0.0,True,0,8681,2,0,3,5,0,0,0,0,0,0,1,0.0,1,3,0,0,1,0,0,1
0,1.0,0,0.0,0.0,0.0,0.0,0.0,True,0,8681,3,0,3,5,0,0,0,0,0,0,1,0.0,1,3,0,0,1,0,0,1
0,42.0,0,51.0,6.0,87.0,21.0,404.0,False,5,8683,1,1,1,5,1,0,0,0,0,0,1,569.0,0,1,1,0,0,0,1,0
0,18.0,0,1.0,1.0,0.0,226.0,488.0,False,2,8684,1,1,1,5,0,0,0,0,0,0,1,716.0,0,1,1,0,0,0,0,1
1,21.0,0,0.0,0.0,0.0,0.0,0.0,True,3,8685,1,1,1,6,1,0,0,0,0,1,0,0.0,1,3,1,0,0,1,0,0
0,24.0,0,0.0,0.0,594.0,95.0,0.0,True,3,8687,1,1,1,5,1,0,0,0,0,0,1,689.0,0,1,1,0,0,0,0,1
0,27.0,0,0.0,0.0,0.0,595.0,0.0,False,5,8688,1,1,1,5,1,0,0,0,0,0,1,595.0,0,1,1,0,0,0,0,1
1,18.0,0,0.0,0.0,0.0,0.0,0.0,False,2,8691,1,1,1,6,0,0,0,0,0,1,0,0.0,1,3,1,0,0,0,1,0
1,27.0,0,0.0,0.0,0.0,0.0,0.0,True,4,8693,1,1,1,6,0,0,0,0,0,1,0,0.0,1,3,1,0,0,0,1,0
1,13.0,0,0.0,0.0,0.0,0.0,0.0,True,2,8694,1,0,3,6,0,0,0,0,0,1,0,0.0,1,3,1,0,0,0,0,1
0,10.0,0,0.0,0.0,0.0,0.0,0.0,False,1,8694,2,0,3,6,0,0,0,0,0,1,0,0.0,1,3,1,0,0,0,0,1
1,8.0,0,0.0,0.0,0.0,0.0,0.0,False,1,8694,3,0,3,6,0,0,0,0,0,1,0,0.0,1,3,1,0,0,0,0,1
0,40.0,0,76.0,0.0,1169.0,0.0,64.0,True,5,8695,1,1,1,5,1,0,0,0,0,0,1,1309.0,0,2,0,0,1,0,0,1
1,35.0,0,0.0,0.0,0.0,0.0,0.0,True,5,8696,1,1,1,2,1,0,1,0,0,0,0,0.0,1,3,0,1,0,0,1,0
0,13.0,0,217.0,7.0,928.0,0.0,728.0,False,2,8700,1,1,1,5,1,0,0,0,0,0,1,1880.0,0,0,0,0,1,0,0,1
0,19.0,0,203.0,0.0,172.0,1460.0,151.0,False,3,8701,1,1,1,5,0,0,0,0,0,0,1,1986.0,0,0,0,0,1,1,0,0
0,44.0,0,84.0,0.0,308.0,0.0,1179.0,False,5,8703,1,1,1,5,1,0,0,0,0,0,1,1571.0,0,0,1,0,0,0,0,1
1,36.0,0,0.0,0.0,0.0,0.0,0.0,True,5,8704,1,0,2,5,1,0,0,0,0,0,1,0.0,1,3,0,0,1,0,0,1
0,29.0,0,2239.0,0.0,146.0,0.0,0.0,False,4,8704,2,0,2,3,1,1,0,0,0,0,0,2385.0,0,0,0,0,1,0,0,1
0,28.0,0,679.0,0.0,0.0,0.0,0.0,False,4,8708,1,1,1,6,0,0,0,0,0,1,0,679.0,0,1,1,0,0,0,1,0
0,36.0,0,0.0,98.0,456.0,277.0,70.0,False,5,8709,1,1,1,5,1,0,0,0,0,0,1,901.0,0,2,1,0,0,0,0,1
0,24.0,0,312.0,227.0,50.0,0.0,0.0,False,3,8710,1,1,1,5,1,0,0,0,0,0,1,589.0,0,1,1,0,0,0,1,0
1,14.0,0,0.0,0.0,0.0,0.0,0.0,True,2,8712,1,1,1,5,0,0,0,0,0,0,1,0.0,1,3,0,0,1,0,0,1
0,50.0,0,1584.0,0.0,36.0,104.0,0.0,True,5,8714,1,1,1,3,0,1,0,0,0,0,0,1724.0,0,0,0,0,1,0,0,1
0,20.0,0,426.0,0.0,220.0,2.0,0.0,False,3,8716,1,1,1,5,0,0,0,0,0,0,1,648.0,0,1,1,0,0,0,1,0
0,38.0,0,139.0,9.0,0.0,0.0,582.0,False,5,8717,1,1,1,5,1,0,0,0,0,0,1,730.0,0,2,1,0,0,0,0,1
0,33.0,1,0.0,3076.0,0.0,3.0,994.0,False,5,8719,1,0,3,0,1,1,0,0,0,0,0,4073.0,0,0,0,1,0,0,0,1
0,54.0,0,0.0,1821.0,2370.0,949.0,46.0,False,6,8719,2,0,3,0,1,1,0,0,0,0,0,5186.0,0,0,0,1,0,1,0,0
0,20.0,0,0.0,0.0,0.0,0.0,0.0,True,3,8719,3,0,3,0,1,1,0,0,0,0,0,0.0,1,3,0,1,0,1,0,0
0,23.0,0,0.0,247.0,1063.0,36.0,0.0,True,3,8720,1,1,1,5,1,0,0,0,0,0,1,1346.0,0,2,1,0,0,1,0,0
1,65.0,0,0.0,0.0,0.0,0.0,0.0,True,6,8721,1,1,1,1,1,0,1,0,0,0,0,0.0,1,3,0,1,0,1,0,0
1,51.0,0,0.0,0.0,0.0,0.0,0.0,False,6,8722,1,0,2,4,0,0,1,0,0,0,0,0.0,1,3,0,0,1,0,0,1
0,36.0,0,2002.0,0.0,10.0,87.0,0.0,False,5,8722,2,0,2,4,0,0,1,0,0,0,0,2099.0,0,0,0,0,1,0,0,1
0,38.0,0,32.0,1163.0,0.0,52.0,1935.0,False,5,8723,1,1,1,5,0,0,0,0,0,0,1,3182.0,0,0,1,0,0,0,0,1
0,28.0,0,34.0,0.0,0.0,0.0,658.0,False,4,8727,1,1,1,5,0,0,0,0,0,0,1,692.0,0,1,1,0,0,1,0,0
0,32.0,0,258.0,500.0,3.0,15.0,128.0,True,4,8728,1,0,8,5,0,0,0,0,0,0,1,904.0,0,2,1,0,0,0,0,1
0,55.0,0,694.0,0.0,1.0,87.0,0.0,False,6,8728,2,0,8,6,0,0,0,0,0,1,0,782.0,0,2,1,0,0,0,0,1
0,23.0,0,1254.0,0.0,45.0,0.0,0.0,False,3,8728,3,0,8,5,0,0,0,0,0,0,1,1299.0,0,2,1,0,0,0,0,1
0,38.0,0,647.0,23.0,1.0,0.0,0.0,False,5,8728,4,0,8,5,0,0,0,0,0,0,1,671.0,0,1,1,0,0,0,1,0
1,18.0,0,0.0,0.0,0.0,0.0,0.0,True,2,8728,5,0,8,6,0,0,0,0,0,1,0,0.0,1,3,1,0,0,1,0,0
1,32.0,0,0.0,0.0,0.0,0.0,0.0,False,4,8728,6,0,8,6,0,0,0,0,0,1,0,0.0,1,3,1,0,0,0,1,0
0,44.0,0,266.0,3.0,2.0,0.0,748.0,False,5,8728,7,0,8,5,1,0,1,0,0,0,0,1019.0,0,2,1,0,0,0,0,1
0,62.0,0,0.0,592.0,164.0,0.0,0.0,True,6,8728,8,0,8,6,0,0,0,0,0,1,0,756.0,0,2,1,0,0,0,0,1
0,66.0,0,354.0,2639.0,0.0,1180.0,0.0,False,6,8729,1,0,2,4,0,0,1,0,0,0,0,4173.0,0,0,0,1,0,0,0,1
0,20.0,0,354.0,7759.0,18.0,4925.0,12685.0,False,3,8729,2,0,2,4,0,0,1,0,0,0,0,25387.0,0,0,0,1,0,0,0,1
0,19.0,0,193.0,251.0,0.0,165.0,0.0,False,3,8732,1,1,1,5,1,0,0,0,0,0,1,609.0,0,1,1,0,0,0,0,1
0,27.0,0,22.0,226.0,0.0,0.0,633.0,False,5,8733,1,1,1,6,1,0,0,0,0,1,0,881.0,0,2,1,0,0,0,0,1
0,25.0,0,0.0,0.0,707.0,1.0,0.0,True,3,8734,1,1,1,6,0,0,0,0,0,1,0,708.0,0,1,1,0,0,0,1,0
0,20.0,0,227.0,0.0,1.0,0.0,707.0,False,3,8735,1,1,1,5,0,0,0,0,0,0,1,935.0,0,2,1,0,0,0,0,1
1,18.0,0,0.0,0.0,0.0,0.0,0.0,True,2,8736,1,0,2,5,0,0,0,0,0,0,1,0.0,1,3,0,0,1,0,0,1
0,20.0,0,0.0,2.0,289.0,976.0,0.0,True,3,8736,2,0,2,5,0,0,0,0,0,0,1,1267.0,0,2,0,0,1,0,0,1
1,14.0,0,0.0,0.0,0.0,0.0,0.0,True,2,8741,1,0,3,0,0,1,0,0,0,0,0,0.0,1,3,0,1,0,0,0,1
0,49.0,0,0.0,3853.0,0.0,245.0,178.0,True,5,8741,2,0,3,0,0,1,0,0,0,0,0,4276.0,0,0,0,1,0,1,0,0
0,49.0,0,4.0,44.0,1401.0,1043.0,0.0,False,5,8741,3,0,3,0,0,1,0,0,0,0,0,2492.0,0,0,0,1,0,0,0,1
0,19.0,0,179.0,16.0,246.0,280.0,0.0,False,3,8743,1,1,1,5,0,0,0,0,0,0,1,721.0,0,2,1,0,0,1,0,0
0,53.0,0,1613.0,0.0,0.0,0.0,7.0,False,6,8744,1,1,1,4,1,0,1,0,0,0,0,1620.0,0,0,1,0,0,0,0,1
0,31.0,0,947.0,83.0,19.0,0.0,0.0,False,4,8749,1,1,1,4,0,0,1,0,0,0,0,1049.0,0,2,0,0,1,0,0,1
0,18.0,0,24.0,753.0,0.0,0.0,0.0,False,2,8750,1,1,1,5,0,0,0,0,0,0,1,777.0,0,2,1,0,0,0,0,1
0,24.0,0,0.0,0.0,124.0,4.0,471.0,False,3,8751,1,1,1,5,1,0,0,0,0,0,1,599.0,0,1,1,0,0,0,0,1
0,35.0,0,2758.0,0.0,1.0,0.0,0.0,False,5,8752,1,1,1,3,0,1,0,0,0,0,0,2759.0,0,0,0,0,1,0,0,1
0,27.0,0,0.0,0.0,0.0,545.0,89.0,False,4,8753,1,0,3,5,0,0,0,0,0,0,1,634.0,0,1,1,0,0,0,0,1
0,38.0,0,22.0,9.0,40.0,732.0,0.0,False,5,8753,2,0,3,5,0,0,0,0,0,0,1,803.0,0,2,1,0,0,0,0,1
0,23.0,0,0.0,0.0,9.0,69.0,1157.0,False,3,8753,3,0,3,5,0,0,0,0,0,0,1,1235.0,0,2,1,0,0,0,0,1
0,22.0,0,151.0,0.0,613.0,6.0,0.0,False,3,8754,1,1,1,6,1,0,0,0,0,1,0,770.0,0,2,1,0,0,0,0,1
1,38.0,0,0.0,0.0,0.0,0.0,0.0,True,5,8755,1,1,1,3,1,1,0,0,0,0,0,0.0,1,3,0,1,0,1,0,0
0,28.0,0,1.0,1484.0,210.0,0.0,5.0,True,4,8757,1,1,1,6,1,0,0,0,0,1,0,1700.0,0,0,1,0,0,0,0,1
0,25.0,0,520.0,0.0,139.0,0.0,77.0,False,3,8759,1,0,2,5,1,0,0,0,0,0,1,736.0,0,2,0,0,1,0,0,1
0,45.0,0,74.0,0.0,0.0,1130.0,22.0,False,5,8759,2,0,2,5,1,0,0,0,0,0,1,1226.0,0,2,0,0,1,0,0,1
0,22.0,0,804.0,0.0,0.0,0.0,0.0,False,3,8760,1,1,1,5,1,0,0,0,0,0,1,804.0,0,2,1,0,0,0,0,1
0,30.0,0,32.0,180.0,497.0,0.0,99.0,True,4,8762,1,1,1,6,1,0,0,0,0,1,0,808.0,0,2,1,0,0,0,0,1
1,25.0,0,0.0,0.0,0.0,0.0,0.0,True,3,8764,1,1,1,5,1,0,0,0,0,0,1,0.0,1,3,0,0,1,1,0,0
1,24.0,0,0.0,0.0,0.0,0.0,0.0,True,3,8766,1,1,1,5,0,0,0,0,0,0,1,0.0,1,3,0,0,1,0,0,1
0,44.0,0,1.0,0.0,2080.0,11.0,0.0,True,5,8769,1,1,1,5,1,0,0,0,0,0,1,2092.0,0,0,0,0,1,0,0,1
0,6.0,0,0.0,0.0,0.0,0.0,0.0,False,1,8770,1,0,7,5,0,0,0,0,0,0,1,0.0,1,3,1,0,0,0,0,1
1,0.0,0,0.0,0.0,0.0,0.0,0.0,True,0,8770,2,0,7,5,0,0,0,0,0,0,1,0.0,1,3,1,0,0,0,0,1
0,14.0,0,476.0,14.0,0.0,328.0,8.0,False,2,8770,3,0,7,5,1,0,1,0,0,0,0,826.0,0,2,1,0,0,0,1,0
0,37.0,0,0.0,0.0,11.0,1028.0,7.0,False,5,8770,4,0,7,5,0,0,0,0,0,0,1,1046.0,0,2,1,0,0,0,0,1
0,15.0,0,0.0,912.0,82.0,5.0,0.0,False,2,8770,5,0,7,5,0,0,0,0,0,0,1,999.0,0,2,1,0,0,0,0,1
0,0.0,0,0.0,0.0,0.0,0.0,0.0,True,0,8770,6,0,7,5,0,0,0,0,0,0,1,0.0,1,3,1,0,0,0,0,1
0,17.0,0,0.0,810.0,66.0,0.0,0.0,True,2,8770,7,0,7,5,0,0,0,0,0,0,1,876.0,0,2,1,0,0,0,0,1
0,58.0,0,0.0,805.0,3.0,3.0,0.0,False,6,8771,1,1,1,6,0,0,0,0,0,1,0,811.0,0,2,1,0,0,0,0,1
1,15.0,0,0.0,0.0,0.0,0.0,0.0,True,2,8772,1,0,2,1,1,0,1,0,0,0,0,0.0,1,3,0,1,0,1,0,0
0,53.0,0,0.0,1127.0,0.0,3939.0,0.0,False,6,8772,2,0,2,5,1,0,1,0,0,0,0,5066.0,0,0,0,1,0,1,0,0
0,29.0,0,257.0,0.0,782.0,8.0,3.0,False,4,8773,1,1,1,3,0,1,0,0,0,0,0,1050.0,0,2,0,0,1,0,0,1
1,24.0,0,0.0,0.0,0.0,0.0,0.0,True,3,8774,1,1,1,6,1,0,0,0,0,1,0,0.0,1,3,1,0,0,0,0,1
0,40.0,0,0.0,0.0,286.0,6.0,570.0,True,5,8776,1,1,1,4,1,0,1,0,0,0,0,862.0,0,2,1,0,0,0,0,1
0,21.0,0,2.0,0.0,0.0,634.0,0.0,False,3,8779,1,1,1,6,1,0,0,0,0,1,0,636.0,0,1,1,0,0,1,0,0
0,30.0,0,0.0,114.0,0.0,726.0,67.0,False,4,8780,1,1,1,6,1,0,0,0,0,1,0,907.0,0,2,1,0,0,0,0,1
0,20.0,0,0.0,91.0,2.0,623.0,93.0,False,3,8781,1,1,1,6,1,0,0,0,0,1,0,809.0,0,2,1,0,0,0,0,1
1,20.0,0,0.0,0.0,0.0,0.0,0.0,True,3,8782,1,1,1,5,1,0,0,0,0,0,1,0.0,1,3,0,0,1,0,0,1
0,18.0,0,697.0,0.0,25.0,0.0,61.0,False,2,8783,1,0,2,3,0,1,0,0,0,0,0,783.0,0,2,0,0,1,0,0,1
1,36.0,0,0.0,0.0,0.0,0.0,0.0,True,5,8783,2,0,2,3,0,1,0,0,0,0,0,0.0,1,3,0,0,1,0,0,1
0,20.0,0,874.0,0.0,80.0,0.0,0.0,False,3,8785,1,0,2,5,0,0,0,0,0,0,1,954.0,0,2,1,0,0,0,0,1
0,4.0,0,0.0,0.0,0.0,0.0,0.0,True,0,8785,2,0,2,6,0,0,0,0,0,1,0,0.0,1,3,1,0,0,0,0,1
1,59.0,0,0.0,0.0,0.0,0.0,0.0,True,6,8786,1,1,1,1,0,1,0,0,0,0,0,0.0,1,3,0,1,0,1,0,0
0,20.0,0,11.0,0.0,0.0,843.0,0.0,False,3,8787,1,1,1,6,1,0,0,0,0,1,0,854.0,0,2,1,0,0,0,0,1
0,4.0,0,0.0,0.0,0.0,0.0,0.0,False,0,8789,1,0,2,6,1,0,0,0,0,1,0,0.0,1,3,1,0,0,1,0,0
0,23.0,0,0.0,565.0,0.0,35.0,188.0,True,3,8789,2,0,2,4,1,0,1,0,0,0,0,788.0,0,2,1,0,0,0,0,1
0,25.0,0,698.0,4978.0,0.0,146.0,0.0,True,3,8790,1,1,1,3,0,1,0,0,0,0,0,5822.0,0,0,0,1,0,1,0,0
0,20.0,0,0.0,571.0,82.0,0.0,0.0,False,3,8791,1,1,1,5,0,0,0,0,0,0,1,653.0,0,1,1,0,0,0,1,0
0,22.0,0,0.0,0.0,637.0,0.0,50.0,True,3,8794,1,1,1,4,0,0,1,0,0,0,0,687.0,0,1,1,0,0,0,0,1
0,6.0,0,0.0,0.0,0.0,0.0,0.0,True,1,8796,1,0,8,6,1,0,0,0,0,1,0,0.0,1,3,1,0,0,0,0,1
0,14.0,0,588.0,144.0,1.0,0.0,168.0,False,2,8796,2,0,8,5,1,0,0,0,0,0,1,901.0,0,2,1,0,0,0,0,1
1,0.0,0,0.0,0.0,0.0,0.0,0.0,False,0,8796,3,0,8,6,1,0,0,0,0,1,0,0.0,1,3,1,0,0,0,0,1
1,4.0,0,0.0,0.0,0.0,0.0,0.0,False,0,8796,4,0,8,6,1,0,0,0,0,1,0,0.0,1,3,1,0,0,0,0,1
0,37.0,0,63.0,0.0,0.0,0.0,661.0,False,5,8796,5,0,8,5,1,0,0,0,0,0,1,724.0,0,2,1,0,0,0,0,1
0,14.0,0,0.0,1427.0,148.0,0.0,7.0,True,2,8796,6,0,8,5,1,0,0,0,0,0,1,1582.0,0,0,1,0,0,0,0,1
0,34.0,0,14.0,748.0,0.0,41.0,0.0,True,5,8796,7,0,8,5,1,0,0,0,0,0,1,803.0,0,2,1,0,0,0,0,1
1,3.0,0,0.0,0.0,0.0,0.0,0.0,True,0,8796,8,0,8,6,1,0,0,0,0,1,0,0.0,1,3,1,0,0,1,0,0
0,18.0,0,0.0,3.0,110.0,588.0,0.0,False,2,8797,1,1,1,5,1,0,0,0,0,0,1,701.0,0,1,1,0,0,0,1,0
0,27.0,0,1771.0,0.0,242.0,0.0,37.0,False,4,8798,1,1,1,5,1,0,0,0,0,0,1,2050.0,0,0,1,0,0,0,0,1
0,19.0,0,0.0,0.0,855.0,11.0,42.0,True,3,8799,1,1,1,6,1,0,0,0,0,1,0,908.0,0,2,1,0,0,0,0,1
0,37.0,0,10.0,557.0,51.0,83.0,0.0,False,5,8801,1,1,1,5,1,0,0,0,0,0,1,701.0,0,1,1,0,0,0,0,1
1,29.0,0,0.0,0.0,0.0,0.0,0.0,True,4,8802,1,1,1,3,1,1,0,0,0,0,0,0.0,1,3,0,1,0,0,0,1
0,37.0,0,570.0,0.0,7.0,107.0,0.0,False,5,8805,1,1,1,5,0,0,0,0,0,0,1,684.0,0,1,1,0,0,0,1,0
0,32.0,0,81.0,0.0,1363.0,0.0,0.0,True,4,8806,1,1,1,5,1,0,0,0,0,0,1,1444.0,0,0,0,0,1,0,0,1
0,22.0,0,0.0,0.0,0.0,617.0,0.0,False,3,8807,1,1,1,6,1,0,0,0,0,1,0,617.0,0,1,1,0,0,0,1,0
0,38.0,0,0.0,2532.0,0.0,204.0,0.0,True,5,8808,1,1,1,5,0,0,0,0,0,0,1,2736.0,0,0,1,0,0,0,0,1
0,24.0,0,0.0,0.0,0.0,2019.0,117.0,False,3,8809,1,1,1,5,0,0,0,0,0,0,1,2136.0,0,0,1,0,0,0,0,1
0,63.0,0,0.0,0.0,80.0,0.0,2322.0,False,6,8811,1,1,1,4,1,0,1,0,0,0,0,2402.0,0,0,1,0,0,0,1,0
1,23.0,0,0.0,0.0,0.0,0.0,0.0,False,3,8812,1,1,1,4,0,0,1,0,0,0,0,0.0,1,3,0,0,1,0,0,1
0,41.0,0,413.0,0.0,0.0,7.0,347.0,False,5,8813,1,1,1,6,1,0,0,0,0,1,0,767.0,0,2,1,0,0,0,1,0
0,20.0,0,0.0,0.0,0.0,335.0,957.0,False,3,8815,1,1,1,5,0,0,0,0,0,0,1,1292.0,0,2,1,0,0,1,0,0
1,48.0,0,0.0,0.0,0.0,0.0,0.0,True,5,8816,1,0,5,1,1,0,1,0,0,0,0,0.0,1,3,0,1,0,0,0,1
1,44.0,0,0.0,0.0,0.0,0.0,0.0,True,5,8816,2,0,5,1,1,0,1,0,0,0,0,0.0,1,3,0,1,0,1,0,0
1,15.0,0,0.0,0.0,0.0,0.0,0.0,True,2,8816,3,0,5,1,1,0,1,0,0,0,0,0.0,1,3,0,1,0,1,0,0
1,29.0,0,0.0,0.0,0.0,0.0,0.0,True,4,8816,4,0,5,1,1,0,1,0,0,0,0,0.0,1,3,0,1,0,1,0,0
0,64.0,0,0.0,1770.0,0.0,4111.0,180.0,False,6,8816,5,0,5,1,1,0,1,0,0,0,0,6061.0,0,0,0,1,0,0,0,1
0,19.0,0,586.0,10.0,0.0,30.0,0.0,False,3,8817,1,1,1,6,0,0,0,0,0,1,0,626.0,0,1,1,0,0,0,0,1
1,28.0,0,0.0,0.0,0.0,0.0,0.0,True,4,8818,1,1,1,6,0,0,0,0,0,1,0,0.0,1,3,1,0,0,0,1,0
0,44.0,0,857.0,0.0,1.0,8.0,17.0,False,5,8819,1,1,1,6,0,0,0,0,0,1,0,883.0,0,2,1,0,0,0,0,1
1,13.0,0,0.0,0.0,0.0,0.0,0.0,True,2,8820,1,1,1,6,0,0,0,0,0,1,0,0.0,1,3,1,0,0,0,0,1
0,45.0,0,198.0,454.0,1.0,0.0,4.0,True,5,8821,1,1,1,4,0,0,1,0,0,0,0,657.0,0,1,1,0,0,0,0,1
0,25.0,0,0.0,145.0,1359.0,492.0,205.0,False,3,8822,1,1,1,0,0,1,0,0,0,0,0,2201.0,0,0,0,1,0,1,0,0
1,19.0,0,0.0,0.0,0.0,0.0,0.0,True,3,8823,1,1,1,5,1,0,0,0,0,0,1,0.0,1,3,0,0,1,0,0,1
0,29.0,0,128.0,0.0,130.0,132.0,473.0,False,4,8824,1,1,1,5,0,0,0,0,0,0,1,863.0,0,2,1,0,0,0,0,1
1,21.0,0,0.0,0.0,0.0,0.0,0.0,True,3,8825,1,1,1,6,1,0,0,0,0,1,0,0.0,1,3,1,0,0,1,0,0
0,13.0,0,1212.0,4485.0,0.0,4016.0,57.0,False,2,8826,1,0,3,2,0,1,0,0,0,0,0,9770.0,0,0,0,1,0,1,0,0
0,25.0,0,1369.0,310.0,3.0,4502.0,377.0,False,3,8826,2,0,3,2,0,1,0,0,0,0,0,6561.0,0,0,0,1,0,1,0,0
0,46.0,0,1384.0,229.0,0.0,1572.0,1.0,False,5,8826,3,0,3,2,0,1,0,0,0,0,0,3186.0,0,0,0,1,0,0,0,1
0,37.0,0,88.0,0.0,719.0,88.0,0.0,True,5,8827,1,1,1,5,0,0,0,0,0,0,1,895.0,0,2,1,0,0,1,0,0
0,19.0,0,0.0,6.0,0.0,0.0,1179.0,True,3,8828,1,1,1,5,1,0,0,0,0,0,1,1185.0,0,2,1,0,0,1,0,0
0,29.0,0,230.0,0.0,1404.0,464.0,0.0,False,4,8830,1,0,2,4,1,0,1,0,0,0,0,2098.0,0,0,0,0,1,0,0,1
1,21.0,0,0.0,0.0,0.0,0.0,0.0,True,3,8830,2,0,2,5,1,0,0,0,0,0,1,0.0,1,3,0,0,1,0,0,1
1,13.0,0,0.0,0.0,0.0,0.0,0.0,True,2,8831,1,1,1,5,1,0,0,0,0,0,1,0.0,1,3,0,0,1,0,0,1
1,15.0,0,0.0,0.0,0.0,0.0,0.0,True,2,8833,1,1,1,6,1,0,0,0,0,1,0,0.0,1,3,1,0,0,1,0,0
0,42.0,0,4.0,0.0,0.0,0.0,792.0,False,5,8834,1,1,1,5,1,0,0,0,0,0,1,796.0,0,2,1,0,0,0,0,1
1,27.0,0,0.0,0.0,0.0,0.0,0.0,False,5,8835,1,1,1,6,1,0,0,0,0,1,0,0.0,1,3,1,0,0,0,0,1
0,26.0,0,903.0,0.0,182.0,0.0,27.0,False,4,8836,1,0,2,5,0,0,0,0,0,0,1,1112.0,0,2,1,0,0,0,0,1
1,19.0,0,0.0,0.0,0.0,0.0,0.0,False,3,8836,2,0,2,6,0,0,0,0,0,1,0,0.0,1,3,1,0,0,0,0,1
0,18.0,0,0.0,181.0,628.0,0.0,0.0,True,2,8838,1,1,1,6,0,0,0,0,0,1,0,809.0,0,2,1,0,0,0,0,1
0,50.0,0,0.0,433.0,4.0,0.0,2020.0,False,5,8840,1,1,1,5,1,0,0,0,0,0,1,2457.0,0,0,1,0,0,1,0,0
1,28.0,0,0.0,0.0,0.0,0.0,0.0,True,4,8841,1,1,1,5,0,0,0,0,0,0,1,0.0,1,3,0,0,1,0,0,1
0,24.0,0,3.0,2910.0,0.0,112.0,36.0,True,3,8842,1,1,1,3,1,1,0,0,0,0,0,3061.0,0,0,0,1,0,0,0,1
0,31.0,0,0.0,927.0,0.0,2760.0,1.0,False,4,8843,1,1,1,2,1,0,1,0,0,0,0,3688.0,0,0,0,1,0,0,0,1
0,19.0,0,0.0,0.0,717.0,1.0,0.0,True,3,8844,1,1,1,4,1,0,1,0,0,0,0,718.0,0,2,1,0,0,1,0,0
0,20.0,0,735.0,0.0,0.0,41.0,1.0,False,3,8845,1,0,2,5,0,0,0,0,0,0,1,777.0,0,2,1,0,0,0,0,1
0,23.0,0,0.0,1204.0,40.0,0.0,375.0,False,3,8845,2,0,2,4,0,0,1,0,0,0,0,1619.0,0,0,1,0,0,0,0,1
0,19.0,0,1037.0,0.0,40.0,0.0,0.0,True,3,8848,1,1,1,5,0,0,0,0,0,0,1,1077.0,0,2,1,0,0,0,0,1
1,27.0,0,0.0,0.0,0.0,0.0,0.0,True,4,8849,1,1,1,6,1,0,0,0,0,1,0,0.0,1,3,1,0,0,1,0,0
0,16.0,0,1032.0,0.0,267.0,0.0,0.0,False,2,8850,1,1,1,4,1,0,1,0,0,0,0,1299.0,0,2,0,0,1,0,0,1
1,76.0,0,0.0,0.0,0.0,0.0,0.0,True,6,8852,1,0,2,3,0,1,0,0,0,0,0,0.0,1,3,0,0,1,0,0,1
0,41.0,1,22.0,484.0,354.0,0.0,0.0,False,5,8852,2,0,2,3,0,1,0,0,0,0,0,860.0,0,2,0,0,1,0,0,1
0,24.0,0,726.0,3488.0,200.0,17.0,275.0,False,3,8853,1,1,1,6,0,0,0,0,0,1,0,4706.0,0,0,1,0,0,0,1,0
1,12.0,0,0.0,0.0,0.0,0.0,0.0,False,1,8854,1,1,1,6,1,0,0,0,0,1,0,0.0,1,3,1,0,0,0,0,1
1,28.0,0,0.0,0.0,0.0,0.0,0.0,True,4,8856,1,1,1,6,0,0,0,0,0,1,0,0.0,1,3,1,0,0,0,1,0
0,36.0,1,0.0,0.0,0.0,0.0,0.0,False,5,8858,1,1,1,1,0,1,0,0,0,0,0,0.0,1,3,0,1,0,0,0,1
1,20.0,0,0.0,0.0,0.0,0.0,0.0,True,3,8860,1,0,4,5,0,0,0,0,0,0,1,0.0,1,3,0,0,1,0,0,1
1,7.0,0,0.0,0.0,0.0,0.0,0.0,True,1,8860,2,0,4,5,0,0,0,0,0,0,1,0.0,1,3,0,0,1,0,0,1
1,21.0,0,0.0,0.0,0.0,0.0,0.0,True,3,8860,3,0,4,5,0,0,0,0,0,0,1,0.0,1,3,0,0,1,0,0,1
0,33.0,0,1054.0,0.0,222.0,22.0,0.0,False,5,8860,4,0,4,4,0,0,1,0,0,0,0,1298.0,0,2,0,0,1,0,0,1
0,32.0,0,0.0,2583.0,3.0,500.0,129.0,True,4,8861,1,1,1,2,0,1,0,0,0,0,0,3215.0,0,0,0,1,0,0,0,1
0,34.0,0,0.0,3126.0,0.0,112.0,15.0,True,5,8862,1,0,5,2,1,0,1,0,0,0,0,3253.0,0,0,0,1,0,1,0,0
0,38.0,1,0.0,2191.0,863.0,207.0,6262.0,False,5,8862,2,0,5,2,1,0,1,0,0,0,0,9523.0,0,0,0,1,0,0,1,0
1,31.0,0,0.0,0.0,0.0,0.0,0.0,True,5,8862,3,0,5,2,1,0,1,0,0,0,0,0.0,1,3,0,1,0,0,0,1
1,28.0,0,0.0,0.0,0.0,0.0,0.0,True,4,8862,4,0,5,2,1,0,1,0,0,0,0,0.0,1,3,0,1,0,1,0,0
1,25.0,0,0.0,0.0,0.0,0.0,0.0,True,3,8862,5,0,5,2,1,0,1,0,0,0,0,0.0,1,3,0,1,0,0,0,1
0,24.0,0,0.0,784.0,5.0,0.0,1.0,True,3,8863,1,1,1,4,1,0,1,0,0,0,0,790.0,0,2,1,0,0,1,0,0
1,18.0,0,0.0,0.0,0.0,0.0,0.0,True,2,8864,1,1,1,5,1,0,0,0,0,0,1,0.0,1,3,0,0,1,0,0,1
0,24.0,0,121.0,10.0,341.0,307.0,47.0,False,3,8865,1,1,1,5,0,0,0,0,0,0,1,826.0,0,2,1,0,0,0,0,1
1,30.0,0,0.0,0.0,0.0,0.0,0.0,True,4,8867,1,0,2,1,0,1,0,0,0,0,0,0.0,1,3,0,1,0,1,0,0
1,38.0,0,0.0,0.0,0.0,0.0,0.0,True,5,8867,2,0,2,1,0,1,0,0,0,0,0,0.0,1,3,0,1,0,1,0,0
0,39.0,0,0.0,798.0,0.0,56.0,0.0,True,5,8868,1,1,1,6,1,0,0,0,0,1,0,854.0,0,2,1,0,0,0,0,1
1,31.0,0,0.0,0.0,0.0,0.0,0.0,True,4,8869,1,1,1,6,1,0,0,0,0,1,0,0.0,1,3,1,0,0,0,0,1
0,33.0,0,0.0,116.0,412.0,379.0,0.0,True,5,8871,1,0,2,6,1,0,0,0,0,1,0,907.0,0,2,1,0,0,0,0,1
1,15.0,0,0.0,0.0,412.0,0.0,0.0,True,2,8871,2,0,2,6,1,0,0,0,0,1,0,0.0,1,3,1,0,0,0,1,0
1,23.0,0,0.0,0.0,0.0,0.0,0.0,True,3,8872,1,1,1,5,0,0,0,0,0,0,1,0.0,1,3,0,0,1,0,0,1
1,24.0,0,0.0,0.0,0.0,0.0,0.0,False,3,8874,1,1,1,6,0,0,0,0,0,1,0,0.0,1,3,1,0,0,0,0,1
0,44.0,0,0.0,71.0,7148.0,427.0,394.0,True,5,8876,1,1,1,1,0,1,0,0,0,0,0,8040.0,0,0,0,1,0,1,0,0
0,22.0,0,0.0,0.0,0.0,0.0,906.0,False,3,8878,1,1,1,4,0,0,1,0,0,0,0,906.0,0,2,1,0,0,0,0,1
1,28.0,0,0.0,0.0,0.0,0.0,0.0,True,4,8880,1,1,1,5,0,0,0,0,0,0,1,0.0,1,3,0,0,1,0,0,1
0,34.0,0,0.0,0.0,717.0,0.0,0.0,True,5,8881,1,1,1,5,1,0,0,0,0,0,1,717.0,0,2,1,0,0,1,0,0
0,8.0,0,0.0,0.0,0.0,0.0,0.0,False,1,8883,1,1,1,6,0,0,0,0,0,1,0,0.0,1,3,1,0,0,0,0,1
0,26.0,0,1471.0,0.0,7.0,5.0,0.0,True,4,8884,1,1,1,5,0,0,0,0,0,0,1,1483.0,0,0,1,0,0,0,0,1
0,29.0,0,876.0,1.0,54.0,125.0,0.0,False,4,8885,1,1,1,3,1,1,0,0,0,0,0,1056.0,0,2,0,0,1,0,0,1
0,58.0,0,0.0,0.0,620.0,0.0,0.0,False,6,8886,1,0,3,6,1,0,0,0,0,1,0,620.0,0,1,1,0,0,1,0,0
1,4.0,0,0.0,0.0,0.0,0.0,0.0,False,0,8886,2,0,3,6,1,0,0,0,0,1,0,0.0,1,3,1,0,0,0,0,1
0,1.0,0,0.0,0.0,0.0,0.0,0.0,True,0,8886,3,0,3,6,1,0,0,0,0,1,0,0.0,1,3,1,0,0,0,1,0
0,17.0,0,0.0,0.0,615.0,0.0,0.0,False,2,8889,1,1,1,6,0,0,0,0,0,1,0,615.0,0,1,1,0,0,1,0,0
0,27.0,0,0.0,0.0,0.0,1606.0,3675.0,False,4,8890,1,1,1,6,1,0,0,0,0,1,0,5281.0,0,0,1,0,0,0,1,0
0,24.0,0,1186.0,0.0,381.0,3.0,173.0,True,3,8891,1,0,2,5,0,0,0,0,0,0,1,1743.0,0,0,1,0,0,0,0,1
0,16.0,0,0.0,1332.0,0.0,0.0,0.0,True,2,8891,2,0,2,5,0,0,0,0,0,0,1,1332.0,0,2,1,0,0,0,0,1
0,28.0,0,0.0,16.0,496.0,318.0,0.0,False,4,8892,1,1,1,5,0,0,0,0,0,0,1,830.0,0,2,1,0,0,0,0,1
1,23.0,0,0.0,0.0,0.0,0.0,0.0,True,3,8894,1,1,1,5,1,0,0,0,0,0,1,0.0,1,3,0,0,1,0,0,1
1,33.0,0,0.0,0.0,0.0,0.0,0.0,True,5,8896,1,1,1,5,1,0,0,0,0,0,1,0.0,1,3,0,0,1,1,0,0
1,24.0,0,0.0,0.0,0.0,0.0,0.0,True,3,8897,1,1,1,6,0,0,0,0,0,1,0,0.0,1,3,1,0,0,0,1,0
0,6.0,0,0.0,0.0,0.0,0.0,0.0,True,1,8899,1,1,1,6,1,0,0,0,0,1,0,0.0,1,3,1,0,0,0,0,1
0,19.0,0,23.0,659.0,0.0,15.0,113.0,False,3,8900,1,1,1,6,0,0,0,0,0,1,0,810.0,0,2,1,0,0,0,0,1
1,31.0,0,0.0,0.0,0.0,0.0,0.0,True,4,8901,1,1,1,1,1,0,1,0,0,0,0,0.0,1,3,0,1,0,0,0,1
0,19.0,0,16.0,1739.0,9.0,5.0,8.0,True,3,8902,1,1,1,6,1,0,0,0,0,1,0,1777.0,0,0,1,0,0,0,0,1
0,18.0,0,0.0,0.0,0.0,0.0,810.0,False,2,8903,1,1,1,6,1,0,0,0,0,1,0,810.0,0,2,1,0,0,0,0,1
0,35.0,0,522.0,0.0,1.0,324.0,60.0,False,5,8904,1,1,1,6,0,0,0,0,0,1,0,907.0,0,2,1,0,0,0,0,1
0,32.0,1,0.0,0.0,0.0,0.0,0.0,True,4,8905,1,1,1,4,0,0,1,0,0,0,0,0.0,1,3,0,0,1,0,0,1
0,19.0,0,720.0,2.0,0.0,0.0,0.0,False,3,8906,1,1,1,5,1,0,0,0,0,0,1,722.0,0,2,1,0,0,1,0,0
1,24.0,0,0.0,0.0,0.0,0.0,0.0,True,3,8907,1,1,1,6,1,0,0,0,0,1,0,0.0,1,3,1,0,0,0,1,0
0,33.0,0,0.0,3.0,0.0,782.0,7.0,False,5,8910,1,1,1,4,1,0,1,0,0,0,0,792.0,0,2,1,0,0,0,0,1
0,20.0,0,0.0,1.0,32.0,755.0,21.0,False,3,8918,1,1,1,6,0,0,0,0,0,1,0,809.0,0,2,1,0,0,0,0,1
0,27.0,0,0.0,2481.0,0.0,3657.0,93.0,False,4,8919,1,1,1,2,1,0,1,0,0,0,0,6231.0,0,0,0,1,0,0,0,1
0,26.0,0,0.0,70.0,0.0,41.0,0.0,False,4,8920,1,1,1,3,0,1,0,0,0,0,0,111.0,0,1,0,1,0,0,0,1
1,28.0,0,0.0,0.0,0.0,0.0,0.0,True,4,8922,1,1,1,6,0,0,0,0,0,1,0,0.0,1,3,1,0,0,0,0,1
0,19.0,0,0.0,0.0,0.0,0.0,0.0,True,3,8923,1,1,1,6,0,0,0,0,0,1,0,0.0,1,3,1,0,0,0,0,1
0,24.0,0,0.0,0.0,3.0,80.0,0.0,True,3,8926,1,1,1,4,0,0,1,0,0,0,0,83.0,0,1,1,0,0,0,0,1
1,52.0,0,0.0,0.0,0.0,0.0,0.0,True,6,8928,1,1,1,2,1,0,1,0,0,0,0,0.0,1,3,0,1,0,1,0,0
0,23.0,0,0.0,471.0,120.0,13.0,6.0,True,3,8930,1,1,1,5,1,0,0,0,0,0,1,610.0,0,1,1,0,0,0,1,0
0,23.0,0,0.0,0.0,0.0,912.0,41.0,False,3,8932,1,1,1,5,1,0,0,0,0,0,1,953.0,0,2,1,0,0,0,0,1
1,25.0,0,0.0,0.0,0.0,0.0,0.0,True,3,8937,1,1,1,4,0,0,1,0,0,0,0,0.0,1,3,0,1,0,0,0,1
1,22.0,0,0.0,0.0,0.0,0.0,0.0,True,3,8938,1,0,2,5,1,0,0,0,0,0,1,0.0,1,3,0,0,1,0,0,1
1,35.0,0,0.0,0.0,0.0,0.0,0.0,True,5,8938,2,0,2,5,1,0,0,0,0,0,1,0.0,1,3,0,0,1,0,0,1
1,24.0,0,0.0,0.0,0.0,0.0,0.0,True,3,8939,1,1,1,6,1,0,0,0,0,1,0,0.0,1,3,1,0,0,0,1,0
0,24.0,0,771.0,0.0,22.0,0.0,0.0,False,3,8940,1,1,1,4,1,0,1,0,0,0,0,793.0,0,2,1,0,0,0,0,1
0,26.0,1,1.0,445.0,170.0,614.0,68.0,False,4,8941,1,0,3,4,0,0,1,0,0,0,0,1298.0,0,2,0,0,1,0,0,1
0,37.0,0,528.0,0.0,1598.0,62.0,0.0,True,5,8941,2,0,3,5,0,0,0,0,0,0,1,2188.0,0,0,0,0,1,0,0,1
0,14.0,0,1737.0,0.0,336.0,0.0,0.0,False,2,8941,3,0,3,4,0,0,1,0,0,0,0,2073.0,0,0,0,0,1,0,0,1
0,36.0,0,0.0,3423.0,0.0,466.0,349.0,True,5,8942,1,1,1,2,0,1,0,0,0,0,0,4238.0,0,0,0,1,0,0,0,1
1,0.0,0,163.5,0.0,0.0,0.0,0.0,True,0,8944,1,0,3,6,1,0,0,0,0,1,0,0.0,1,3,1,0,0,0,1,0
0,17.0,0,0.0,0.0,0.0,0.0,0.0,True,2,8944,2,0,3,6,1,0,0,0,0,1,0,0.0,1,3,1,0,0,0,1,0
0,18.0,0,327.0,170.0,0.0,0.0,130.0,False,2,8944,3,0,3,6,1,0,0,0,0,1,0,627.0,0,1,1,0,0,0,0,1
0,43.0,0,3036.0,1632.0,346.0,957.0,128.0,False,5,8945,1,0,2,3,1,1,0,0,0,0,0,3063.0,0,0,0,1,0,0,0,1
0,21.0,0,3036.0,32.0,0.0,2.0,416.0,False,3,8945,2,0,2,3,1,1,0,0,0,0,0,3486.0,0,0,0,1,0,0,0,1
1,34.0,0,0.0,0.0,0.0,0.0,0.0,True,5,8947,1,1,1,5,1,0,0,0,0,0,1,0.0,1,3,0,0,1,0,0,1
0,57.0,0,0.0,13.0,0.0,52.0,11325.0,False,6,8948,1,0,2,1,1,0,1,0,0,0,0,11390.0,0,0,0,1,0,0,0,1
0,18.0,0,0.0,4715.0,0.0,36.0,995.0,True,2,8948,2,0,2,1,1,0,1,0,0,0,0,5746.0,0,0,0,1,0,1,0,0
0,73.0,0,1806.0,0.0,47.0,0.0,0.0,False,6,8954,1,1,1,6,0,0,0,0,0,1,0,1853.0,0,0,1,0,0,0,1,0
0,31.0,0,0.0,1524.0,0.0,0.0,0.0,False,4,8955,1,1,1,5,0,0,0,0,0,0,1,1524.0,0,0,1,0,0,0,0,1
0,25.0,0,0.0,0.0,0.0,6.0,1989.0,False,3,8956,1,0,8,5,0,0,0,0,0,0,1,1995.0,0,0,1,0,0,0,0,1
1,20.0,0,0.0,0.0,0.0,0.0,0.0,True,3,8956,2,0,8,6,0,0,0,0,0,1,0,0.0,1,3,1,0,0,0,0,1
0,24.0,0,0.0,0.0,40.0,0.0,575.0,False,3,8956,3,0,8,6,0,0,0,0,0,1,0,615.0,0,1,1,0,0,0,1,0
0,24.0,0,194.0,1.0,10.0,629.0,0.0,False,3,8956,4,0,8,6,0,0,0,0,0,1,0,834.0,0,2,1,0,0,0,0,1
1,21.0,0,0.0,0.0,0.0,0.0,0.0,False,3,8956,5,0,8,6,0,0,0,0,0,1,0,0.0,1,3,1,0,0,0,0,1
0,22.0,0,0.0,29.0,165.0,404.0,0.0,False,3,8956,6,0,8,5,0,0,0,0,0,0,1,598.0,0,1,1,0,0,0,1,0
0,39.0,0,0.0,0.0,1291.0,224.0,0.0,False,5,8956,7,0,8,5,0,0,0,0,0,0,1,1515.0,0,0,1,0,0,1,0,0
0,26.0,0,0.0,0.0,0.0,0.0,741.0,False,4,8956,8,0,8,5,0,0,0,0,0,0,1,741.0,0,2,1,0,0,0,0,1
1,32.0,0,0.0,0.0,0.0,0.0,0.0,True,4,8959,1,1,1,2,0,1,0,0,0,0,0,0.0,1,3,0,1,0,0,0,1
1,1.0,0,0.0,0.0,0.0,0.0,0.0,True,0,8961,1,0,5,6,0,0,0,0,0,1,0,0.0,1,3,1,0,0,0,0,1
0,7.0,0,0.0,0.0,0.0,0.0,0.0,False,1,8961,2,0,5,6,0,0,0,0,0,1,0,0.0,1,3,1,0,0,0,0,1
0,4.0,0,0.0,0.0,0.0,0.0,0.0,False,0,8961,3,0,5,6,0,0,0,0,0,1,0,0.0,1,3,1,0,0,0,0,1
0,21.0,0,0.0,6.0,0.0,593.0,0.0,False,3,8961,4,0,5,5,0,0,0,0,0,0,1,599.0,0,1,1,0,0,0,0,1
1,12.0,0,0.0,0.0,0.0,0.0,0.0,False,1,8961,5,0,5,6,0,0,0,0,0,1,0,0.0,1,3,1,0,0,0,0,1
0,28.0,0,1708.0,0.0,65.0,1.0,0.0,False,4,8964,1,0,3,5,1,0,0,0,0,0,1,1774.0,0,0,0,0,1,0,0,1
0,0.0,0,0.0,0.0,0.0,0.0,0.0,True,0,8964,2,0,3,5,1,0,0,0,0,0,1,0.0,1,3,0,0,1,0,0,1
1,18.0,0,0.0,0.0,0.0,0.0,0.0,True,2,8964,3,0,3,5,1,0,0,0,0,0,1,0.0,1,3,0,0,1,0,0,1
0,52.0,0,1231.0,2.0,8.0,0.0,0.0,False,6,8966,1,1,1,5,1,0,0,0,0,0,1,1241.0,0,2,0,0,1,0,0,1
0,18.0,0,13.0,822.0,27.0,0.0,46.0,False,2,8967,1,1,1,6,1,0,0,0,0,1,0,908.0,0,2,1,0,0,0,0,1
1,51.0,0,0.0,0.0,0.0,0.0,0.0,True,6,8968,1,1,1,4,1,0,1,0,0,0,0,0.0,1,3,0,1,0,0,0,1
0,21.0,0,0.0,846.0,4407.0,0.0,2491.0,True,3,8969,1,1,1,2,0,1,0,0,0,0,0,7744.0,0,0,0,1,0,1,0,0
0,28.0,0,0.0,3751.0,0.0,5025.0,11741.0,False,4,8970,1,1,1,2,0,0,1,0,0,0,0,20517.0,0,0,0,1,0,1,0,0
1,34.0,0,0.0,0.0,0.0,0.0,0.0,True,5,8972,1,1,1,5,1,0,0,0,0,0,1,0.0,1,3,0,0,1,0,0,1
1,13.0,0,0.0,0.0,0.0,0.0,0.0,True,2,8973,1,1,1,6,1,0,0,0,0,1,0,0.0,1,3,1,0,0,0,0,1
0,35.0,0,503.0,236.0,2.0,0.0,68.0,False,5,8975,1,0,2,6,0,0,0,0,0,1,0,809.0,0,2,1,0,0,0,0,1
0,27.0,0,1.0,236.0,0.0,20.0,948.0,False,4,8975,2,0,2,5,0,0,0,0,0,0,1,969.0,0,2,1,0,0,0,0,1
0,35.0,0,1.0,0.0,0.0,0.0,803.0,False,5,8976,1,1,1,5,1,0,0,0,0,0,1,804.0,0,2,1,0,0,0,0,1
0,51.0,0,324.0,0.0,563.0,119.0,0.0,False,6,8977,1,1,1,3,1,1,0,0,0,0,0,1006.0,0,2,0,0,1,1,0,0
0,53.0,0,24.0,0.0,1105.0,0.0,0.0,False,6,8978,1,1,1,5,0,0,0,0,0,0,1,1129.0,0,2,0,0,1,0,0,1
0,29.0,0,311.0,7.0,665.0,0.0,0.0,False,4,8981,1,1,1,4,1,0,1,0,0,0,0,983.0,0,2,1,0,0,0,0,1
0,41.0,0,0.0,924.0,0.0,0.0,0.0,False,5,8982,1,1,1,5,1,0,0,0,0,0,1,924.0,0,2,1,0,0,0,0,1
0,47.0,0,42.0,509.0,0.0,0.0,1057.0,False,5,8983,1,1,1,4,0,0,1,0,0,0,0,1608.0,0,0,1,0,0,0,0,1
0,22.0,0,0.0,0.0,626.0,0.0,14.0,False,3,8985,1,1,1,5,0,0,0,0,0,0,1,640.0,0,1,1,0,0,1,0,0
0,19.0,0,0.0,810.0,21.0,788.0,0.0,False,3,8986,1,0,2,4,1,0,1,0,0,0,0,1619.0,0,0,1,0,0,0,0,1
0,22.0,0,0.0,17.0,0.0,620.0,0.0,False,3,8986,2,0,2,5,1,0,0,0,0,0,1,637.0,0,1,1,0,0,0,1,0
1,25.0,0,0.0,0.0,0.0,0.0,0.0,True,3,8987,1,1,1,3,0,1,0,0,0,0,0,0.0,1,3,0,1,0,1,0,0
1,17.0,0,0.0,0.0,0.0,0.0,0.0,True,1,8988,1,0,8,6,1,0,0,0,0,1,0,0.0,1,3,1,0,0,0,0,1
1,17.0,0,0.0,0.0,0.0,0.0,0.0,True,2,8988,2,0,8,6,1,0,0,0,0,1,0,0.0,1,3,1,0,0,1,0,0
1,0.0,0,0.0,0.0,0.0,0.0,0.0,True,0,8988,3,0,8,6,1,0,0,0,0,1,0,0.0,1,3,1,0,0,1,0,0
1,5.0,0,0.0,0.0,0.0,0.0,0.0,False,1,8988,4,0,8,6,1,0,0,0,0,1,0,0.0,1,3,1,0,0,0,0,1
0,30.0,0,0.0,1028.0,0.0,80.0,0.0,False,4,8988,5,0,8,5,1,0,0,0,0,0,1,1108.0,0,2,1,0,0,0,0,1
1,17.0,0,0.0,0.0,0.0,0.0,0.0,True,2,8988,6,0,8,6,1,0,0,0,0,1,0,0.0,1,3,1,0,0,0,0,1
0,53.0,0,0.0,1487.0,0.0,67.0,0.0,False,6,8988,7,0,8,5,1,0,0,0,0,0,1,1554.0,0,0,1,0,0,0,0,1
1,9.0,0,0.0,0.0,0.0,0.0,0.0,False,1,8988,8,0,8,6,1,0,0,0,0,1,0,0.0,1,3,1,0,0,0,0,1
0,17.0,0,0.0,366.0,23492.0,356.0,3.0,True,2,8989,1,0,4,1,0,1,0,0,0,0,0,24217.0,0,0,0,1,0,0,0,1
1,16.0,0,0.0,0.0,0.0,0.0,0.0,True,2,8989,2,0,4,1,0,1,0,0,0,0,0,0.0,1,3,0,1,0,1,0,0
1,29.0,0,0.0,0.0,0.0,0.0,0.0,True,4,8989,3,0,4,1,0,1,0,0,0,0,0,0.0,1,3,0,1,0,0,0,1
0,29.0,0,80.0,3707.0,0.0,1465.0,1320.0,False,4,8989,4,0,4,1,0,1,0,0,0,0,0,6572.0,0,0,0,1,0,1,0,0
0,46.0,0,479.0,4.0,699.0,0.0,0.0,False,5,8992,1,1,1,3,0,1,0,0,0,0,0,1182.0,0,2,0,0,1,0,0,1
0,27.0,0,32.0,8.0,5.0,588.0,18.0,False,4,8993,1,1,1,5,0,0,0,0,0,0,1,651.0,0,1,1,0,0,0,1,0
0,39.0,0,2101.0,41.0,0.0,525.0,19.0,False,5,8996,1,1,1,3,0,1,0,0,0,0,0,2686.0,0,0,0,1,0,0,0,1
1,15.0,0,0.0,0.0,0.0,0.0,0.0,True,2,8997,1,0,2,5,1,0,0,0,0,0,1,0.0,1,3,1,0,0,1,0,0
0,30.0,0,604.0,0.0,50.0,147.0,2.0,False,4,8997,2,0,2,5,1,0,0,0,0,0,1,803.0,0,2,1,0,0,0,0,1
1,41.0,0,0.0,0.0,0.0,0.0,0.0,False,5,8998,1,0,2,6,1,0,0,0,0,1,0,0.0,1,3,1,0,0,0,0,1
0,47.0,0,0.0,1.0,0.0,967.0,5.0,False,5,8998,2,0,2,4,1,0,1,0,0,0,0,973.0,0,2,1,0,0,0,0,1
0,32.0,0,2555.0,0.0,456.0,2.0,0.0,False,4,8999,1,1,1,3,1,1,0,0,0,0,0,3013.0,0,0,0,0,1,1,0,0
0,15.0,0,0.0,20.0,816.0,39.0,1.0,False,2,9001,1,1,1,5,1,0,0,0,0,0,1,876.0,0,2,1,0,0,1,0,0
0,23.0,0,2.0,167.0,0.0,0.0,555.0,True,3,9003,1,1,1,5,1,0,0,0,0,0,1,724.0,0,2,1,0,0,0,0,1
1,20.0,0,0.0,0.0,0.0,0.0,0.0,True,3,9004,1,1,1,1,0,1,0,0,0,0,0,0.0,1,3,0,1,0,1,0,0
1,33.0,0,0.0,0.0,0.0,0.0,0.0,True,5,9006,1,1,1,1,1,0,1,0,0,0,0,0.0,1,3,0,1,0,0,0,1
1,18.0,0,0.0,0.0,0.0,0.0,0.0,False,2,9007,1,1,1,6,0,0,0,0,0,1,0,0.0,1,3,1,0,0,0,0,1
0,31.0,0,0.0,173.0,409.0,102.0,43.0,False,4,9008,1,0,2,5,1,0,0,0,0,0,1,727.0,0,2,1,0,0,0,0,1
1,25.0,0,0.0,0.0,0.0,0.0,0.0,False,3,9008,2,0,2,5,1,0,0,0,0,0,1,0.0,1,3,1,0,0,0,0,1
1,19.0,0,0.0,0.0,0.0,0.0,0.0,True,3,9009,1,1,1,6,0,0,0,0,0,1,0,0.0,1,3,1,0,0,0,1,0
1,32.0,0,0.0,0.0,0.0,0.0,0.0,True,4,9010,1,1,1,5,0,0,0,0,0,0,1,0.0,1,3,0,0,1,1,0,0
0,45.0,0,2.0,338.0,307.0,64.0,0.0,False,5,9011,1,1,1,5,1,0,0,0,0,0,1,711.0,0,1,1,0,0,0,0,1
0,43.0,0,224.0,0.0,623.0,0.0,62.0,False,5,9012,1,1,1,6,0,0,0,0,0,1,0,909.0,0,2,1,0,0,0,0,1
0,21.0,0,128.0,108.0,8.0,3.0,522.0,False,3,9013,1,0,3,6,0,0,0,0,0,1,0,769.0,0,2,1,0,0,0,0,1
0,48.0,0,38.0,0.0,23.0,722.0,1.0,False,5,9013,2,0,3,6,0,0,0,0,0,1,0,784.0,0,2,1,0,0,0,0,1
0,0.0,0,0.0,0.0,0.0,0.0,0.0,True,0,9013,3,0,3,6,0,0,0,0,0,1,0,0.0,1,3,1,0,0,1,0,0
1,29.0,0,0.0,0.0,0.0,0.0,0.0,True,4,9014,1,1,1,1,0,1,0,0,0,0,0,0.0,1,3,0,1,0,0,0,1
0,41.0,0,3.0,1320.0,0.0,0.0,12392.0,False,5,9015,1,1,1,1,1,0,1,0,0,0,0,13715.0,0,0,0,1,0,1,0,0
0,23.0,0,0.0,554.0,0.0,299.0,0.0,False,3,9018,1,1,1,6,0,0,0,0,0,1,0,853.0,0,2,1,0,0,0,0,1
0,48.0,0,304.0,0.0,164.0,320.0,0.0,False,5,9019,1,1,1,4,1,0,1,0,0,0,0,788.0,0,2,1,0,0,1,0,0
0,18.0,0,0.0,0.0,0.0,391.0,283.0,True,2,9020,1,1,1,5,1,0,0,0,0,0,1,674.0,0,1,1,0,0,0,1,0
0,30.0,0,522.0,0.0,62.0,0.0,27.0,True,4,9021,1,0,2,4,0,0,1,0,0,0,0,549.0,0,1,0,0,1,0,0,1
0,26.0,1,1297.0,0.0,62.0,0.0,364.0,False,4,9021,2,0,2,3,0,1,0,0,0,0,0,1723.0,0,0,0,0,1,0,0,1
0,18.0,0,0.0,1.0,0.0,618.0,21.0,True,2,9023,1,1,1,4,1,0,1,0,0,0,0,640.0,0,1,1,0,0,0,0,1
0,27.0,0,63.0,0.0,1970.0,0.0,0.0,True,4,9024,1,1,1,5,1,0,0,0,0,0,1,2033.0,0,0,0,0,1,1,0,0
1,58.0,0,0.0,0.0,0.0,0.0,0.0,True,6,9026,1,1,1,6,0,0,0,0,0,1,0,0.0,1,3,1,0,0,0,0,1
0,22.0,0,1.0,676.0,13.0,217.0,1.0,False,3,9028,1,1,1,6,0,0,0,0,0,1,0,908.0,0,2,1,0,0,0,0,1
0,17.0,0,3146.0,0.0,87.0,135.0,0.0,False,2,9029,1,1,1,3,0,1,0,0,0,0,0,3368.0,0,0,0,0,1,0,0,1
0,28.0,0,1954.0,43.0,0.0,0.0,7.0,False,4,9030,1,0,2,5,0,0,0,0,0,0,1,2004.0,0,0,1,0,0,0,0,1
0,27.0,0,0.0,0.0,0.0,298.0,511.0,False,4,9030,2,0,2,6,0,0,0,0,0,1,0,809.0,0,2,1,0,0,0,0,1
0,51.0,0,0.0,0.0,689.0,0.0,32.0,False,6,9031,1,1,1,6,1,0,0,0,0,1,0,721.0,0,2,1,0,0,0,0,1
1,37.0,0,0.0,0.0,0.0,0.0,0.0,False,5,9032,1,1,1,4,0,0,1,0,0,0,0,0.0,1,3,0,0,1,0,0,1
1,14.0,0,0.0,0.0,0.0,0.0,0.0,True,2,9034,1,0,5,3,0,1,0,0,0,0,0,0.0,1,3,0,1,0,0,0,1
1,43.0,0,0.0,0.0,0.0,0.0,0.0,True,5,9034,2,0,5,3,0,1,0,0,0,0,0,0.0,1,3,0,1,0,0,0,1
0,27.0,0,0.0,984.0,0.0,13995.0,312.0,False,4,9034,3,0,5,3,0,1,0,0,0,0,0,15291.0,0,0,0,1,0,1,0,0
0,60.0,0,0.0,492.0,947.0,668.0,1.0,True,6,9034,4,0,5,3,0,1,0,0,0,0,0,1616.0,0,0,0,1,0,0,0,1
0,33.0,0,0.0,1876.0,0.0,1432.0,14.0,False,5,9034,5,0,5,3,0,1,0,0,0,0,0,3322.0,0,0,0,1,0,0,0,1
0,39.0,0,266.0,4.0,1.0,0.0,452.0,False,5,9035,1,1,1,6,0,0,0,0,0,1,0,723.0,0,2,1,0,0,0,0,1
1,21.0,0,0.0,0.0,0.0,0.0,0.0,True,3,9036,1,1,1,6,0,0,0,0,0,1,0,0.0,1,3,1,0,0,0,1,0
0,21.0,0,1410.0,3.0,49.0,0.0,0.0,False,3,9037,1,1,1,5,1,0,0,0,0,0,1,1462.0,0,0,0,0,1,1,0,0
1,28.0,0,0.0,0.0,0.0,0.0,0.0,True,4,9038,1,1,1,0,1,1,0,0,0,0,0,0.0,1,3,0,1,0,1,0,0
1,30.0,0,0.0,0.0,0.0,0.0,0.0,True,4,9041,1,1,1,6,0,0,0,0,0,1,0,0.0,1,3,1,0,0,0,1,0
0,42.0,0,0.0,5436.0,0.0,471.0,109.0,True,5,9042,1,1,1,1,0,1,0,0,0,0,0,6016.0,0,0,0,1,0,1,0,0
1,25.0,0,0.0,0.0,0.0,0.0,0.0,True,3,9043,1,1,1,5,0,0,0,0,0,0,1,0.0,1,3,1,0,0,0,0,1
1,25.0,0,0.0,0.0,0.0,0.0,0.0,True,3,9046,1,0,2,2,1,0,1,0,0,0,0,0.0,1,3,0,1,0,1,0,0
0,25.0,0,6899.0,265.0,0.0,2234.0,2090.0,False,3,9046,2,0,2,2,1,0,1,0,0,0,0,11488.0,0,0,0,1,0,0,0,1
1,54.0,0,0.0,0.0,0.0,0.0,0.0,False,6,9048,1,1,1,6,0,0,0,0,0,1,0,0.0,1,3,1,0,0,0,0,1
1,41.0,0,0.0,0.0,0.0,0.0,0.0,True,5,9049,1,1,1,2,1,0,1,0,0,0,0,0.0,1,3,0,1,0,0,0,1
0,36.0,0,0.0,17.0,204.0,559.0,3.0,False,5,9052,1,0,2,6,1,0,0,0,0,1,0,783.0,0,2,1,0,0,0,0,1
0,33.0,0,1006.0,0.0,1357.0,45.0,6.0,False,5,9052,2,0,2,5,1,0,0,0,0,0,1,2414.0,0,0,1,0,0,1,0,0
0,36.0,1,132.0,3479.0,0.0,3786.0,0.0,False,5,9057,1,0,2,5,1,0,1,0,0,0,0,7397.0,0,0,0,1,0,1,0,0
1,55.0,0,0.0,0.0,0.0,0.0,0.0,True,6,9057,2,0,2,1,0,1,0,0,0,0,0,0.0,1,3,0,1,0,0,0,1
0,16.0,0,866.0,0.0,0.0,184.0,0.0,False,2,9059,1,1,1,5,1,0,0,0,0,0,1,1050.0,0,2,1,0,0,0,0,1
0,28.0,0,0.0,8.0,338.0,135.0,390.0,False,4,9060,1,1,1,5,0,0,0,0,0,0,1,871.0,0,2,1,0,0,0,0,1
0,26.0,0,887.0,6.0,15.0,148.0,0.0,False,4,9061,1,1,1,3,1,1,0,0,0,0,0,1056.0,0,2,0,0,1,0,0,1
0,42.0,0,815.0,19.0,2.0,11.0,17.0,False,5,9064,1,1,1,5,1,0,0,0,0,0,1,864.0,0,2,1,0,0,0,0,1
0,30.0,0,1269.0,9.0,0.0,0.0,0.0,False,4,9066,1,1,1,5,1,0,0,0,0,0,1,1278.0,0,2,1,0,0,0,1,0
0,31.0,0,1062.0,1605.0,0.0,2718.0,1674.0,False,4,9068,1,1,1,2,1,0,1,0,0,0,0,7059.0,0,0,0,1,0,0,0,1
1,22.0,0,0.0,0.0,0.0,0.0,0.0,True,3,9069,1,0,5,1,0,1,0,0,0,0,0,0.0,1,3,0,1,0,0,0,1
1,26.0,0,0.0,0.0,0.0,0.0,0.0,True,4,9069,2,0,5,1,0,1,0,0,0,0,0,0.0,1,3,0,1,0,1,0,0
1,25.0,0,0.0,0.0,0.0,0.0,0.0,True,3,9069,3,0,5,5,1,0,1,0,0,0,0,0.0,1,3,0,1,0,1,0,0
0,44.0,0,0.0,4313.0,0.0,568.0,7.0,True,5,9069,4,0,5,1,0,1,0,0,0,0,0,4888.0,0,0,0,1,0,0,0,1
0,29.0,0,0.0,12563.0,0.0,3.0,5057.0,False,4,9069,5,0,5,1,0,1,0,0,0,0,0,17623.0,0,0,0,1,0,1,0,0
0,22.0,0,0.0,0.0,1072.0,46.0,3.0,False,3,9071,1,1,1,5,0,0,0,0,0,0,1,1121.0,0,2,1,0,0,1,0,0
1,23.0,0,0.0,0.0,0.0,0.0,0.0,True,3,9072,1,0,3,5,1,0,0,0,0,0,1,0.0,1,3,0,0,1,0,0,1
0,30.0,0,160.0,0.0,719.0,162.0,0.0,False,4,9072,2,0,3,5,1,0,0,0,0,0,1,1041.0,0,2,0,0,1,0,0,1
0,23.0,0,455.0,10.0,591.0,232.0,0.0,False,3,9072,3,0,3,5,1,0,0,0,0,0,1,1288.0,0,2,0,0,1,0,0,1
0,13.0,0,24.0,838.0,1069.0,1376.0,181.0,False,2,9073,1,0,2,0,1,1,0,0,0,0,0,3488.0,0,0,0,1,0,0,0,1
1,53.0,0,0.0,0.0,1069.0,0.0,0.0,True,6,9073,2,0,2,1,1,0,1,0,0,0,0,0.0,1,3,0,1,0,1,0,0
1,0.0,0,0.0,0.0,0.0,0.0,0.0,True,0,9074,1,0,6,6,1,0,0,0,0,1,0,0.0,1,3,1,0,0,0,0,1
0,27.0,0,0.0,468.0,0.0,59.0,309.0,False,4,9074,2,0,6,6,1,0,0,0,0,1,0,836.0,0,2,1,0,0,0,1,0
1,27.0,0,0.0,0.0,0.0,0.0,0.0,False,4,9074,3,0,6,6,1,0,0,0,0,1,0,0.0,1,3,1,0,0,0,0,1
1,10.0,0,0.0,0.0,0.0,0.0,0.0,True,1,9074,4,0,6,6,1,0,0,0,0,1,0,0.0,1,3,1,0,0,1,0,0
1,2.0,0,0.0,0.0,0.0,0.0,0.0,True,0,9074,5,0,6,6,1,0,0,0,0,1,0,0.0,1,3,1,0,0,0,0,1
0,5.0,0,0.0,0.0,0.0,0.0,0.0,True,1,9074,6,0,6,6,1,0,0,0,0,1,0,0.0,1,3,1,0,0,1,0,0
0,24.0,0,0.0,10.0,758.0,0.0,20.0,False,3,9075,1,1,1,4,0,0,1,0,0,0,0,788.0,0,2,1,0,0,0,0,1
0,32.0,0,0.0,0.0,0.0,0.0,0.0,False,4,9076,1,1,1,6,1,0,0,0,0,1,0,0.0,1,3,1,0,0,0,0,1
0,22.0,0,23.0,100.0,1353.0,0.0,0.0,True,3,9077,1,0,2,5,0,0,0,0,0,0,1,1476.0,0,0,1,0,0,1,0,0
1,22.0,0,0.0,0.0,0.0,0.0,0.0,False,3,9077,2,0,2,6,0,0,0,0,0,1,0,0.0,1,3,1,0,0,0,1,0
0,44.0,0,0.0,2.0,0.0,0.0,1556.0,False,5,9078,1,1,1,4,1,0,1,0,0,0,0,1558.0,0,0,1,0,0,0,1,0
0,55.0,0,1.0,0.0,58.0,0.0,802.0,True,6,9079,1,1,1,4,1,0,1,0,0,0,0,861.0,0,2,1,0,0,0,0,1
0,22.0,0,34.0,0.0,0.0,711.0,0.0,False,3,9080,1,1,1,5,0,0,0,0,0,0,1,745.0,0,2,1,0,0,0,0,1
0,8.0,0,0.0,0.0,0.0,0.0,0.0,False,1,9081,1,0,8,6,0,0,0,0,0,1,0,0.0,1,3,1,0,0,0,0,1
0,15.0,0,0.0,0.0,0.0,208.0,754.0,False,2,9081,2,0,8,5,0,0,0,0,0,0,1,962.0,0,2,1,0,0,1,0,0
1,1.0,0,0.0,0.0,0.0,0.0,0.0,False,0,9081,3,0,8,5,1,0,1,0,0,0,0,0.0,1,3,1,0,0,0,0,1
0,9.0,0,0.0,0.0,0.0,0.0,0.0,True,1,9081,4,0,8,6,0,0,0,0,0,1,0,0.0,1,3,1,0,0,0,0,1
0,48.0,0,0.0,586.0,784.0,4.0,21.0,True,5,9081,5,0,8,5,0,0,0,0,0,0,1,1395.0,0,2,1,0,0,0,0,1
0,16.0,0,0.0,0.0,761.0,0.0,0.0,False,2,9081,6,0,8,5,0,0,0,0,0,0,1,761.0,0,2,1,0,0,0,1,0
1,27.0,0,0.0,0.0,0.0,0.0,0.0,True,4,9081,7,0,8,6,0,0,0,0,0,1,0,0.0,1,3,1,0,0,0,0,1
1,3.0,0,0.0,0.0,0.0,0.0,0.0,True,0,9081,8,0,8,6,0,0,0,0,0,1,0,0.0,1,3,1,0,0,0,1,0
0,25.0,0,1258.0,0.0,22.0,19.0,0.0,False,3,9084,1,1,1,4,0,0,1,0,0,0,0,1299.0,0,2,1,0,0,0,0,1
0,70.0,0,0.0,2113.0,0.0,1972.0,51.0,False,6,9085,1,0,3,0,0,1,0,0,0,0,0,4136.0,0,0,0,1,0,1,0,0
0,30.0,0,11.0,495.0,0.0,2049.0,2064.0,False,4,9085,2,0,3,0,0,1,0,0,0,0,0,4619.0,0,0,0,1,0,1,0,0
1,57.0,0,0.0,0.0,0.0,0.0,0.0,True,6,9085,3,0,3,0,0,1,0,0,0,0,0,0.0,1,3,0,1,0,0,0,1
0,42.0,0,866.0,0.0,16.0,0.0,0.0,False,5,9089,1,1,1,6,1,0,0,0,0,1,0,882.0,0,2,1,0,0,0,0,1
1,14.0,0,0.0,0.0,0.0,0.0,0.0,False,2,9094,1,0,2,6,1,0,0,0,0,1,0,0.0,1,3,1,0,0,0,1,0
0,43.0,0,0.0,704.0,0.0,2.0,0.0,True,5,9094,2,0,2,6,1,0,0,0,0,1,0,706.0,0,1,1,0,0,0,0,1
1,34.0,0,0.0,0.0,0.0,0.0,0.0,True,5,9097,1,1,1,5,0,0,0,0,0,0,1,0.0,1,3,0,0,1,0,0,1
0,21.0,0,8.0,796.0,0.0,0.0,0.0,True,3,9098,1,1,1,5,0,0,0,0,0,0,1,804.0,0,2,1,0,0,0,0,1
0,32.0,0,0.0,475.0,51.0,440.0,642.0,False,4,9099,1,1,1,4,1,0,1,0,0,0,0,1608.0,0,0,1,0,0,0,0,1
0,21.0,0,0.0,0.0,496.0,430.0,0.0,False,3,9101,1,1,1,5,0,0,0,0,0,0,1,926.0,0,2,1,0,0,0,0,1
0,25.0,0,3402.0,2449.0,28.0,259.0,197.0,False,3,9103,1,1,1,6,0,0,0,0,0,1,0,6335.0,0,0,1,0,0,0,0,1
1,25.0,0,0.0,0.0,0.0,0.0,0.0,True,3,9104,1,1,1,2,0,0,1,0,0,0,0,0.0,1,3,0,1,0,1,0,0
0,38.0,0,1736.0,0.0,123.0,5.0,115.0,False,5,9106,1,1,1,5,1,0,0,0,0,0,1,1979.0,0,0,1,0,0,0,0,1
1,36.0,0,0.0,0.0,0.0,0.0,0.0,False,5,9107,1,1,1,6,1,0,0,0,0,1,0,0.0,1,3,1,0,0,0,0,1
1,44.0,0,0.0,0.0,0.0,0.0,0.0,True,5,9108,1,0,2,6,1,0,0,0,0,1,0,0.0,1,3,1,0,0,0,0,1
0,37.0,0,15.0,7.0,0.0,786.0,0.0,False,5,9108,2,0,2,6,1,0,0,0,0,1,0,808.0,0,2,1,0,0,0,0,1
0,47.0,0,0.0,0.0,16.0,3.0,854.0,False,5,9110,1,1,1,5,0,0,0,0,0,0,1,873.0,0,2,1,0,0,0,0,1
0,38.0,0,1478.0,0.0,631.0,0.0,0.0,False,5,9111,1,1,1,4,1,0,1,0,0,0,0,2109.0,0,0,0,0,1,0,0,1
0,28.0,0,0.0,0.0,0.0,0.0,0.0,False,4,9112,1,1,1,3,0,1,0,0,0,0,0,0.0,1,3,0,0,1,0,0,1
1,38.0,0,0.0,0.0,0.0,0.0,0.0,True,5,9114,1,1,1,1,1,0,1,0,0,0,0,0.0,1,3,0,1,0,1,0,0
0,53.0,0,1215.0,0.0,0.0,0.0,0.0,False,6,9115,1,1,1,5,0,0,0,0,0,0,1,1215.0,0,2,1,0,0,0,1,0
0,26.0,0,0.0,0.0,0.0,1.0,48.0,True,4,9116,1,1,1,5,0,0,0,0,0,0,1,49.0,0,1,1,0,0,0,0,1
0,13.0,0,0.0,1501.0,23.0,5.0,163.0,True,2,9118,1,0,2,4,0,0,1,0,0,0,0,1692.0,0,0,1,0,0,1,0,0
0,64.0,0,37.0,1585.0,234.0,0.0,18.0,True,6,9118,2,0,2,6,0,0,0,0,0,1,0,1874.0,0,0,1,0,0,0,0,1
1,16.0,0,0.0,0.0,0.0,0.0,0.0,False,2,9119,1,1,1,6,0,0,0,0,0,1,0,0.0,1,3,1,0,0,0,0,1
0,13.0,0,101.0,12.0,184.0,780.0,0.0,False,2,9120,1,1,1,5,1,0,0,0,0,0,1,1077.0,0,2,1,0,0,0,0,1
1,55.0,0,0.0,0.0,0.0,0.0,0.0,False,6,9122,1,1,1,6,1,0,0,0,0,1,0,0.0,1,3,1,0,0,1,0,0
0,26.0,0,733.0,0.0,1296.0,80.0,0.0,False,4,9124,1,1,1,4,1,0,1,0,0,0,0,2109.0,0,0,0,0,1,0,0,1
1,23.0,0,0.0,0.0,0.0,0.0,0.0,True,3,9125,1,0,2,4,0,0,1,0,0,0,0,0.0,1,3,0,0,1,0,0,1
1,55.0,0,0.0,0.0,0.0,0.0,0.0,True,6,9125,2,0,2,4,0,0,1,0,0,0,0,0.0,1,3,0,0,1,0,0,1
1,50.0,0,0.0,0.0,0.0,0.0,0.0,True,5,9126,1,1,1,4,1,0,0,1,0,0,0,0.0,1,3,0,0,1,0,0,1
0,26.0,0,0.0,749.0,20.0,0.0,0.0,False,4,9127,1,1,1,6,1,0,0,0,0,1,0,769.0,0,2,1,0,0,0,1,0
0,36.0,0,794.0,371.0,0.0,228.0,1.0,False,5,9128,1,0,2,5,0,0,0,0,0,0,1,1394.0,0,2,1,0,0,0,0,1
1,33.0,0,0.0,0.0,0.0,0.0,0.0,False,5,9128,2,0,2,6,0,0,0,0,0,1,0,0.0,1,3,1,0,0,0,1,0
0,21.0,0,0.0,1.0,0.0,808.0,0.0,False,3,9129,1,1,1,6,0,0,0,0,0,1,0,809.0,0,2,1,0,0,0,0,1
1,41.0,0,0.0,0.0,0.0,0.0,0.0,True,5,9130,1,1,1,5,1,0,0,0,0,0,1,0.0,1,3,0,0,1,0,0,1
0,33.0,0,0.0,1961.0,0.0,226.0,1077.0,False,5,9131,1,0,2,2,0,0,1,0,0,0,0,3264.0,0,0,0,1,0,1,0,0
1,23.0,0,0.0,0.0,0.0,0.0,0.0,True,3,9131,2,0,2,2,0,0,1,0,0,0,0,0.0,1,3,0,1,0,0,0,1
0,31.0,0,2575.0,1.0,2.0,10.0,0.0,False,4,9132,1,0,2,3,0,1,0,0,0,0,0,2578.0,0,0,0,0,1,0,0,1
0,28.0,0,1789.0,16.0,3.0,10.0,1.0,False,4,9132,2,0,2,5,0,0,0,0,0,0,1,1819.0,0,0,0,0,1,0,0,1
0,13.0,0,590.0,0.0,32.0,363.0,0.0,False,2,9134,1,1,1,4,1,0,0,1,0,0,0,985.0,0,2,1,0,0,0,0,1
0,27.0,0,6.0,0.0,0.0,800.0,3.0,False,5,9136,1,1,1,6,1,0,0,0,0,1,0,809.0,0,2,1,0,0,0,0,1
0,35.0,0,3.0,1376.0,11.0,0.0,360.0,False,5,9137,1,1,1,5,0,0,0,0,0,0,1,1750.0,0,0,0,0,1,0,0,1
0,25.0,0,410.0,32.0,14.0,1239.0,10.0,False,3,9139,1,1,1,5,1,0,0,0,0,0,1,1705.0,0,0,0,0,1,0,0,1
1,19.0,0,0.0,0.0,0.0,0.0,0.0,True,3,9140,1,1,1,6,0,0,0,0,0,1,0,0.0,1,3,1,0,0,0,1,0
1,56.0,0,0.0,0.0,0.0,0.0,0.0,True,6,9141,1,1,1,1,1,0,1,0,0,0,0,0.0,1,3,0,1,0,0,0,1
0,18.0,0,83.0,165.0,1.0,0.0,2002.0,False,2,9142,1,1,1,5,0,0,0,0,0,0,1,2251.0,0,0,1,0,0,0,0,1
0,22.0,0,1.0,702.0,0.0,0.0,0.0,False,3,9144,1,1,1,5,1,0,0,0,0,0,1,703.0,0,1,1,0,0,0,0,1
1,34.0,0,0.0,0.0,0.0,0.0,0.0,False,5,9145,1,1,1,6,0,0,0,0,0,1,0,0.0,1,3,1,0,0,0,0,1
0,11.0,0,0.0,0.0,0.0,0.0,0.0,False,1,9148,1,1,1,6,1,0,0,0,0,1,0,0.0,1,3,1,0,0,0,0,1
1,37.0,0,0.0,0.0,0.0,3761.0,0.0,True,5,9149,1,0,2,1,1,0,1,0,0,0,0,0.0,1,3,0,1,0,1,0,0
0,22.0,0,0.0,36.0,1.0,3761.0,4521.0,False,3,9149,2,0,2,1,1,0,1,0,0,0,0,8319.0,0,0,0,1,0,1,0,0
0,45.0,0,1.0,0.0,638.0,9.0,161.0,False,5,9150,1,1,1,6,1,0,0,0,0,1,0,809.0,0,2,1,0,0,0,0,1
1,19.0,0,0.0,0.0,0.0,0.0,0.0,True,3,9151,1,1,1,5,1,0,0,0,0,0,1,0.0,1,3,0,0,1,0,0,1
1,39.0,0,0.0,0.0,0.0,0.0,0.0,True,5,9152,1,1,1,6,0,0,0,0,0,1,0,0.0,1,3,1,0,0,0,0,1
1,28.0,0,0.0,0.0,0.0,0.0,0.0,True,4,9156,1,1,1,1,1,0,1,0,0,0,0,0.0,1,3,0,1,0,0,0,1
0,36.0,0,0.0,281.0,0.0,0.0,632.0,False,5,9157,1,0,7,6,1,0,0,0,0,1,0,913.0,0,2,1,0,0,0,0,1
1,1.0,0,0.0,0.0,0.0,0.0,0.0,True,0,9157,2,0,7,6,1,0,0,0,0,1,0,0.0,1,3,1,0,0,0,1,0
0,10.0,0,0.0,0.0,0.0,0.0,0.0,True,1,9157,3,0,7,6,1,0,0,0,0,1,0,0.0,1,3,1,0,0,0,1,0
0,12.0,0,0.0,0.0,0.0,0.0,0.0,True,1,9157,4,0,7,6,1,0,0,0,0,1,0,0.0,1,3,1,0,0,1,0,0
0,31.0,0,0.0,522.0,0.0,54.0,332.0,False,4,9157,5,0,7,6,1,0,0,0,0,1,0,908.0,0,2,1,0,0,0,0,1
0,12.0,0,0.0,0.0,0.0,0.0,0.0,False,1,9157,6,0,7,6,1,0,0,0,0,1,0,0.0,1,3,1,0,0,0,0,1
1,3.0,0,0.0,0.0,0.0,0.0,0.0,True,0,9157,7,0,7,6,1,0,0,0,0,1,0,0.0,1,3,1,0,0,0,0,1
1,30.0,1,0.0,0.0,0.0,0.0,0.0,True,4,9158,1,1,1,1,0,1,0,0,0,0,0,0.0,1,3,0,1,0,1,0,0
0,41.0,0,169.0,0.0,516.0,0.0,52.0,True,5,9159,1,1,1,5,0,0,0,0,0,0,1,737.0,0,2,1,0,0,0,0,1
0,19.0,0,640.0,0.0,0.0,38.0,12.0,False,3,9160,1,1,1,5,1,0,0,0,0,0,1,690.0,0,1,1,0,0,0,0,1
1,38.0,0,0.0,0.0,0.0,0.0,0.0,False,5,9161,1,0,2,6,0,0,0,0,0,1,0,0.0,1,3,1,0,0,1,0,0
1,36.0,0,0.0,0.0,0.0,0.0,0.0,True,5,9161,2,0,2,6,0,0,0,0,0,1,0,0.0,1,3,1,0,0,0,0,1
1,0.0,0,0.0,0.0,0.0,0.0,0.0,True,0,9163,1,1,1,6,1,0,0,0,0,1,0,0.0,1,3,1,0,0,0,0,1
0,20.0,0,574.0,1.0,792.0,11.0,0.0,False,3,9164,1,1,1,4,1,0,0,1,0,0,0,1378.0,0,2,0,0,1,0,0,1
0,23.0,0,9.0,2.0,1.0,0.0,727.0,False,3,9165,1,1,1,5,1,0,0,0,0,0,1,739.0,0,2,1,0,0,0,0,1
0,35.0,0,0.0,0.0,0.0,684.0,0.0,False,5,9167,1,1,1,5,1,0,0,0,0,0,1,684.0,0,1,1,0,0,0,0,1
0,36.0,0,23.0,14773.0,0.0,1159.0,7819.0,False,5,9168,1,0,2,2,1,0,1,0,0,0,0,23774.0,0,0,0,1,0,1,0,0
1,41.0,0,0.0,0.0,0.0,0.0,0.0,True,5,9168,2,0,2,2,1,0,1,0,0,0,0,0.0,1,3,0,1,0,0,0,1
0,38.0,0,48.0,2318.0,5.0,11.0,0.0,True,5,9169,1,1,1,3,0,1,0,0,0,0,0,2382.0,0,0,0,0,1,0,0,1
0,33.0,0,1060.0,403.0,1.0,0.0,145.0,False,5,9170,1,1,1,4,0,0,1,0,0,0,0,1609.0,0,0,1,0,0,0,0,1
0,54.0,0,724.0,25.0,71.0,0.0,1054.0,False,6,9172,1,1,1,6,1,0,0,0,0,1,0,1874.0,0,0,1,0,0,0,0,1
0,33.0,0,0.0,688.0,2.0,0.0,426.0,False,5,9173,1,1,1,5,0,0,0,0,0,0,1,1116.0,0,2,1,0,0,0,1,0
0,54.0,0,65.0,670.0,0.0,177.0,0.0,True,6,9174,1,1,1,6,1,0,0,0,0,1,0,912.0,0,2,1,0,0,0,1,0
0,32.0,0,0.0,10073.0,0.0,168.0,337.0,True,4,9175,1,1,1,1,0,1,0,0,0,0,0,10578.0,0,0,0,1,0,1,0,0
0,24.0,0,0.0,537.0,0.0,5.0,197.0,True,3,9176,1,1,1,5,1,0,0,0,0,0,1,739.0,0,2,1,0,0,0,0,1
0,53.0,0,49.0,584.0,0.0,0.0,70.0,False,6,9178,1,1,1,5,0,0,0,0,0,0,1,703.0,0,1,1,0,0,0,0,1
1,26.0,0,0.0,0.0,0.0,0.0,0.0,True,4,9179,1,0,4,6,0,0,0,0,0,1,0,0.0,1,3,1,0,0,0,0,1
0,31.0,0,459.0,194.0,0.0,5.0,125.0,False,4,9179,2,0,4,6,0,0,0,0,0,1,0,783.0,0,2,1,0,0,0,0,1
1,18.0,0,0.0,0.0,0.0,0.0,0.0,False,2,9179,3,0,4,6,0,0,0,0,0,1,0,0.0,1,3,1,0,0,0,1,0
1,39.0,0,0.0,0.0,0.0,0.0,0.0,True,5,9179,4,0,4,6,0,0,0,0,0,1,0,0.0,1,3,1,0,0,0,0,1
0,37.0,0,148.0,0.0,684.0,1446.0,88.0,False,5,9180,1,1,1,5,1,0,0,0,0,0,1,2366.0,0,0,0,0,1,0,0,1
0,35.0,0,270.0,4.0,453.0,7.0,0.0,True,5,9181,1,1,1,5,1,0,0,0,0,0,1,734.0,0,2,1,0,0,0,0,1
0,34.0,0,0.0,5.0,11.0,62.0,5804.0,False,5,9183,1,1,1,2,0,0,1,0,0,0,0,5882.0,0,0,0,1,0,1,0,0
0,28.0,0,0.0,7.0,6.0,0.0,482.0,False,4,9184,1,1,1,6,1,0,0,0,0,1,0,495.0,0,1,1,0,0,0,0,1
0,43.0,0,698.0,94.0,0.0,0.0,0.0,True,5,9185,1,1,1,4,0,0,1,0,0,0,0,792.0,0,2,1,0,0,0,0,1
1,2.0,0,0.0,0.0,0.0,0.0,0.0,True,0,9186,1,1,1,5,0,0,0,0,0,0,1,0.0,1,3,0,0,1,0,0,1
0,24.0,0,0.0,0.0,807.0,0.0,2.0,False,3,9188,1,1,1,6,1,0,0,0,0,1,0,809.0,0,2,1,0,0,0,0,1
0,18.0,0,87.0,41.0,483.0,0.0,0.0,False,2,9189,1,1,1,5,1,0,0,0,0,0,1,611.0,0,1,1,0,0,0,1,0
0,21.0,0,802.0,0.0,1.0,1.0,0.0,True,3,9190,1,1,1,5,1,0,0,0,0,0,1,804.0,0,2,1,0,0,0,0,1
0,24.0,0,0.0,599.0,0.0,0.0,0.0,True,3,9192,1,1,1,5,0,0,0,0,0,0,1,599.0,0,1,1,0,0,0,1,0
0,35.0,0,0.0,0.0,0.0,0.0,0.0,False,5,9193,1,1,1,6,1,0,0,0,0,1,0,0.0,1,3,1,0,0,0,1,0
0,53.0,0,0.0,4017.0,0.0,13.0,3147.0,False,6,9194,1,0,2,4,1,0,0,1,0,0,0,7177.0,0,0,0,1,0,1,0,0
0,32.0,1,1003.0,909.0,0.0,0.0,15.0,False,4,9194,2,0,2,4,1,0,0,1,0,0,0,1927.0,0,0,0,1,0,0,0,1
1,44.0,0,0.0,0.0,0.0,0.0,0.0,True,5,9195,1,0,2,5,1,0,0,0,0,0,1,0.0,1,3,0,0,1,0,0,1
1,33.0,0,0.0,0.0,0.0,0.0,0.0,True,5,9195,2,0,2,5,1,0,0,0,0,0,1,0.0,1,3,0,0,1,0,0,1
0,40.0,0,0.0,1674.0,0.0,269.0,4.0,True,5,9196,1,0,3,2,1,0,1,0,0,0,0,1947.0,0,0,0,1,0,0,0,1
0,31.0,0,1.0,104.0,1338.0,698.0,126.0,True,4,9196,2,0,3,2,1,0,1,0,0,0,0,2267.0,0,0,0,1,0,0,0,1
0,23.0,0,381.0,794.0,52.0,654.0,1317.0,False,3,9196,3,0,3,2,1,0,1,0,0,0,0,3198.0,0,0,0,1,0,0,0,1
0,44.0,0,0.0,0.0,0.0,0.0,0.0,True,5,9197,1,0,4,2,0,0,1,0,0,0,0,0.0,1,3,0,1,0,1,0,0
0,41.0,1,0.0,7964.0,0.0,3238.0,5839.0,False,5,9197,2,0,4,2,0,0,1,0,0,0,0,17041.0,0,0,0,1,0,1,0,0
0,31.0,0,0.0,4634.0,8.0,616.0,0.0,True,4,9197,3,0,4,2,0,0,1,0,0,0,0,5258.0,0,0,0,1,0,0,0,1
0,30.0,0,1569.0,4634.0,0.0,616.0,2252.0,False,4,9197,4,0,4,2,0,0,1,0,0,0,0,3821.0,0,0,0,1,0,1,0,0
1,33.0,0,0.0,0.0,0.0,0.0,0.0,True,5,9199,1,1,1,4,0,0,1,0,0,0,0,0.0,1,3,0,1,0,1,0,0
0,30.0,0,0.0,816.0,0.0,0.0,0.0,True,4,9201,1,1,1,6,1,0,0,0,0,1,0,816.0,0,2,1,0,0,0,1,0
0,26.0,0,8586.0,77.0,114.0,29.0,4.0,False,4,9202,1,1,1,2,0,0,1,0,0,0,0,8810.0,0,0,0,1,0,0,0,1
1,22.0,0,0.0,0.0,0.0,0.0,0.0,True,3,9203,1,1,1,5,1,0,0,0,0,0,1,0.0,1,3,0,0,1,1,0,0
1,37.0,0,0.0,0.0,0.0,0.0,0.0,True,5,9205,1,0,3,1,0,0,1,0,0,0,0,0.0,1,3,0,1,0,1,0,0
1,15.0,0,0.0,0.0,0.0,0.0,0.0,True,2,9205,2,0,3,1,0,0,1,0,0,0,0,0.0,1,3,0,1,0,0,0,1
1,52.0,0,0.0,0.0,0.0,0.0,0.0,True,6,9205,3,0,3,1,0,0,1,0,0,0,0,0.0,1,3,0,1,0,0,0,1
1,35.0,0,0.0,0.0,0.0,0.0,0.0,True,5,9208,1,0,2,6,1,0,0,0,0,1,0,0.0,1,3,1,0,0,0,0,1
0,40.0,0,757.0,40.0,4.0,2.0,0.0,False,5,9208,2,0,2,5,1,0,0,0,0,0,1,803.0,0,2,1,0,0,0,0,1
0,60.0,0,0.0,8.0,0.0,360.0,74.0,False,6,9211,1,1,1,6,1,0,0,0,0,1,0,442.0,0,1,1,0,0,0,0,1
0,24.0,0,0.0,90.0,0.0,795.0,0.0,True,3,9213,1,1,1,5,0,0,0,0,0,0,1,885.0,0,2,1,0,0,0,0,1
0,31.0,0,15.0,679.0,89.0,6.0,0.0,True,4,9217,1,1,1,4,1,0,0,1,0,0,0,789.0,0,2,1,0,0,1,0,0
1,43.0,0,0.0,0.0,0.0,0.0,0.0,True,5,9218,1,1,1,1,1,0,1,0,0,0,0,0.0,1,3,0,1,0,1,0,0
0,9.0,0,0.0,0.0,0.0,0.0,0.0,False,1,9219,1,0,2,6,1,0,0,0,0,1,0,0.0,1,3,1,0,0,1,0,0
0,51.0,0,6.0,0.0,0.0,0.0,1164.0,True,6,9219,2,0,2,5,1,0,0,0,0,0,1,1170.0,0,2,1,0,0,0,0,1
0,25.0,0,2.0,45.0,45.0,0.0,815.0,False,3,9220,1,0,3,6,0,0,0,0,0,1,0,907.0,0,2,1,0,0,0,0,1
1,20.0,0,0.0,0.0,0.0,0.0,0.0,True,3,9220,2,0,3,6,0,0,0,0,0,1,0,0.0,1,3,1,0,0,0,0,1
0,22.0,0,623.0,0.0,22.5,0.0,53.0,True,3,9220,3,0,3,5,0,0,0,0,0,0,1,676.0,0,1,1,0,0,0,1,0
1,21.0,0,0.0,0.0,0.0,0.0,0.0,False,3,9221,1,1,1,6,0,0,0,0,0,1,0,0.0,1,3,1,0,0,0,0,1
1,50.0,0,0.0,0.0,0.0,0.0,0.0,True,5,9222,1,1,1,5,1,0,0,0,0,0,1,0.0,1,3,0,0,1,0,0,1
0,24.0,0,745.0,639.0,977.0,4.0,0.0,False,3,9224,1,1,1,5,1,0,0,0,0,0,1,2365.0,0,0,0,0,1,0,0,1
0,45.0,0,1.0,197.0,0.0,660.0,15.0,False,5,9225,1,1,1,5,1,0,0,0,0,0,1,873.0,0,2,1,0,0,0,0,1
0,22.0,0,676.0,0.0,13.0,0.0,12.0,False,3,9226,1,1,1,5,1,0,0,0,0,0,1,701.0,0,1,1,0,0,0,0,1
1,7.0,0,0.0,0.0,0.0,0.0,0.0,False,1,9227,1,0,5,6,0,0,0,0,0,1,0,0.0,1,3,1,0,0,0,0,1
1,11.0,0,0.0,0.0,0.0,0.0,0.0,True,1,9227,2,0,5,6,0,0,0,0,0,1,0,0.0,1,3,1,0,0,0,1,0
1,1.0,0,0.0,0.0,0.0,0.0,0.0,True,0,9227,3,0,5,6,0,0,0,0,0,1,0,0.0,1,3,1,0,0,0,1,0
1,0.0,0,0.0,0.0,0.0,0.0,0.0,True,0,9227,4,0,5,6,0,0,0,0,0,1,0,0.0,1,3,1,0,0,0,0,1
1,8.0,0,0.0,0.0,0.0,0.0,0.0,False,1,9227,5,0,5,6,0,0,0,0,0,1,0,0.0,1,3,1,0,0,0,0,1
0,36.0,1,0.0,5600.0,715.0,2868.0,971.0,True,5,9230,1,1,1,2,1,0,1,0,0,0,0,10154.0,0,0,0,1,0,0,0,1
1,2.0,0,0.0,0.0,0.0,0.0,0.0,True,0,9231,1,0,3,5,0,0,0,0,0,0,1,0.0,1,3,0,0,1,1,0,0
0,0.0,0,0.0,0.0,0.0,0.0,0.0,True,0,9231,2,0,3,5,0,0,0,0,0,0,1,0.0,1,3,0,0,1,0,0,1
0,22.0,0,0.0,0.0,0.0,0.0,0.0,False,3,9231,3,0,3,4,0,0,1,0,0,0,0,0.0,1,3,0,0,1,0,0,1
0,41.0,0,3.0,0.0,668.0,0.0,0.0,True,5,9233,1,1,1,5,1,0,1,0,0,0,0,671.0,0,1,1,0,0,0,0,1
0,49.0,0,6.0,1.0,638.0,1107.0,23.0,False,5,9234,1,1,1,6,0,0,0,0,0,0,1,1775.0,0,0,1,0,0,0,0,1
0,30.0,0,8.0,752.0,0.0,0.0,687.0,True,4,9235,1,1,1,5,1,0,0,0,0,0,1,1447.0,0,0,1,0,0,0,0,1
1,37.0,0,0.0,0.0,0.0,0.0,0.0,False,5,9237,1,1,1,6,1,0,0,0,0,1,0,0.0,1,3,1,0,0,0,0,1
0,14.0,0,2.0,0.0,918.0,128.0,0.0,False,2,9239,1,1,1,4,0,0,1,0,0,0,0,1048.0,0,2,0,0,1,0,0,1
0,30.0,0,699.0,0.0,600.0,0.0,0.0,False,4,9241,1,1,1,4,0,0,1,0,0,0,0,1299.0,0,2,0,0,1,0,0,1
0,62.0,0,102.0,696.0,0.0,0.0,0.0,True,6,9242,1,1,1,5,0,0,0,0,0,0,1,798.0,0,2,1,0,0,0,0,1
1,13.0,0,0.0,0.0,0.0,0.0,0.0,True,2,9244,1,1,1,6,1,0,0,0,0,1,0,0.0,1,3,1,0,0,0,1,0
0,32.0,0,0.0,0.0,0.0,0.0,0.0,True,4,9246,1,1,1,6,1,0,0,0,0,1,0,0.0,1,3,1,0,0,0,0,1
1,33.0,0,0.0,0.0,0.0,0.0,0.0,False,5,9247,1,1,1,6,1,0,0,0,0,1,0,0.0,1,3,1,0,0,0,0,1
0,38.0,0,28.0,1208.0,973.0,207.0,0.0,True,5,9248,1,1,1,5,1,0,0,0,0,0,1,2416.0,0,0,1,0,0,1,0,0
0,29.0,0,0.0,2972.0,0.0,28.0,188.0,True,4,9250,1,1,1,4,0,0,1,0,0,0,0,3188.0,0,0,0,1,0,0,0,1
1,25.0,0,0.0,0.0,0.0,0.0,0.0,True,3,9251,1,1,1,5,1,0,0,0,0,0,1,0.0,1,3,0,0,1,0,0,1
0,26.0,0,0.0,8160.0,205.0,0.0,438.0,True,4,9252,1,0,2,1,0,0,1,0,0,0,0,8803.0,0,0,0,1,0,1,0,0
1,19.0,0,0.0,0.0,0.0,0.0,0.0,True,3,9252,2,0,2,1,0,0,1,0,0,0,0,0.0,1,3,0,1,0,1,0,0
1,16.0,0,0.0,0.0,0.0,0.0,0.0,True,2,9253,1,1,1,6,1,0,0,0,0,1,0,0.0,1,3,1,0,0,0,1,0
1,61.0,0,0.0,0.0,0.0,0.0,0.0,False,6,9254,1,1,1,6,0,0,0,0,0,0,1,0.0,1,3,1,0,0,0,1,0
1,28.0,0,0.0,0.0,0.0,0.0,0.0,True,4,9256,1,1,1,6,1,0,0,0,0,1,0,0.0,1,3,1,0,0,0,0,1
0,13.0,0,39.0,0.0,1085.0,24.0,0.0,False,2,9257,1,1,1,5,0,0,0,0,0,0,1,1148.0,0,2,1,0,0,0,0,1
0,44.0,0,1030.0,1015.0,0.0,11.0,0.0,True,5,9259,1,1,1,5,0,0,0,0,0,0,1,2056.0,0,0,1,0,0,0,0,1
1,22.0,0,0.0,0.0,0.0,0.0,0.0,False,3,9261,1,1,1,6,0,0,0,0,0,0,1,0.0,1,3,1,0,0,0,1,0
1,30.0,0,0.0,0.0,0.0,0.0,0.0,True,4,9264,1,1,1,4,1,0,0,1,0,0,0,0.0,1,3,0,1,0,1,0,0
1,21.0,0,0.0,0.0,0.0,0.0,0.0,True,3,9267,1,0,2,4,1,0,0,1,0,0,0,0.0,1,3,0,1,0,0,0,1
1,20.0,0,0.0,0.0,0.0,0.0,0.0,True,3,9267,2,0,2,4,1,0,0,1,0,0,0,0.0,1,3,0,1,0,0,0,1
1,31.0,0,0.0,0.0,0.0,0.0,0.0,True,4,9268,1,1,1,6,0,0,0,0,0,0,1,0.0,1,3,1,0,0,0,0,1
1,33.0,0,0.0,0.0,0.0,0.0,0.0,True,5,9270,1,1,1,6,1,0,0,0,0,1,0,0.0,1,3,1,0,0,1,0,0
0,26.0,0,240.0,242.0,510.0,0.0,0.0,True,4,9272,1,0,2,6,0,0,0,0,0,0,1,992.0,0,2,1,0,0,0,0,1
0,21.0,0,86.0,3.0,149.0,208.0,329.0,False,3,9272,2,0,2,5,0,0,0,0,0,0,1,775.0,0,2,1,0,0,0,0,1
1,23.0,0,0.0,0.0,0.0,0.0,0.0,True,3,9274,1,1,1,6,0,0,0,0,0,0,1,0.0,1,3,1,0,0,0,0,1
0,0.0,0,0.0,0.0,0.0,0.0,0.0,True,0,9275,1,0,3,0,0,1,0,0,0,0,0,0.0,1,3,0,1,0,0,0,1
0,32.0,0,1.0,1146.0,0.0,50.0,34.0,False,4,9275,2,0,3,0,0,1,0,0,0,0,0,1231.0,0,2,0,1,0,0,0,1
0,30.0,0,0.0,3208.0,0.0,2.0,330.0,True,4,9275,3,0,3,0,0,1,0,0,0,0,0,3540.0,0,0,0,1,0,0,0,1
0,41.0,1,0.0,6819.0,0.0,1643.0,74.0,False,5,9276,1,1,1,0,0,1,0,0,0,0,0,8536.0,0,0,0,1,0,1,0,0
1,18.0,0,0.0,0.0,0.0,0.0,0.0,False,2,9278,1,1,1,6,1,0,0,0,0,1,0,0.0,1,3,1,0,0,0,1,0
0,26.0,0,0.0,0.0,1872.0,1.0,0.0,True,4,9279,1,1,1,6,1,0,0,0,0,0,1,1873.0,0,0,1,0,0,0,0,1
0,32.0,0,0.0,1049.0,0.0,353.0,3235.0,False,4,9280,1,0,2,4,1,0,0,1,0,0,0,4637.0,0,0,0,1,0,1,0,0
0,44.0,0,126.0,4688.0,0.0,0.0,12.0,True,5,9280,2,0,2,4,1,0,0,1,0,0,0,4826.0,0,0,0,1,0,0,0,1
